,company.type,company.value,owner.type,owner.value,acquiredate.datatype,acquiredate.type,acquiredate.value
0,uri,http://www.wikidata.org/entity/Q3425078,uri,http://www.wikidata.org/entity/Q6686,,,
1,uri,http://www.wikidata.org/entity/Q128356,uri,http://www.wikidata.org/entity/Q1161666,,,
2,uri,http://www.wikidata.org/entity/Q178516,uri,http://www.wikidata.org/entity/Q931207,,,
3,uri,http://www.wikidata.org/entity/Q177814,uri,http://www.wikidata.org/entity/Q1632461,,,
4,uri,http://www.wikidata.org/entity/Q266341,uri,http://www.wikidata.org/entity/Q1431486,,,
5,uri,http://www.wikidata.org/entity/Q504998,uri,http://www.wikidata.org/entity/Q542767,,,
6,uri,http://www.wikidata.org/entity/Q581438,uri,http://www.wikidata.org/entity/Q74877,,,
7,uri,http://www.wikidata.org/entity/Q581438,uri,http://www.wikidata.org/entity/Q895325,,,
8,uri,http://www.wikidata.org/entity/Q610350,uri,http://www.wikidata.org/entity/Q504998,,,
9,uri,http://www.wikidata.org/entity/Q752515,uri,http://www.wikidata.org/entity/Q504998,,,
10,uri,http://www.wikidata.org/entity/Q926575,uri,http://www.wikidata.org/entity/Q504998,,,
11,uri,http://www.wikidata.org/entity/Q948531,uri,http://www.wikidata.org/entity/Q504998,,,
12,uri,http://www.wikidata.org/entity/Q1229287,uri,http://www.wikidata.org/entity/Q504998,,,
13,uri,http://www.wikidata.org/entity/Q1287437,uri,http://www.wikidata.org/entity/Q504998,,,
14,uri,http://www.wikidata.org/entity/Q1583780,uri,http://www.wikidata.org/entity/Q504998,,,
15,uri,http://www.wikidata.org/entity/Q1686544,uri,http://www.wikidata.org/entity/Q504998,,,
16,uri,http://www.wikidata.org/entity/Q304444,uri,http://www.wikidata.org/entity/Q97439162,,,
17,uri,http://www.wikidata.org/entity/Q107358444,uri,http://www.wikidata.org/entity/Q63335,,,
18,uri,http://www.wikidata.org/entity/Q895795,uri,http://www.wikidata.org/entity/Q504998,http://www.w3.org/2001/XMLSchema#dateTime,literal,1993-01-01T00:00:00Z
19,uri,http://www.wikidata.org/entity/Q948531,uri,http://www.wikidata.org/entity/Q504998,http://www.w3.org/2001/XMLSchema#dateTime,literal,1996-01-01T00:00:00Z
20,uri,http://www.wikidata.org/entity/Q676585,uri,http://www.wikidata.org/entity/Q47088340,http://www.w3.org/2001/XMLSchema#dateTime,literal,2016-01-01T00:00:00Z
21,uri,http://www.wikidata.org/entity/Q1647020,uri,http://www.wikidata.org/entity/Q40464,,,
22,uri,http://www.wikidata.org/entity/Q699529,uri,http://www.wikidata.org/entity/Q504998,,,
23,uri,http://www.wikidata.org/entity/Q903621,uri,http://www.wikidata.org/entity/Q188273,,,
24,uri,http://www.wikidata.org/entity/Q309867,uri,http://www.wikidata.org/entity/Q19951610,,,
25,uri,http://www.wikidata.org/entity/Q3098278,uri,http://www.wikidata.org/entity/Q21605526,,,
26,uri,http://www.wikidata.org/entity/Q7628112,uri,http://www.wikidata.org/entity/Q2450848,,,
27,uri,http://www.wikidata.org/entity/Q448083,uri,http://www.wikidata.org/entity/Q1431285,,,
28,uri,http://www.wikidata.org/entity/Q516033,uri,http://www.wikidata.org/entity/Q1127887,,,
29,uri,http://www.wikidata.org/entity/Q662824,uri,http://www.wikidata.org/entity/Q1161666,,,
30,uri,http://www.wikidata.org/entity/Q769222,uri,http://www.wikidata.org/entity/Q1127887,,,
31,uri,http://www.wikidata.org/entity/Q773875,uri,http://www.wikidata.org/entity/Q1886126,,,
32,uri,http://www.wikidata.org/entity/Q938437,uri,http://www.wikidata.org/entity/Q773875,,,
33,uri,http://www.wikidata.org/entity/Q1047243,uri,http://www.wikidata.org/entity/Q329426,,,
34,uri,http://www.wikidata.org/entity/Q1050918,uri,http://www.wikidata.org/entity/Q329426,,,
35,uri,http://www.wikidata.org/entity/Q1121170,uri,http://www.wikidata.org/entity/Q13416787,,,
36,uri,http://www.wikidata.org/entity/Q19698200,uri,http://www.wikidata.org/entity/Q1431486,,,
37,uri,http://www.wikidata.org/entity/Q55433734,uri,http://www.wikidata.org/entity/Q1239347,,,
38,uri,http://www.wikidata.org/entity/Q769222,uri,http://www.wikidata.org/entity/Q1127887,http://www.w3.org/2001/XMLSchema#dateTime,literal,2015-01-01T00:00:00Z
39,uri,http://www.wikidata.org/entity/Q38903,uri,http://www.wikidata.org/entity/Q1127887,http://www.w3.org/2001/XMLSchema#dateTime,literal,2000-01-01T00:00:00Z
40,uri,http://www.wikidata.org/entity/Q516033,uri,http://www.wikidata.org/entity/Q1127887,http://www.w3.org/2001/XMLSchema#dateTime,literal,2017-01-01T00:00:00Z
41,uri,http://www.wikidata.org/entity/Q112858152,uri,http://www.wikidata.org/entity/Q273819,,,
42,uri,http://www.wikidata.org/entity/Q1393345,uri,http://www.wikidata.org/entity/Q212599,,,
43,uri,http://www.wikidata.org/entity/Q645498,uri,http://www.wikidata.org/entity/Q270363,,,
44,uri,http://www.wikidata.org/entity/Q1119857,uri,http://www.wikidata.org/entity/Q270363,,,
45,uri,http://www.wikidata.org/entity/Q2178795,uri,http://www.wikidata.org/entity/Q274591,http://www.w3.org/2001/XMLSchema#dateTime,literal,2016-01-01T00:00:00Z
46,uri,http://www.wikidata.org/entity/Q106847577,uri,http://www.wikidata.org/entity/Q106856568,,,
47,uri,http://www.wikidata.org/entity/Q142348,uri,http://www.wikidata.org/entity/Q504998,,,
48,uri,http://www.wikidata.org/entity/Q936563,uri,http://www.wikidata.org/entity/Q842108,,,
49,uri,http://www.wikidata.org/entity/Q1302944,uri,http://www.wikidata.org/entity/Q270363,,,
50,uri,http://www.wikidata.org/entity/Q1376256,uri,http://www.wikidata.org/entity/Q1374315,,,
51,uri,http://www.wikidata.org/entity/Q2450848,uri,http://www.wikidata.org/entity/Q1127887,,,
52,uri,http://www.wikidata.org/entity/Q2450848,uri,http://www.wikidata.org/entity/Q2663746,,,
53,uri,http://www.wikidata.org/entity/Q1368909,uri,http://www.wikidata.org/entity/Q56853086,,,
54,uri,http://www.wikidata.org/entity/Q3488561,uri,http://www.wikidata.org/entity/Q3117481,,,
55,uri,http://www.wikidata.org/entity/Q2819353,uri,http://www.wikidata.org/entity/Q13646,,,
56,uri,http://www.wikidata.org/entity/Q117215,uri,http://www.wikidata.org/entity/Q664399,,,
57,uri,http://www.wikidata.org/entity/Q1553251,uri,http://www.wikidata.org/entity/Q504998,,,
58,uri,http://www.wikidata.org/entity/Q1709809,uri,http://www.wikidata.org/entity/Q212599,,,
59,uri,http://www.wikidata.org/entity/Q1976290,uri,http://www.wikidata.org/entity/Q499707,,,
60,uri,http://www.wikidata.org/entity/Q2104662,uri,http://www.wikidata.org/entity/Q329426,,,
61,uri,http://www.wikidata.org/entity/Q2178795,uri,http://www.wikidata.org/entity/Q274591,,,
62,uri,http://www.wikidata.org/entity/Q2412906,uri,http://www.wikidata.org/entity/Q895325,,,
63,uri,http://www.wikidata.org/entity/Q2467627,uri,http://www.wikidata.org/entity/Q1239347,,,
64,uri,http://www.wikidata.org/entity/Q2663746,uri,http://www.wikidata.org/entity/Q1127887,,,
65,uri,http://www.wikidata.org/entity/Q2925142,uri,http://www.wikidata.org/entity/Q889624,,,
66,uri,http://www.wikidata.org/entity/Q2943530,uri,http://www.wikidata.org/entity/Q2670967,,,
67,uri,http://www.wikidata.org/entity/Q3029396,uri,http://www.wikidata.org/entity/Q154037,,,
68,uri,http://www.wikidata.org/entity/Q3045865,uri,http://www.wikidata.org/entity/Q274591,,,
69,uri,http://www.wikidata.org/entity/Q675756,uri,http://www.wikidata.org/entity/Q13646,,,
70,uri,http://www.wikidata.org/entity/Q796927,uri,http://www.wikidata.org/entity/Q270363,,,
71,uri,http://www.wikidata.org/entity/Q1502740,uri,http://www.wikidata.org/entity/Q158205,,,
72,uri,http://www.wikidata.org/entity/Q1499936,uri,http://www.wikidata.org/entity/Q1161666,,,
73,uri,http://www.wikidata.org/entity/Q1541079,uri,http://www.wikidata.org/entity/Q270363,,,
74,uri,http://www.wikidata.org/entity/Q1530892,uri,http://www.wikidata.org/entity/Q931207,,,
75,uri,http://www.wikidata.org/entity/Q1584297,uri,http://www.wikidata.org/entity/Q274591,,,
76,uri,http://www.wikidata.org/entity/Q1541470,uri,http://www.wikidata.org/entity/Q2670967,,,
77,uri,http://www.wikidata.org/entity/Q1667302,uri,http://www.wikidata.org/entity/Q499707,,,
78,uri,http://www.wikidata.org/entity/Q4102432,uri,http://www.wikidata.org/entity/Q806575,,,
79,uri,http://www.wikidata.org/entity/Q795898,uri,http://www.wikidata.org/entity/Q499707,,,
80,uri,http://www.wikidata.org/entity/Q3337081,uri,http://www.wikidata.org/entity/Q2670967,,,
81,uri,http://www.wikidata.org/entity/Q3045894,uri,http://www.wikidata.org/entity/Q664399,http://www.w3.org/2001/XMLSchema#dateTime,literal,2010-01-01T00:00:00Z
82,uri,http://www.wikidata.org/entity/Q3029396,uri,http://www.wikidata.org/entity/Q154037,http://www.w3.org/2001/XMLSchema#dateTime,literal,2018-07-06T00:00:00Z
83,uri,http://www.wikidata.org/entity/Q2439098,uri,http://www.wikidata.org/entity/Q47088340,http://www.w3.org/2001/XMLSchema#dateTime,literal,2016-11-16T00:00:00Z
84,uri,http://www.wikidata.org/entity/Q70475356,uri,http://www.wikidata.org/entity/Q1131326,,,
85,uri,http://www.wikidata.org/entity/Q455484,uri,http://www.wikidata.org/entity/Q868550,,,
86,uri,http://www.wikidata.org/entity/Q3352745,uri,http://www.wikidata.org/entity/Q1239347,,,
87,uri,http://www.wikidata.org/entity/Q3552578,uri,http://www.wikidata.org/entity/Q455484,,,
88,uri,http://www.wikidata.org/entity/Q6502903,uri,http://www.wikidata.org/entity/Q683146,,,
89,uri,http://www.wikidata.org/entity/Q1770349,uri,http://www.wikidata.org/entity/Q1886126,,,
90,uri,http://www.wikidata.org/entity/Q2059978,uri,http://www.wikidata.org/entity/Q154037,,,
91,uri,http://www.wikidata.org/entity/Q2211570,uri,http://www.wikidata.org/entity/Q154037,,,
92,uri,http://www.wikidata.org/entity/Q2823880,uri,http://www.wikidata.org/entity/Q212599,,,
93,uri,http://www.wikidata.org/entity/Q2832081,uri,http://www.wikidata.org/entity/Q758603,,,
94,uri,http://www.wikidata.org/entity/Q2823880,uri,http://www.wikidata.org/entity/Q1431285,,,
95,uri,http://www.wikidata.org/entity/Q3045868,uri,http://www.wikidata.org/entity/Q274591,,,
96,uri,http://www.wikidata.org/entity/Q3060526,uri,http://www.wikidata.org/entity/Q1544011,,,
97,uri,http://www.wikidata.org/entity/Q3147573,uri,http://www.wikidata.org/entity/Q846484,,,
98,uri,http://www.wikidata.org/entity/Q1878364,uri,http://www.wikidata.org/entity/Q56853086,,,
99,uri,http://www.wikidata.org/entity/Q3408522,uri,http://www.wikidata.org/entity/Q3117359,,,
100,uri,http://www.wikidata.org/entity/Q2819353,uri,http://www.wikidata.org/entity/Q3098278,,,
101,uri,http://www.wikidata.org/entity/Q2966828,uri,http://www.wikidata.org/entity/Q758603,,,
102,uri,http://www.wikidata.org/entity/Q3488352,uri,http://www.wikidata.org/entity/Q270363,,,
103,uri,http://www.wikidata.org/entity/Q3196447,uri,http://www.wikidata.org/entity/Q156077,,,
104,uri,http://www.wikidata.org/entity/Q3191596,uri,http://www.wikidata.org/entity/Q678565,,,
105,uri,http://www.wikidata.org/entity/Q3335194,uri,http://www.wikidata.org/entity/Q2075129,,,
106,uri,http://www.wikidata.org/entity/Q3321241,uri,http://www.wikidata.org/entity/Q2670967,,,
107,uri,http://www.wikidata.org/entity/Q3280364,uri,http://www.wikidata.org/entity/Q160054,,,
108,uri,http://www.wikidata.org/entity/Q3488772,uri,http://www.wikidata.org/entity/Q19951610,,,
109,uri,http://www.wikidata.org/entity/Q3552953,uri,http://www.wikidata.org/entity/Q1475312,,,
110,uri,http://www.wikidata.org/entity/Q3559967,uri,http://www.wikidata.org/entity/Q1475312,,,
111,uri,http://www.wikidata.org/entity/Q3559968,uri,http://www.wikidata.org/entity/Q1475312,,,
112,uri,http://www.wikidata.org/entity/Q3604235,uri,http://www.wikidata.org/entity/Q177814,,,
113,uri,http://www.wikidata.org/entity/Q80265,uri,http://www.wikidata.org/entity/Q2696397,,,
114,uri,http://www.wikidata.org/entity/Q3632250,uri,http://www.wikidata.org/entity/Q541030,http://www.w3.org/2001/XMLSchema#dateTime,literal,2016-01-01T00:00:00Z
115,uri,http://www.wikidata.org/entity/Q193563,uri,http://www.wikidata.org/entity/Q384602,,,
116,uri,http://www.wikidata.org/entity/Q670903,uri,http://www.wikidata.org/entity/Q3402586,,,
117,uri,http://www.wikidata.org/entity/Q17143635,uri,http://www.wikidata.org/entity/Q571156,,,
118,uri,http://www.wikidata.org/entity/Q25377386,uri,http://www.wikidata.org/entity/Q2912244,,,
119,uri,http://www.wikidata.org/entity/Q2421005,uri,http://www.wikidata.org/entity/Q3047660,,,
120,uri,http://www.wikidata.org/entity/Q2421005,uri,http://www.wikidata.org/entity/Q3402586,,,
121,uri,http://www.wikidata.org/entity/Q85721214,uri,http://www.wikidata.org/entity/Q1430113,,,
122,uri,http://www.wikidata.org/entity/Q2635075,uri,http://www.wikidata.org/entity/Q3210606,http://www.w3.org/2001/XMLSchema#dateTime,literal,2004-01-01T00:00:00Z
123,uri,http://www.wikidata.org/entity/Q2873070,uri,http://www.wikidata.org/entity/Q3117417,http://www.w3.org/2001/XMLSchema#dateTime,literal,2010-01-01T00:00:00Z
124,uri,http://www.wikidata.org/entity/Q2945394,uri,http://www.wikidata.org/entity/Q280413,,,
125,uri,http://www.wikidata.org/entity/Q2931793,uri,http://www.wikidata.org/entity/Q280413,,,
126,uri,http://www.wikidata.org/entity/Q3047660,uri,http://www.wikidata.org/entity/Q1127887,http://www.w3.org/2001/XMLSchema#dateTime,literal,2019-01-01T00:00:00Z
127,uri,http://www.wikidata.org/entity/Q3118641,uri,http://www.wikidata.org/entity/Q3047660,http://www.w3.org/2001/XMLSchema#dateTime,literal,2007-06-01T00:00:00Z
128,uri,http://www.wikidata.org/entity/Q2881919,uri,http://www.wikidata.org/entity/Q499707,,,
129,uri,http://www.wikidata.org/entity/Q3417474,uri,http://www.wikidata.org/entity/Q3128309,,,
130,uri,http://www.wikidata.org/entity/Q3552182,uri,http://www.wikidata.org/entity/Q1165843,,,
131,uri,http://www.wikidata.org/entity/Q18356006,uri,http://www.wikidata.org/entity/Q1368909,,,
132,uri,http://www.wikidata.org/entity/Q17013000,uri,http://www.wikidata.org/entity/Q1368909,,,
133,uri,http://www.wikidata.org/entity/Q4669411,uri,http://www.wikidata.org/entity/Q3210606,,,
134,uri,http://www.wikidata.org/entity/Q4669411,uri,http://www.wikidata.org/entity/Q3210606,http://www.w3.org/2001/XMLSchema#dateTime,literal,1997-01-01T00:00:00Z
135,uri,http://www.wikidata.org/entity/Q110053013,uri,http://www.wikidata.org/entity/Q758603,,,
136,uri,http://www.wikidata.org/entity/Q4732268,uri,http://www.wikidata.org/entity/Q160054,,,
137,uri,http://www.wikidata.org/entity/Q678565,uri,http://www.wikidata.org/entity/Q2558951,,,
138,uri,http://www.wikidata.org/entity/Q1632461,uri,http://www.wikidata.org/entity/Q645498,,,
139,uri,http://www.wikidata.org/entity/Q40611495,uri,http://www.wikidata.org/entity/Q273819,,,
140,uri,http://www.wikidata.org/entity/Q6455840,uri,http://www.wikidata.org/entity/Q156077,,,
141,uri,http://www.wikidata.org/entity/Q10379294,uri,http://www.wikidata.org/entity/Q678565,,,
142,uri,http://www.wikidata.org/entity/Q22047689,uri,http://www.wikidata.org/entity/Q3210606,,,
143,uri,http://www.wikidata.org/entity/Q1029276,uri,http://www.wikidata.org/entity/Q2866722,,,
144,uri,http://www.wikidata.org/entity/Q1465051,uri,http://www.wikidata.org/entity/Q2866722,,,
145,uri,http://www.wikidata.org/entity/Q509534,uri,http://www.wikidata.org/entity/Q2866722,http://www.w3.org/2001/XMLSchema#dateTime,literal,2014-01-01T00:00:00Z
146,uri,http://www.wikidata.org/entity/Q509534,uri,http://www.wikidata.org/entity/Q2866722,,,
147,uri,http://www.wikidata.org/entity/Q689093,uri,http://www.wikidata.org/entity/Q1127887,,,
148,uri,http://www.wikidata.org/entity/Q55597242,uri,http://www.wikidata.org/entity/Q920000,,,
149,uri,http://www.wikidata.org/entity/Q2664673,uri,http://www.wikidata.org/entity/Q516033,,,
150,uri,http://www.wikidata.org/entity/Q17089890,uri,http://www.wikidata.org/entity/Q1537378,,,
151,uri,http://www.wikidata.org/entity/Q12260521,uri,http://www.wikidata.org/entity/Q1537378,,,
152,uri,http://www.wikidata.org/entity/Q15813203,uri,http://www.wikidata.org/entity/Q859575,,,
153,uri,http://www.wikidata.org/entity/Q57628091,uri,http://www.wikidata.org/entity/Q516033,,,
154,uri,http://www.wikidata.org/entity/Q16040593,uri,http://www.wikidata.org/entity/Q6746,,,
155,uri,http://www.wikidata.org/entity/Q16678046,uri,http://www.wikidata.org/entity/Q2663746,,,
156,uri,http://www.wikidata.org/entity/Q17176866,uri,http://www.wikidata.org/entity/Q806941,,,
157,uri,http://www.wikidata.org/entity/Q923193,uri,http://www.wikidata.org/entity/Q504998,,,
158,uri,http://www.wikidata.org/entity/Q18914692,uri,http://www.wikidata.org/entity/Q97439162,,,
159,uri,http://www.wikidata.org/entity/Q19871679,uri,http://www.wikidata.org/entity/Q504998,,,
160,uri,http://www.wikidata.org/entity/Q21188208,uri,http://www.wikidata.org/entity/Q212599,,,
161,uri,http://www.wikidata.org/entity/Q22248343,uri,http://www.wikidata.org/entity/Q2362964,,,
162,uri,http://www.wikidata.org/entity/Q23671513,uri,http://www.wikidata.org/entity/Q156077,,,
163,uri,http://www.wikidata.org/entity/Q3224515,uri,http://www.wikidata.org/entity/Q2567583,,,
164,uri,http://www.wikidata.org/entity/Q749431,uri,http://www.wikidata.org/entity/Q212599,,,
165,uri,http://www.wikidata.org/entity/Q420545,uri,http://www.wikidata.org/entity/Q212599,,,
166,uri,http://www.wikidata.org/entity/Q1630895,uri,http://www.wikidata.org/entity/Q212599,,,
167,uri,http://www.wikidata.org/entity/Q1635974,uri,http://www.wikidata.org/entity/Q212599,,,
168,uri,http://www.wikidata.org/entity/Q1458135,uri,http://www.wikidata.org/entity/Q212599,,,
169,uri,http://www.wikidata.org/entity/Q4306661,uri,http://www.wikidata.org/entity/Q212599,,,
170,uri,http://www.wikidata.org/entity/Q25419207,uri,http://www.wikidata.org/entity/Q212599,,,
171,uri,http://www.wikidata.org/entity/Q113694525,uri,http://www.wikidata.org/entity/Q212599,,,
172,uri,http://www.wikidata.org/entity/Q34769853,uri,http://www.wikidata.org/entity/Q154037,,,
173,uri,http://www.wikidata.org/entity/Q39938677,uri,http://www.wikidata.org/entity/Q2362964,,,
174,uri,http://www.wikidata.org/entity/Q41567597,uri,http://www.wikidata.org/entity/Q1632461,,,
175,uri,http://www.wikidata.org/entity/Q3343549,uri,http://www.wikidata.org/entity/Q1431486,,,
176,uri,http://www.wikidata.org/entity/Q55595435,uri,http://www.wikidata.org/entity/Q846484,,,
177,uri,http://www.wikidata.org/entity/Q55595435,uri,http://www.wikidata.org/entity/Q2362964,,,
178,uri,http://www.wikidata.org/entity/Q200491,uri,http://www.wikidata.org/entity/Q1127887,,,
179,uri,http://www.wikidata.org/entity/Q4037549,uri,http://www.wikidata.org/entity/Q921944,,,
180,uri,http://www.wikidata.org/entity/Q47813586,uri,http://www.wikidata.org/entity/Q142348,,,
181,uri,http://www.wikidata.org/entity/Q47813586,uri,http://www.wikidata.org/entity/Q218765,,,
182,uri,http://www.wikidata.org/entity/Q47813586,uri,http://www.wikidata.org/entity/Q742587,,,
183,uri,http://www.wikidata.org/entity/Q47813586,uri,http://www.wikidata.org/entity/Q815748,,,
184,uri,http://www.wikidata.org/entity/Q47813586,uri,http://www.wikidata.org/entity/Q923193,,,
185,uri,http://www.wikidata.org/entity/Q47813586,uri,http://www.wikidata.org/entity/Q2408451,,,
186,uri,http://www.wikidata.org/entity/Q47813586,uri,http://www.wikidata.org/entity/Q3088647,,,
187,uri,http://www.wikidata.org/entity/Q47813586,uri,http://www.wikidata.org/entity/Q3211144,,,
188,uri,http://www.wikidata.org/entity/Q19704710,uri,http://www.wikidata.org/entity/Q188273,http://www.w3.org/2001/XMLSchema#dateTime,literal,2016-01-01T00:00:00Z
189,uri,http://www.wikidata.org/entity/Q104529353,uri,http://www.wikidata.org/entity/Q59222994,,,
190,uri,http://www.wikidata.org/entity/Q109932485,uri,http://www.wikidata.org/entity/Q59222994,,,
191,uri,http://www.wikidata.org/entity/Q87940280,uri,http://www.wikidata.org/entity/Q212599,,,
192,uri,http://www.wikidata.org/entity/Q19906,uri,http://www.wikidata.org/entity/Q2120364,,,
193,uri,http://www.wikidata.org/entity/Q2110465,uri,http://www.wikidata.org/entity/Q270363,,,
194,uri,http://www.wikidata.org/entity/Q51135597,uri,http://www.wikidata.org/entity/Q504998,,,
195,uri,http://www.wikidata.org/entity/Q3078567,uri,http://www.wikidata.org/entity/Q3006236,,,
196,uri,http://www.wikidata.org/entity/Q1455437,uri,http://www.wikidata.org/entity/Q642627,,,
197,uri,http://www.wikidata.org/entity/Q20744004,uri,http://www.wikidata.org/entity/Q499707,,,
198,uri,http://www.wikidata.org/entity/Q1411372,uri,http://www.wikidata.org/entity/Q806941,,,
199,uri,http://www.wikidata.org/entity/Q30085423,uri,http://www.wikidata.org/entity/Q499707,http://www.w3.org/2001/XMLSchema#dateTime,literal,2002-01-01T00:00:00Z
200,uri,http://www.wikidata.org/entity/Q1583701,uri,http://www.wikidata.org/entity/Q270363,,,
201,uri,http://www.wikidata.org/entity/Q57657789,uri,http://www.wikidata.org/entity/Q57657260,,,
202,uri,http://www.wikidata.org/entity/Q57657934,uri,http://www.wikidata.org/entity/Q57657260,,,
203,uri,http://www.wikidata.org/entity/Q21605526,uri,http://www.wikidata.org/entity/Q13646,,,
204,uri,http://www.wikidata.org/entity/Q93090957,uri,http://www.wikidata.org/entity/Q13646,,,
205,uri,http://www.wikidata.org/entity/Q97172588,uri,http://www.wikidata.org/entity/Q13646,,,
206,uri,http://www.wikidata.org/entity/Q2689639,uri,http://www.wikidata.org/entity/Q3117359,,,
207,uri,http://www.wikidata.org/entity/Q55221138,uri,http://www.wikidata.org/entity/Q3117359,,,
208,uri,http://www.wikidata.org/entity/Q61959392,uri,http://www.wikidata.org/entity/Q3060526,,,
209,uri,http://www.wikidata.org/entity/Q105306275,uri,http://www.wikidata.org/entity/Q3059202,,,
210,uri,http://www.wikidata.org/entity/Q157974,uri,http://www.wikidata.org/entity/Q504998,,,
211,uri,http://www.wikidata.org/entity/Q2420096,uri,http://www.wikidata.org/entity/Q2670967,,,
212,uri,http://www.wikidata.org/entity/Q2940187,uri,http://www.wikidata.org/entity/Q3117359,,,
213,uri,http://www.wikidata.org/entity/Q274,uri,http://www.wikidata.org/entity/Q504998,,,
214,uri,http://www.wikidata.org/entity/Q98278043,uri,http://www.wikidata.org/entity/Q3153200,,,
215,uri,http://www.wikidata.org/entity/Q1066858,uri,http://www.wikidata.org/entity/Q504998,,,
216,uri,http://www.wikidata.org/entity/Q109414146,uri,http://www.wikidata.org/entity/Q499707,,,
217,uri,http://www.wikidata.org/entity/Q16668220,uri,http://www.wikidata.org/entity/Q1431486,,,
218,uri,http://www.wikidata.org/entity/Q111716870,uri,http://www.wikidata.org/entity/Q2925142,,,
219,uri,http://www.wikidata.org/entity/Q114007642,uri,http://www.wikidata.org/entity/Q114054681,,,
220,uri,http://www.wikidata.org/entity/Q3027831,uri,http://www.wikidata.org/entity/Q1127887,,,
221,uri,http://www.wikidata.org/entity/Q191485,uri,http://www.wikidata.org/entity/Q504998,,,
222,uri,http://www.wikidata.org/entity/Q3866664,uri,http://www.wikidata.org/entity/Q1365773,,,
223,uri,http://www.wikidata.org/entity/Q894874,uri,http://www.wikidata.org/entity/Q931207,,,
224,uri,http://www.wikidata.org/entity/Q13882231,uri,http://www.wikidata.org/entity/Q931207,,,
225,uri,http://www.wikidata.org/entity/Q28496959,uri,http://www.wikidata.org/entity/Q131005,,,
226,uri,http://www.wikidata.org/entity/Q12162653,uri,http://www.wikidata.org/entity/Q806575,,,
227,uri,http://www.wikidata.org/entity/Q2530120,uri,http://www.wikidata.org/entity/Q3117359,,,
228,uri,http://www.wikidata.org/entity/Q112175059,uri,http://www.wikidata.org/entity/Q112181654,,,
229,uri,http://www.wikidata.org/entity/Q112181644,uri,http://www.wikidata.org/entity/Q112181654,,,
230,uri,http://www.wikidata.org/entity/Q112181879,uri,http://www.wikidata.org/entity/Q112181654,,,
231,uri,http://www.wikidata.org/entity/Q1653380,uri,http://www.wikidata.org/entity/Q13646,,,
232,uri,http://www.wikidata.org/entity/Q115236626,uri,http://www.wikidata.org/entity/Q87071060,,,
233,uri,http://www.wikidata.org/entity/Q2825393,uri,http://www.wikidata.org/entity/Q806575,,,
234,uri,http://www.wikidata.org/entity/Q5527684,uri,http://www.wikidata.org/entity/Q913462,,,
235,uri,http://www.wikidata.org/entity/Q688893,uri,http://www.wikidata.org/entity/Q309084,,,
236,uri,http://www.wikidata.org/entity/Q688893,uri,http://www.wikidata.org/entity/Q309084,http://www.w3.org/2001/XMLSchema#dateTime,literal,2021-01-01T00:00:00Z
237,uri,http://www.wikidata.org/entity/Q500799,uri,http://www.wikidata.org/entity/Q188273,,,
238,uri,http://www.wikidata.org/entity/Q695299,uri,http://www.wikidata.org/entity/Q188273,,,
239,uri,http://www.wikidata.org/entity/Q846884,uri,http://www.wikidata.org/entity/Q188273,,,
240,uri,http://www.wikidata.org/entity/Q945060,uri,http://www.wikidata.org/entity/Q188273,,,
241,uri,http://www.wikidata.org/entity/Q1947354,uri,http://www.wikidata.org/entity/Q1127887,,,
242,uri,http://www.wikidata.org/entity/Q1466613,uri,http://www.wikidata.org/entity/Q188273,http://www.w3.org/2001/XMLSchema#dateTime,literal,2008-01-01T00:00:00Z
243,uri,http://www.wikidata.org/entity/Q2868739,uri,http://www.wikidata.org/entity/Q3117359,,,
244,uri,http://www.wikidata.org/entity/Q2083518,uri,http://www.wikidata.org/entity/Q188273,,,
245,uri,http://www.wikidata.org/entity/Q2353010,uri,http://www.wikidata.org/entity/Q859575,,,
246,uri,http://www.wikidata.org/entity/Q3087263,uri,http://www.wikidata.org/entity/Q188273,,,
247,uri,http://www.wikidata.org/entity/Q3547650,uri,http://www.wikidata.org/entity/Q188273,,,
248,uri,http://www.wikidata.org/entity/Q4052312,uri,http://www.wikidata.org/entity/Q188273,,,
249,uri,http://www.wikidata.org/entity/Q15070370,uri,http://www.wikidata.org/entity/Q188273,,,
250,uri,http://www.wikidata.org/entity/Q111390901,uri,http://www.wikidata.org/entity/Q212599,,,
251,uri,http://www.wikidata.org/entity/Q107257663,uri,http://www.wikidata.org/entity/Q188273,,,
252,uri,http://www.wikidata.org/entity/Q107358425,uri,http://www.wikidata.org/entity/Q689093,http://www.w3.org/2001/XMLSchema#dateTime,literal,2018-12-01T00:00:00Z
253,uri,http://www.wikidata.org/entity/Q107215601,uri,http://www.wikidata.org/entity/Q188273,,,
254,uri,http://www.wikidata.org/entity/Q107215620,uri,http://www.wikidata.org/entity/Q188273,,,
255,uri,http://www.wikidata.org/entity/Q56666057,uri,http://www.wikidata.org/entity/Q3117481,,,
256,uri,http://www.wikidata.org/entity/Q69529331,uri,http://www.wikidata.org/entity/Q3117481,,,
257,uri,http://www.wikidata.org/entity/Q59187,uri,http://www.wikidata.org/entity/Q97439162,http://www.w3.org/2001/XMLSchema#dateTime,literal,2021-01-16T00:00:00Z
258,uri,http://www.wikidata.org/entity/Q35962,uri,http://www.wikidata.org/entity/Q97439162,,,
259,uri,http://www.wikidata.org/entity/Q98930155,uri,http://www.wikidata.org/entity/Q6686,,,
260,uri,http://www.wikidata.org/entity/Q55074950,uri,http://www.wikidata.org/entity/Q664399,,,
261,uri,http://www.wikidata.org/entity/Q3347517,uri,http://www.wikidata.org/entity/Q1431486,,,
262,uri,http://www.wikidata.org/entity/Q3347517,uri,http://www.wikidata.org/entity/Q2663746,,,
263,uri,http://www.wikidata.org/entity/Q97366585,uri,http://www.wikidata.org/entity/Q2663746,,,
264,uri,http://www.wikidata.org/entity/Q71022064,uri,http://www.wikidata.org/entity/Q63335,,,
265,uri,http://www.wikidata.org/entity/Q108232933,uri,http://www.wikidata.org/entity/Q63335,,,
266,uri,http://www.wikidata.org/entity/Q6746,uri,http://www.wikidata.org/entity/Q97439162,,,
267,uri,http://www.wikidata.org/entity/Q27460,uri,http://www.wikidata.org/entity/Q6686,http://www.w3.org/2001/XMLSchema#dateTime,literal,1999-01-01T00:00:00Z
268,uri,http://www.wikidata.org/entity/Q27597,uri,http://www.wikidata.org/entity/Q97439162,http://www.w3.org/2001/XMLSchema#dateTime,literal,2021-01-16T00:00:00Z
269,uri,http://www.wikidata.org/entity/Q30113,uri,http://www.wikidata.org/entity/Q97439162,,,
270,uri,http://www.wikidata.org/entity/Q27460,uri,http://www.wikidata.org/entity/Q6686,,,
271,uri,http://www.wikidata.org/entity/Q80635,uri,http://www.wikidata.org/entity/Q407448,,,
272,uri,http://www.wikidata.org/entity/Q172207,uri,http://www.wikidata.org/entity/Q188273,,,
273,uri,http://www.wikidata.org/entity/Q189601,uri,http://www.wikidata.org/entity/Q504998,,,
274,uri,http://www.wikidata.org/entity/Q181114,uri,http://www.wikidata.org/entity/Q97439162,http://www.w3.org/2001/XMLSchema#dateTime,literal,2021-01-16T00:00:00Z
275,uri,http://www.wikidata.org/entity/Q64997939,uri,http://www.wikidata.org/entity/Q274591,,,
276,uri,http://www.wikidata.org/entity/Q289314,uri,http://www.wikidata.org/entity/Q1034621,,,
277,uri,http://www.wikidata.org/entity/Q300255,uri,http://www.wikidata.org/entity/Q160054,,,
278,uri,http://www.wikidata.org/entity/Q451423,uri,http://www.wikidata.org/entity/Q1168517,,,
279,uri,http://www.wikidata.org/entity/Q498515,uri,http://www.wikidata.org/entity/Q1168517,,,
280,uri,http://www.wikidata.org/entity/Q504917,uri,http://www.wikidata.org/entity/Q274591,,,
281,uri,http://www.wikidata.org/entity/Q504917,uri,http://www.wikidata.org/entity/Q455484,,,
282,uri,http://www.wikidata.org/entity/Q541030,uri,http://www.wikidata.org/entity/Q373724,,,
283,uri,http://www.wikidata.org/entity/Q645525,uri,http://www.wikidata.org/entity/Q154037,,,
284,uri,http://www.wikidata.org/entity/Q645984,uri,http://www.wikidata.org/entity/Q504998,,,
285,uri,http://www.wikidata.org/entity/Q676416,uri,http://www.wikidata.org/entity/Q931207,,,
286,uri,http://www.wikidata.org/entity/Q690001,uri,http://www.wikidata.org/entity/Q931207,,,
287,uri,http://www.wikidata.org/entity/Q691162,uri,http://www.wikidata.org/entity/Q212599,,,
288,uri,http://www.wikidata.org/entity/Q691958,uri,http://www.wikidata.org/entity/Q504998,,,
289,uri,http://www.wikidata.org/entity/Q764155,uri,http://www.wikidata.org/entity/Q1168517,,,
290,uri,http://www.wikidata.org/entity/Q779722,uri,http://www.wikidata.org/entity/Q590952,,,
291,uri,http://www.wikidata.org/entity/Q775931,uri,http://www.wikidata.org/entity/Q1172038,,,
292,uri,http://www.wikidata.org/entity/Q848553,uri,http://www.wikidata.org/entity/Q931207,,,
293,uri,http://www.wikidata.org/entity/Q966905,uri,http://www.wikidata.org/entity/Q504998,,,
294,uri,http://www.wikidata.org/entity/Q1055882,uri,http://www.wikidata.org/entity/Q1490400,,,
295,uri,http://www.wikidata.org/entity/Q1106769,uri,http://www.wikidata.org/entity/Q13416787,,,
296,uri,http://www.wikidata.org/entity/Q1207680,uri,http://www.wikidata.org/entity/Q1537378,,,
297,uri,http://www.wikidata.org/entity/Q1330945,uri,http://www.wikidata.org/entity/Q504998,,,
298,uri,http://www.wikidata.org/entity/Q1351054,uri,http://www.wikidata.org/entity/Q156077,,,
299,uri,http://www.wikidata.org/entity/Q1402977,uri,http://www.wikidata.org/entity/Q913462,,,
300,uri,http://www.wikidata.org/entity/Q1547738,uri,http://www.wikidata.org/entity/Q806941,,,
301,uri,http://www.wikidata.org/entity/Q1837429,uri,http://www.wikidata.org/entity/Q274591,,,
302,uri,http://www.wikidata.org/entity/Q1974503,uri,http://www.wikidata.org/entity/Q2558951,,,
303,uri,http://www.wikidata.org/entity/Q2021416,uri,http://www.wikidata.org/entity/Q931207,,,
304,uri,http://www.wikidata.org/entity/Q2201225,uri,http://www.wikidata.org/entity/Q499707,,,
305,uri,http://www.wikidata.org/entity/Q2282172,uri,http://www.wikidata.org/entity/Q931207,,,
306,uri,http://www.wikidata.org/entity/Q2399395,uri,http://www.wikidata.org/entity/Q1849593,,,
307,uri,http://www.wikidata.org/entity/Q2408041,uri,http://www.wikidata.org/entity/Q504998,,,
308,uri,http://www.wikidata.org/entity/Q2399714,uri,http://www.wikidata.org/entity/Q664399,,,
309,uri,http://www.wikidata.org/entity/Q2399600,uri,http://www.wikidata.org/entity/Q1886126,,,
310,uri,http://www.wikidata.org/entity/Q2494771,uri,http://www.wikidata.org/entity/Q156077,,,
311,uri,http://www.wikidata.org/entity/Q2819394,uri,http://www.wikidata.org/entity/Q154037,,,
312,uri,http://www.wikidata.org/entity/Q2819236,uri,http://www.wikidata.org/entity/Q270363,,,
313,uri,http://www.wikidata.org/entity/Q2824189,uri,http://www.wikidata.org/entity/Q895325,,,
314,uri,http://www.wikidata.org/entity/Q2828264,uri,http://www.wikidata.org/entity/Q1886126,,,
315,uri,http://www.wikidata.org/entity/Q2868738,uri,http://www.wikidata.org/entity/Q758603,,,
316,uri,http://www.wikidata.org/entity/Q2868738,uri,http://www.wikidata.org/entity/Q3312221,,,
317,uri,http://www.wikidata.org/entity/Q2869599,uri,http://www.wikidata.org/entity/Q757689,,,
318,uri,http://www.wikidata.org/entity/Q2877455,uri,http://www.wikidata.org/entity/Q806941,,,
319,uri,http://www.wikidata.org/entity/Q2883429,uri,http://www.wikidata.org/entity/Q806941,,,
320,uri,http://www.wikidata.org/entity/Q2895769,uri,http://www.wikidata.org/entity/Q504998,,,
321,uri,http://www.wikidata.org/entity/Q2931982,uri,http://www.wikidata.org/entity/Q516033,,,
322,uri,http://www.wikidata.org/entity/Q2955924,uri,http://www.wikidata.org/entity/Q63335,,,
323,uri,http://www.wikidata.org/entity/Q2961620,uri,http://www.wikidata.org/entity/Q504998,,,
324,uri,http://www.wikidata.org/entity/Q3006209,uri,http://www.wikidata.org/entity/Q270363,,,
325,uri,http://www.wikidata.org/entity/Q3029354,uri,http://www.wikidata.org/entity/Q160054,,,
326,uri,http://www.wikidata.org/entity/Q3049473,uri,http://www.wikidata.org/entity/Q1239347,,,
327,uri,http://www.wikidata.org/entity/Q3060668,uri,http://www.wikidata.org/entity/Q151107,,,
328,uri,http://www.wikidata.org/entity/Q3095296,uri,http://www.wikidata.org/entity/Q3001845,,,
329,uri,http://www.wikidata.org/entity/Q3143654,uri,http://www.wikidata.org/entity/Q188273,,,
330,uri,http://www.wikidata.org/entity/Q3195349,uri,http://www.wikidata.org/entity/Q664399,,,
331,uri,http://www.wikidata.org/entity/Q3206431,uri,http://www.wikidata.org/entity/Q373724,,,
332,uri,http://www.wikidata.org/entity/Q3200026,uri,http://www.wikidata.org/entity/Q3119538,,,
333,uri,http://www.wikidata.org/entity/Q3306372,uri,http://www.wikidata.org/entity/Q2670967,,,
334,uri,http://www.wikidata.org/entity/Q3312613,uri,http://www.wikidata.org/entity/Q3317698,,,
335,uri,http://www.wikidata.org/entity/Q3331046,uri,http://www.wikidata.org/entity/Q3001845,,,
336,uri,http://www.wikidata.org/entity/Q3331028,uri,http://www.wikidata.org/entity/Q3001845,,,
337,uri,http://www.wikidata.org/entity/Q3337111,uri,http://www.wikidata.org/entity/Q47088340,,,
338,uri,http://www.wikidata.org/entity/Q3446822,uri,http://www.wikidata.org/entity/Q3117359,,,
339,uri,http://www.wikidata.org/entity/Q3481686,uri,http://www.wikidata.org/entity/Q795981,,,
340,uri,http://www.wikidata.org/entity/Q3488360,uri,http://www.wikidata.org/entity/Q270363,,,
341,uri,http://www.wikidata.org/entity/Q3488393,uri,http://www.wikidata.org/entity/Q13416787,,,
342,uri,http://www.wikidata.org/entity/Q3488479,uri,http://www.wikidata.org/entity/Q270363,,,
343,uri,http://www.wikidata.org/entity/Q3488479,uri,http://www.wikidata.org/entity/Q3006209,,,
344,uri,http://www.wikidata.org/entity/Q3499743,uri,http://www.wikidata.org/entity/Q1799825,,,
345,uri,http://www.wikidata.org/entity/Q3537947,uri,http://www.wikidata.org/entity/Q664399,,,
346,uri,http://www.wikidata.org/entity/Q3550616,uri,http://www.wikidata.org/entity/Q1374315,,,
347,uri,http://www.wikidata.org/entity/Q3554485,uri,http://www.wikidata.org/entity/Q47088340,,,
348,uri,http://www.wikidata.org/entity/Q3745668,uri,http://www.wikidata.org/entity/Q499707,,,
349,uri,http://www.wikidata.org/entity/Q3933904,uri,http://www.wikidata.org/entity/Q806575,,,
350,uri,http://www.wikidata.org/entity/Q4348894,uri,http://www.wikidata.org/entity/Q1799825,http://www.w3.org/2001/XMLSchema#dateTime,literal,2012-01-01T00:00:00Z
351,uri,http://www.wikidata.org/entity/Q5329796,uri,http://www.wikidata.org/entity/Q63335,,,
352,uri,http://www.wikidata.org/entity/Q5664776,uri,http://www.wikidata.org/entity/Q17143635,,,
353,uri,http://www.wikidata.org/entity/Q7093629,uri,http://www.wikidata.org/entity/Q212599,http://www.w3.org/2001/XMLSchema#dateTime,literal,2016-02-01T00:00:00Z
354,uri,http://www.wikidata.org/entity/Q7218427,uri,http://www.wikidata.org/entity/Q1365773,,,
355,uri,http://www.wikidata.org/entity/Q7279122,uri,http://www.wikidata.org/entity/Q1799825,,,
356,uri,http://www.wikidata.org/entity/Q115030442,uri,http://www.wikidata.org/entity/Q504998,,,
357,uri,http://www.wikidata.org/entity/Q6742,uri,http://www.wikidata.org/entity/Q97439162,,,
358,uri,http://www.wikidata.org/entity/Q27564,uri,http://www.wikidata.org/entity/Q97439162,,,
359,uri,http://www.wikidata.org/entity/Q20165,uri,http://www.wikidata.org/entity/Q6686,,,
360,uri,http://www.wikidata.org/entity/Q26944,uri,http://www.wikidata.org/entity/Q6686,,,
361,uri,http://www.wikidata.org/entity/Q26823,uri,http://www.wikidata.org/entity/Q97439162,http://www.w3.org/2001/XMLSchema#dateTime,literal,2021-01-01T00:00:00Z
362,uri,http://www.wikidata.org/entity/Q26921,uri,http://www.wikidata.org/entity/Q97439162,http://www.w3.org/2001/XMLSchema#dateTime,literal,2021-01-16T00:00:00Z
363,uri,http://www.wikidata.org/entity/Q40966,uri,http://www.wikidata.org/entity/Q97439162,http://www.w3.org/2001/XMLSchema#dateTime,literal,2017-08-01T00:00:00Z
364,uri,http://www.wikidata.org/entity/Q40966,uri,http://www.wikidata.org/entity/Q97439162,http://www.w3.org/2001/XMLSchema#dateTime,literal,2021-01-16T00:00:00Z
365,uri,http://www.wikidata.org/entity/Q9076554,uri,http://www.wikidata.org/entity/Q541030,,,
366,uri,http://www.wikidata.org/entity/Q571156,uri,http://www.wikidata.org/entity/Q806941,http://www.w3.org/2001/XMLSchema#dateTime,literal,2006-01-01T00:00:00Z
367,uri,http://www.wikidata.org/entity/Q571156,uri,http://www.wikidata.org/entity/Q806941,,,
368,uri,http://www.wikidata.org/entity/Q571156,uri,http://www.wikidata.org/entity/Q1547738,,,
369,uri,http://www.wikidata.org/entity/Q1465005,uri,http://www.wikidata.org/entity/Q1431486,,,
370,uri,http://www.wikidata.org/entity/Q4045977,uri,http://www.wikidata.org/entity/Q504998,,,
371,uri,http://www.wikidata.org/entity/Q9164980,uri,http://www.wikidata.org/entity/Q499707,,,
372,uri,http://www.wikidata.org/entity/Q1849871,uri,http://www.wikidata.org/entity/Q1886126,,,
373,uri,http://www.wikidata.org/entity/Q14911971,uri,http://www.wikidata.org/entity/Q642627,,,
374,uri,http://www.wikidata.org/entity/Q16631359,uri,http://www.wikidata.org/entity/Q581438,http://www.w3.org/2001/XMLSchema#dateTime,literal,2020-12-31T00:00:00Z
375,uri,http://www.wikidata.org/entity/Q17061030,uri,http://www.wikidata.org/entity/Q160054,,,
376,uri,http://www.wikidata.org/entity/Q17061030,uri,http://www.wikidata.org/entity/Q1431486,,,
377,uri,http://www.wikidata.org/entity/Q17265920,uri,http://www.wikidata.org/entity/Q3006236,,,
378,uri,http://www.wikidata.org/entity/Q19277588,uri,http://www.wikidata.org/entity/Q2558951,,,
379,uri,http://www.wikidata.org/entity/Q20065243,uri,http://www.wikidata.org/entity/Q3339212,,,
380,uri,http://www.wikidata.org/entity/Q21428372,uri,http://www.wikidata.org/entity/Q806941,,,
381,uri,http://www.wikidata.org/entity/Q21428372,uri,http://www.wikidata.org/entity/Q17143635,,,
382,uri,http://www.wikidata.org/entity/Q23731275,uri,http://www.wikidata.org/entity/Q156077,,,
383,uri,http://www.wikidata.org/entity/Q25387428,uri,http://www.wikidata.org/entity/Q3119538,,,
384,uri,http://www.wikidata.org/entity/Q25406657,uri,http://www.wikidata.org/entity/Q329426,,,
385,uri,http://www.wikidata.org/entity/Q26722834,uri,http://www.wikidata.org/entity/Q1124861,,,
386,uri,http://www.wikidata.org/entity/Q26722834,uri,http://www.wikidata.org/entity/Q2120364,,,
387,uri,http://www.wikidata.org/entity/Q28405746,uri,http://www.wikidata.org/entity/Q1799825,http://www.w3.org/2001/XMLSchema#dateTime,literal,2018-01-01T00:00:00Z
388,uri,http://www.wikidata.org/entity/Q29122853,uri,http://www.wikidata.org/entity/Q1499936,,,
389,uri,http://www.wikidata.org/entity/Q29122857,uri,http://www.wikidata.org/entity/Q1499936,,,
390,uri,http://www.wikidata.org/entity/Q29122865,uri,http://www.wikidata.org/entity/Q1499936,,,
391,uri,http://www.wikidata.org/entity/Q30255328,uri,http://www.wikidata.org/entity/Q154037,,,
392,uri,http://www.wikidata.org/entity/Q30338687,uri,http://www.wikidata.org/entity/Q757689,,,
393,uri,http://www.wikidata.org/entity/Q48752251,uri,http://www.wikidata.org/entity/Q2412906,,,
394,uri,http://www.wikidata.org/entity/Q64027038,uri,http://www.wikidata.org/entity/Q590952,,,
395,uri,http://www.wikidata.org/entity/Q77930466,uri,http://www.wikidata.org/entity/Q1886126,,,
396,uri,http://www.wikidata.org/entity/Q86671322,uri,http://www.wikidata.org/entity/Q274591,,,
397,uri,http://www.wikidata.org/entity/Q90155293,uri,http://www.wikidata.org/entity/Q3117359,,,
398,uri,http://www.wikidata.org/entity/Q104185516,uri,http://www.wikidata.org/entity/Q846484,,,
399,uri,http://www.wikidata.org/entity/Q104185516,uri,http://www.wikidata.org/entity/Q846484,http://www.w3.org/2001/XMLSchema#dateTime,literal,2019-06-01T00:00:00Z
400,uri,http://www.wikidata.org/entity/Q104381586,uri,http://www.wikidata.org/entity/Q504998,http://www.w3.org/2001/XMLSchema#dateTime,literal,2017-01-01T00:00:00Z
401,uri,http://www.wikidata.org/entity/Q106686685,uri,http://www.wikidata.org/entity/Q101559741,,,
402,uri,http://www.wikidata.org/entity/Q109597291,uri,http://www.wikidata.org/entity/Q274591,,,
403,uri,http://www.wikidata.org/entity/Q109832656,uri,http://www.wikidata.org/entity/Q2301315,,,
404,uri,http://www.wikidata.org/entity/Q109826234,uri,http://www.wikidata.org/entity/Q2301315,,,
405,uri,http://www.wikidata.org/entity/Q109826274,uri,http://www.wikidata.org/entity/Q2301315,,,
406,uri,http://www.wikidata.org/entity/Q109826296,uri,http://www.wikidata.org/entity/Q2301315,,,
407,uri,http://www.wikidata.org/entity/Q109859381,uri,http://www.wikidata.org/entity/Q2301315,,,
408,uri,http://www.wikidata.org/entity/Q109860451,uri,http://www.wikidata.org/entity/Q2301315,,,
409,uri,http://www.wikidata.org/entity/Q109860496,uri,http://www.wikidata.org/entity/Q2301315,,,
410,uri,http://www.wikidata.org/entity/Q109832749,uri,http://www.wikidata.org/entity/Q2301315,,,
411,uri,http://www.wikidata.org/entity/Q109832848,uri,http://www.wikidata.org/entity/Q2301315,,,
412,uri,http://www.wikidata.org/entity/Q109832965,uri,http://www.wikidata.org/entity/Q2301315,,,
413,uri,http://www.wikidata.org/entity/Q109833084,uri,http://www.wikidata.org/entity/Q2301315,,,
414,uri,http://www.wikidata.org/entity/Q796827,uri,http://www.wikidata.org/entity/Q499707,http://www.w3.org/2001/XMLSchema#dateTime,literal,2009-05-01T00:00:00Z
415,uri,http://www.wikidata.org/entity/Q2883409,uri,http://www.wikidata.org/entity/Q499707,,,
416,uri,http://www.wikidata.org/entity/Q2938832,uri,http://www.wikidata.org/entity/Q590952,,,
417,uri,http://www.wikidata.org/entity/Q3550305,uri,http://www.wikidata.org/entity/Q270363,,,
418,uri,http://www.wikidata.org/entity/Q2938832,uri,http://www.wikidata.org/entity/Q590952,http://www.w3.org/2001/XMLSchema#dateTime,literal,2007-01-01T00:00:00Z
419,uri,http://www.wikidata.org/entity/Q101444740,uri,http://www.wikidata.org/entity/Q3006209,,,
420,uri,http://www.wikidata.org/entity/Q56653727,uri,http://www.wikidata.org/entity/Q806941,,,
421,uri,http://www.wikidata.org/entity/Q217599,uri,http://www.wikidata.org/entity/Q3117359,,,
422,uri,http://www.wikidata.org/entity/Q1380537,uri,http://www.wikidata.org/entity/Q2670967,,,
423,uri,http://www.wikidata.org/entity/Q2181426,uri,http://www.wikidata.org/entity/Q2670967,,,
424,uri,http://www.wikidata.org/entity/Q3484790,uri,http://www.wikidata.org/entity/Q758603,,,
425,uri,http://www.wikidata.org/entity/Q105064185,uri,http://www.wikidata.org/entity/Q28496595,http://www.w3.org/2001/XMLSchema#dateTime,literal,2017-01-01T00:00:00Z
426,uri,http://www.wikidata.org/entity/Q110067041,uri,http://www.wikidata.org/entity/Q3117359,,,
427,uri,http://www.wikidata.org/entity/Q110067293,uri,http://www.wikidata.org/entity/Q3117359,,,
428,uri,http://www.wikidata.org/entity/Q2711229,uri,http://www.wikidata.org/entity/Q13646,,,
429,uri,http://www.wikidata.org/entity/Q1631623,uri,http://www.wikidata.org/entity/Q794563,,,
430,uri,http://www.wikidata.org/entity/Q7755399,uri,http://www.wikidata.org/entity/Q643290,,,
