,company.type,company.value,owner.type,owner.value,acquiredate.datatype,acquiredate.type,acquiredate.value
0,uri,http://www.wikidata.org/entity/Q104905694,uri,http://www.wikidata.org/entity/Q671465,,,
1,uri,http://www.wikidata.org/entity/Q217623,uri,http://www.wikidata.org/entity/Q1636545,,,
2,uri,http://www.wikidata.org/entity/Q1827419,uri,http://www.wikidata.org/entity/Q210534,,,
3,uri,http://www.wikidata.org/entity/Q1947144,uri,http://www.wikidata.org/entity/Q1636545,,,
4,uri,http://www.wikidata.org/entity/Q2288463,uri,http://www.wikidata.org/entity/Q1562826,,,
5,uri,http://www.wikidata.org/entity/Q2390965,uri,http://www.wikidata.org/entity/Q1636545,,,
6,uri,http://www.wikidata.org/entity/Q2529835,uri,http://www.wikidata.org/entity/Q122141,,,
7,uri,http://www.wikidata.org/entity/Q2529841,uri,http://www.wikidata.org/entity/Q122141,,,
8,uri,http://www.wikidata.org/entity/Q3269655,uri,http://www.wikidata.org/entity/Q1318049,,,
9,uri,http://www.wikidata.org/entity/Q7766168,uri,http://www.wikidata.org/entity/Q546976,,,
10,uri,http://www.wikidata.org/entity/Q471958,uri,http://www.wikidata.org/entity/Q7186887,http://www.w3.org/2001/XMLSchema#dateTime,literal,2018-01-01T00:00:00Z
11,uri,http://www.wikidata.org/entity/Q667886,uri,http://www.wikidata.org/entity/Q568642,http://www.w3.org/2001/XMLSchema#dateTime,literal,2021-12-16T00:00:00Z
12,uri,http://www.wikidata.org/entity/Q1562664,uri,http://www.wikidata.org/entity/Q1562826,http://www.w3.org/2001/XMLSchema#dateTime,literal,2009-01-01T00:00:00Z
13,uri,http://www.wikidata.org/entity/Q1746945,uri,http://www.wikidata.org/entity/Q643626,http://www.w3.org/2001/XMLSchema#dateTime,literal,2022-01-11T00:00:00Z
14,uri,http://www.wikidata.org/entity/Q2717882,uri,http://www.wikidata.org/entity/Q1424962,http://www.w3.org/2001/XMLSchema#dateTime,literal,2003-01-01T00:00:00Z
15,uri,http://www.wikidata.org/entity/Q17509697,uri,http://www.wikidata.org/entity/Q251266,http://www.w3.org/2001/XMLSchema#dateTime,literal,2012-01-01T00:00:00Z
16,uri,http://www.wikidata.org/entity/Q48976578,uri,http://www.wikidata.org/entity/Q746413,http://www.w3.org/2001/XMLSchema#dateTime,literal,2022-06-01T00:00:00Z
17,uri,http://www.wikidata.org/entity/Q650467,uri,http://www.wikidata.org/entity/Q1562826,http://www.w3.org/2001/XMLSchema#dateTime,literal,2011-01-01T00:00:00Z
18,uri,http://www.wikidata.org/entity/Q96076302,uri,http://www.wikidata.org/entity/Q487494,,,
19,uri,http://www.wikidata.org/entity/Q295261,uri,http://www.wikidata.org/entity/Q190464,,,
20,uri,http://www.wikidata.org/entity/Q304769,uri,http://www.wikidata.org/entity/Q152057,,,
21,uri,http://www.wikidata.org/entity/Q465952,uri,http://www.wikidata.org/entity/Q152057,,,
22,uri,http://www.wikidata.org/entity/Q471891,uri,http://www.wikidata.org/entity/Q541451,,,
23,uri,http://www.wikidata.org/entity/Q846031,uri,http://www.wikidata.org/entity/Q122141,,,
24,uri,http://www.wikidata.org/entity/Q1540525,uri,http://www.wikidata.org/entity/Q122141,,,
25,uri,http://www.wikidata.org/entity/Q1856518,uri,http://www.wikidata.org/entity/Q122141,,,
26,uri,http://www.wikidata.org/entity/Q2529830,uri,http://www.wikidata.org/entity/Q122141,,,
27,uri,http://www.wikidata.org/entity/Q4352110,uri,http://www.wikidata.org/entity/Q122141,,,
28,uri,http://www.wikidata.org/entity/Q5322942,uri,http://www.wikidata.org/entity/Q593786,,,
29,uri,http://www.wikidata.org/entity/Q7939276,uri,http://www.wikidata.org/entity/Q122141,,,
30,uri,http://www.wikidata.org/entity/Q7939294,uri,http://www.wikidata.org/entity/Q122141,,,
31,uri,http://www.wikidata.org/entity/Q55640416,uri,http://www.wikidata.org/entity/Q122141,,,
32,uri,http://www.wikidata.org/entity/Q282903,uri,http://www.wikidata.org/entity/Q1044059,,,
33,uri,http://www.wikidata.org/entity/Q293469,uri,http://www.wikidata.org/entity/Q1044059,,,
34,uri,http://www.wikidata.org/entity/Q656554,uri,http://www.wikidata.org/entity/Q1044059,,,
35,uri,http://www.wikidata.org/entity/Q730587,uri,http://www.wikidata.org/entity/Q1044059,,,
36,uri,http://www.wikidata.org/entity/Q745700,uri,http://www.wikidata.org/entity/Q1044059,,,
37,uri,http://www.wikidata.org/entity/Q1136349,uri,http://www.wikidata.org/entity/Q1044059,,,
38,uri,http://www.wikidata.org/entity/Q1624735,uri,http://www.wikidata.org/entity/Q1044059,,,
39,uri,http://www.wikidata.org/entity/Q1759468,uri,http://www.wikidata.org/entity/Q1044059,,,
40,uri,http://www.wikidata.org/entity/Q20539284,uri,http://www.wikidata.org/entity/Q494917,,,
41,uri,http://www.wikidata.org/entity/Q313882,uri,http://www.wikidata.org/entity/Q157062,http://www.w3.org/2001/XMLSchema#dateTime,literal,2000-01-01T00:00:00Z
42,uri,http://www.wikidata.org/entity/Q1560372,uri,http://www.wikidata.org/entity/Q122141,http://www.w3.org/2001/XMLSchema#dateTime,literal,2014-04-01T00:00:00Z
43,uri,http://www.wikidata.org/entity/Q3070672,uri,http://www.wikidata.org/entity/Q1636545,http://www.w3.org/2001/XMLSchema#dateTime,literal,2010-01-01T00:00:00Z
44,uri,http://www.wikidata.org/entity/Q20756653,uri,http://www.wikidata.org/entity/Q122141,http://www.w3.org/2001/XMLSchema#dateTime,literal,2020-01-01T00:00:00Z
45,uri,http://www.wikidata.org/entity/Q4015982,uri,http://www.wikidata.org/entity/Q122141,http://www.w3.org/2001/XMLSchema#dateTime,literal,2001-01-01T00:00:00Z
46,uri,http://www.wikidata.org/entity/Q7963123,uri,http://www.wikidata.org/entity/Q30688042,http://www.w3.org/2001/XMLSchema#dateTime,literal,2021-01-01T00:00:00Z
47,uri,http://www.wikidata.org/entity/Q590271,uri,http://www.wikidata.org/entity/Q245343,,,
48,uri,http://www.wikidata.org/entity/Q689059,uri,http://www.wikidata.org/entity/Q152096,,,
49,uri,http://www.wikidata.org/entity/Q795933,uri,http://www.wikidata.org/entity/Q154950,,,
50,uri,http://www.wikidata.org/entity/Q806680,uri,http://www.wikidata.org/entity/Q190464,,,
51,uri,http://www.wikidata.org/entity/Q816412,uri,http://www.wikidata.org/entity/Q157062,,,
52,uri,http://www.wikidata.org/entity/Q1134915,uri,http://www.wikidata.org/entity/Q553658,,,
53,uri,http://www.wikidata.org/entity/Q1325951,uri,http://www.wikidata.org/entity/Q494917,,,
54,uri,http://www.wikidata.org/entity/Q1575470,uri,http://www.wikidata.org/entity/Q190464,,,
55,uri,http://www.wikidata.org/entity/Q1619376,uri,http://www.wikidata.org/entity/Q157062,,,
56,uri,http://www.wikidata.org/entity/Q2319266,uri,http://www.wikidata.org/entity/Q161140,,,
57,uri,http://www.wikidata.org/entity/Q13218434,uri,http://www.wikidata.org/entity/Q152096,,,
58,uri,http://www.wikidata.org/entity/Q21008564,uri,http://www.wikidata.org/entity/Q4943180,,,
59,uri,http://www.wikidata.org/entity/Q28939648,uri,http://www.wikidata.org/entity/Q494917,,,
60,uri,http://www.wikidata.org/entity/Q2248698,uri,http://www.wikidata.org/entity/Q1318049,http://www.w3.org/2001/XMLSchema#dateTime,literal,2011-01-01T00:00:00Z
61,uri,http://www.wikidata.org/entity/Q3486990,uri,http://www.wikidata.org/entity/Q122141,http://www.w3.org/2001/XMLSchema#dateTime,literal,2005-01-01T00:00:00Z
62,uri,http://www.wikidata.org/entity/Q6414654,uri,http://www.wikidata.org/entity/Q5258868,,,
63,uri,http://www.wikidata.org/entity/Q87715158,uri,http://www.wikidata.org/entity/Q1318049,,,
64,uri,http://www.wikidata.org/entity/Q108049683,uri,http://www.wikidata.org/entity/Q1424962,,,
65,uri,http://www.wikidata.org/entity/Q221986,uri,http://www.wikidata.org/entity/Q1105124,,,
66,uri,http://www.wikidata.org/entity/Q966971,uri,http://www.wikidata.org/entity/Q683098,,,
67,uri,http://www.wikidata.org/entity/Q1049970,uri,http://www.wikidata.org/entity/Q152057,,,
68,uri,http://www.wikidata.org/entity/Q1017062,uri,http://www.wikidata.org/entity/Q1318049,,,
69,uri,http://www.wikidata.org/entity/Q1432506,uri,http://www.wikidata.org/entity/Q138133,,,
70,uri,http://www.wikidata.org/entity/Q1640639,uri,http://www.wikidata.org/entity/Q122141,,,
71,uri,http://www.wikidata.org/entity/Q1656673,uri,http://www.wikidata.org/entity/Q122141,,,
72,uri,http://www.wikidata.org/entity/Q1784943,uri,http://www.wikidata.org/entity/Q122141,,,
73,uri,http://www.wikidata.org/entity/Q1825730,uri,http://www.wikidata.org/entity/Q1424962,,,
74,uri,http://www.wikidata.org/entity/Q2717882,uri,http://www.wikidata.org/entity/Q1424962,,,
75,uri,http://www.wikidata.org/entity/Q2746220,uri,http://www.wikidata.org/entity/Q1424962,,,
76,uri,http://www.wikidata.org/entity/Q2925725,uri,http://www.wikidata.org/entity/Q259013,,,
77,uri,http://www.wikidata.org/entity/Q3250375,uri,http://www.wikidata.org/entity/Q1424962,,,
78,uri,http://www.wikidata.org/entity/Q5032010,uri,http://www.wikidata.org/entity/Q1424962,,,
79,uri,http://www.wikidata.org/entity/Q5476491,uri,http://www.wikidata.org/entity/Q4633377,,,
80,uri,http://www.wikidata.org/entity/Q5880423,uri,http://www.wikidata.org/entity/Q1424962,,,
81,uri,http://www.wikidata.org/entity/Q5911596,uri,http://www.wikidata.org/entity/Q1424962,,,
82,uri,http://www.wikidata.org/entity/Q7605116,uri,http://www.wikidata.org/entity/Q1424962,,,
83,uri,http://www.wikidata.org/entity/Q30133334,uri,http://www.wikidata.org/entity/Q7168181,,,
84,uri,http://www.wikidata.org/entity/Q60750454,uri,http://www.wikidata.org/entity/Q1424962,,,
85,uri,http://www.wikidata.org/entity/Q110062785,uri,http://www.wikidata.org/entity/Q680946,,,
86,uri,http://www.wikidata.org/entity/Q1379710,uri,http://www.wikidata.org/entity/Q641555,,,
87,uri,http://www.wikidata.org/entity/Q5035441,uri,http://www.wikidata.org/entity/Q5570585,,,
88,uri,http://www.wikidata.org/entity/Q52667636,uri,http://www.wikidata.org/entity/Q746413,,,
89,uri,http://www.wikidata.org/entity/Q192632,uri,http://www.wikidata.org/entity/Q3146794,,,
90,uri,http://www.wikidata.org/entity/Q2647037,uri,http://www.wikidata.org/entity/Q2108217,,,
91,uri,http://www.wikidata.org/entity/Q3567082,uri,http://www.wikidata.org/entity/Q861799,,,
92,uri,http://www.wikidata.org/entity/Q5000795,uri,http://www.wikidata.org/entity/Q30688042,http://www.w3.org/2001/XMLSchema#dateTime,literal,2021-01-01T00:00:00Z
93,uri,http://www.wikidata.org/entity/Q954828,uri,http://www.wikidata.org/entity/Q880582,,,
94,uri,http://www.wikidata.org/entity/Q1076074,uri,http://www.wikidata.org/entity/Q2108217,,,
95,uri,http://www.wikidata.org/entity/Q1619253,uri,http://www.wikidata.org/entity/Q1479654,,,
96,uri,http://www.wikidata.org/entity/Q3246464,uri,http://www.wikidata.org/entity/Q16980420,,,
97,uri,http://www.wikidata.org/entity/Q6369889,uri,http://www.wikidata.org/entity/Q30688042,,,
98,uri,http://www.wikidata.org/entity/Q14463124,uri,http://www.wikidata.org/entity/Q494917,,,
99,uri,http://www.wikidata.org/entity/Q19870995,uri,http://www.wikidata.org/entity/Q7235675,,,
100,uri,http://www.wikidata.org/entity/Q652369,uri,http://www.wikidata.org/entity/Q618098,,,
101,uri,http://www.wikidata.org/entity/Q3776892,uri,http://www.wikidata.org/entity/Q157062,,,
102,uri,http://www.wikidata.org/entity/Q3776892,uri,http://www.wikidata.org/entity/Q157062,http://www.w3.org/2001/XMLSchema#dateTime,literal,2015-10-01T00:00:00Z
103,uri,http://www.wikidata.org/entity/Q1508259,uri,http://www.wikidata.org/entity/Q880582,http://www.w3.org/2001/XMLSchema#dateTime,literal,1998-01-01T00:00:00Z
104,uri,http://www.wikidata.org/entity/Q829558,uri,http://www.wikidata.org/entity/Q3045727,,,
105,uri,http://www.wikidata.org/entity/Q1351854,uri,http://www.wikidata.org/entity/Q173146,,,
106,uri,http://www.wikidata.org/entity/Q7232008,uri,http://www.wikidata.org/entity/Q4914712,,,
107,uri,http://www.wikidata.org/entity/Q21178588,uri,http://www.wikidata.org/entity/Q16980420,,,
108,uri,http://www.wikidata.org/entity/Q829558,uri,http://www.wikidata.org/entity/Q3045727,http://www.w3.org/2001/XMLSchema#dateTime,literal,2019-01-01T00:00:00Z
109,uri,http://www.wikidata.org/entity/Q5298588,uri,http://www.wikidata.org/entity/Q30688042,http://www.w3.org/2001/XMLSchema#dateTime,literal,2021-01-01T00:00:00Z
110,uri,http://www.wikidata.org/entity/Q683146,uri,http://www.wikidata.org/entity/Q998470,http://www.w3.org/2001/XMLSchema#dateTime,literal,1994-12-01T00:00:00Z
111,uri,http://www.wikidata.org/entity/Q880582,uri,http://www.wikidata.org/entity/Q680946,http://www.w3.org/2001/XMLSchema#dateTime,literal,2004-01-01T00:00:00Z
112,uri,http://www.wikidata.org/entity/Q100927743,uri,http://www.wikidata.org/entity/Q1318049,,,
113,uri,http://www.wikidata.org/entity/Q2634111,uri,http://www.wikidata.org/entity/Q229764,,,
114,uri,http://www.wikidata.org/entity/Q2719715,uri,http://www.wikidata.org/entity/Q122141,,,
115,uri,http://www.wikidata.org/entity/Q2877515,uri,http://www.wikidata.org/entity/Q593786,,,
116,uri,http://www.wikidata.org/entity/Q3106410,uri,http://www.wikidata.org/entity/Q122141,,,
117,uri,http://www.wikidata.org/entity/Q5416606,uri,http://www.wikidata.org/entity/Q1636545,,,
118,uri,http://www.wikidata.org/entity/Q6658415,uri,http://www.wikidata.org/entity/Q1636545,,,
119,uri,http://www.wikidata.org/entity/Q2075898,uri,http://www.wikidata.org/entity/Q1636545,,,
120,uri,http://www.wikidata.org/entity/Q180419,uri,http://www.wikidata.org/entity/Q2108217,,,
121,uri,http://www.wikidata.org/entity/Q392755,uri,http://www.wikidata.org/entity/Q229764,,,
122,uri,http://www.wikidata.org/entity/Q746413,uri,http://www.wikidata.org/entity/Q998470,,,
123,uri,http://www.wikidata.org/entity/Q3562042,uri,http://www.wikidata.org/entity/Q122141,,,
124,uri,http://www.wikidata.org/entity/Q4356504,uri,http://www.wikidata.org/entity/Q618098,,,
125,uri,http://www.wikidata.org/entity/Q4049829,uri,http://www.wikidata.org/entity/Q1166056,,,
126,uri,http://www.wikidata.org/entity/Q3146461,uri,http://www.wikidata.org/entity/Q568642,,,
127,uri,http://www.wikidata.org/entity/Q6502903,uri,http://www.wikidata.org/entity/Q683146,,,
128,uri,http://www.wikidata.org/entity/Q4038428,uri,http://www.wikidata.org/entity/Q11149,,,
129,uri,http://www.wikidata.org/entity/Q3719191,uri,http://www.wikidata.org/entity/Q160302,http://www.w3.org/2001/XMLSchema#dateTime,literal,1992-01-01T00:00:00Z
130,uri,http://www.wikidata.org/entity/Q4044531,uri,http://www.wikidata.org/entity/Q746413,http://www.w3.org/2001/XMLSchema#dateTime,literal,2001-01-01T00:00:00Z
131,uri,http://www.wikidata.org/entity/Q4044531,uri,http://www.wikidata.org/entity/Q998470,http://www.w3.org/2001/XMLSchema#dateTime,literal,2001-01-01T00:00:00Z
132,uri,http://www.wikidata.org/entity/Q4699027,uri,http://www.wikidata.org/entity/Q122141,,,
133,uri,http://www.wikidata.org/entity/Q5289224,uri,http://www.wikidata.org/entity/Q157062,,,
134,uri,http://www.wikidata.org/entity/Q4916779,uri,http://www.wikidata.org/entity/Q1636545,,,
135,uri,http://www.wikidata.org/entity/Q5427604,uri,http://www.wikidata.org/entity/Q489097,,,
136,uri,http://www.wikidata.org/entity/Q5179118,uri,http://www.wikidata.org/entity/Q1636545,,,
137,uri,http://www.wikidata.org/entity/Q6272576,uri,http://www.wikidata.org/entity/Q122141,,,
138,uri,http://www.wikidata.org/entity/Q5264290,uri,http://www.wikidata.org/entity/Q7863870,,,
139,uri,http://www.wikidata.org/entity/Q5416593,uri,http://www.wikidata.org/entity/Q1636545,,,
140,uri,http://www.wikidata.org/entity/Q7099056,uri,http://www.wikidata.org/entity/Q2647558,,,
141,uri,http://www.wikidata.org/entity/Q7679879,uri,http://www.wikidata.org/entity/Q122141,,,
142,uri,http://www.wikidata.org/entity/Q7679879,uri,http://www.wikidata.org/entity/Q7939294,,,
143,uri,http://www.wikidata.org/entity/Q7939279,uri,http://www.wikidata.org/entity/Q122141,,,
144,uri,http://www.wikidata.org/entity/Q7939283,uri,http://www.wikidata.org/entity/Q122141,,,
145,uri,http://www.wikidata.org/entity/Q7939286,uri,http://www.wikidata.org/entity/Q122141,,,
146,uri,http://www.wikidata.org/entity/Q7939291,uri,http://www.wikidata.org/entity/Q122141,,,
147,uri,http://www.wikidata.org/entity/Q7939295,uri,http://www.wikidata.org/entity/Q122141,,,
148,uri,http://www.wikidata.org/entity/Q7969414,uri,http://www.wikidata.org/entity/Q553658,,,
149,uri,http://www.wikidata.org/entity/Q6686157,uri,http://www.wikidata.org/entity/Q1636545,,,
150,uri,http://www.wikidata.org/entity/Q6662220,uri,http://www.wikidata.org/entity/Q680946,,,
151,uri,http://www.wikidata.org/entity/Q7125181,uri,http://www.wikidata.org/entity/Q1636545,,,
152,uri,http://www.wikidata.org/entity/Q7170931,uri,http://www.wikidata.org/entity/Q1636545,,,
153,uri,http://www.wikidata.org/entity/Q7300538,uri,http://www.wikidata.org/entity/Q1636545,,,
154,uri,http://www.wikidata.org/entity/Q7639561,uri,http://www.wikidata.org/entity/Q1636545,,,
155,uri,http://www.wikidata.org/entity/Q7618158,uri,http://www.wikidata.org/entity/Q1636545,,,
156,uri,http://www.wikidata.org/entity/Q7639452,uri,http://www.wikidata.org/entity/Q1636545,,,
157,uri,http://www.wikidata.org/entity/Q7734174,uri,http://www.wikidata.org/entity/Q5258868,,,
158,uri,http://www.wikidata.org/entity/Q7743539,uri,http://www.wikidata.org/entity/Q1636545,,,
159,uri,http://www.wikidata.org/entity/Q7757848,uri,http://www.wikidata.org/entity/Q1636545,,,
160,uri,http://www.wikidata.org/entity/Q114423668,uri,http://www.wikidata.org/entity/Q493854,,,
161,uri,http://www.wikidata.org/entity/Q7246300,uri,http://www.wikidata.org/entity/Q5280285,,,
162,uri,http://www.wikidata.org/entity/Q17010330,uri,http://www.wikidata.org/entity/Q157062,,,
163,uri,http://www.wikidata.org/entity/Q2522363,uri,http://www.wikidata.org/entity/Q861799,,,
164,uri,http://www.wikidata.org/entity/Q102238814,uri,http://www.wikidata.org/entity/Q568642,,,
165,uri,http://www.wikidata.org/entity/Q3445044,uri,http://www.wikidata.org/entity/Q2108217,,,
166,uri,http://www.wikidata.org/entity/Q5032006,uri,http://www.wikidata.org/entity/Q7962224,,,
167,uri,http://www.wikidata.org/entity/Q26025509,uri,http://www.wikidata.org/entity/Q122141,,,
168,uri,http://www.wikidata.org/entity/Q20709719,uri,http://www.wikidata.org/entity/Q7741165,,,
169,uri,http://www.wikidata.org/entity/Q110894232,uri,http://www.wikidata.org/entity/Q251266,,,
170,uri,http://www.wikidata.org/entity/Q7455079,uri,http://www.wikidata.org/entity/Q7248254,http://www.w3.org/2001/XMLSchema#dateTime,literal,2007-01-01T00:00:00Z
171,uri,http://www.wikidata.org/entity/Q15732971,uri,http://www.wikidata.org/entity/Q2413375,,,
172,uri,http://www.wikidata.org/entity/Q2407351,uri,http://www.wikidata.org/entity/Q249798,,,
173,uri,http://www.wikidata.org/entity/Q2021533,uri,http://www.wikidata.org/entity/Q5297602,,,
174,uri,http://www.wikidata.org/entity/Q2633715,uri,http://www.wikidata.org/entity/Q1462745,,,
175,uri,http://www.wikidata.org/entity/Q78508896,uri,http://www.wikidata.org/entity/Q2108217,,,
176,uri,http://www.wikidata.org/entity/Q78637376,uri,http://www.wikidata.org/entity/Q2108217,,,
177,uri,http://www.wikidata.org/entity/Q80424644,uri,http://www.wikidata.org/entity/Q2108217,,,
178,uri,http://www.wikidata.org/entity/Q105443141,uri,http://www.wikidata.org/entity/Q7046090,,,
179,uri,http://www.wikidata.org/entity/Q104088310,uri,http://www.wikidata.org/entity/Q7271329,,,
180,uri,http://www.wikidata.org/entity/Q110950938,uri,http://www.wikidata.org/entity/Q2108217,,,
181,uri,http://www.wikidata.org/entity/Q35587063,uri,http://www.wikidata.org/entity/Q122141,,,
182,uri,http://www.wikidata.org/entity/Q220144,uri,http://www.wikidata.org/entity/Q170027,,,
183,uri,http://www.wikidata.org/entity/Q37068906,uri,http://www.wikidata.org/entity/Q56706731,,,
184,uri,http://www.wikidata.org/entity/Q4892016,uri,http://www.wikidata.org/entity/Q746413,http://www.w3.org/2001/XMLSchema#dateTime,literal,2017-08-02T00:00:00Z
185,uri,http://www.wikidata.org/entity/Q48780935,uri,http://www.wikidata.org/entity/Q122141,,,
186,uri,http://www.wikidata.org/entity/Q52637594,uri,http://www.wikidata.org/entity/Q14950045,,,
187,uri,http://www.wikidata.org/entity/Q17846948,uri,http://www.wikidata.org/entity/Q2118336,,,
188,uri,http://www.wikidata.org/entity/Q17852699,uri,http://www.wikidata.org/entity/Q2118336,,,
189,uri,http://www.wikidata.org/entity/Q26292716,uri,http://www.wikidata.org/entity/Q5564162,,,
190,uri,http://www.wikidata.org/entity/Q26327187,uri,http://www.wikidata.org/entity/Q6773982,,,
191,uri,http://www.wikidata.org/entity/Q26381162,uri,http://www.wikidata.org/entity/Q5564162,,,
192,uri,http://www.wikidata.org/entity/Q26404257,uri,http://www.wikidata.org/entity/Q6773982,,,
193,uri,http://www.wikidata.org/entity/Q373225,uri,http://www.wikidata.org/entity/Q494917,,,
194,uri,http://www.wikidata.org/entity/Q26473447,uri,http://www.wikidata.org/entity/Q2118336,,,
195,uri,http://www.wikidata.org/entity/Q26502687,uri,http://www.wikidata.org/entity/Q2118336,,,
196,uri,http://www.wikidata.org/entity/Q26579788,uri,http://www.wikidata.org/entity/Q6773982,,,
197,uri,http://www.wikidata.org/entity/Q26587607,uri,http://www.wikidata.org/entity/Q6773982,,,
198,uri,http://www.wikidata.org/entity/Q26670001,uri,http://www.wikidata.org/entity/Q6773982,,,
199,uri,http://www.wikidata.org/entity/Q29482006,uri,http://www.wikidata.org/entity/Q6773982,,,
200,uri,http://www.wikidata.org/entity/Q29485958,uri,http://www.wikidata.org/entity/Q6773982,,,
201,uri,http://www.wikidata.org/entity/Q57955687,uri,http://www.wikidata.org/entity/Q56706731,,,
202,uri,http://www.wikidata.org/entity/Q57551648,uri,http://www.wikidata.org/entity/Q487494,,,
203,uri,http://www.wikidata.org/entity/Q5635861,uri,http://www.wikidata.org/entity/Q190464,,,
204,uri,http://www.wikidata.org/entity/Q5122694,uri,http://www.wikidata.org/entity/Q160126,,,
205,uri,http://www.wikidata.org/entity/Q99701325,uri,http://www.wikidata.org/entity/Q1636545,,,
206,uri,http://www.wikidata.org/entity/Q5450341,uri,http://www.wikidata.org/entity/Q6108019,,,
207,uri,http://www.wikidata.org/entity/Q62274381,uri,http://www.wikidata.org/entity/Q152057,,,
208,uri,http://www.wikidata.org/entity/Q62267023,uri,http://www.wikidata.org/entity/Q548278,,,
209,uri,http://www.wikidata.org/entity/Q7934812,uri,http://www.wikidata.org/entity/Q278810,,,
210,uri,http://www.wikidata.org/entity/Q58641733,uri,http://www.wikidata.org/entity/Q245343,,,
211,uri,http://www.wikidata.org/entity/Q105669887,uri,http://www.wikidata.org/entity/Q122141,,,
212,uri,http://www.wikidata.org/entity/Q4834524,uri,http://www.wikidata.org/entity/Q739416,,,
213,uri,http://www.wikidata.org/entity/Q7370488,uri,http://www.wikidata.org/entity/Q5564162,,,
214,uri,http://www.wikidata.org/entity/Q4868453,uri,http://www.wikidata.org/entity/Q5253950,,,
215,uri,http://www.wikidata.org/entity/Q3924088,uri,http://www.wikidata.org/entity/Q5564162,,,
216,uri,http://www.wikidata.org/entity/Q5323585,uri,http://www.wikidata.org/entity/Q5564162,,,
217,uri,http://www.wikidata.org/entity/Q5122929,uri,http://www.wikidata.org/entity/Q7412675,,,
218,uri,http://www.wikidata.org/entity/Q4876452,uri,http://www.wikidata.org/entity/Q5253950,,,
219,uri,http://www.wikidata.org/entity/Q7084824,uri,http://www.wikidata.org/entity/Q2118336,,,
220,uri,http://www.wikidata.org/entity/Q7716394,uri,http://www.wikidata.org/entity/Q5564162,,,
221,uri,http://www.wikidata.org/entity/Q7854865,uri,http://www.wikidata.org/entity/Q5564162,,,
222,uri,http://www.wikidata.org/entity/Q7854860,uri,http://www.wikidata.org/entity/Q6773982,,,
223,uri,http://www.wikidata.org/entity/Q15225054,uri,http://www.wikidata.org/entity/Q5564162,,,
224,uri,http://www.wikidata.org/entity/Q15979557,uri,http://www.wikidata.org/entity/Q2118336,,,
225,uri,http://www.wikidata.org/entity/Q15979280,uri,http://www.wikidata.org/entity/Q5253950,,,
226,uri,http://www.wikidata.org/entity/Q15979554,uri,http://www.wikidata.org/entity/Q5253950,,,
227,uri,http://www.wikidata.org/entity/Q17018729,uri,http://www.wikidata.org/entity/Q5253950,,,
228,uri,http://www.wikidata.org/entity/Q17021189,uri,http://www.wikidata.org/entity/Q5253950,,,
229,uri,http://www.wikidata.org/entity/Q17030424,uri,http://www.wikidata.org/entity/Q5253950,,,
230,uri,http://www.wikidata.org/entity/Q17021649,uri,http://www.wikidata.org/entity/Q5564162,,,
231,uri,http://www.wikidata.org/entity/Q17041248,uri,http://www.wikidata.org/entity/Q5564162,,,
232,uri,http://www.wikidata.org/entity/Q15979214,uri,http://www.wikidata.org/entity/Q5253950,,,
233,uri,http://www.wikidata.org/entity/Q15978885,uri,http://www.wikidata.org/entity/Q5564162,,,
234,uri,http://www.wikidata.org/entity/Q16993679,uri,http://www.wikidata.org/entity/Q5564162,,,
235,uri,http://www.wikidata.org/entity/Q17361863,uri,http://www.wikidata.org/entity/Q2118336,,,
236,uri,http://www.wikidata.org/entity/Q17361864,uri,http://www.wikidata.org/entity/Q2118336,,,
237,uri,http://www.wikidata.org/entity/Q7720719,uri,http://www.wikidata.org/entity/Q2118336,,,
238,uri,http://www.wikidata.org/entity/Q7730896,uri,http://www.wikidata.org/entity/Q5253950,,,
239,uri,http://www.wikidata.org/entity/Q12058464,uri,http://www.wikidata.org/entity/Q5564162,,,
240,uri,http://www.wikidata.org/entity/Q16984453,uri,http://www.wikidata.org/entity/Q2118336,,,
241,uri,http://www.wikidata.org/entity/Q17549379,uri,http://www.wikidata.org/entity/Q5253950,,,
242,uri,http://www.wikidata.org/entity/Q17534049,uri,http://www.wikidata.org/entity/Q2118336,,,
243,uri,http://www.wikidata.org/entity/Q17537997,uri,http://www.wikidata.org/entity/Q2118336,,,
244,uri,http://www.wikidata.org/entity/Q17538904,uri,http://www.wikidata.org/entity/Q2118336,,,
245,uri,http://www.wikidata.org/entity/Q17553562,uri,http://www.wikidata.org/entity/Q2118336,,,
246,uri,http://www.wikidata.org/entity/Q18160221,uri,http://www.wikidata.org/entity/Q2118336,,,
247,uri,http://www.wikidata.org/entity/Q18162102,uri,http://www.wikidata.org/entity/Q5253950,,,
248,uri,http://www.wikidata.org/entity/Q20054030,uri,http://www.wikidata.org/entity/Q5089491,,,
249,uri,http://www.wikidata.org/entity/Q21008633,uri,http://www.wikidata.org/entity/Q5253950,,,
250,uri,http://www.wikidata.org/entity/Q24023948,uri,http://www.wikidata.org/entity/Q2118336,,,
251,uri,http://www.wikidata.org/entity/Q21647629,uri,http://www.wikidata.org/entity/Q2118336,,,
252,uri,http://www.wikidata.org/entity/Q26276308,uri,http://www.wikidata.org/entity/Q2118336,,,
253,uri,http://www.wikidata.org/entity/Q26299003,uri,http://www.wikidata.org/entity/Q5564162,,,
254,uri,http://www.wikidata.org/entity/Q26300971,uri,http://www.wikidata.org/entity/Q2118336,,,
255,uri,http://www.wikidata.org/entity/Q26292365,uri,http://www.wikidata.org/entity/Q6773982,,,
256,uri,http://www.wikidata.org/entity/Q26305155,uri,http://www.wikidata.org/entity/Q6773982,,,
257,uri,http://www.wikidata.org/entity/Q26307432,uri,http://www.wikidata.org/entity/Q6773982,,,
258,uri,http://www.wikidata.org/entity/Q26311312,uri,http://www.wikidata.org/entity/Q2118336,,,
259,uri,http://www.wikidata.org/entity/Q26317597,uri,http://www.wikidata.org/entity/Q2118336,,,
260,uri,http://www.wikidata.org/entity/Q26321010,uri,http://www.wikidata.org/entity/Q6773982,,,
261,uri,http://www.wikidata.org/entity/Q26320492,uri,http://www.wikidata.org/entity/Q2118336,,,
262,uri,http://www.wikidata.org/entity/Q26320149,uri,http://www.wikidata.org/entity/Q5089491,,,
263,uri,http://www.wikidata.org/entity/Q26315767,uri,http://www.wikidata.org/entity/Q2118336,,,
264,uri,http://www.wikidata.org/entity/Q26318258,uri,http://www.wikidata.org/entity/Q2118336,,,
265,uri,http://www.wikidata.org/entity/Q26318520,uri,http://www.wikidata.org/entity/Q2118336,,,
266,uri,http://www.wikidata.org/entity/Q26336505,uri,http://www.wikidata.org/entity/Q6773982,,,
267,uri,http://www.wikidata.org/entity/Q26349419,uri,http://www.wikidata.org/entity/Q6773982,,,
268,uri,http://www.wikidata.org/entity/Q26354690,uri,http://www.wikidata.org/entity/Q5253950,,,
269,uri,http://www.wikidata.org/entity/Q26350649,uri,http://www.wikidata.org/entity/Q2118336,,,
270,uri,http://www.wikidata.org/entity/Q26352263,uri,http://www.wikidata.org/entity/Q5564162,,,
271,uri,http://www.wikidata.org/entity/Q26351419,uri,http://www.wikidata.org/entity/Q6773982,,,
272,uri,http://www.wikidata.org/entity/Q26363703,uri,http://www.wikidata.org/entity/Q2118336,,,
273,uri,http://www.wikidata.org/entity/Q26362870,uri,http://www.wikidata.org/entity/Q6773982,,,
274,uri,http://www.wikidata.org/entity/Q26367915,uri,http://www.wikidata.org/entity/Q2118336,,,
275,uri,http://www.wikidata.org/entity/Q26367206,uri,http://www.wikidata.org/entity/Q6773982,,,
276,uri,http://www.wikidata.org/entity/Q26367660,uri,http://www.wikidata.org/entity/Q6773982,,,
277,uri,http://www.wikidata.org/entity/Q26384203,uri,http://www.wikidata.org/entity/Q2118336,,,
278,uri,http://www.wikidata.org/entity/Q26383416,uri,http://www.wikidata.org/entity/Q6773982,,,
279,uri,http://www.wikidata.org/entity/Q26385269,uri,http://www.wikidata.org/entity/Q2118336,,,
280,uri,http://www.wikidata.org/entity/Q26396882,uri,http://www.wikidata.org/entity/Q2118336,,,
281,uri,http://www.wikidata.org/entity/Q26387152,uri,http://www.wikidata.org/entity/Q6773982,,,
282,uri,http://www.wikidata.org/entity/Q26392912,uri,http://www.wikidata.org/entity/Q2118336,,,
283,uri,http://www.wikidata.org/entity/Q26397413,uri,http://www.wikidata.org/entity/Q2118336,,,
284,uri,http://www.wikidata.org/entity/Q26388513,uri,http://www.wikidata.org/entity/Q5253950,,,
285,uri,http://www.wikidata.org/entity/Q26405445,uri,http://www.wikidata.org/entity/Q2118336,,,
286,uri,http://www.wikidata.org/entity/Q26405666,uri,http://www.wikidata.org/entity/Q5089491,,,
287,uri,http://www.wikidata.org/entity/Q26407046,uri,http://www.wikidata.org/entity/Q5564162,,,
288,uri,http://www.wikidata.org/entity/Q26405291,uri,http://www.wikidata.org/entity/Q2118336,,,
289,uri,http://www.wikidata.org/entity/Q26405412,uri,http://www.wikidata.org/entity/Q2118336,,,
290,uri,http://www.wikidata.org/entity/Q26415315,uri,http://www.wikidata.org/entity/Q5564162,,,
291,uri,http://www.wikidata.org/entity/Q26410602,uri,http://www.wikidata.org/entity/Q2118336,,,
292,uri,http://www.wikidata.org/entity/Q26425569,uri,http://www.wikidata.org/entity/Q6773982,,,
293,uri,http://www.wikidata.org/entity/Q26434716,uri,http://www.wikidata.org/entity/Q6773982,,,
294,uri,http://www.wikidata.org/entity/Q26430734,uri,http://www.wikidata.org/entity/Q6773982,,,
295,uri,http://www.wikidata.org/entity/Q26440928,uri,http://www.wikidata.org/entity/Q2118336,,,
296,uri,http://www.wikidata.org/entity/Q26440787,uri,http://www.wikidata.org/entity/Q5089491,,,
297,uri,http://www.wikidata.org/entity/Q26434118,uri,http://www.wikidata.org/entity/Q2118336,,,
298,uri,http://www.wikidata.org/entity/Q26444106,uri,http://www.wikidata.org/entity/Q6773982,,,
299,uri,http://www.wikidata.org/entity/Q26443113,uri,http://www.wikidata.org/entity/Q6773982,,,
300,uri,http://www.wikidata.org/entity/Q26450546,uri,http://www.wikidata.org/entity/Q5253950,,,
301,uri,http://www.wikidata.org/entity/Q26450080,uri,http://www.wikidata.org/entity/Q5564162,,,
302,uri,http://www.wikidata.org/entity/Q26451043,uri,http://www.wikidata.org/entity/Q6773982,,,
303,uri,http://www.wikidata.org/entity/Q26455560,uri,http://www.wikidata.org/entity/Q2118336,,,
304,uri,http://www.wikidata.org/entity/Q26455840,uri,http://www.wikidata.org/entity/Q6773982,,,
305,uri,http://www.wikidata.org/entity/Q26451576,uri,http://www.wikidata.org/entity/Q6773982,,,
306,uri,http://www.wikidata.org/entity/Q26459000,uri,http://www.wikidata.org/entity/Q2118336,,,
307,uri,http://www.wikidata.org/entity/Q26460674,uri,http://www.wikidata.org/entity/Q2118336,,,
308,uri,http://www.wikidata.org/entity/Q26460932,uri,http://www.wikidata.org/entity/Q2118336,,,
309,uri,http://www.wikidata.org/entity/Q26463016,uri,http://www.wikidata.org/entity/Q2118336,,,
310,uri,http://www.wikidata.org/entity/Q26467725,uri,http://www.wikidata.org/entity/Q5089491,,,
311,uri,http://www.wikidata.org/entity/Q26465500,uri,http://www.wikidata.org/entity/Q5564162,,,
312,uri,http://www.wikidata.org/entity/Q26469405,uri,http://www.wikidata.org/entity/Q2118336,,,
313,uri,http://www.wikidata.org/entity/Q26469125,uri,http://www.wikidata.org/entity/Q5089491,,,
314,uri,http://www.wikidata.org/entity/Q26475891,uri,http://www.wikidata.org/entity/Q5253950,,,
315,uri,http://www.wikidata.org/entity/Q26473240,uri,http://www.wikidata.org/entity/Q5253950,,,
316,uri,http://www.wikidata.org/entity/Q26477191,uri,http://www.wikidata.org/entity/Q2118336,,,
317,uri,http://www.wikidata.org/entity/Q26478766,uri,http://www.wikidata.org/entity/Q5253950,,,
318,uri,http://www.wikidata.org/entity/Q26487354,uri,http://www.wikidata.org/entity/Q5253950,,,
319,uri,http://www.wikidata.org/entity/Q26484378,uri,http://www.wikidata.org/entity/Q2118336,,,
320,uri,http://www.wikidata.org/entity/Q26490218,uri,http://www.wikidata.org/entity/Q5564162,,,
321,uri,http://www.wikidata.org/entity/Q26485511,uri,http://www.wikidata.org/entity/Q2118336,,,
322,uri,http://www.wikidata.org/entity/Q26484583,uri,http://www.wikidata.org/entity/Q5253950,,,
323,uri,http://www.wikidata.org/entity/Q26490741,uri,http://www.wikidata.org/entity/Q2118336,,,
324,uri,http://www.wikidata.org/entity/Q26490753,uri,http://www.wikidata.org/entity/Q2118336,,,
325,uri,http://www.wikidata.org/entity/Q26490972,uri,http://www.wikidata.org/entity/Q6773982,,,
326,uri,http://www.wikidata.org/entity/Q26497418,uri,http://www.wikidata.org/entity/Q2118336,,,
327,uri,http://www.wikidata.org/entity/Q26498326,uri,http://www.wikidata.org/entity/Q2118336,,,
328,uri,http://www.wikidata.org/entity/Q26494548,uri,http://www.wikidata.org/entity/Q2118336,,,
329,uri,http://www.wikidata.org/entity/Q26500764,uri,http://www.wikidata.org/entity/Q5089491,,,
330,uri,http://www.wikidata.org/entity/Q26505592,uri,http://www.wikidata.org/entity/Q6773982,,,
331,uri,http://www.wikidata.org/entity/Q26507886,uri,http://www.wikidata.org/entity/Q2118336,,,
332,uri,http://www.wikidata.org/entity/Q26502441,uri,http://www.wikidata.org/entity/Q5564162,,,
333,uri,http://www.wikidata.org/entity/Q26502326,uri,http://www.wikidata.org/entity/Q6773982,,,
334,uri,http://www.wikidata.org/entity/Q26502340,uri,http://www.wikidata.org/entity/Q6773982,,,
335,uri,http://www.wikidata.org/entity/Q26513720,uri,http://www.wikidata.org/entity/Q2118336,,,
336,uri,http://www.wikidata.org/entity/Q26509453,uri,http://www.wikidata.org/entity/Q2118336,,,
337,uri,http://www.wikidata.org/entity/Q26512174,uri,http://www.wikidata.org/entity/Q2118336,,,
338,uri,http://www.wikidata.org/entity/Q68441695,uri,http://www.wikidata.org/entity/Q1198156,,,
339,uri,http://www.wikidata.org/entity/Q26511181,uri,http://www.wikidata.org/entity/Q6773982,,,
340,uri,http://www.wikidata.org/entity/Q26519428,uri,http://www.wikidata.org/entity/Q2118336,,,
341,uri,http://www.wikidata.org/entity/Q26523531,uri,http://www.wikidata.org/entity/Q2118336,,,
342,uri,http://www.wikidata.org/entity/Q26526065,uri,http://www.wikidata.org/entity/Q2118336,,,
343,uri,http://www.wikidata.org/entity/Q26526416,uri,http://www.wikidata.org/entity/Q2118336,,,
344,uri,http://www.wikidata.org/entity/Q26533284,uri,http://www.wikidata.org/entity/Q2118336,,,
345,uri,http://www.wikidata.org/entity/Q26537539,uri,http://www.wikidata.org/entity/Q5564162,,,
346,uri,http://www.wikidata.org/entity/Q26546402,uri,http://www.wikidata.org/entity/Q2118336,,,
347,uri,http://www.wikidata.org/entity/Q26546572,uri,http://www.wikidata.org/entity/Q5564162,,,
348,uri,http://www.wikidata.org/entity/Q26550182,uri,http://www.wikidata.org/entity/Q5089491,,,
349,uri,http://www.wikidata.org/entity/Q26548186,uri,http://www.wikidata.org/entity/Q2118336,,,
350,uri,http://www.wikidata.org/entity/Q26547873,uri,http://www.wikidata.org/entity/Q6773982,,,
351,uri,http://www.wikidata.org/entity/Q26547958,uri,http://www.wikidata.org/entity/Q6773982,,,
352,uri,http://www.wikidata.org/entity/Q26547982,uri,http://www.wikidata.org/entity/Q6773982,,,
353,uri,http://www.wikidata.org/entity/Q26548846,uri,http://www.wikidata.org/entity/Q2118336,,,
354,uri,http://www.wikidata.org/entity/Q26548882,uri,http://www.wikidata.org/entity/Q2118336,,,
355,uri,http://www.wikidata.org/entity/Q26549089,uri,http://www.wikidata.org/entity/Q2118336,,,
356,uri,http://www.wikidata.org/entity/Q26549109,uri,http://www.wikidata.org/entity/Q2118336,,,
357,uri,http://www.wikidata.org/entity/Q26554229,uri,http://www.wikidata.org/entity/Q2118336,,,
358,uri,http://www.wikidata.org/entity/Q26554547,uri,http://www.wikidata.org/entity/Q6773982,,,
359,uri,http://www.wikidata.org/entity/Q26551501,uri,http://www.wikidata.org/entity/Q2118336,,,
360,uri,http://www.wikidata.org/entity/Q26555077,uri,http://www.wikidata.org/entity/Q2118336,,,
361,uri,http://www.wikidata.org/entity/Q26558171,uri,http://www.wikidata.org/entity/Q2118336,,,
362,uri,http://www.wikidata.org/entity/Q26558796,uri,http://www.wikidata.org/entity/Q5564162,,,
363,uri,http://www.wikidata.org/entity/Q26549243,uri,http://www.wikidata.org/entity/Q6773982,,,
364,uri,http://www.wikidata.org/entity/Q26549756,uri,http://www.wikidata.org/entity/Q6773982,,,
365,uri,http://www.wikidata.org/entity/Q26562923,uri,http://www.wikidata.org/entity/Q6773982,,,
366,uri,http://www.wikidata.org/entity/Q26567032,uri,http://www.wikidata.org/entity/Q6773982,,,
367,uri,http://www.wikidata.org/entity/Q26560764,uri,http://www.wikidata.org/entity/Q5089491,,,
368,uri,http://www.wikidata.org/entity/Q26570316,uri,http://www.wikidata.org/entity/Q2118336,,,
369,uri,http://www.wikidata.org/entity/Q26567439,uri,http://www.wikidata.org/entity/Q2118336,,,
370,uri,http://www.wikidata.org/entity/Q26581778,uri,http://www.wikidata.org/entity/Q6773982,,,
371,uri,http://www.wikidata.org/entity/Q26579929,uri,http://www.wikidata.org/entity/Q6773982,,,
372,uri,http://www.wikidata.org/entity/Q26582798,uri,http://www.wikidata.org/entity/Q6773982,,,
373,uri,http://www.wikidata.org/entity/Q26586188,uri,http://www.wikidata.org/entity/Q6773982,,,
374,uri,http://www.wikidata.org/entity/Q26583380,uri,http://www.wikidata.org/entity/Q2118336,,,
375,uri,http://www.wikidata.org/entity/Q26583427,uri,http://www.wikidata.org/entity/Q2118336,,,
376,uri,http://www.wikidata.org/entity/Q26590620,uri,http://www.wikidata.org/entity/Q5253950,,,
377,uri,http://www.wikidata.org/entity/Q26601472,uri,http://www.wikidata.org/entity/Q2118336,,,
378,uri,http://www.wikidata.org/entity/Q26601403,uri,http://www.wikidata.org/entity/Q6773982,,,
379,uri,http://www.wikidata.org/entity/Q87263899,uri,http://www.wikidata.org/entity/Q721810,,,
380,uri,http://www.wikidata.org/entity/Q26598962,uri,http://www.wikidata.org/entity/Q5089491,,,
381,uri,http://www.wikidata.org/entity/Q26607974,uri,http://www.wikidata.org/entity/Q5564162,,,
382,uri,http://www.wikidata.org/entity/Q26609336,uri,http://www.wikidata.org/entity/Q2118336,,,
383,uri,http://www.wikidata.org/entity/Q26614109,uri,http://www.wikidata.org/entity/Q2118336,,,
384,uri,http://www.wikidata.org/entity/Q26621475,uri,http://www.wikidata.org/entity/Q2118336,,,
385,uri,http://www.wikidata.org/entity/Q26621745,uri,http://www.wikidata.org/entity/Q2118336,,,
386,uri,http://www.wikidata.org/entity/Q26621926,uri,http://www.wikidata.org/entity/Q2118336,,,
387,uri,http://www.wikidata.org/entity/Q26622775,uri,http://www.wikidata.org/entity/Q2118336,,,
388,uri,http://www.wikidata.org/entity/Q7439115,uri,http://www.wikidata.org/entity/Q683098,,,
389,uri,http://www.wikidata.org/entity/Q26625558,uri,http://www.wikidata.org/entity/Q2118336,,,
390,uri,http://www.wikidata.org/entity/Q707602,uri,http://www.wikidata.org/entity/Q683098,,,
391,uri,http://www.wikidata.org/entity/Q26625112,uri,http://www.wikidata.org/entity/Q6773982,,,
392,uri,http://www.wikidata.org/entity/Q26627511,uri,http://www.wikidata.org/entity/Q2118336,,,
393,uri,http://www.wikidata.org/entity/Q26624224,uri,http://www.wikidata.org/entity/Q5943510,,,
394,uri,http://www.wikidata.org/entity/Q26630754,uri,http://www.wikidata.org/entity/Q5564162,,,
395,uri,http://www.wikidata.org/entity/Q26629900,uri,http://www.wikidata.org/entity/Q2118336,,,
396,uri,http://www.wikidata.org/entity/Q26630119,uri,http://www.wikidata.org/entity/Q2118336,,,
397,uri,http://www.wikidata.org/entity/Q26631546,uri,http://www.wikidata.org/entity/Q2118336,,,
398,uri,http://www.wikidata.org/entity/Q26631554,uri,http://www.wikidata.org/entity/Q2118336,,,
399,uri,http://www.wikidata.org/entity/Q26631599,uri,http://www.wikidata.org/entity/Q2118336,,,
400,uri,http://www.wikidata.org/entity/Q2889702,uri,http://www.wikidata.org/entity/Q683098,,,
401,uri,http://www.wikidata.org/entity/Q26697880,uri,http://www.wikidata.org/entity/Q2000610,http://www.w3.org/2001/XMLSchema#dateTime,literal,2005-01-01T00:00:00Z
402,uri,http://www.wikidata.org/entity/Q26633525,uri,http://www.wikidata.org/entity/Q6773982,,,
403,uri,http://www.wikidata.org/entity/Q105691634,uri,http://www.wikidata.org/entity/Q6662870,,,
404,uri,http://www.wikidata.org/entity/Q26644922,uri,http://www.wikidata.org/entity/Q2118336,,,
405,uri,http://www.wikidata.org/entity/Q26643571,uri,http://www.wikidata.org/entity/Q6773982,,,
406,uri,http://www.wikidata.org/entity/Q565734,uri,http://www.wikidata.org/entity/Q152057,,,
407,uri,http://www.wikidata.org/entity/Q26644150,uri,http://www.wikidata.org/entity/Q2118336,,,
408,uri,http://www.wikidata.org/entity/Q26638983,uri,http://www.wikidata.org/entity/Q2118336,,,
409,uri,http://www.wikidata.org/entity/Q26639350,uri,http://www.wikidata.org/entity/Q2118336,,,
410,uri,http://www.wikidata.org/entity/Q26639057,uri,http://www.wikidata.org/entity/Q6773982,,,
411,uri,http://www.wikidata.org/entity/Q26648209,uri,http://www.wikidata.org/entity/Q2118336,,,
412,uri,http://www.wikidata.org/entity/Q26652895,uri,http://www.wikidata.org/entity/Q2118336,,,
413,uri,http://www.wikidata.org/entity/Q26640490,uri,http://www.wikidata.org/entity/Q2118336,,,
414,uri,http://www.wikidata.org/entity/Q1360622,uri,http://www.wikidata.org/entity/Q154950,,,
415,uri,http://www.wikidata.org/entity/Q3240764,uri,http://www.wikidata.org/entity/Q154950,,,
416,uri,http://www.wikidata.org/entity/Q26653842,uri,http://www.wikidata.org/entity/Q5564162,,,
417,uri,http://www.wikidata.org/entity/Q26658212,uri,http://www.wikidata.org/entity/Q5089491,,,
418,uri,http://www.wikidata.org/entity/Q26660154,uri,http://www.wikidata.org/entity/Q2118336,,,
419,uri,http://www.wikidata.org/entity/Q26666761,uri,http://www.wikidata.org/entity/Q5253950,,,
420,uri,http://www.wikidata.org/entity/Q114826023,uri,http://www.wikidata.org/entity/Q297410,,,
421,uri,http://www.wikidata.org/entity/Q26667402,uri,http://www.wikidata.org/entity/Q5564162,,,
422,uri,http://www.wikidata.org/entity/Q1123947,uri,http://www.wikidata.org/entity/Q814309,,,
423,uri,http://www.wikidata.org/entity/Q65954217,uri,http://www.wikidata.org/entity/Q487494,,,
424,uri,http://www.wikidata.org/entity/Q98456772,uri,http://www.wikidata.org/entity/Q487494,,,
425,uri,http://www.wikidata.org/entity/Q26672893,uri,http://www.wikidata.org/entity/Q2118336,,,
426,uri,http://www.wikidata.org/entity/Q26667652,uri,http://www.wikidata.org/entity/Q2118336,,,
427,uri,http://www.wikidata.org/entity/Q26667994,uri,http://www.wikidata.org/entity/Q6773982,,,
428,uri,http://www.wikidata.org/entity/Q26673106,uri,http://www.wikidata.org/entity/Q2118336,,,
429,uri,http://www.wikidata.org/entity/Q112947108,uri,http://www.wikidata.org/entity/Q6108019,,,
430,uri,http://www.wikidata.org/entity/Q27083738,uri,http://www.wikidata.org/entity/Q5253950,,,
431,uri,http://www.wikidata.org/entity/Q27083453,uri,http://www.wikidata.org/entity/Q5564162,,,
432,uri,http://www.wikidata.org/entity/Q26683019,uri,http://www.wikidata.org/entity/Q2118336,,,
433,uri,http://www.wikidata.org/entity/Q27082945,uri,http://www.wikidata.org/entity/Q5253950,,,
434,uri,http://www.wikidata.org/entity/Q27083223,uri,http://www.wikidata.org/entity/Q5564162,,,
435,uri,http://www.wikidata.org/entity/Q4013942,uri,http://www.wikidata.org/entity/Q494917,,,
436,uri,http://www.wikidata.org/entity/Q27081264,uri,http://www.wikidata.org/entity/Q2118336,,,
437,uri,http://www.wikidata.org/entity/Q27080748,uri,http://www.wikidata.org/entity/Q5564162,,,
438,uri,http://www.wikidata.org/entity/Q27084492,uri,http://www.wikidata.org/entity/Q2118336,,,
439,uri,http://www.wikidata.org/entity/Q29482038,uri,http://www.wikidata.org/entity/Q2118336,,,
440,uri,http://www.wikidata.org/entity/Q29481546,uri,http://www.wikidata.org/entity/Q6773982,,,
441,uri,http://www.wikidata.org/entity/Q29482041,uri,http://www.wikidata.org/entity/Q6773982,,,
442,uri,http://www.wikidata.org/entity/Q29482063,uri,http://www.wikidata.org/entity/Q6773982,,,
443,uri,http://www.wikidata.org/entity/Q29486217,uri,http://www.wikidata.org/entity/Q2118336,,,
444,uri,http://www.wikidata.org/entity/Q29483058,uri,http://www.wikidata.org/entity/Q2118336,,,
445,uri,http://www.wikidata.org/entity/Q29483129,uri,http://www.wikidata.org/entity/Q2118336,,,
446,uri,http://www.wikidata.org/entity/Q29483402,uri,http://www.wikidata.org/entity/Q2118336,,,
447,uri,http://www.wikidata.org/entity/Q29483792,uri,http://www.wikidata.org/entity/Q6773982,,,
448,uri,http://www.wikidata.org/entity/Q28446718,uri,http://www.wikidata.org/entity/Q2118336,,,
449,uri,http://www.wikidata.org/entity/Q29485486,uri,http://www.wikidata.org/entity/Q2118336,,,
450,uri,http://www.wikidata.org/entity/Q29492859,uri,http://www.wikidata.org/entity/Q2118336,,,
451,uri,http://www.wikidata.org/entity/Q29486924,uri,http://www.wikidata.org/entity/Q6773982,,,
452,uri,http://www.wikidata.org/entity/Q29487383,uri,http://www.wikidata.org/entity/Q2118336,,,
453,uri,http://www.wikidata.org/entity/Q29488334,uri,http://www.wikidata.org/entity/Q2118336,,,
454,uri,http://www.wikidata.org/entity/Q28402493,uri,http://www.wikidata.org/entity/Q2118336,,,
455,uri,http://www.wikidata.org/entity/Q28406126,uri,http://www.wikidata.org/entity/Q2118336,,,
456,uri,http://www.wikidata.org/entity/Q29490346,uri,http://www.wikidata.org/entity/Q2118336,,,
457,uri,http://www.wikidata.org/entity/Q29485172,uri,http://www.wikidata.org/entity/Q2118336,,,
458,uri,http://www.wikidata.org/entity/Q29484513,uri,http://www.wikidata.org/entity/Q6773982,,,
459,uri,http://www.wikidata.org/entity/Q29491737,uri,http://www.wikidata.org/entity/Q6773982,,,
460,uri,http://www.wikidata.org/entity/Q29495914,uri,http://www.wikidata.org/entity/Q2118336,,,
461,uri,http://www.wikidata.org/entity/Q29503962,uri,http://www.wikidata.org/entity/Q2118336,,,
462,uri,http://www.wikidata.org/entity/Q39047441,uri,http://www.wikidata.org/entity/Q5253950,,,
463,uri,http://www.wikidata.org/entity/Q56183713,uri,http://www.wikidata.org/entity/Q2118336,,,
464,uri,http://www.wikidata.org/entity/Q61863226,uri,http://www.wikidata.org/entity/Q7542224,,,
465,uri,http://www.wikidata.org/entity/Q59421018,uri,http://www.wikidata.org/entity/Q2118336,,,
466,uri,http://www.wikidata.org/entity/Q61866099,uri,http://www.wikidata.org/entity/Q7542224,,,
467,uri,http://www.wikidata.org/entity/Q61875607,uri,http://www.wikidata.org/entity/Q5943510,,,
468,uri,http://www.wikidata.org/entity/Q61915887,uri,http://www.wikidata.org/entity/Q5676915,,,
469,uri,http://www.wikidata.org/entity/Q70628092,uri,http://www.wikidata.org/entity/Q7592564,,,
470,uri,http://www.wikidata.org/entity/Q70628216,uri,http://www.wikidata.org/entity/Q4879766,,,
471,uri,http://www.wikidata.org/entity/Q70628132,uri,http://www.wikidata.org/entity/Q65930663,,,
472,uri,http://www.wikidata.org/entity/Q70628405,uri,http://www.wikidata.org/entity/Q7592564,,,
473,uri,http://www.wikidata.org/entity/Q80476496,uri,http://www.wikidata.org/entity/Q2118336,,,
474,uri,http://www.wikidata.org/entity/Q80476235,uri,http://www.wikidata.org/entity/Q2118336,,,
475,uri,http://www.wikidata.org/entity/Q80476526,uri,http://www.wikidata.org/entity/Q2118336,,,
476,uri,http://www.wikidata.org/entity/Q80476552,uri,http://www.wikidata.org/entity/Q2118336,,,
477,uri,http://www.wikidata.org/entity/Q80476648,uri,http://www.wikidata.org/entity/Q2118336,,,
478,uri,http://www.wikidata.org/entity/Q80476686,uri,http://www.wikidata.org/entity/Q2118336,,,
479,uri,http://www.wikidata.org/entity/Q80476690,uri,http://www.wikidata.org/entity/Q2118336,,,
480,uri,http://www.wikidata.org/entity/Q80476902,uri,http://www.wikidata.org/entity/Q2118336,,,
481,uri,http://www.wikidata.org/entity/Q80477114,uri,http://www.wikidata.org/entity/Q2118336,,,
482,uri,http://www.wikidata.org/entity/Q80477215,uri,http://www.wikidata.org/entity/Q5943510,,,
483,uri,http://www.wikidata.org/entity/Q80477172,uri,http://www.wikidata.org/entity/Q2118336,,,
484,uri,http://www.wikidata.org/entity/Q80477032,uri,http://www.wikidata.org/entity/Q6773982,,,
485,uri,http://www.wikidata.org/entity/Q80477248,uri,http://www.wikidata.org/entity/Q2118336,,,
486,uri,http://www.wikidata.org/entity/Q80477275,uri,http://www.wikidata.org/entity/Q2118336,,,
487,uri,http://www.wikidata.org/entity/Q80577818,uri,http://www.wikidata.org/entity/Q6773982,,,
488,uri,http://www.wikidata.org/entity/Q80577825,uri,http://www.wikidata.org/entity/Q6773982,,,
489,uri,http://www.wikidata.org/entity/Q80477308,uri,http://www.wikidata.org/entity/Q6773982,,,
490,uri,http://www.wikidata.org/entity/Q80581468,uri,http://www.wikidata.org/entity/Q6773982,,,
491,uri,http://www.wikidata.org/entity/Q80581495,uri,http://www.wikidata.org/entity/Q6773982,,,
492,uri,http://www.wikidata.org/entity/Q80581426,uri,http://www.wikidata.org/entity/Q6773982,,,
493,uri,http://www.wikidata.org/entity/Q80581454,uri,http://www.wikidata.org/entity/Q6773982,,,
494,uri,http://www.wikidata.org/entity/Q502268,uri,http://www.wikidata.org/entity/Q161140,,,
495,uri,http://www.wikidata.org/entity/Q280,uri,http://www.wikidata.org/entity/Q161140,,,
496,uri,http://www.wikidata.org/entity/Q80581665,uri,http://www.wikidata.org/entity/Q6773982,,,
497,uri,http://www.wikidata.org/entity/Q80581589,uri,http://www.wikidata.org/entity/Q6773982,,,
498,uri,http://www.wikidata.org/entity/Q80581593,uri,http://www.wikidata.org/entity/Q6773982,,,
499,uri,http://www.wikidata.org/entity/Q80581818,uri,http://www.wikidata.org/entity/Q6773982,,,
500,uri,http://www.wikidata.org/entity/Q80581825,uri,http://www.wikidata.org/entity/Q6773982,,,
501,uri,http://www.wikidata.org/entity/Q80581682,uri,http://www.wikidata.org/entity/Q6773982,,,
502,uri,http://www.wikidata.org/entity/Q80581832,uri,http://www.wikidata.org/entity/Q6773982,,,
503,uri,http://www.wikidata.org/entity/Q80581921,uri,http://www.wikidata.org/entity/Q2118336,,,
504,uri,http://www.wikidata.org/entity/Q80581768,uri,http://www.wikidata.org/entity/Q6773982,,,
505,uri,http://www.wikidata.org/entity/Q80581795,uri,http://www.wikidata.org/entity/Q6773982,,,
506,uri,http://www.wikidata.org/entity/Q80581810,uri,http://www.wikidata.org/entity/Q6773982,,,
507,uri,http://www.wikidata.org/entity/Q80582075,uri,http://www.wikidata.org/entity/Q6773982,,,
508,uri,http://www.wikidata.org/entity/Q80581875,uri,http://www.wikidata.org/entity/Q6773982,,,
509,uri,http://www.wikidata.org/entity/Q80581873,uri,http://www.wikidata.org/entity/Q6773982,,,
510,uri,http://www.wikidata.org/entity/Q80581890,uri,http://www.wikidata.org/entity/Q6773982,,,
511,uri,http://www.wikidata.org/entity/Q80581906,uri,http://www.wikidata.org/entity/Q6773982,,,
512,uri,http://www.wikidata.org/entity/Q80582519,uri,http://www.wikidata.org/entity/Q6773982,,,
513,uri,http://www.wikidata.org/entity/Q114567232,uri,http://www.wikidata.org/entity/Q229764,,,
514,uri,http://www.wikidata.org/entity/Q7988183,uri,http://www.wikidata.org/entity/Q1465461,,,
515,uri,http://www.wikidata.org/entity/Q80582532,uri,http://www.wikidata.org/entity/Q6773982,,,
516,uri,http://www.wikidata.org/entity/Q80582462,uri,http://www.wikidata.org/entity/Q6773982,,,
517,uri,http://www.wikidata.org/entity/Q80582754,uri,http://www.wikidata.org/entity/Q6773982,,,
518,uri,http://www.wikidata.org/entity/Q80582931,uri,http://www.wikidata.org/entity/Q6773982,,,
519,uri,http://www.wikidata.org/entity/Q80583028,uri,http://www.wikidata.org/entity/Q27136461,,,
520,uri,http://www.wikidata.org/entity/Q80583108,uri,http://www.wikidata.org/entity/Q6773982,,,
521,uri,http://www.wikidata.org/entity/Q80583361,uri,http://www.wikidata.org/entity/Q6773982,,,
522,uri,http://www.wikidata.org/entity/Q80583304,uri,http://www.wikidata.org/entity/Q2118336,,,
523,uri,http://www.wikidata.org/entity/Q80583298,uri,http://www.wikidata.org/entity/Q6773982,,,
524,uri,http://www.wikidata.org/entity/Q80583328,uri,http://www.wikidata.org/entity/Q6773982,,,
525,uri,http://www.wikidata.org/entity/Q80583336,uri,http://www.wikidata.org/entity/Q6773982,,,
526,uri,http://www.wikidata.org/entity/Q80583533,uri,http://www.wikidata.org/entity/Q2118336,,,
527,uri,http://www.wikidata.org/entity/Q80583405,uri,http://www.wikidata.org/entity/Q2118336,,,
528,uri,http://www.wikidata.org/entity/Q80583249,uri,http://www.wikidata.org/entity/Q6773982,,,
529,uri,http://www.wikidata.org/entity/Q80583513,uri,http://www.wikidata.org/entity/Q2118336,,,
530,uri,http://www.wikidata.org/entity/Q80583508,uri,http://www.wikidata.org/entity/Q6773982,,,
531,uri,http://www.wikidata.org/entity/Q80583450,uri,http://www.wikidata.org/entity/Q6773982,,,
532,uri,http://www.wikidata.org/entity/Q80583390,uri,http://www.wikidata.org/entity/Q2118336,,,
533,uri,http://www.wikidata.org/entity/Q80583396,uri,http://www.wikidata.org/entity/Q2118336,,,
534,uri,http://www.wikidata.org/entity/Q80583392,uri,http://www.wikidata.org/entity/Q6773982,,,
535,uri,http://www.wikidata.org/entity/Q80583397,uri,http://www.wikidata.org/entity/Q6773982,,,
536,uri,http://www.wikidata.org/entity/Q80583763,uri,http://www.wikidata.org/entity/Q6773982,,,
537,uri,http://www.wikidata.org/entity/Q80583807,uri,http://www.wikidata.org/entity/Q5089491,,,
538,uri,http://www.wikidata.org/entity/Q80583791,uri,http://www.wikidata.org/entity/Q6773982,,,
539,uri,http://www.wikidata.org/entity/Q80583819,uri,http://www.wikidata.org/entity/Q6773982,,,
540,uri,http://www.wikidata.org/entity/Q80583958,uri,http://www.wikidata.org/entity/Q2118336,,,
541,uri,http://www.wikidata.org/entity/Q80583964,uri,http://www.wikidata.org/entity/Q2118336,,,
542,uri,http://www.wikidata.org/entity/Q32277,uri,http://www.wikidata.org/entity/Q494917,,,
543,uri,http://www.wikidata.org/entity/Q80584251,uri,http://www.wikidata.org/entity/Q6773982,,,
544,uri,http://www.wikidata.org/entity/Q80584254,uri,http://www.wikidata.org/entity/Q6773982,,,
545,uri,http://www.wikidata.org/entity/Q80584282,uri,http://www.wikidata.org/entity/Q2118336,,,
546,uri,http://www.wikidata.org/entity/Q80584375,uri,http://www.wikidata.org/entity/Q2118336,,,
547,uri,http://www.wikidata.org/entity/Q80584372,uri,http://www.wikidata.org/entity/Q6773982,,,
548,uri,http://www.wikidata.org/entity/Q80584456,uri,http://www.wikidata.org/entity/Q2118336,,,
549,uri,http://www.wikidata.org/entity/Q80584345,uri,http://www.wikidata.org/entity/Q2118336,,,
550,uri,http://www.wikidata.org/entity/Q80584337,uri,http://www.wikidata.org/entity/Q6773982,,,
551,uri,http://www.wikidata.org/entity/Q80584550,uri,http://www.wikidata.org/entity/Q2118336,,,
552,uri,http://www.wikidata.org/entity/Q80584573,uri,http://www.wikidata.org/entity/Q2118336,,,
553,uri,http://www.wikidata.org/entity/Q80584739,uri,http://www.wikidata.org/entity/Q5676915,,,
554,uri,http://www.wikidata.org/entity/Q80584886,uri,http://www.wikidata.org/entity/Q5943510,,,
555,uri,http://www.wikidata.org/entity/Q80584911,uri,http://www.wikidata.org/entity/Q6773982,,,
556,uri,http://www.wikidata.org/entity/Q80585038,uri,http://www.wikidata.org/entity/Q2118336,,,
557,uri,http://www.wikidata.org/entity/Q80585000,uri,http://www.wikidata.org/entity/Q6773982,,,
558,uri,http://www.wikidata.org/entity/Q80585187,uri,http://www.wikidata.org/entity/Q2118336,,,
559,uri,http://www.wikidata.org/entity/Q80585218,uri,http://www.wikidata.org/entity/Q5089491,,,
560,uri,http://www.wikidata.org/entity/Q406828,uri,http://www.wikidata.org/entity/Q739416,,,
561,uri,http://www.wikidata.org/entity/Q80585492,uri,http://www.wikidata.org/entity/Q5564162,,,
562,uri,http://www.wikidata.org/entity/Q80585462,uri,http://www.wikidata.org/entity/Q5676915,,,
563,uri,http://www.wikidata.org/entity/Q80855011,uri,http://www.wikidata.org/entity/Q2118336,,,
564,uri,http://www.wikidata.org/entity/Q80855019,uri,http://www.wikidata.org/entity/Q2118336,,,
565,uri,http://www.wikidata.org/entity/Q80855065,uri,http://www.wikidata.org/entity/Q2118336,,,
566,uri,http://www.wikidata.org/entity/Q80855070,uri,http://www.wikidata.org/entity/Q6773982,,,
567,uri,http://www.wikidata.org/entity/Q80585407,uri,http://www.wikidata.org/entity/Q6773982,,,
568,uri,http://www.wikidata.org/entity/Q80855168,uri,http://www.wikidata.org/entity/Q6773982,,,
569,uri,http://www.wikidata.org/entity/Q80855214,uri,http://www.wikidata.org/entity/Q2118336,,,
570,uri,http://www.wikidata.org/entity/Q80855200,uri,http://www.wikidata.org/entity/Q6773982,,,
571,uri,http://www.wikidata.org/entity/Q80855229,uri,http://www.wikidata.org/entity/Q6773982,,,
572,uri,http://www.wikidata.org/entity/Q80855139,uri,http://www.wikidata.org/entity/Q6773982,,,
573,uri,http://www.wikidata.org/entity/Q80855394,uri,http://www.wikidata.org/entity/Q2118336,,,
574,uri,http://www.wikidata.org/entity/Q80855446,uri,http://www.wikidata.org/entity/Q5943510,,,
575,uri,http://www.wikidata.org/entity/Q80855390,uri,http://www.wikidata.org/entity/Q6773982,,,
576,uri,http://www.wikidata.org/entity/Q80855408,uri,http://www.wikidata.org/entity/Q6773982,,,
577,uri,http://www.wikidata.org/entity/Q80855431,uri,http://www.wikidata.org/entity/Q6773982,,,
578,uri,http://www.wikidata.org/entity/Q80855434,uri,http://www.wikidata.org/entity/Q6773982,,,
579,uri,http://www.wikidata.org/entity/Q80855545,uri,http://www.wikidata.org/entity/Q6773982,,,
580,uri,http://www.wikidata.org/entity/Q80855631,uri,http://www.wikidata.org/entity/Q6773982,,,
581,uri,http://www.wikidata.org/entity/Q80855477,uri,http://www.wikidata.org/entity/Q2118336,,,
582,uri,http://www.wikidata.org/entity/Q80855456,uri,http://www.wikidata.org/entity/Q6773982,,,
583,uri,http://www.wikidata.org/entity/Q80855483,uri,http://www.wikidata.org/entity/Q6773982,,,
584,uri,http://www.wikidata.org/entity/Q80855635,uri,http://www.wikidata.org/entity/Q6773982,,,
585,uri,http://www.wikidata.org/entity/Q80855828,uri,http://www.wikidata.org/entity/Q6773982,,,
586,uri,http://www.wikidata.org/entity/Q80855768,uri,http://www.wikidata.org/entity/Q6773982,,,
587,uri,http://www.wikidata.org/entity/Q80855786,uri,http://www.wikidata.org/entity/Q6773982,,,
588,uri,http://www.wikidata.org/entity/Q80855717,uri,http://www.wikidata.org/entity/Q6773982,,,
589,uri,http://www.wikidata.org/entity/Q80856186,uri,http://www.wikidata.org/entity/Q6773982,,,
590,uri,http://www.wikidata.org/entity/Q852650,uri,http://www.wikidata.org/entity/Q2141800,,,
591,uri,http://www.wikidata.org/entity/Q80856608,uri,http://www.wikidata.org/entity/Q6773982,,,
592,uri,http://www.wikidata.org/entity/Q80856301,uri,http://www.wikidata.org/entity/Q6773982,,,
593,uri,http://www.wikidata.org/entity/Q80856621,uri,http://www.wikidata.org/entity/Q2118336,,,
594,uri,http://www.wikidata.org/entity/Q80856636,uri,http://www.wikidata.org/entity/Q6773982,,,
595,uri,http://www.wikidata.org/entity/Q80856864,uri,http://www.wikidata.org/entity/Q2118336,,,
596,uri,http://www.wikidata.org/entity/Q80856987,uri,http://www.wikidata.org/entity/Q6773982,,,
597,uri,http://www.wikidata.org/entity/Q80857203,uri,http://www.wikidata.org/entity/Q2118336,,,
598,uri,http://www.wikidata.org/entity/Q80857115,uri,http://www.wikidata.org/entity/Q6773982,,,
599,uri,http://www.wikidata.org/entity/Q80857379,uri,http://www.wikidata.org/entity/Q2118336,,,
600,uri,http://www.wikidata.org/entity/Q80857387,uri,http://www.wikidata.org/entity/Q5676915,,,
601,uri,http://www.wikidata.org/entity/Q80857610,uri,http://www.wikidata.org/entity/Q6773982,,,
602,uri,http://www.wikidata.org/entity/Q80857768,uri,http://www.wikidata.org/entity/Q6773982,,,
603,uri,http://www.wikidata.org/entity/Q80857554,uri,http://www.wikidata.org/entity/Q6773982,,,
604,uri,http://www.wikidata.org/entity/Q80857557,uri,http://www.wikidata.org/entity/Q6773982,,,
605,uri,http://www.wikidata.org/entity/Q80857796,uri,http://www.wikidata.org/entity/Q6773982,,,
606,uri,http://www.wikidata.org/entity/Q80857543,uri,http://www.wikidata.org/entity/Q6773982,,,
607,uri,http://www.wikidata.org/entity/Q80857585,uri,http://www.wikidata.org/entity/Q6773982,,,
608,uri,http://www.wikidata.org/entity/Q80857852,uri,http://www.wikidata.org/entity/Q2118336,,,
609,uri,http://www.wikidata.org/entity/Q80857754,uri,http://www.wikidata.org/entity/Q6773982,,,
610,uri,http://www.wikidata.org/entity/Q80857969,uri,http://www.wikidata.org/entity/Q6773982,,,
611,uri,http://www.wikidata.org/entity/Q80858051,uri,http://www.wikidata.org/entity/Q6773982,,,
612,uri,http://www.wikidata.org/entity/Q80858299,uri,http://www.wikidata.org/entity/Q2118336,,,
613,uri,http://www.wikidata.org/entity/Q80858481,uri,http://www.wikidata.org/entity/Q2118336,,,
614,uri,http://www.wikidata.org/entity/Q80858485,uri,http://www.wikidata.org/entity/Q2118336,,,
615,uri,http://www.wikidata.org/entity/Q80858370,uri,http://www.wikidata.org/entity/Q6773982,,,
616,uri,http://www.wikidata.org/entity/Q80858926,uri,http://www.wikidata.org/entity/Q6773982,,,
617,uri,http://www.wikidata.org/entity/Q80859009,uri,http://www.wikidata.org/entity/Q2118336,,,
618,uri,http://www.wikidata.org/entity/Q80858730,uri,http://www.wikidata.org/entity/Q6773982,,,
619,uri,http://www.wikidata.org/entity/Q80859029,uri,http://www.wikidata.org/entity/Q2118336,,,
620,uri,http://www.wikidata.org/entity/Q80859046,uri,http://www.wikidata.org/entity/Q5943510,,,
621,uri,http://www.wikidata.org/entity/Q80859084,uri,http://www.wikidata.org/entity/Q4976672,,,
622,uri,http://www.wikidata.org/entity/Q80859315,uri,http://www.wikidata.org/entity/Q5943510,,,
623,uri,http://www.wikidata.org/entity/Q80859260,uri,http://www.wikidata.org/entity/Q2118336,,,
624,uri,http://www.wikidata.org/entity/Q80859549,uri,http://www.wikidata.org/entity/Q5564162,,,
625,uri,http://www.wikidata.org/entity/Q80859787,uri,http://www.wikidata.org/entity/Q2118336,,,
626,uri,http://www.wikidata.org/entity/Q83558643,uri,http://www.wikidata.org/entity/Q2118336,,,
627,uri,http://www.wikidata.org/entity/Q83558659,uri,http://www.wikidata.org/entity/Q5253950,,,
628,uri,http://www.wikidata.org/entity/Q83558869,uri,http://www.wikidata.org/entity/Q2118336,,,
629,uri,http://www.wikidata.org/entity/Q83559005,uri,http://www.wikidata.org/entity/Q5564162,,,
630,uri,http://www.wikidata.org/entity/Q83559001,uri,http://www.wikidata.org/entity/Q2118336,,,
631,uri,http://www.wikidata.org/entity/Q83558813,uri,http://www.wikidata.org/entity/Q2118336,,,
632,uri,http://www.wikidata.org/entity/Q83559687,uri,http://www.wikidata.org/entity/Q2118336,,,
633,uri,http://www.wikidata.org/entity/Q83559702,uri,http://www.wikidata.org/entity/Q2118336,,,
634,uri,http://www.wikidata.org/entity/Q83559693,uri,http://www.wikidata.org/entity/Q5253950,,,
635,uri,http://www.wikidata.org/entity/Q83559710,uri,http://www.wikidata.org/entity/Q2118336,,,
636,uri,http://www.wikidata.org/entity/Q99591040,uri,http://www.wikidata.org/entity/Q4962678,,,
637,uri,http://www.wikidata.org/entity/Q99591033,uri,http://www.wikidata.org/entity/Q7542224,,,
638,uri,http://www.wikidata.org/entity/Q99591028,uri,http://www.wikidata.org/entity/Q65930663,,,
639,uri,http://www.wikidata.org/entity/Q99591054,uri,http://www.wikidata.org/entity/Q4962678,,,
640,uri,http://www.wikidata.org/entity/Q99591056,uri,http://www.wikidata.org/entity/Q4962678,,,
641,uri,http://www.wikidata.org/entity/Q99591045,uri,http://www.wikidata.org/entity/Q4976672,,,
642,uri,http://www.wikidata.org/entity/Q99591052,uri,http://www.wikidata.org/entity/Q5017261,,,
643,uri,http://www.wikidata.org/entity/Q4010298,uri,http://www.wikidata.org/entity/Q1330417,,,
644,uri,http://www.wikidata.org/entity/Q99593453,uri,http://www.wikidata.org/entity/Q4879766,,,
645,uri,http://www.wikidata.org/entity/Q55599293,uri,http://www.wikidata.org/entity/Q208909,,,
646,uri,http://www.wikidata.org/entity/Q97728121,uri,http://www.wikidata.org/entity/Q557632,,,
647,uri,http://www.wikidata.org/entity/Q30590827,uri,http://www.wikidata.org/entity/Q1562826,,,
648,uri,http://www.wikidata.org/entity/Q7056228,uri,http://www.wikidata.org/entity/Q2647558,,,
649,uri,http://www.wikidata.org/entity/Q113001918,uri,http://www.wikidata.org/entity/Q543707,,,
650,uri,http://www.wikidata.org/entity/Q5286529,uri,http://www.wikidata.org/entity/Q487494,,,
651,uri,http://www.wikidata.org/entity/Q7568898,uri,http://www.wikidata.org/entity/Q278810,,,
652,uri,http://www.wikidata.org/entity/Q26316802,uri,http://www.wikidata.org/entity/Q6773982,,,
653,uri,http://www.wikidata.org/entity/Q26398139,uri,http://www.wikidata.org/entity/Q2118336,,,
654,uri,http://www.wikidata.org/entity/Q26395258,uri,http://www.wikidata.org/entity/Q5089491,,,
655,uri,http://www.wikidata.org/entity/Q26512681,uri,http://www.wikidata.org/entity/Q6773982,,,
656,uri,http://www.wikidata.org/entity/Q26630680,uri,http://www.wikidata.org/entity/Q5089491,,,
657,uri,http://www.wikidata.org/entity/Q26653343,uri,http://www.wikidata.org/entity/Q6773982,,,
658,uri,http://www.wikidata.org/entity/Q246097,uri,http://www.wikidata.org/entity/Q167016,,,
659,uri,http://www.wikidata.org/entity/Q409271,uri,http://www.wikidata.org/entity/Q493854,,,
660,uri,http://www.wikidata.org/entity/Q552359,uri,http://www.wikidata.org/entity/Q9531,,,
661,uri,http://www.wikidata.org/entity/Q26549666,uri,http://www.wikidata.org/entity/Q5676915,,,
662,uri,http://www.wikidata.org/entity/Q743733,uri,http://www.wikidata.org/entity/Q5573225,,,
663,uri,http://www.wikidata.org/entity/Q777721,uri,http://www.wikidata.org/entity/Q161140,,,
664,uri,http://www.wikidata.org/entity/Q766351,uri,http://www.wikidata.org/entity/Q157062,http://www.w3.org/2001/XMLSchema#dateTime,literal,2017-01-01T00:00:00Z
665,uri,http://www.wikidata.org/entity/Q791930,uri,http://www.wikidata.org/entity/Q157062,,,
666,uri,http://www.wikidata.org/entity/Q874407,uri,http://www.wikidata.org/entity/Q157062,,,
667,uri,http://www.wikidata.org/entity/Q1193145,uri,http://www.wikidata.org/entity/Q23901,,,
668,uri,http://www.wikidata.org/entity/Q1725456,uri,http://www.wikidata.org/entity/Q2602093,,,
669,uri,http://www.wikidata.org/entity/Q1420772,uri,http://www.wikidata.org/entity/Q553658,,,
670,uri,http://www.wikidata.org/entity/Q1055882,uri,http://www.wikidata.org/entity/Q494917,,,
671,uri,http://www.wikidata.org/entity/Q1189079,uri,http://www.wikidata.org/entity/Q494917,,,
672,uri,http://www.wikidata.org/entity/Q4879766,uri,http://www.wikidata.org/entity/Q1435702,,,
673,uri,http://www.wikidata.org/entity/Q1267311,uri,http://www.wikidata.org/entity/Q1190881,http://www.w3.org/2001/XMLSchema#dateTime,literal,2010-07-01T00:00:00Z
674,uri,http://www.wikidata.org/entity/Q16952586,uri,http://www.wikidata.org/entity/Q1435702,,,
675,uri,http://www.wikidata.org/entity/Q55442854,uri,http://www.wikidata.org/entity/Q85812515,,,
676,uri,http://www.wikidata.org/entity/Q105046966,uri,http://www.wikidata.org/entity/Q6108019,http://www.w3.org/2001/XMLSchema#dateTime,literal,2020-12-01T00:00:00Z
677,uri,http://www.wikidata.org/entity/Q1335294,uri,http://www.wikidata.org/entity/Q731938,http://www.w3.org/2001/XMLSchema#dateTime,literal,2007-01-01T00:00:00Z
678,uri,http://www.wikidata.org/entity/Q1349139,uri,http://www.wikidata.org/entity/Q157062,http://www.w3.org/2001/XMLSchema#dateTime,literal,1993-01-01T00:00:00Z
679,uri,http://www.wikidata.org/entity/Q1431751,uri,http://www.wikidata.org/entity/Q1318049,,,
680,uri,http://www.wikidata.org/entity/Q843431,uri,http://www.wikidata.org/entity/Q494917,,,
681,uri,http://www.wikidata.org/entity/Q779893,uri,http://www.wikidata.org/entity/Q1198156,,,
682,uri,http://www.wikidata.org/entity/Q1419438,uri,http://www.wikidata.org/entity/Q1198156,,,
683,uri,http://www.wikidata.org/entity/Q2704273,uri,http://www.wikidata.org/entity/Q27074,,,
684,uri,http://www.wikidata.org/entity/Q172030,uri,http://www.wikidata.org/entity/Q173146,,,
685,uri,http://www.wikidata.org/entity/Q55074950,uri,http://www.wikidata.org/entity/Q4745963,,,
686,uri,http://www.wikidata.org/entity/Q1771628,uri,http://www.wikidata.org/entity/Q3246464,http://www.w3.org/2001/XMLSchema#dateTime,literal,1999-01-01T00:00:00Z
687,uri,http://www.wikidata.org/entity/Q108118332,uri,http://www.wikidata.org/entity/Q2109109,,,
688,uri,http://www.wikidata.org/entity/Q2063937,uri,http://www.wikidata.org/entity/Q1475656,,,
689,uri,http://www.wikidata.org/entity/Q2108626,uri,http://www.wikidata.org/entity/Q1435702,,,
690,uri,http://www.wikidata.org/entity/Q108908102,uri,http://www.wikidata.org/entity/Q30338362,,,
691,uri,http://www.wikidata.org/entity/Q2527746,uri,http://www.wikidata.org/entity/Q494917,,,
692,uri,http://www.wikidata.org/entity/Q2913725,uri,http://www.wikidata.org/entity/Q183399,,,
693,uri,http://www.wikidata.org/entity/Q3115835,uri,http://www.wikidata.org/entity/Q3115866,,,
694,uri,http://www.wikidata.org/entity/Q3354444,uri,http://www.wikidata.org/entity/Q7168181,,,
695,uri,http://www.wikidata.org/entity/Q4789707,uri,http://www.wikidata.org/entity/Q152096,,,
696,uri,http://www.wikidata.org/entity/Q4835011,uri,http://www.wikidata.org/entity/Q9531,,,
697,uri,http://www.wikidata.org/entity/Q4855508,uri,http://www.wikidata.org/entity/Q1562826,,,
698,uri,http://www.wikidata.org/entity/Q4868791,uri,http://www.wikidata.org/entity/Q1318049,,,
699,uri,http://www.wikidata.org/entity/Q4962678,uri,http://www.wikidata.org/entity/Q1435702,,,
700,uri,http://www.wikidata.org/entity/Q5118192,uri,http://www.wikidata.org/entity/Q5280285,,,
701,uri,http://www.wikidata.org/entity/Q5161698,uri,http://www.wikidata.org/entity/Q6420723,,,
702,uri,http://www.wikidata.org/entity/Q5315592,uri,http://www.wikidata.org/entity/Q487494,,,
703,uri,http://www.wikidata.org/entity/Q5416522,uri,http://www.wikidata.org/entity/Q1424962,,,
704,uri,http://www.wikidata.org/entity/Q5452919,uri,http://www.wikidata.org/entity/Q64767453,,,
705,uri,http://www.wikidata.org/entity/Q5454046,uri,http://www.wikidata.org/entity/Q154950,,,
706,uri,http://www.wikidata.org/entity/Q5563270,uri,http://www.wikidata.org/entity/Q7413153,,,
707,uri,http://www.wikidata.org/entity/Q5602560,uri,http://www.wikidata.org/entity/Q5280285,,,
708,uri,http://www.wikidata.org/entity/Q5979464,uri,http://www.wikidata.org/entity/Q7741165,,,
709,uri,http://www.wikidata.org/entity/Q6094327,uri,http://www.wikidata.org/entity/Q9531,,,
710,uri,http://www.wikidata.org/entity/Q6192247,uri,http://www.wikidata.org/entity/Q154950,,,
711,uri,http://www.wikidata.org/entity/Q6227504,uri,http://www.wikidata.org/entity/Q2295406,,,
712,uri,http://www.wikidata.org/entity/Q6410248,uri,http://www.wikidata.org/entity/Q1424962,,,
713,uri,http://www.wikidata.org/entity/Q6422005,uri,http://www.wikidata.org/entity/Q1479654,http://www.w3.org/2001/XMLSchema#dateTime,literal,2019-01-01T00:00:00Z
714,uri,http://www.wikidata.org/entity/Q6967746,uri,http://www.wikidata.org/entity/Q30688042,,,
715,uri,http://www.wikidata.org/entity/Q7096543,uri,http://www.wikidata.org/entity/Q593786,,,
716,uri,http://www.wikidata.org/entity/Q7099117,uri,http://www.wikidata.org/entity/Q1256028,,,
717,uri,http://www.wikidata.org/entity/Q7205652,uri,http://www.wikidata.org/entity/Q593786,,,
718,uri,http://www.wikidata.org/entity/Q7306647,uri,http://www.wikidata.org/entity/Q998470,,,
719,uri,http://www.wikidata.org/entity/Q7392992,uri,http://www.wikidata.org/entity/Q493854,,,
720,uri,http://www.wikidata.org/entity/Q7400525,uri,http://www.wikidata.org/entity/Q152096,,,
721,uri,http://www.wikidata.org/entity/Q7493684,uri,http://www.wikidata.org/entity/Q154950,,,
722,uri,http://www.wikidata.org/entity/Q7598202,uri,http://www.wikidata.org/entity/Q548278,,,
723,uri,http://www.wikidata.org/entity/Q7705429,uri,http://www.wikidata.org/entity/Q487494,,,
724,uri,http://www.wikidata.org/entity/Q7705434,uri,http://www.wikidata.org/entity/Q487494,,,
725,uri,http://www.wikidata.org/entity/Q7752321,uri,http://www.wikidata.org/entity/Q846735,,,
726,uri,http://www.wikidata.org/entity/Q7933952,uri,http://www.wikidata.org/entity/Q494917,,,
727,uri,http://www.wikidata.org/entity/Q13577460,uri,http://www.wikidata.org/entity/Q593786,,,
728,uri,http://www.wikidata.org/entity/Q16989244,uri,http://www.wikidata.org/entity/Q1479654,http://www.w3.org/2001/XMLSchema#dateTime,literal,2021-12-01T00:00:00Z
729,uri,http://www.wikidata.org/entity/Q17032096,uri,http://www.wikidata.org/entity/Q7435719,http://www.w3.org/2001/XMLSchema#dateTime,literal,1995-01-01T00:00:00Z
730,uri,http://www.wikidata.org/entity/Q17101817,uri,http://www.wikidata.org/entity/Q494917,,,
731,uri,http://www.wikidata.org/entity/Q18712406,uri,http://www.wikidata.org/entity/Q487494,,,
732,uri,http://www.wikidata.org/entity/Q19903306,uri,http://www.wikidata.org/entity/Q675808,,,
733,uri,http://www.wikidata.org/entity/Q21597344,uri,http://www.wikidata.org/entity/Q488048,,,
734,uri,http://www.wikidata.org/entity/Q21593047,uri,http://www.wikidata.org/entity/Q7741165,http://www.w3.org/2001/XMLSchema#dateTime,literal,2020-01-01T00:00:00Z
735,uri,http://www.wikidata.org/entity/Q23038143,uri,http://www.wikidata.org/entity/Q259013,http://www.w3.org/2001/XMLSchema#dateTime,literal,2014-07-01T00:00:00Z
736,uri,http://www.wikidata.org/entity/Q24039452,uri,http://www.wikidata.org/entity/Q856411,,,
737,uri,http://www.wikidata.org/entity/Q25052155,uri,http://www.wikidata.org/entity/Q157062,,,
738,uri,http://www.wikidata.org/entity/Q25172225,uri,http://www.wikidata.org/entity/Q487494,,,
739,uri,http://www.wikidata.org/entity/Q25346573,uri,http://www.wikidata.org/entity/Q1318049,,,
740,uri,http://www.wikidata.org/entity/Q29946462,uri,http://www.wikidata.org/entity/Q10458056,,,
741,uri,http://www.wikidata.org/entity/Q30646830,uri,http://www.wikidata.org/entity/Q161140,,,
742,uri,http://www.wikidata.org/entity/Q39055182,uri,http://www.wikidata.org/entity/Q1318049,,,
743,uri,http://www.wikidata.org/entity/Q43851666,uri,http://www.wikidata.org/entity/Q591090,,,
744,uri,http://www.wikidata.org/entity/Q43863271,uri,http://www.wikidata.org/entity/Q591090,,,
745,uri,http://www.wikidata.org/entity/Q42566086,uri,http://www.wikidata.org/entity/Q491748,,,
746,uri,http://www.wikidata.org/entity/Q54817659,uri,http://www.wikidata.org/entity/Q30688042,,,
747,uri,http://www.wikidata.org/entity/Q58065090,uri,http://www.wikidata.org/entity/Q56706731,,,
748,uri,http://www.wikidata.org/entity/Q58439001,uri,http://www.wikidata.org/entity/Q56706731,,,
749,uri,http://www.wikidata.org/entity/Q59465211,uri,http://www.wikidata.org/entity/Q249798,,,
750,uri,http://www.wikidata.org/entity/Q63242134,uri,http://www.wikidata.org/entity/Q86534930,,,
751,uri,http://www.wikidata.org/entity/Q63306604,uri,http://www.wikidata.org/entity/Q5280285,,,
752,uri,http://www.wikidata.org/entity/Q64578033,uri,http://www.wikidata.org/entity/Q33111863,,,
753,uri,http://www.wikidata.org/entity/Q64822933,uri,http://www.wikidata.org/entity/Q6108019,,,
754,uri,http://www.wikidata.org/entity/Q64822903,uri,http://www.wikidata.org/entity/Q6108019,,,
755,uri,http://www.wikidata.org/entity/Q65043997,uri,http://www.wikidata.org/entity/Q5890431,,,
756,uri,http://www.wikidata.org/entity/Q81066918,uri,http://www.wikidata.org/entity/Q110475904,,,
757,uri,http://www.wikidata.org/entity/Q83179278,uri,http://www.wikidata.org/entity/Q70250954,,,
758,uri,http://www.wikidata.org/entity/Q86685332,uri,http://www.wikidata.org/entity/Q86534930,,,
759,uri,http://www.wikidata.org/entity/Q99938913,uri,http://www.wikidata.org/entity/Q6925414,,,
760,uri,http://www.wikidata.org/entity/Q104215014,uri,http://www.wikidata.org/entity/Q5564162,,,
761,uri,http://www.wikidata.org/entity/Q105078879,uri,http://www.wikidata.org/entity/Q493854,,,
762,uri,http://www.wikidata.org/entity/Q105516156,uri,http://www.wikidata.org/entity/Q5564162,,,
763,uri,http://www.wikidata.org/entity/Q105883058,uri,http://www.wikidata.org/entity/Q154950,,,
764,uri,http://www.wikidata.org/entity/Q107313639,uri,http://www.wikidata.org/entity/Q246655,,,
765,uri,http://www.wikidata.org/entity/Q108909041,uri,http://www.wikidata.org/entity/Q746413,http://www.w3.org/2001/XMLSchema#dateTime,literal,2013-01-01T00:00:00Z
766,uri,http://www.wikidata.org/entity/Q110416151,uri,http://www.wikidata.org/entity/Q487494,,,
767,uri,http://www.wikidata.org/entity/Q110476092,uri,http://www.wikidata.org/entity/Q110475904,,,
768,uri,http://www.wikidata.org/entity/Q110478780,uri,http://www.wikidata.org/entity/Q110475904,,,
769,uri,http://www.wikidata.org/entity/Q113699692,uri,http://www.wikidata.org/entity/Q154950,,,
770,uri,http://www.wikidata.org/entity/Q64767453,uri,http://www.wikidata.org/entity/Q190464,,,
771,uri,http://www.wikidata.org/entity/Q75293941,uri,http://www.wikidata.org/entity/Q6108019,,,
772,uri,http://www.wikidata.org/entity/Q111448708,uri,http://www.wikidata.org/entity/Q2109109,,,
773,uri,http://www.wikidata.org/entity/Q4698488,uri,http://www.wikidata.org/entity/Q1198156,,,
774,uri,http://www.wikidata.org/entity/Q5329729,uri,http://www.wikidata.org/entity/Q1166056,,,
775,uri,http://www.wikidata.org/entity/Q5453328,uri,http://www.wikidata.org/entity/Q1198156,,,
776,uri,http://www.wikidata.org/entity/Q5452973,uri,http://www.wikidata.org/entity/Q1198156,,,
777,uri,http://www.wikidata.org/entity/Q5453919,uri,http://www.wikidata.org/entity/Q1198156,,,
778,uri,http://www.wikidata.org/entity/Q5574882,uri,http://www.wikidata.org/entity/Q1166056,,,
779,uri,http://www.wikidata.org/entity/Q6824806,uri,http://www.wikidata.org/entity/Q1166056,,,
780,uri,http://www.wikidata.org/entity/Q24698874,uri,http://www.wikidata.org/entity/Q1166056,,,
