,company.type,company.value,owner.type,owner.value,acquiredate.datatype,acquiredate.type,acquiredate.value
0,uri,http://www.wikidata.org/entity/Q726572,uri,http://www.wikidata.org/entity/Q3833050,http://www.w3.org/2001/XMLSchema#dateTime,literal,2022-01-01T00:00:00Z
1,uri,http://www.wikidata.org/entity/Q113502386,uri,http://www.wikidata.org/entity/Q1355904,http://www.w3.org/2001/XMLSchema#dateTime,literal,2018-01-01T00:00:00Z
2,uri,http://www.wikidata.org/entity/Q56777493,uri,http://www.wikidata.org/entity/Q85355,http://www.w3.org/2001/XMLSchema#dateTime,literal,2016-01-01T00:00:00Z
3,uri,http://www.wikidata.org/entity/Q48976578,uri,http://www.wikidata.org/entity/Q746413,http://www.w3.org/2001/XMLSchema#dateTime,literal,2022-06-01T00:00:00Z
4,uri,http://www.wikidata.org/entity/Q1476162,uri,http://www.wikidata.org/entity/Q1343118,http://www.w3.org/2001/XMLSchema#dateTime,literal,2020-01-01T00:00:00Z
5,uri,http://www.wikidata.org/entity/Q24939514,uri,http://www.wikidata.org/entity/Q1048204,http://www.w3.org/2001/XMLSchema#dateTime,literal,2017-01-01T00:00:00Z
6,uri,http://www.wikidata.org/entity/Q3633835,uri,http://www.wikidata.org/entity/Q1343118,http://www.w3.org/2001/XMLSchema#dateTime,literal,2007-01-01T00:00:00Z
7,uri,http://www.wikidata.org/entity/Q3725397,uri,http://www.wikidata.org/entity/Q565594,,,
8,uri,http://www.wikidata.org/entity/Q3747273,uri,http://www.wikidata.org/entity/Q1048204,,,
9,uri,http://www.wikidata.org/entity/Q3878999,uri,http://www.wikidata.org/entity/Q1129774,,,
10,uri,http://www.wikidata.org/entity/Q3943389,uri,http://www.wikidata.org/entity/Q1048204,,,
11,uri,http://www.wikidata.org/entity/Q109686373,uri,http://www.wikidata.org/entity/Q144617,http://www.w3.org/2001/XMLSchema#dateTime,literal,2020-01-01T00:00:00Z
12,uri,http://www.wikidata.org/entity/Q48800487,uri,http://www.wikidata.org/entity/Q650467,http://www.w3.org/2001/XMLSchema#dateTime,literal,2002-01-01T00:00:00Z
13,uri,http://www.wikidata.org/entity/Q3982752,uri,http://www.wikidata.org/entity/Q4015982,http://www.w3.org/2001/XMLSchema#dateTime,literal,2007-01-01T00:00:00Z
14,uri,http://www.wikidata.org/entity/Q3880025,uri,http://www.wikidata.org/entity/Q144617,http://www.w3.org/2001/XMLSchema#dateTime,literal,2016-01-01T00:00:00Z
15,uri,http://www.wikidata.org/entity/Q96240525,uri,http://www.wikidata.org/entity/Q565594,,,
16,uri,http://www.wikidata.org/entity/Q377915,uri,http://www.wikidata.org/entity/Q565594,,,
17,uri,http://www.wikidata.org/entity/Q673267,uri,http://www.wikidata.org/entity/Q144617,,,
18,uri,http://www.wikidata.org/entity/Q683102,uri,http://www.wikidata.org/entity/Q269792,,,
19,uri,http://www.wikidata.org/entity/Q662824,uri,http://www.wikidata.org/entity/Q910379,,,
20,uri,http://www.wikidata.org/entity/Q956756,uri,http://www.wikidata.org/entity/Q910379,,,
21,uri,http://www.wikidata.org/entity/Q1120617,uri,http://www.wikidata.org/entity/Q144617,,,
22,uri,http://www.wikidata.org/entity/Q1154847,uri,http://www.wikidata.org/entity/Q269792,,,
23,uri,http://www.wikidata.org/entity/Q1275336,uri,http://www.wikidata.org/entity/Q651222,,,
24,uri,http://www.wikidata.org/entity/Q1305980,uri,http://www.wikidata.org/entity/Q85355,,,
25,uri,http://www.wikidata.org/entity/Q2079243,uri,http://www.wikidata.org/entity/Q144617,,,
26,uri,http://www.wikidata.org/entity/Q3071105,uri,http://www.wikidata.org/entity/Q762787,,,
27,uri,http://www.wikidata.org/entity/Q3126763,uri,http://www.wikidata.org/entity/Q670482,,,
28,uri,http://www.wikidata.org/entity/Q3719346,uri,http://www.wikidata.org/entity/Q85355,,,
29,uri,http://www.wikidata.org/entity/Q3909455,uri,http://www.wikidata.org/entity/Q495026,,,
30,uri,http://www.wikidata.org/entity/Q3836399,uri,http://www.wikidata.org/entity/Q3876396,,,
31,uri,http://www.wikidata.org/entity/Q3966521,uri,http://www.wikidata.org/entity/Q85355,,,
32,uri,http://www.wikidata.org/entity/Q24939514,uri,http://www.wikidata.org/entity/Q651222,,,
33,uri,http://www.wikidata.org/entity/Q52667636,uri,http://www.wikidata.org/entity/Q746413,,,
34,uri,http://www.wikidata.org/entity/Q56777493,uri,http://www.wikidata.org/entity/Q85355,,,
35,uri,http://www.wikidata.org/entity/Q95676214,uri,http://www.wikidata.org/entity/Q279978,,,
36,uri,http://www.wikidata.org/entity/Q583247,uri,http://www.wikidata.org/entity/Q1048204,,,
37,uri,http://www.wikidata.org/entity/Q625048,uri,http://www.wikidata.org/entity/Q1477785,,,
38,uri,http://www.wikidata.org/entity/Q749034,uri,http://www.wikidata.org/entity/Q207770,,,
39,uri,http://www.wikidata.org/entity/Q929722,uri,http://www.wikidata.org/entity/Q1878364,,,
40,uri,http://www.wikidata.org/entity/Q950042,uri,http://www.wikidata.org/entity/Q1548951,,,
41,uri,http://www.wikidata.org/entity/Q642616,uri,http://www.wikidata.org/entity/Q16566756,,,
42,uri,http://www.wikidata.org/entity/Q3804477,uri,http://www.wikidata.org/entity/Q144617,,,
43,uri,http://www.wikidata.org/entity/Q140381,uri,http://www.wikidata.org/entity/Q45568,,,
44,uri,http://www.wikidata.org/entity/Q29913,uri,http://www.wikidata.org/entity/Q27597,,,
45,uri,http://www.wikidata.org/entity/Q161906,uri,http://www.wikidata.org/entity/Q1878364,,,
46,uri,http://www.wikidata.org/entity/Q368151,uri,http://www.wikidata.org/entity/Q3777384,,,
47,uri,http://www.wikidata.org/entity/Q936563,uri,http://www.wikidata.org/entity/Q842108,,,
48,uri,http://www.wikidata.org/entity/Q3497483,uri,http://www.wikidata.org/entity/Q635484,,,
49,uri,http://www.wikidata.org/entity/Q28679509,uri,http://www.wikidata.org/entity/Q1878364,,,
50,uri,http://www.wikidata.org/entity/Q1554656,uri,http://www.wikidata.org/entity/Q19616,,,
51,uri,http://www.wikidata.org/entity/Q259686,uri,http://www.wikidata.org/entity/Q841263,,,
52,uri,http://www.wikidata.org/entity/Q8165619,uri,http://www.wikidata.org/entity/Q113406502,,,
53,uri,http://www.wikidata.org/entity/Q95951504,uri,http://www.wikidata.org/entity/Q144617,,,
54,uri,http://www.wikidata.org/entity/Q3982795,uri,http://www.wikidata.org/entity/Q144617,,,
55,uri,http://www.wikidata.org/entity/Q3982793,uri,http://www.wikidata.org/entity/Q144617,,,
56,uri,http://www.wikidata.org/entity/Q20756653,uri,http://www.wikidata.org/entity/Q144617,,,
57,uri,http://www.wikidata.org/entity/Q55401011,uri,http://www.wikidata.org/entity/Q4015982,,,
58,uri,http://www.wikidata.org/entity/Q3725215,uri,http://www.wikidata.org/entity/Q651222,,,
59,uri,http://www.wikidata.org/entity/Q3725218,uri,http://www.wikidata.org/entity/Q651222,,,
60,uri,http://www.wikidata.org/entity/Q3725216,uri,http://www.wikidata.org/entity/Q651222,,,
61,uri,http://www.wikidata.org/entity/Q3909456,uri,http://www.wikidata.org/entity/Q495026,,,
62,uri,http://www.wikidata.org/entity/Q3909457,uri,http://www.wikidata.org/entity/Q495026,,,
63,uri,http://www.wikidata.org/entity/Q3943518,uri,http://www.wikidata.org/entity/Q495026,,,
64,uri,http://www.wikidata.org/entity/Q107214638,uri,http://www.wikidata.org/entity/Q144617,,,
65,uri,http://www.wikidata.org/entity/Q108784708,uri,http://www.wikidata.org/entity/Q144617,,,
66,uri,http://www.wikidata.org/entity/Q108784708,uri,http://www.wikidata.org/entity/Q499342,,,
67,uri,http://www.wikidata.org/entity/Q113406502,uri,http://www.wikidata.org/entity/Q726572,,,
68,uri,http://www.wikidata.org/entity/Q3699069,uri,http://www.wikidata.org/entity/Q144617,,,
69,uri,http://www.wikidata.org/entity/Q3747208,uri,http://www.wikidata.org/entity/Q193136,,,
70,uri,http://www.wikidata.org/entity/Q58949703,uri,http://www.wikidata.org/entity/Q144617,,,
71,uri,http://www.wikidata.org/entity/Q1208130,uri,http://www.wikidata.org/entity/Q588001,,,
72,uri,http://www.wikidata.org/entity/Q3689971,uri,http://www.wikidata.org/entity/Q1129774,,,
73,uri,http://www.wikidata.org/entity/Q3689979,uri,http://www.wikidata.org/entity/Q1129774,,,
74,uri,http://www.wikidata.org/entity/Q3689977,uri,http://www.wikidata.org/entity/Q1129774,,,
75,uri,http://www.wikidata.org/entity/Q3831673,uri,http://www.wikidata.org/entity/Q16566756,http://www.w3.org/2001/XMLSchema#dateTime,literal,2013-01-01T00:00:00Z
76,uri,http://www.wikidata.org/entity/Q2638120,uri,http://www.wikidata.org/entity/Q3777384,,,
77,uri,http://www.wikidata.org/entity/Q3072675,uri,http://www.wikidata.org/entity/Q1048204,,,
78,uri,http://www.wikidata.org/entity/Q3640469,uri,http://www.wikidata.org/entity/Q782064,,,
79,uri,http://www.wikidata.org/entity/Q324171,uri,http://www.wikidata.org/entity/Q324782,,,
80,uri,http://www.wikidata.org/entity/Q1619253,uri,http://www.wikidata.org/entity/Q1479654,,,
81,uri,http://www.wikidata.org/entity/Q3961046,uri,http://www.wikidata.org/entity/Q1048204,,,
82,uri,http://www.wikidata.org/entity/Q4004707,uri,http://www.wikidata.org/entity/Q1129774,,,
83,uri,http://www.wikidata.org/entity/Q4004708,uri,http://www.wikidata.org/entity/Q1129774,,,
84,uri,http://www.wikidata.org/entity/Q3961046,uri,http://www.wikidata.org/entity/Q3943389,,,
85,uri,http://www.wikidata.org/entity/Q2967663,uri,http://www.wikidata.org/entity/Q193136,,,
86,uri,http://www.wikidata.org/entity/Q4044531,uri,http://www.wikidata.org/entity/Q746413,http://www.w3.org/2001/XMLSchema#dateTime,literal,2001-01-01T00:00:00Z
87,uri,http://www.wikidata.org/entity/Q11878398,uri,http://www.wikidata.org/entity/Q45568,http://www.w3.org/2001/XMLSchema#dateTime,literal,2016-01-01T00:00:00Z
88,uri,http://www.wikidata.org/entity/Q11878398,uri,http://www.wikidata.org/entity/Q45568,,,
89,uri,http://www.wikidata.org/entity/Q12022071,uri,http://www.wikidata.org/entity/Q29913,,,
90,uri,http://www.wikidata.org/entity/Q12778981,uri,http://www.wikidata.org/entity/Q1343118,,,
91,uri,http://www.wikidata.org/entity/Q318616,uri,http://www.wikidata.org/entity/Q670482,,,
92,uri,http://www.wikidata.org/entity/Q15965705,uri,http://www.wikidata.org/entity/Q3689979,,,
93,uri,http://www.wikidata.org/entity/Q16839814,uri,http://www.wikidata.org/entity/Q3126763,,,
94,uri,http://www.wikidata.org/entity/Q16638812,uri,http://www.wikidata.org/entity/Q670482,,,
95,uri,http://www.wikidata.org/entity/Q703322,uri,http://www.wikidata.org/entity/Q15085475,,,
96,uri,http://www.wikidata.org/entity/Q21189584,uri,http://www.wikidata.org/entity/Q1129774,,,
97,uri,http://www.wikidata.org/entity/Q21272314,uri,http://www.wikidata.org/entity/Q1878364,,,
98,uri,http://www.wikidata.org/entity/Q24910860,uri,http://www.wikidata.org/entity/Q1048204,,,
99,uri,http://www.wikidata.org/entity/Q111530542,uri,http://www.wikidata.org/entity/Q111518952,,,
100,uri,http://www.wikidata.org/entity/Q32066838,uri,http://www.wikidata.org/entity/Q368151,,,
101,uri,http://www.wikidata.org/entity/Q55740815,uri,http://www.wikidata.org/entity/Q85355,http://www.w3.org/2001/XMLSchema#dateTime,literal,2016-04-14T00:00:00Z
102,uri,http://www.wikidata.org/entity/Q3696341,uri,http://www.wikidata.org/entity/Q495026,,,
103,uri,http://www.wikidata.org/entity/Q3752331,uri,http://www.wikidata.org/entity/Q85355,,,
104,uri,http://www.wikidata.org/entity/Q4892016,uri,http://www.wikidata.org/entity/Q746413,http://www.w3.org/2001/XMLSchema#dateTime,literal,2017-08-02T00:00:00Z
105,uri,http://www.wikidata.org/entity/Q1136056,uri,http://www.wikidata.org/entity/Q27597,,,
106,uri,http://www.wikidata.org/entity/Q56045740,uri,http://www.wikidata.org/entity/Q635484,,,
107,uri,http://www.wikidata.org/entity/Q57543102,uri,http://www.wikidata.org/entity/Q639075,,,
108,uri,http://www.wikidata.org/entity/Q918206,uri,http://www.wikidata.org/entity/Q651222,,,
109,uri,http://www.wikidata.org/entity/Q918208,uri,http://www.wikidata.org/entity/Q2037048,,,
110,uri,http://www.wikidata.org/entity/Q1419041,uri,http://www.wikidata.org/entity/Q786790,,,
111,uri,http://www.wikidata.org/entity/Q697619,uri,http://www.wikidata.org/entity/Q45568,,,
112,uri,http://www.wikidata.org/entity/Q104218310,uri,http://www.wikidata.org/entity/Q45568,,,
113,uri,http://www.wikidata.org/entity/Q5376815,uri,http://www.wikidata.org/entity/Q651222,,,
114,uri,http://www.wikidata.org/entity/Q5779688,uri,http://www.wikidata.org/entity/Q651222,,,
115,uri,http://www.wikidata.org/entity/Q109732892,uri,http://www.wikidata.org/entity/Q1048204,,,
116,uri,http://www.wikidata.org/entity/Q286650,uri,http://www.wikidata.org/entity/Q83823,,,
117,uri,http://www.wikidata.org/entity/Q109918757,uri,http://www.wikidata.org/entity/Q144617,,,
118,uri,http://www.wikidata.org/entity/Q109918757,uri,http://www.wikidata.org/entity/Q673267,,,
119,uri,http://www.wikidata.org/entity/Q111450331,uri,http://www.wikidata.org/entity/Q111450281,,,
120,uri,http://www.wikidata.org/entity/Q112961342,uri,http://www.wikidata.org/entity/Q144617,,,
121,uri,http://www.wikidata.org/entity/Q100166679,uri,http://www.wikidata.org/entity/Q21189584,,,
122,uri,http://www.wikidata.org/entity/Q2231148,uri,http://www.wikidata.org/entity/Q1878364,,,
123,uri,http://www.wikidata.org/entity/Q12054325,uri,http://www.wikidata.org/entity/Q817139,,,
124,uri,http://www.wikidata.org/entity/Q745394,uri,http://www.wikidata.org/entity/Q841263,,,
125,uri,http://www.wikidata.org/entity/Q3689968,uri,http://www.wikidata.org/entity/Q1129774,,,
126,uri,http://www.wikidata.org/entity/Q3991788,uri,http://www.wikidata.org/entity/Q113406502,,,
127,uri,http://www.wikidata.org/entity/Q101114860,uri,http://www.wikidata.org/entity/Q28119223,,,
128,uri,http://www.wikidata.org/entity/Q30097845,uri,http://www.wikidata.org/entity/Q144617,http://www.w3.org/2001/XMLSchema#dateTime,literal,2019-01-01T00:00:00Z
129,uri,http://www.wikidata.org/entity/Q30097845,uri,http://www.wikidata.org/entity/Q144617,,,
130,uri,http://www.wikidata.org/entity/Q220189,uri,http://www.wikidata.org/entity/Q45568,,,
131,uri,http://www.wikidata.org/entity/Q305404,uri,http://www.wikidata.org/entity/Q1027874,,,
132,uri,http://www.wikidata.org/entity/Q115184176,uri,http://www.wikidata.org/entity/Q144617,,,
133,uri,http://www.wikidata.org/entity/Q806154,uri,http://www.wikidata.org/entity/Q27331643,,,
134,uri,http://www.wikidata.org/entity/Q1414836,uri,http://www.wikidata.org/entity/Q2042514,,,
135,uri,http://www.wikidata.org/entity/Q19655865,uri,http://www.wikidata.org/entity/Q368151,,,
136,uri,http://www.wikidata.org/entity/Q3929470,uri,http://www.wikidata.org/entity/Q19616,,,
137,uri,http://www.wikidata.org/entity/Q2313845,uri,http://www.wikidata.org/entity/Q1878364,,,
138,uri,http://www.wikidata.org/entity/Q3547885,uri,http://www.wikidata.org/entity/Q45568,,,
139,uri,http://www.wikidata.org/entity/Q3661909,uri,http://www.wikidata.org/entity/Q1343118,,,
140,uri,http://www.wikidata.org/entity/Q3906210,uri,http://www.wikidata.org/entity/Q703322,,,
141,uri,http://www.wikidata.org/entity/Q3928742,uri,http://www.wikidata.org/entity/Q368151,,,
142,uri,http://www.wikidata.org/entity/Q6422005,uri,http://www.wikidata.org/entity/Q1479654,http://www.w3.org/2001/XMLSchema#dateTime,literal,2019-01-01T00:00:00Z
143,uri,http://www.wikidata.org/entity/Q6523209,uri,http://www.wikidata.org/entity/Q1878364,,,
144,uri,http://www.wikidata.org/entity/Q7087746,uri,http://www.wikidata.org/entity/Q1878364,,,
145,uri,http://www.wikidata.org/entity/Q7444725,uri,http://www.wikidata.org/entity/Q3323911,,,
146,uri,http://www.wikidata.org/entity/Q16989244,uri,http://www.wikidata.org/entity/Q1479654,http://www.w3.org/2001/XMLSchema#dateTime,literal,2021-12-01T00:00:00Z
147,uri,http://www.wikidata.org/entity/Q17108572,uri,http://www.wikidata.org/entity/Q477222,,,
148,uri,http://www.wikidata.org/entity/Q21207445,uri,http://www.wikidata.org/entity/Q3777372,,,
149,uri,http://www.wikidata.org/entity/Q22131845,uri,http://www.wikidata.org/entity/Q786790,,,
150,uri,http://www.wikidata.org/entity/Q28026003,uri,http://www.wikidata.org/entity/Q912872,,,
151,uri,http://www.wikidata.org/entity/Q28056374,uri,http://www.wikidata.org/entity/Q1027874,,,
152,uri,http://www.wikidata.org/entity/Q45117441,uri,http://www.wikidata.org/entity/Q3323911,http://www.w3.org/2001/XMLSchema#dateTime,literal,2007-01-01T00:00:00Z
153,uri,http://www.wikidata.org/entity/Q50557071,uri,http://www.wikidata.org/entity/Q543750,,,
154,uri,http://www.wikidata.org/entity/Q50977065,uri,http://www.wikidata.org/entity/Q543750,http://www.w3.org/2001/XMLSchema#dateTime,literal,2015-01-01T00:00:00Z
155,uri,http://www.wikidata.org/entity/Q50843317,uri,http://www.wikidata.org/entity/Q543750,,,
156,uri,http://www.wikidata.org/entity/Q50977065,uri,http://www.wikidata.org/entity/Q543750,,,
157,uri,http://www.wikidata.org/entity/Q54153229,uri,http://www.wikidata.org/entity/Q543750,,,
158,uri,http://www.wikidata.org/entity/Q95689065,uri,http://www.wikidata.org/entity/Q1027874,http://www.w3.org/2001/XMLSchema#dateTime,literal,2015-01-01T00:00:00Z
159,uri,http://www.wikidata.org/entity/Q108909041,uri,http://www.wikidata.org/entity/Q746413,http://www.w3.org/2001/XMLSchema#dateTime,literal,2013-01-01T00:00:00Z
160,uri,http://www.wikidata.org/entity/Q12785447,uri,http://www.wikidata.org/entity/Q1343118,,,
161,uri,http://www.wikidata.org/entity/Q98492565,uri,http://www.wikidata.org/entity/Q477222,,,
162,uri,http://www.wikidata.org/entity/Q5433964,uri,http://www.wikidata.org/entity/Q269792,,,
