,company.type,company.value,owner.type,owner.value
0,uri,http://www.wikidata.org/entity/Q284147,uri,http://www.wikidata.org/entity/Q2105426
1,uri,http://www.wikidata.org/entity/Q806190,uri,http://www.wikidata.org/entity/Q1026044
2,uri,http://www.wikidata.org/entity/Q936563,uri,http://www.wikidata.org/entity/Q842108
3,uri,http://www.wikidata.org/entity/Q1274362,uri,http://www.wikidata.org/entity/Q1341222
4,uri,http://www.wikidata.org/entity/Q3306167,uri,http://www.wikidata.org/entity/Q2105426
5,uri,http://www.wikidata.org/entity/Q5829004,uri,http://www.wikidata.org/entity/Q1341222
6,uri,http://www.wikidata.org/entity/Q9581725,uri,http://www.wikidata.org/entity/Q118581
