,company.type,company.value,owner.type,owner.value
0,uri,http://www.wikidata.org/entity/Q100283020,uri,http://www.wikidata.org/entity/Q1549526
1,uri,http://www.wikidata.org/entity/Q107615518,uri,http://www.wikidata.org/entity/Q4045612
2,uri,http://www.wikidata.org/entity/Q917338,uri,http://www.wikidata.org/entity/Q5430190
3,uri,http://www.wikidata.org/entity/Q1516341,uri,http://www.wikidata.org/entity/Q1144511
4,uri,http://www.wikidata.org/entity/Q2366190,uri,http://www.wikidata.org/entity/Q5430190
5,uri,http://www.wikidata.org/entity/Q2413590,uri,http://www.wikidata.org/entity/Q5430190
6,uri,http://www.wikidata.org/entity/Q7960008,uri,http://www.wikidata.org/entity/Q5430190
