,company.type,company.value,owner.type,owner.value
0,uri,http://www.wikidata.org/entity/Q96143187,uri,http://www.wikidata.org/entity/Q6947269
1,uri,http://www.wikidata.org/entity/Q112742112,uri,http://www.wikidata.org/entity/Q12699278
2,uri,http://www.wikidata.org/entity/Q111086347,uri,http://www.wikidata.org/entity/Q111077449
3,uri,http://www.wikidata.org/entity/Q112621725,uri,http://www.wikidata.org/entity/Q112621539
4,uri,http://www.wikidata.org/entity/Q1319117,uri,http://www.wikidata.org/entity/Q406643
5,uri,http://www.wikidata.org/entity/Q1376644,uri,http://www.wikidata.org/entity/Q406643
6,uri,http://www.wikidata.org/entity/Q6502903,uri,http://www.wikidata.org/entity/Q683146
7,uri,http://www.wikidata.org/entity/Q10937260,uri,http://www.wikidata.org/entity/Q18712406
