,business.type,business.value,businessLabel.xml:lang,businessLabel.type,businessLabel.value,origindate.datatype,origindate.type,origindate.value,country.type,country.value,industries.type,industries.value,ceos.type,ceos.value,chairs.type,chairs.value,hqs.type,hqs.value,groups.type,groups.value,officialname.xml:lang,officialname.type,officialname.value,employees.datatype,employees.type,employees.value,country
0,uri,http://www.wikidata.org/entity/Q3488360,en,literal,General Society Ivory Coast,http://www.w3.org/2001/XMLSchema#dateTime,literal,1962-11-01T00:00:00Z,uri,http://www.wikidata.org/entity/Q1008,literal,,literal,,literal,,literal,,literal,,,,,,,,wd:Q1008
1,uri,http://www.wikidata.org/entity/Q17061030,en,literal,Jumia,http://www.w3.org/2001/XMLSchema#dateTime,literal,2012-01-01T00:00:00Z,uri,http://www.wikidata.org/entity/Q1008,literal,http://www.wikidata.org/entity/Q126793,literal,http://www.wikidata.org/entity/Q59750463,literal,,literal,http://www.wikidata.org/entity/Q1024647,literal,,en,literal,Jumia,http://www.w3.org/2001/XMLSchema#decimal,literal,5000,wd:Q1008
2,uri,http://www.wikidata.org/entity/Q17061030,en,literal,Jumia,http://www.w3.org/2001/XMLSchema#dateTime,literal,2012-01-01T00:00:00Z,uri,http://www.wikidata.org/entity/Q262,literal,http://www.wikidata.org/entity/Q126793,literal,http://www.wikidata.org/entity/Q59750463,literal,,literal,http://www.wikidata.org/entity/Q1024647,literal,,en,literal,Jumia,http://www.w3.org/2001/XMLSchema#decimal,literal,5000,wd:Q1008
3,uri,http://www.wikidata.org/entity/Q17061030,en,literal,Jumia,http://www.w3.org/2001/XMLSchema#dateTime,literal,2012-01-01T00:00:00Z,uri,http://www.wikidata.org/entity/Q1009,literal,http://www.wikidata.org/entity/Q126793,literal,http://www.wikidata.org/entity/Q59750463,literal,,literal,http://www.wikidata.org/entity/Q1024647,literal,,en,literal,Jumia,http://www.w3.org/2001/XMLSchema#decimal,literal,5000,wd:Q1008
4,uri,http://www.wikidata.org/entity/Q60183335,en,literal,Foani,http://www.w3.org/2001/XMLSchema#dateTime,literal,1975-01-01T00:00:00Z,uri,http://www.wikidata.org/entity/Q1008,literal,,literal,,literal,,literal,,literal,,,,,,,,wd:Q1008
5,uri,http://www.wikidata.org/entity/Q17061030,en,literal,Jumia,http://www.w3.org/2001/XMLSchema#dateTime,literal,2012-01-01T00:00:00Z,uri,http://www.wikidata.org/entity/Q1028,literal,http://www.wikidata.org/entity/Q126793,literal,http://www.wikidata.org/entity/Q59750463,literal,,literal,http://www.wikidata.org/entity/Q1024647,literal,,en,literal,Jumia,http://www.w3.org/2001/XMLSchema#decimal,literal,5000,wd:Q1008
6,uri,http://www.wikidata.org/entity/Q17061030,en,literal,Jumia,http://www.w3.org/2001/XMLSchema#dateTime,literal,2012-01-01T00:00:00Z,uri,http://www.wikidata.org/entity/Q1033,literal,http://www.wikidata.org/entity/Q126793,literal,http://www.wikidata.org/entity/Q59750463,literal,,literal,http://www.wikidata.org/entity/Q1024647,literal,,en,literal,Jumia,http://www.w3.org/2001/XMLSchema#decimal,literal,5000,wd:Q1008
7,uri,http://www.wikidata.org/entity/Q17061030,en,literal,Jumia,http://www.w3.org/2001/XMLSchema#dateTime,literal,2012-01-01T00:00:00Z,uri,http://www.wikidata.org/entity/Q1036,literal,http://www.wikidata.org/entity/Q126793,literal,http://www.wikidata.org/entity/Q59750463,literal,,literal,http://www.wikidata.org/entity/Q1024647,literal,,en,literal,Jumia,http://www.w3.org/2001/XMLSchema#decimal,literal,5000,wd:Q1008
8,uri,http://www.wikidata.org/entity/Q17061030,en,literal,Jumia,http://www.w3.org/2001/XMLSchema#dateTime,literal,2012-01-01T00:00:00Z,uri,http://www.wikidata.org/entity/Q1041,literal,http://www.wikidata.org/entity/Q126793,literal,http://www.wikidata.org/entity/Q59750463,literal,,literal,http://www.wikidata.org/entity/Q1024647,literal,,en,literal,Jumia,http://www.w3.org/2001/XMLSchema#decimal,literal,5000,wd:Q1008
9,uri,http://www.wikidata.org/entity/Q17061030,en,literal,Jumia,http://www.w3.org/2001/XMLSchema#dateTime,literal,2012-01-01T00:00:00Z,uri,http://www.wikidata.org/entity/Q79,literal,http://www.wikidata.org/entity/Q126793,literal,http://www.wikidata.org/entity/Q59750463,literal,,literal,http://www.wikidata.org/entity/Q1024647,literal,,en,literal,Jumia,http://www.w3.org/2001/XMLSchema#decimal,literal,5000,wd:Q1008
10,uri,http://www.wikidata.org/entity/Q17061030,en,literal,Jumia,http://www.w3.org/2001/XMLSchema#dateTime,literal,2012-01-01T00:00:00Z,uri,http://www.wikidata.org/entity/Q114,literal,http://www.wikidata.org/entity/Q126793,literal,http://www.wikidata.org/entity/Q59750463,literal,,literal,http://www.wikidata.org/entity/Q1024647,literal,,en,literal,Jumia,http://www.w3.org/2001/XMLSchema#decimal,literal,5000,wd:Q1008
11,uri,http://www.wikidata.org/entity/Q17061030,en,literal,Jumia,http://www.w3.org/2001/XMLSchema#dateTime,literal,2012-01-01T00:00:00Z,uri,http://www.wikidata.org/entity/Q948,literal,http://www.wikidata.org/entity/Q126793,literal,http://www.wikidata.org/entity/Q59750463,literal,,literal,http://www.wikidata.org/entity/Q1024647,literal,,en,literal,Jumia,http://www.w3.org/2001/XMLSchema#decimal,literal,5000,wd:Q1008
12,uri,http://www.wikidata.org/entity/Q17061030,en,literal,Jumia,http://www.w3.org/2001/XMLSchema#dateTime,literal,2012-01-01T00:00:00Z,uri,http://www.wikidata.org/entity/Q117,literal,http://www.wikidata.org/entity/Q126793,literal,http://www.wikidata.org/entity/Q59750463,literal,,literal,http://www.wikidata.org/entity/Q1024647,literal,,en,literal,Jumia,http://www.w3.org/2001/XMLSchema#decimal,literal,5000,wd:Q1008
13,uri,http://www.wikidata.org/entity/Q3323637,en,literal,Moov Côte d'Ivoire,,,,uri,http://www.wikidata.org/entity/Q1008,literal,http://www.wikidata.org/entity/Q25245117,literal,,literal,,literal,,literal,,,,,,,,wd:Q1008
14,uri,http://www.wikidata.org/entity/Q3273241,en,literal,MTN Côte d'Ivoire,http://www.w3.org/2001/XMLSchema#dateTime,literal,2005-01-01T00:00:00Z,uri,http://www.wikidata.org/entity/Q1008,literal,"http://www.wikidata.org/entity/Q56598901, http://www.wikidata.org/entity/Q25245117",literal,,literal,,literal,http://www.wikidata.org/entity/Q1008,literal,,,,,,,,wd:Q1008
