,business.type,business.value,businessLabel.xml:lang,businessLabel.type,businessLabel.value,origindate.datatype,origindate.type,origindate.value,country.type,country.value,industries.type,industries.value,ceos.type,ceos.value,chairs.type,chairs.value,hqs.type,hqs.value,groups.type,groups.value,country
0,uri,http://www.wikidata.org/entity/Q106689581,en,literal,Skybound Capital,http://www.w3.org/2001/XMLSchema#dateTime,literal,2008-01-01T00:00:00Z,uri,http://www.wikidata.org/entity/Q8646,literal,http://www.wikidata.org/entity/Q837171,literal,,literal,,literal,,literal,,wd:Q1027
1,uri,http://www.wikidata.org/entity/Q106689581,en,literal,Skybound Capital,http://www.w3.org/2001/XMLSchema#dateTime,literal,2008-01-01T00:00:00Z,uri,http://www.wikidata.org/entity/Q258,literal,http://www.wikidata.org/entity/Q837171,literal,,literal,,literal,,literal,,wd:Q1027
2,uri,http://www.wikidata.org/entity/Q106689581,en,literal,Skybound Capital,http://www.w3.org/2001/XMLSchema#dateTime,literal,2008-01-01T00:00:00Z,uri,http://www.wikidata.org/entity/Q408,literal,http://www.wikidata.org/entity/Q837171,literal,,literal,,literal,,literal,,wd:Q1027
3,uri,http://www.wikidata.org/entity/Q106689581,en,literal,Skybound Capital,http://www.w3.org/2001/XMLSchema#dateTime,literal,2008-01-01T00:00:00Z,uri,http://www.wikidata.org/entity/Q1027,literal,http://www.wikidata.org/entity/Q837171,literal,,literal,,literal,,literal,,wd:Q1027
4,uri,http://www.wikidata.org/entity/Q407556,en,literal,Air Mauritius,http://www.w3.org/2001/XMLSchema#dateTime,literal,1967-01-01T00:00:00Z,uri,http://www.wikidata.org/entity/Q1027,literal,,literal,,literal,,literal,http://www.wikidata.org/entity/Q3929,literal,,wd:Q1027
5,uri,http://www.wikidata.org/entity/Q106689581,en,literal,Skybound Capital,http://www.w3.org/2001/XMLSchema#dateTime,literal,2008-01-01T00:00:00Z,uri,http://www.wikidata.org/entity/Q145,literal,http://www.wikidata.org/entity/Q837171,literal,,literal,,literal,,literal,,wd:Q1027
