,business.type,business.value,businessLabel.xml:lang,businessLabel.type,businessLabel.value,country.type,country.value,industries.type,industries.value,ceos.type,ceos.value,chairs.type,chairs.value,hqs.type,hqs.value,groups.type,groups.value,origindate.datatype,origindate.type,origindate.value,country
0,uri,http://www.wikidata.org/entity/Q4783148,en,literal,Arab Bank for Economic Development in Africa,uri,http://www.wikidata.org/entity/Q1049,literal,,literal,,literal,,literal,http://www.wikidata.org/entity/Q1963,literal,,,,,wd:Q1049
1,uri,http://www.wikidata.org/entity/Q7370229,en,literal,Rotana Hotels,uri,http://www.wikidata.org/entity/Q1049,literal,,literal,,literal,,literal,http://www.wikidata.org/entity/Q1519,literal,,http://www.w3.org/2001/XMLSchema#dateTime,literal,1992-01-01T00:00:00Z,wd:Q1049
2,uri,http://www.wikidata.org/entity/Q7370229,en,literal,Rotana Hotels,uri,http://www.wikidata.org/entity/Q79,literal,,literal,,literal,,literal,http://www.wikidata.org/entity/Q1519,literal,,http://www.w3.org/2001/XMLSchema#dateTime,literal,1992-01-01T00:00:00Z,wd:Q1049
3,uri,http://www.wikidata.org/entity/Q12183740,,literal,Q12183740,uri,http://www.wikidata.org/entity/Q1049,literal,,literal,,literal,,literal,,literal,,http://www.w3.org/2001/XMLSchema#dateTime,literal,1940-01-01T00:00:00Z,wd:Q1049
4,uri,http://www.wikidata.org/entity/Q7370229,en,literal,Rotana Hotels,uri,http://www.wikidata.org/entity/Q796,literal,,literal,,literal,,literal,http://www.wikidata.org/entity/Q1519,literal,,http://www.w3.org/2001/XMLSchema#dateTime,literal,1992-01-01T00:00:00Z,wd:Q1049
5,uri,http://www.wikidata.org/entity/Q7370229,en,literal,Rotana Hotels,uri,http://www.wikidata.org/entity/Q810,literal,,literal,,literal,,literal,http://www.wikidata.org/entity/Q1519,literal,,http://www.w3.org/2001/XMLSchema#dateTime,literal,1992-01-01T00:00:00Z,wd:Q1049
6,uri,http://www.wikidata.org/entity/Q7370229,en,literal,Rotana Hotels,uri,http://www.wikidata.org/entity/Q817,literal,,literal,,literal,,literal,http://www.wikidata.org/entity/Q1519,literal,,http://www.w3.org/2001/XMLSchema#dateTime,literal,1992-01-01T00:00:00Z,wd:Q1049
7,uri,http://www.wikidata.org/entity/Q7370229,en,literal,Rotana Hotels,uri,http://www.wikidata.org/entity/Q822,literal,,literal,,literal,,literal,http://www.wikidata.org/entity/Q1519,literal,,http://www.w3.org/2001/XMLSchema#dateTime,literal,1992-01-01T00:00:00Z,wd:Q1049
8,uri,http://www.wikidata.org/entity/Q7370229,en,literal,Rotana Hotels,uri,http://www.wikidata.org/entity/Q974,literal,,literal,,literal,,literal,http://www.wikidata.org/entity/Q1519,literal,,http://www.w3.org/2001/XMLSchema#dateTime,literal,1992-01-01T00:00:00Z,wd:Q1049
9,uri,http://www.wikidata.org/entity/Q7370229,en,literal,Rotana Hotels,uri,http://www.wikidata.org/entity/Q842,literal,,literal,,literal,,literal,http://www.wikidata.org/entity/Q1519,literal,,http://www.w3.org/2001/XMLSchema#dateTime,literal,1992-01-01T00:00:00Z,wd:Q1049
10,uri,http://www.wikidata.org/entity/Q7370229,en,literal,Rotana Hotels,uri,http://www.wikidata.org/entity/Q846,literal,,literal,,literal,,literal,http://www.wikidata.org/entity/Q1519,literal,,http://www.w3.org/2001/XMLSchema#dateTime,literal,1992-01-01T00:00:00Z,wd:Q1049
11,uri,http://www.wikidata.org/entity/Q7370229,en,literal,Rotana Hotels,uri,http://www.wikidata.org/entity/Q398,literal,,literal,,literal,,literal,http://www.wikidata.org/entity/Q1519,literal,,http://www.w3.org/2001/XMLSchema#dateTime,literal,1992-01-01T00:00:00Z,wd:Q1049
12,uri,http://www.wikidata.org/entity/Q7370229,en,literal,Rotana Hotels,uri,http://www.wikidata.org/entity/Q851,literal,,literal,,literal,,literal,http://www.wikidata.org/entity/Q1519,literal,,http://www.w3.org/2001/XMLSchema#dateTime,literal,1992-01-01T00:00:00Z,wd:Q1049
13,uri,http://www.wikidata.org/entity/Q7370229,en,literal,Rotana Hotels,uri,http://www.wikidata.org/entity/Q878,literal,,literal,,literal,,literal,http://www.wikidata.org/entity/Q1519,literal,,http://www.w3.org/2001/XMLSchema#dateTime,literal,1992-01-01T00:00:00Z,wd:Q1049
14,uri,http://www.wikidata.org/entity/Q7370229,en,literal,Rotana Hotels,uri,http://www.wikidata.org/entity/Q43,literal,,literal,,literal,,literal,http://www.wikidata.org/entity/Q1519,literal,,http://www.w3.org/2001/XMLSchema#dateTime,literal,1992-01-01T00:00:00Z,wd:Q1049
