,business.type,business.value,businessLabel.xml:lang,businessLabel.type,businessLabel.value,country.type,country.value,industries.type,industries.value,ceos.type,ceos.value,chairs.type,chairs.value,hqs.type,hqs.value,groups.type,groups.value,officialname.xml:lang,officialname.type,officialname.value,origindate.datatype,origindate.type,origindate.value,employees.datatype,employees.type,employees.value,country
0,uri,http://www.wikidata.org/entity/Q10524043,en,literal,Hilton Nairobi,uri,http://www.wikidata.org/entity/Q114,literal,,literal,,literal,,literal,,literal,,en,literal,Hilton Nairobi,,,,,,,wd:Q114
1,uri,http://www.wikidata.org/entity/Q55605275,en,literal,Betika,uri,http://www.wikidata.org/entity/Q114,literal,,literal,,literal,,literal,http://www.wikidata.org/entity/Q3870,literal,,,,,http://www.w3.org/2001/XMLSchema#dateTime,literal,2016-01-01T00:00:00Z,,,,wd:Q114
2,uri,http://www.wikidata.org/entity/Q18358469,en,literal,BitPesa,uri,http://www.wikidata.org/entity/Q114,literal,http://www.wikidata.org/entity/Q20514253,literal,,literal,,literal,http://www.wikidata.org/entity/Q3870,literal,,,,,http://www.w3.org/2001/XMLSchema#dateTime,literal,2013-01-01T00:00:00Z,,,,wd:Q114
3,uri,http://www.wikidata.org/entity/Q17061030,en,literal,Jumia,uri,http://www.wikidata.org/entity/Q1008,literal,http://www.wikidata.org/entity/Q126793,literal,http://www.wikidata.org/entity/Q59750463,literal,,literal,http://www.wikidata.org/entity/Q1024647,literal,,en,literal,Jumia,http://www.w3.org/2001/XMLSchema#dateTime,literal,2012-01-01T00:00:00Z,http://www.w3.org/2001/XMLSchema#decimal,literal,5000,wd:Q114
4,uri,http://www.wikidata.org/entity/Q17061030,en,literal,Jumia,uri,http://www.wikidata.org/entity/Q262,literal,http://www.wikidata.org/entity/Q126793,literal,http://www.wikidata.org/entity/Q59750463,literal,,literal,http://www.wikidata.org/entity/Q1024647,literal,,en,literal,Jumia,http://www.w3.org/2001/XMLSchema#dateTime,literal,2012-01-01T00:00:00Z,http://www.w3.org/2001/XMLSchema#decimal,literal,5000,wd:Q114
5,uri,http://www.wikidata.org/entity/Q17061030,en,literal,Jumia,uri,http://www.wikidata.org/entity/Q1009,literal,http://www.wikidata.org/entity/Q126793,literal,http://www.wikidata.org/entity/Q59750463,literal,,literal,http://www.wikidata.org/entity/Q1024647,literal,,en,literal,Jumia,http://www.w3.org/2001/XMLSchema#dateTime,literal,2012-01-01T00:00:00Z,http://www.w3.org/2001/XMLSchema#decimal,literal,5000,wd:Q114
6,uri,http://www.wikidata.org/entity/Q5416938,en,literal,Eveready East Africa,uri,http://www.wikidata.org/entity/Q114,literal,,literal,,literal,,literal,http://www.wikidata.org/entity/Q3870,literal,,,,,http://www.w3.org/2001/XMLSchema#dateTime,literal,1967-01-01T00:00:00Z,,,,wd:Q114
7,uri,http://www.wikidata.org/entity/Q5384664,en,literal,Equity Bank Kenya,uri,http://www.wikidata.org/entity/Q114,literal,http://www.wikidata.org/entity/Q22687,literal,,literal,,literal,http://www.wikidata.org/entity/Q7898689,literal,,,,,http://www.w3.org/2001/XMLSchema#dateTime,literal,2014-01-01T00:00:00Z,,,,wd:Q114
8,uri,http://www.wikidata.org/entity/Q61971936,en,literal,Cloud9xp,uri,http://www.wikidata.org/entity/Q114,literal,,literal,,literal,http://www.wikidata.org/entity/Q61970825,literal,,literal,,,,,,,,,,,wd:Q114
9,uri,http://www.wikidata.org/entity/Q6392601,en,literal,Kenya Medical Research Institute,uri,http://www.wikidata.org/entity/Q114,literal,,literal,,literal,,literal,,literal,,,,,http://www.w3.org/2001/XMLSchema#dateTime,literal,1979-01-01T00:00:00Z,,,,wd:Q114
10,uri,http://www.wikidata.org/entity/Q17061030,en,literal,Jumia,uri,http://www.wikidata.org/entity/Q1028,literal,http://www.wikidata.org/entity/Q126793,literal,http://www.wikidata.org/entity/Q59750463,literal,,literal,http://www.wikidata.org/entity/Q1024647,literal,,en,literal,Jumia,http://www.w3.org/2001/XMLSchema#dateTime,literal,2012-01-01T00:00:00Z,http://www.w3.org/2001/XMLSchema#decimal,literal,5000,wd:Q114
11,uri,http://www.wikidata.org/entity/Q1665444,en,literal,The New Humanitarian,uri,http://www.wikidata.org/entity/Q114,literal,,literal,,literal,,literal,http://www.wikidata.org/entity/Q3870,literal,,,,,http://www.w3.org/2001/XMLSchema#dateTime,literal,1994-01-01T00:00:00Z,,,,wd:Q114
12,uri,http://www.wikidata.org/entity/Q17061030,en,literal,Jumia,uri,http://www.wikidata.org/entity/Q1033,literal,http://www.wikidata.org/entity/Q126793,literal,http://www.wikidata.org/entity/Q59750463,literal,,literal,http://www.wikidata.org/entity/Q1024647,literal,,en,literal,Jumia,http://www.w3.org/2001/XMLSchema#dateTime,literal,2012-01-01T00:00:00Z,http://www.w3.org/2001/XMLSchema#decimal,literal,5000,wd:Q114
13,uri,http://www.wikidata.org/entity/Q4853463,en,literal,Bamburi Cement,uri,http://www.wikidata.org/entity/Q114,literal,http://www.wikidata.org/entity/Q385378,literal,,literal,,literal,http://www.wikidata.org/entity/Q3870,literal,,,,,http://www.w3.org/2001/XMLSchema#dateTime,literal,1951-01-01T00:00:00Z,,,,wd:Q114
14,uri,http://www.wikidata.org/entity/Q17061030,en,literal,Jumia,uri,http://www.wikidata.org/entity/Q1036,literal,http://www.wikidata.org/entity/Q126793,literal,http://www.wikidata.org/entity/Q59750463,literal,,literal,http://www.wikidata.org/entity/Q1024647,literal,,en,literal,Jumia,http://www.w3.org/2001/XMLSchema#dateTime,literal,2012-01-01T00:00:00Z,http://www.w3.org/2001/XMLSchema#decimal,literal,5000,wd:Q114
15,uri,http://www.wikidata.org/entity/Q18164704,en,literal,East African Portland Cement Company,uri,http://www.wikidata.org/entity/Q114,literal,http://www.wikidata.org/entity/Q385378,literal,,literal,,literal,http://www.wikidata.org/entity/Q4813647,literal,,,,,http://www.w3.org/2001/XMLSchema#dateTime,literal,1933-01-01T00:00:00Z,,,,wd:Q114
16,uri,http://www.wikidata.org/entity/Q7766218,en,literal,The Standard,uri,http://www.wikidata.org/entity/Q114,literal,,literal,,literal,,literal,http://www.wikidata.org/entity/Q3870,literal,,,,,http://www.w3.org/2001/XMLSchema#dateTime,literal,1902-01-01T00:00:00Z,,,,wd:Q114
17,uri,http://www.wikidata.org/entity/Q17061030,en,literal,Jumia,uri,http://www.wikidata.org/entity/Q1041,literal,http://www.wikidata.org/entity/Q126793,literal,http://www.wikidata.org/entity/Q59750463,literal,,literal,http://www.wikidata.org/entity/Q1024647,literal,,en,literal,Jumia,http://www.w3.org/2001/XMLSchema#dateTime,literal,2012-01-01T00:00:00Z,http://www.w3.org/2001/XMLSchema#decimal,literal,5000,wd:Q114
18,uri,http://www.wikidata.org/entity/Q2357100,en,literal,Ushahidi,uri,http://www.wikidata.org/entity/Q114,literal,,literal,,literal,,literal,http://www.wikidata.org/entity/Q3870,literal,,,,,http://www.w3.org/2001/XMLSchema#dateTime,literal,2008-01-09T00:00:00Z,,,,wd:Q114
19,uri,http://www.wikidata.org/entity/Q17061030,en,literal,Jumia,uri,http://www.wikidata.org/entity/Q79,literal,http://www.wikidata.org/entity/Q126793,literal,http://www.wikidata.org/entity/Q59750463,literal,,literal,http://www.wikidata.org/entity/Q1024647,literal,,en,literal,Jumia,http://www.w3.org/2001/XMLSchema#dateTime,literal,2012-01-01T00:00:00Z,http://www.w3.org/2001/XMLSchema#decimal,literal,5000,wd:Q114
20,uri,http://www.wikidata.org/entity/Q1525124,en,literal,Kenya Electricity Generating Company,uri,http://www.wikidata.org/entity/Q114,literal,http://www.wikidata.org/entity/Q2316331,literal,,literal,,literal,http://www.wikidata.org/entity/Q3870,literal,,,,,http://www.w3.org/2001/XMLSchema#dateTime,literal,1998-10-02T00:00:00Z,,,,wd:Q114
21,uri,http://www.wikidata.org/entity/Q61899369,en,literal,Dapstrem Entertainment,uri,http://www.wikidata.org/entity/Q114,literal,http://www.wikidata.org/entity/Q746359,literal,,literal,,literal,http://www.wikidata.org/entity/Q3870,literal,,,,,http://www.w3.org/2001/XMLSchema#dateTime,literal,2016-01-01T00:00:00Z,,,,wd:Q114
22,uri,http://www.wikidata.org/entity/Q2510227,en,literal,Central Bank of Kenya,uri,http://www.wikidata.org/entity/Q114,literal,,literal,,literal,,literal,http://www.wikidata.org/entity/Q3870,literal,,,,,http://www.w3.org/2001/XMLSchema#dateTime,literal,1966-01-01T00:00:00Z,,,,wd:Q114
23,uri,http://www.wikidata.org/entity/Q6970049,en,literal,Nation Media Group,uri,http://www.wikidata.org/entity/Q114,literal,http://www.wikidata.org/entity/Q11033,literal,http://www.wikidata.org/entity/Q37746087,literal,http://www.wikidata.org/entity/Q8001826,literal,http://www.wikidata.org/entity/Q3870,literal,,,,,http://www.w3.org/2001/XMLSchema#dateTime,literal,1959-01-01T00:00:00Z,http://www.w3.org/2001/XMLSchema#decimal,literal,1400,wd:Q114
24,uri,http://www.wikidata.org/entity/Q638900,en,literal,Kenya Airways,uri,http://www.wikidata.org/entity/Q114,literal,,literal,http://www.wikidata.org/entity/Q7810321,literal,,literal,http://www.wikidata.org/entity/Q5369414,literal,,,,,http://www.w3.org/2001/XMLSchema#dateTime,literal,1977-01-01T00:00:00Z,,,,wd:Q114
25,uri,http://www.wikidata.org/entity/Q3431904,en,literal,Rift Valley Railways Consortium,uri,http://www.wikidata.org/entity/Q1036,literal,http://www.wikidata.org/entity/Q3565868,literal,,literal,,literal,http://www.wikidata.org/entity/Q3870,literal,,,,,http://www.w3.org/2001/XMLSchema#dateTime,literal,2005-01-01T00:00:00Z,,,,wd:Q114
26,uri,http://www.wikidata.org/entity/Q7398410,en,literal,Safaricom,uri,http://www.wikidata.org/entity/Q114,literal,"http://www.wikidata.org/entity/Q56598901, http://www.wikidata.org/entity/Q25245117",literal,,literal,,literal,http://www.wikidata.org/entity/Q3870,literal,,,,,http://www.w3.org/2001/XMLSchema#dateTime,literal,1997-01-01T00:00:00Z,http://www.w3.org/2001/XMLSchema#decimal,literal,3000,wd:Q114
27,uri,http://www.wikidata.org/entity/Q17061030,en,literal,Jumia,uri,http://www.wikidata.org/entity/Q114,literal,http://www.wikidata.org/entity/Q126793,literal,http://www.wikidata.org/entity/Q59750463,literal,,literal,http://www.wikidata.org/entity/Q1024647,literal,,en,literal,Jumia,http://www.w3.org/2001/XMLSchema#dateTime,literal,2012-01-01T00:00:00Z,http://www.w3.org/2001/XMLSchema#decimal,literal,5000,wd:Q114
28,uri,http://www.wikidata.org/entity/Q17061030,en,literal,Jumia,uri,http://www.wikidata.org/entity/Q948,literal,http://www.wikidata.org/entity/Q126793,literal,http://www.wikidata.org/entity/Q59750463,literal,,literal,http://www.wikidata.org/entity/Q1024647,literal,,en,literal,Jumia,http://www.w3.org/2001/XMLSchema#dateTime,literal,2012-01-01T00:00:00Z,http://www.w3.org/2001/XMLSchema#decimal,literal,5000,wd:Q114
29,uri,http://www.wikidata.org/entity/Q28134152,en,literal,SportPesa,uri,http://www.wikidata.org/entity/Q114,literal,,literal,http://www.wikidata.org/entity/Q65847532,literal,,literal,http://www.wikidata.org/entity/Q3870,literal,,,,,http://www.w3.org/2001/XMLSchema#dateTime,literal,2014-01-01T00:00:00Z,,,,wd:Q114
30,uri,http://www.wikidata.org/entity/Q17061030,en,literal,Jumia,uri,http://www.wikidata.org/entity/Q117,literal,http://www.wikidata.org/entity/Q126793,literal,http://www.wikidata.org/entity/Q59750463,literal,,literal,http://www.wikidata.org/entity/Q1024647,literal,,en,literal,Jumia,http://www.w3.org/2001/XMLSchema#dateTime,literal,2012-01-01T00:00:00Z,http://www.w3.org/2001/XMLSchema#decimal,literal,5000,wd:Q114
31,uri,http://www.wikidata.org/entity/Q1768677,en,literal,Daily Nation,uri,http://www.wikidata.org/entity/Q114,literal,,literal,,literal,,literal,http://www.wikidata.org/entity/Q3870,literal,,,,,http://www.w3.org/2001/XMLSchema#dateTime,literal,1958-01-01T00:00:00Z,,,,wd:Q114
32,uri,http://www.wikidata.org/entity/Q43897916,en,literal,Tuko,uri,http://www.wikidata.org/entity/Q114,literal,http://www.wikidata.org/entity/Q38926,literal,,literal,,literal,http://www.wikidata.org/entity/Q3870,literal,,,,,http://www.w3.org/2001/XMLSchema#dateTime,literal,2015-01-01T00:00:00Z,,,,wd:Q114
33,uri,http://www.wikidata.org/entity/Q104833099,en,literal,Alliance Française Eldoret,uri,http://www.wikidata.org/entity/Q114,literal,,literal,,literal,,literal,,literal,,,,,,,,,,,wd:Q114
34,uri,http://www.wikidata.org/entity/Q114570065,en,literal,Centoe Group,uri,http://www.wikidata.org/entity/Q114,literal,"http://www.wikidata.org/entity/Q21157865, http://www.wikidata.org/entity/Q1495452, http://www.wikidata.org/entity/Q1381931, http://www.wikidata.org/entity/Q396622",literal,,literal,,literal,http://www.wikidata.org/entity/Q1882639,literal,,,,,http://www.w3.org/2001/XMLSchema#dateTime,literal,2022-10-01T00:00:00Z,http://www.w3.org/2001/XMLSchema#decimal,literal,10,wd:Q114
35,uri,http://www.wikidata.org/entity/Q3431904,en,literal,Rift Valley Railways Consortium,uri,http://www.wikidata.org/entity/Q114,literal,http://www.wikidata.org/entity/Q3565868,literal,,literal,,literal,http://www.wikidata.org/entity/Q3870,literal,,,,,http://www.w3.org/2001/XMLSchema#dateTime,literal,2005-01-01T00:00:00Z,,,,wd:Q114
