,business.type,business.value,businessLabel.xml:lang,businessLabel.type,businessLabel.value,origindate.datatype,origindate.type,origindate.value,country.type,country.value,industries.type,industries.value,ceos.type,ceos.value,chairs.type,chairs.value,hqs.type,hqs.value,groups.type,groups.value,employees.datatype,employees.type,employees.value,officialname.xml:lang,officialname.type,officialname.value,profit.datatype,profit.type,profit.value,country
0,uri,http://www.wikidata.org/entity/Q19707473,en,literal,Sunny Music,http://www.w3.org/2001/XMLSchema#dateTime,literal,1996-01-01T00:00:00Z,uri,http://www.wikidata.org/entity/Q219,literal,,literal,,literal,,literal,,literal,,,,,,,,,,,wd:Q219
1,uri,http://www.wikidata.org/entity/Q106508620,en,literal,Health Zone,http://www.w3.org/2001/XMLSchema#dateTime,literal,2009-05-11T00:00:00Z,uri,http://www.wikidata.org/entity/Q219,literal,,literal,,literal,,literal,,literal,,,,,,,,,,,wd:Q219
2,uri,http://www.wikidata.org/entity/Q98225196,en,literal,neosat,,,,uri,http://www.wikidata.org/entity/Q219,literal,,literal,,literal,,literal,,literal,,,,,,,,,,,wd:Q219
3,uri,http://www.wikidata.org/entity/Q106093611,en,literal,"Gaida school ""Trakia""",http://www.w3.org/2001/XMLSchema#dateTime,literal,2016-11-01T00:00:00Z,uri,http://www.wikidata.org/entity/Q219,literal,,literal,,literal,,literal,,literal,,,,,,,,,,,wd:Q219
4,uri,http://www.wikidata.org/entity/Q101417751,en,literal,Alliance française Stara Zagora,http://www.w3.org/2001/XMLSchema#dateTime,literal,1997-01-01T00:00:00Z,uri,http://www.wikidata.org/entity/Q219,literal,,literal,,literal,,literal,,literal,,,,,,,,,,,wd:Q219
5,uri,http://www.wikidata.org/entity/Q85614408,en,literal,TexCycle,,,,uri,http://www.wikidata.org/entity/Q219,literal,http://www.wikidata.org/entity/Q622934,literal,,literal,,literal,http://www.wikidata.org/entity/Q472,literal,,,,,,,,,,,wd:Q219
6,uri,http://www.wikidata.org/entity/Q63213940,en,literal,Perfect Home Ltd,,,,uri,http://www.wikidata.org/entity/Q219,literal,http://www.wikidata.org/entity/Q17200001,literal,,literal,,literal,http://www.wikidata.org/entity/Q6506,literal,,,,,,,,,,,wd:Q219
7,uri,http://www.wikidata.org/entity/Q66133376,en,literal,BulMag,http://www.w3.org/2001/XMLSchema#dateTime,literal,1995-11-01T00:00:00Z,uri,http://www.wikidata.org/entity/Q219,literal,http://www.wikidata.org/entity/Q126793,literal,,literal,,literal,http://www.wikidata.org/entity/Q181830,literal,,http://www.w3.org/2001/XMLSchema#decimal,literal,700,,,,,,,wd:Q219
8,uri,http://www.wikidata.org/entity/Q7937522,en,literal,Vivacom,http://www.w3.org/2001/XMLSchema#dateTime,literal,1992-01-01T00:00:00Z,uri,http://www.wikidata.org/entity/Q219,literal,"http://www.wikidata.org/entity/Q56598901, http://www.wikidata.org/entity/Q25245117",literal,,literal,,literal,http://www.wikidata.org/entity/Q472,literal,,http://www.w3.org/2001/XMLSchema#decimal,literal,3406,mul,literal,BULGARIAN TELECOMMUNICATIONS COMPANY JSC,http://www.w3.org/2001/XMLSchema#decimal,literal,65300000,wd:Q219
9,uri,http://www.wikidata.org/entity/Q87444476,en,literal,Silviya's Beauty Box,http://www.w3.org/2001/XMLSchema#dateTime,literal,2017-11-01T00:00:00Z,uri,http://www.wikidata.org/entity/Q219,literal,,literal,,literal,,literal,,literal,,,,,,,,,,,wd:Q219
10,uri,http://www.wikidata.org/entity/Q12279650,en,literal,Electricity System Operator,http://www.w3.org/2001/XMLSchema#dateTime,literal,2007-01-01T00:00:00Z,uri,http://www.wikidata.org/entity/Q219,literal,,literal,,literal,,literal,http://www.wikidata.org/entity/Q472,literal,,,,,,,,,,,wd:Q219
11,uri,http://www.wikidata.org/entity/Q3658386,en,literal,Trakia University,http://www.w3.org/2001/XMLSchema#dateTime,literal,1995-07-17T00:00:00Z,uri,http://www.wikidata.org/entity/Q219,literal,,literal,,literal,,literal,http://www.wikidata.org/entity/Q170415,literal,,,,,,,,,,,wd:Q219
12,uri,http://www.wikidata.org/entity/Q106094333,en,literal,"Butcher Shop Dimqt - ""Cooperative Market""",http://www.w3.org/2001/XMLSchema#dateTime,literal,1998-01-01T00:00:00Z,uri,http://www.wikidata.org/entity/Q219,literal,,literal,,literal,,literal,,literal,,,,,,,,,,,wd:Q219
13,uri,http://www.wikidata.org/entity/Q894120,en,literal,Borovets,http://www.w3.org/2001/XMLSchema#dateTime,literal,1896-01-01T00:00:00Z,uri,http://www.wikidata.org/entity/Q219,literal,,literal,,literal,,literal,,literal,,,,,,,,,,,wd:Q219
14,uri,http://www.wikidata.org/entity/Q102274798,en,literal,Poli-fresh,http://www.w3.org/2001/XMLSchema#dateTime,literal,2013-03-01T00:00:00Z,uri,http://www.wikidata.org/entity/Q219,literal,,literal,,literal,,literal,,literal,,,,,,,,,,,wd:Q219
15,uri,http://www.wikidata.org/entity/Q14915070,en,literal,Yettel Bulgaria,http://www.w3.org/2001/XMLSchema#dateTime,literal,2001-09-17T00:00:00Z,uri,http://www.wikidata.org/entity/Q219,literal,"http://www.wikidata.org/entity/Q56598901, http://www.wikidata.org/entity/Q25245117",literal,,literal,,literal,http://www.wikidata.org/entity/Q472,literal,,http://www.w3.org/2001/XMLSchema#decimal,literal,2000,,,,,,,wd:Q219
16,uri,http://www.wikidata.org/entity/Q98446722,en,literal,Chaos Group,,,,uri,http://www.wikidata.org/entity/Q219,literal,,literal,,literal,,literal,http://www.wikidata.org/entity/Q472,literal,,,,,,,,,,,wd:Q219
17,uri,http://www.wikidata.org/entity/Q61116364,en,literal,Toplofikatsiya Sofia,,,,uri,http://www.wikidata.org/entity/Q219,literal,http://www.wikidata.org/entity/Q7258040,literal,,literal,,literal,,literal,,,,,,,,,,,wd:Q219
18,uri,http://www.wikidata.org/entity/Q109996760,en,literal,Eleven,,,,uri,http://www.wikidata.org/entity/Q219,literal,,literal,,literal,,literal,,literal,,,,,,,,,,,wd:Q219
19,uri,http://www.wikidata.org/entity/Q108868578,en,literal,Union Ivkoni,,,,uri,http://www.wikidata.org/entity/Q219,literal,,literal,,literal,,literal,http://www.wikidata.org/entity/Q472,literal,,,,,,,,,,,wd:Q219
20,uri,http://www.wikidata.org/entity/Q3367065,en,literal,First Investment Bank,http://www.w3.org/2001/XMLSchema#dateTime,literal,1993-10-08T00:00:00Z,uri,http://www.wikidata.org/entity/Q219,literal,http://www.wikidata.org/entity/Q837171,literal,,literal,,literal,http://www.wikidata.org/entity/Q472,literal,,,,,,,,,,,wd:Q219
21,uri,http://www.wikidata.org/entity/Q30498109,en,literal,DoubleTree by Hilton Hotel Varna - Golden Sands,,,,uri,http://www.wikidata.org/entity/Q219,literal,,literal,,literal,,literal,,literal,,,,,en,literal,DoubleTree by Hilton Hotel Varna - Golden Sands,,,,wd:Q219
22,uri,http://www.wikidata.org/entity/Q64033983,en,literal,T-Market,,,,uri,http://www.wikidata.org/entity/Q219,literal,http://www.wikidata.org/entity/Q126793,literal,,literal,,literal,,literal,,,,,,,,,,,wd:Q219
23,uri,http://www.wikidata.org/entity/Q106508561,en,literal,DINI OTC Ltd,http://www.w3.org/2001/XMLSchema#dateTime,literal,1993-05-10T00:00:00Z,uri,http://www.wikidata.org/entity/Q219,literal,,literal,,literal,,literal,,literal,,,,,,,,,,,wd:Q219
24,uri,http://www.wikidata.org/entity/Q108032108,en,literal,Strezov Sampling,http://www.w3.org/2001/XMLSchema#dateTime,literal,2012-12-01T00:00:00Z,uri,http://www.wikidata.org/entity/Q219,literal,,literal,,literal,,literal,http://www.wikidata.org/entity/Q472,literal,,,,,,,,,,,wd:Q219
25,uri,http://www.wikidata.org/entity/Q12274176,en,literal,Bulgaria Оn Аir,http://www.w3.org/2001/XMLSchema#dateTime,literal,2011-01-01T00:00:00Z,uri,http://www.wikidata.org/entity/Q219,literal,,literal,,literal,,literal,http://www.wikidata.org/entity/Q472,literal,,,,,,,,,,,wd:Q219
26,uri,http://www.wikidata.org/entity/Q114237784,,literal,Q114237784,,,,uri,http://www.wikidata.org/entity/Q219,literal,,literal,,literal,,literal,,literal,,,,,,,,,,,wd:Q219
27,uri,http://www.wikidata.org/entity/Q4996377,en,literal,Bulgartransgaz,http://www.w3.org/2001/XMLSchema#dateTime,literal,2007-01-01T00:00:00Z,uri,http://www.wikidata.org/entity/Q219,literal,http://www.wikidata.org/entity/Q862571,literal,,literal,,literal,http://www.wikidata.org/entity/Q472,literal,,,,,,,,,,,wd:Q219
28,uri,http://www.wikidata.org/entity/Q6975183,en,literal,National Railway Infrastructure Company,http://www.w3.org/2001/XMLSchema#dateTime,literal,2002-01-01T00:00:00Z,uri,http://www.wikidata.org/entity/Q219,literal,http://www.wikidata.org/entity/Q3565868,literal,,literal,,literal,http://www.wikidata.org/entity/Q472,literal,,,,,,,,,,,wd:Q219
29,uri,http://www.wikidata.org/entity/Q19370762,en,literal,Pensoft Publishers,http://www.w3.org/2001/XMLSchema#dateTime,literal,1994-01-01T00:00:00Z,uri,http://www.wikidata.org/entity/Q142,literal,,literal,http://www.wikidata.org/entity/Q21781591,literal,,literal,http://www.wikidata.org/entity/Q472,literal,,,,,,,,,,,wd:Q219
30,uri,http://www.wikidata.org/entity/Q61140282,en,literal,Winbet,http://www.w3.org/2001/XMLSchema#dateTime,literal,2015-01-01T00:00:00Z,uri,http://www.wikidata.org/entity/Q219,literal,,literal,,literal,,literal,http://www.wikidata.org/entity/Q472,literal,,,,,,,,,,,wd:Q219
31,uri,http://www.wikidata.org/entity/Q114238286,,literal,Q114238286,,,,uri,http://www.wikidata.org/entity/Q219,literal,,literal,,literal,,literal,,literal,,,,,,,,,,,wd:Q219
32,uri,http://www.wikidata.org/entity/Q951167,en,literal,Standart,http://www.w3.org/2001/XMLSchema#dateTime,literal,1992-01-01T00:00:00Z,uri,http://www.wikidata.org/entity/Q219,literal,,literal,,literal,,literal,,literal,,,,,,,,,,,wd:Q219
33,uri,http://www.wikidata.org/entity/Q114238259,,literal,Q114238259,,,,uri,http://www.wikidata.org/entity/Q219,literal,,literal,,literal,,literal,,literal,,,,,,,,,,,wd:Q219
34,uri,http://www.wikidata.org/entity/Q113588713,,literal,Q113588713,,,,uri,http://www.wikidata.org/entity/Q219,literal,,literal,,literal,,literal,,literal,,,,,,,,,,,wd:Q219
35,uri,http://www.wikidata.org/entity/Q19370762,en,literal,Pensoft Publishers,http://www.w3.org/2001/XMLSchema#dateTime,literal,1992-01-01T00:00:00Z,uri,http://www.wikidata.org/entity/Q142,literal,,literal,http://www.wikidata.org/entity/Q21781591,literal,,literal,http://www.wikidata.org/entity/Q472,literal,,,,,,,,,,,wd:Q219
36,uri,http://www.wikidata.org/entity/Q7283808,en,literal,KBC Bank Bulgaria,http://www.w3.org/2001/XMLSchema#dateTime,literal,2022-01-01T00:00:00Z,uri,http://www.wikidata.org/entity/Q219,literal,http://www.wikidata.org/entity/Q837171,literal,,literal,,literal,http://www.wikidata.org/entity/Q472,literal,,,,,,,,,,,wd:Q219
37,uri,http://www.wikidata.org/entity/Q12286392,en,literal,Varna University of Management,http://www.w3.org/2001/XMLSchema#dateTime,literal,1996-01-01T00:00:00Z,uri,http://www.wikidata.org/entity/Q219,literal,,literal,,literal,,literal,,literal,,,,,,,,,,,wd:Q219
38,uri,http://www.wikidata.org/entity/Q1232958,en,literal,Trud,http://www.w3.org/2001/XMLSchema#dateTime,literal,1936-01-01T00:00:00Z,uri,http://www.wikidata.org/entity/Q219,literal,,literal,,literal,,literal,http://www.wikidata.org/entity/Q472,literal,,,,,,,,,,,wd:Q219
39,uri,http://www.wikidata.org/entity/Q114053570,en,literal,Dar,,,,uri,http://www.wikidata.org/entity/Q219,literal,,literal,,literal,,literal,,literal,,,,,,,,,,,wd:Q219
40,uri,http://www.wikidata.org/entity/Q12270598,en,literal,Bulsatcom,http://www.w3.org/2001/XMLSchema#dateTime,literal,2004-01-01T00:00:00Z,uri,http://www.wikidata.org/entity/Q219,literal,"http://www.wikidata.org/entity/Q56598901, http://www.wikidata.org/entity/Q25245117, http://www.wikidata.org/entity/Q289",literal,,literal,,literal,http://www.wikidata.org/entity/Q472,literal,,http://www.w3.org/2001/XMLSchema#decimal,literal,1050,,,,,,,wd:Q219
41,uri,http://www.wikidata.org/entity/Q106508421,en,literal,"Gaida school ""Trakia""",http://www.w3.org/2001/XMLSchema#dateTime,literal,2016-11-01T00:00:00Z,uri,http://www.wikidata.org/entity/Q219,literal,,literal,,literal,,literal,,literal,,,,,,,,,,,wd:Q219
42,uri,http://www.wikidata.org/entity/Q61140834,en,literal,Fantastico,,,,uri,http://www.wikidata.org/entity/Q219,literal,,literal,,literal,,literal,,literal,,,,,,,,,,,wd:Q219
43,uri,http://www.wikidata.org/entity/Q79101901,en,literal,House of Meat Galanski,http://www.w3.org/2001/XMLSchema#dateTime,literal,2018-12-10T00:00:00Z,uri,http://www.wikidata.org/entity/Q219,literal,,literal,,literal,,literal,,literal,,,,,,,,,,,wd:Q219
44,uri,http://www.wikidata.org/entity/Q7884635,en,literal,UniCredit Bulbank,http://www.w3.org/2001/XMLSchema#dateTime,literal,1964-01-01T00:00:00Z,uri,http://www.wikidata.org/entity/Q219,literal,,literal,,literal,,literal,http://www.wikidata.org/entity/Q472,literal,,,,,bg,literal,„УниКредит Булбанк“ АД,,,,wd:Q219
45,uri,http://www.wikidata.org/entity/Q16691,en,literal,openSUSE,http://www.w3.org/2001/XMLSchema#dateTime,literal,2005-10-01T00:00:00Z,uri,http://www.wikidata.org/entity/Q30,literal,,literal,,literal,,literal,"http://www.wikidata.org/entity/Q43196, http://www.wikidata.org/entity/Q62",literal,,,,,,,,,,,wd:Q219
46,uri,http://www.wikidata.org/entity/Q105955393,en,literal,Alpha Music,http://www.w3.org/2001/XMLSchema#dateTime,literal,2019-01-01T00:00:00Z,uri,http://www.wikidata.org/entity/Q219,literal,http://www.wikidata.org/entity/Q638,literal,,literal,,literal,http://www.wikidata.org/entity/Q472,literal,,,,,,,,,,,wd:Q219
47,uri,http://www.wikidata.org/entity/Q55636863,en,literal,Fly2Sky,http://www.w3.org/2001/XMLSchema#dateTime,literal,2016-01-01T00:00:00Z,uri,http://www.wikidata.org/entity/Q219,literal,,literal,,literal,,literal,http://www.wikidata.org/entity/Q472,literal,,,,,,,,,,,wd:Q219
48,uri,http://www.wikidata.org/entity/Q12279128,en,literal,Dramatichno-kuklen Teatr Konstantin Velichkov,http://www.w3.org/2001/XMLSchema#dateTime,literal,1870-01-01T00:00:00Z,uri,http://www.wikidata.org/entity/Q219,literal,,literal,,literal,,literal,,literal,,,,,,,,,,,wd:Q219
49,uri,http://www.wikidata.org/entity/Q110614670,en,literal,Aiko,,,,uri,http://www.wikidata.org/entity/Q219,literal,,literal,,literal,,literal,,literal,,,,,,,,,,,wd:Q219
50,uri,http://www.wikidata.org/entity/Q113611306,,literal,Q113611306,,,,uri,http://www.wikidata.org/entity/Q219,literal,,literal,,literal,,literal,http://www.wikidata.org/entity/Q185289,literal,,,,,,,,,,,wd:Q219
51,uri,http://www.wikidata.org/entity/Q18932478,en,literal,Starshel (newspaper),http://www.w3.org/2001/XMLSchema#dateTime,literal,1886-01-01T00:00:00Z,uri,http://www.wikidata.org/entity/Q219,literal,,literal,,literal,,literal,,literal,,,,,,,,,,,wd:Q219
52,uri,http://www.wikidata.org/entity/Q12279603,en,literal,Econt,http://www.w3.org/2001/XMLSchema#dateTime,literal,1993-07-13T00:00:00Z,uri,http://www.wikidata.org/entity/Q219,literal,,literal,,literal,,literal,http://www.wikidata.org/entity/Q160173,literal,,,,,bg,literal,Еконт Експрес ООД,,,,wd:Q219
53,uri,http://www.wikidata.org/entity/Q2880826,en,literal,Bulgarian Posts,http://www.w3.org/2001/XMLSchema#dateTime,literal,1879-01-01T00:00:00Z,uri,http://www.wikidata.org/entity/Q219,literal,http://www.wikidata.org/entity/Q177777,literal,,literal,,literal,http://www.wikidata.org/entity/Q472,literal,,,,,bg,literal,„Български пощи“ ЕАД,,,,wd:Q219
54,uri,http://www.wikidata.org/entity/Q111603199,en,literal,EKO Bulgaria,,,,uri,http://www.wikidata.org/entity/Q219,literal,,literal,,literal,,literal,,literal,,,,,,,,,,,wd:Q219
55,uri,http://www.wikidata.org/entity/Q114053568,en,literal,HitMax,,,,uri,http://www.wikidata.org/entity/Q219,literal,,literal,,literal,,literal,,literal,,,,,,,,,,,wd:Q219
56,uri,http://www.wikidata.org/entity/Q25484895,en,literal,Hit Mix Music,,,,uri,http://www.wikidata.org/entity/Q219,literal,,literal,,literal,,literal,,literal,,,,,,,,,,,wd:Q219
57,uri,http://www.wikidata.org/entity/Q370968,en,literal,New Bulgarian University,http://www.w3.org/2001/XMLSchema#dateTime,literal,1991-09-18T00:00:00Z,uri,http://www.wikidata.org/entity/Q219,literal,,literal,,literal,,literal,http://www.wikidata.org/entity/Q472,literal,,,,,,,,,,,wd:Q219
58,uri,http://www.wikidata.org/entity/Q7234083,en,literal,Postbank,http://www.w3.org/2001/XMLSchema#dateTime,literal,1991-01-01T00:00:00Z,uri,http://www.wikidata.org/entity/Q219,literal,"http://www.wikidata.org/entity/Q1416657, http://www.wikidata.org/entity/Q837171, http://www.wikidata.org/entity/Q806718",literal,,literal,,literal,http://www.wikidata.org/entity/Q472,literal,,,,,,,,,,,wd:Q219
59,uri,http://www.wikidata.org/entity/Q114237735,,literal,Q114237735,,,,uri,http://www.wikidata.org/entity/Q219,literal,,literal,,literal,,literal,,literal,,,,,,,,,,,wd:Q219
60,uri,http://www.wikidata.org/entity/Q114131717,en,literal,Videnov Furniture,,,,uri,http://www.wikidata.org/entity/Q219,literal,,literal,,literal,,literal,,literal,,,,,,,,,,,wd:Q219
61,uri,http://www.wikidata.org/entity/Q12289125,en,literal,Overgas,http://www.w3.org/2001/XMLSchema#dateTime,literal,1991-01-01T00:00:00Z,uri,http://www.wikidata.org/entity/Q219,literal,http://www.wikidata.org/entity/Q862571,literal,,literal,http://www.wikidata.org/entity/Q723240,literal,http://www.wikidata.org/entity/Q472,literal,,,,,,,,,,,wd:Q219
62,uri,http://www.wikidata.org/entity/Q98633109,en,literal,Crown Paints Varna,http://www.w3.org/2001/XMLSchema#dateTime,literal,2020-07-13T00:00:00Z,uri,http://www.wikidata.org/entity/Q219,literal,,literal,,literal,,literal,,literal,,,,,,,,,,,wd:Q219
63,uri,http://www.wikidata.org/entity/Q106093074,en,literal,Culinary Shop Dimqt,http://www.w3.org/2001/XMLSchema#dateTime,literal,1998-01-01T00:00:00Z,uri,http://www.wikidata.org/entity/Q219,literal,,literal,,literal,,literal,,literal,,,,,,,,,,,wd:Q219
64,uri,http://www.wikidata.org/entity/Q19370762,en,literal,Pensoft Publishers,http://www.w3.org/2001/XMLSchema#dateTime,literal,1994-01-01T00:00:00Z,uri,http://www.wikidata.org/entity/Q219,literal,,literal,http://www.wikidata.org/entity/Q21781591,literal,,literal,http://www.wikidata.org/entity/Q472,literal,,,,,,,,,,,wd:Q219
65,uri,http://www.wikidata.org/entity/Q493187,en,literal,University of Economics - Varna,http://www.w3.org/2001/XMLSchema#dateTime,literal,1920-01-01T00:00:00Z,uri,http://www.wikidata.org/entity/Q219,literal,,literal,,literal,,literal,,literal,,,,,,,,,,,wd:Q219
66,uri,http://www.wikidata.org/entity/Q78142706,en,literal,Zadarma,http://www.w3.org/2001/XMLSchema#dateTime,literal,2006-12-12T00:00:00Z,uri,http://www.wikidata.org/entity/Q219,literal,"http://www.wikidata.org/entity/Q25245117, http://www.wikidata.org/entity/Q81945",literal,,literal,,literal,,literal,,,,,,,,,,,wd:Q219
67,uri,http://www.wikidata.org/entity/Q1003730,en,literal,Bulgarian Academy of Sciences,http://www.w3.org/2001/XMLSchema#dateTime,literal,1869-01-01T00:00:00Z,uri,http://www.wikidata.org/entity/Q219,literal,,literal,,literal,,literal,http://www.wikidata.org/entity/Q472,literal,,,,,,,,,,,wd:Q219
68,uri,http://www.wikidata.org/entity/Q16691,en,literal,openSUSE,http://www.w3.org/2001/XMLSchema#dateTime,literal,2005-10-01T00:00:00Z,uri,http://www.wikidata.org/entity/Q219,literal,,literal,,literal,,literal,"http://www.wikidata.org/entity/Q43196, http://www.wikidata.org/entity/Q62",literal,,,,,,,,,,,wd:Q219
69,uri,http://www.wikidata.org/entity/Q108169047,en,literal,Lidl Bulgaria,,,,uri,http://www.wikidata.org/entity/Q219,literal,,literal,,literal,,literal,,literal,,http://www.w3.org/2001/XMLSchema#decimal,literal,2738,mul,literal,LIDL BULGARIA EOOD END KO COMMONDITE,http://www.w3.org/2001/XMLSchema#decimal,literal,15000000,wd:Q219
70,uri,http://www.wikidata.org/entity/Q2471460,en,literal,Heli Air Services,http://www.w3.org/2001/XMLSchema#dateTime,literal,1990-01-01T00:00:00Z,uri,http://www.wikidata.org/entity/Q219,literal,,literal,,literal,,literal,http://www.wikidata.org/entity/Q472,literal,,,,,,,,,,,wd:Q219
71,uri,http://www.wikidata.org/entity/Q717721,en,literal,Dnevnik,http://www.w3.org/2001/XMLSchema#dateTime,literal,2001-01-01T00:00:00Z,uri,http://www.wikidata.org/entity/Q219,literal,,literal,,literal,,literal,http://www.wikidata.org/entity/Q472,literal,,,,,,,,,,,wd:Q219
72,uri,http://www.wikidata.org/entity/Q1941592,en,literal,A1 Bulgaria,http://www.w3.org/2001/XMLSchema#dateTime,literal,1994-01-01T00:00:00Z,uri,http://www.wikidata.org/entity/Q219,literal,"http://www.wikidata.org/entity/Q56598901, http://www.wikidata.org/entity/Q25245117",literal,,literal,,literal,http://www.wikidata.org/entity/Q472,literal,,http://www.w3.org/2001/XMLSchema#decimal,literal,2300,,,,,,,wd:Q219
73,uri,http://www.wikidata.org/entity/Q106508478,en,literal,Omron Healthcare Bulgaria by DINI OTC Ltd,http://www.w3.org/2001/XMLSchema#dateTime,literal,1993-04-01T00:00:00Z,uri,http://www.wikidata.org/entity/Q219,literal,,literal,,literal,,literal,,literal,,,,,,,,,,,wd:Q219
74,uri,http://www.wikidata.org/entity/Q2944755,en,literal,Central Cooperative Bank,http://www.w3.org/2001/XMLSchema#dateTime,literal,1991-01-01T00:00:00Z,uri,http://www.wikidata.org/entity/Q219,literal,http://www.wikidata.org/entity/Q837171,literal,,literal,,literal,http://www.wikidata.org/entity/Q472,literal,,,,,,,,,,,wd:Q219
75,uri,http://www.wikidata.org/entity/Q106094537,en,literal,"Butcher Shop Dimqt - ""Workshop""",http://www.w3.org/2001/XMLSchema#dateTime,literal,1998-01-01T00:00:00Z,uri,http://www.wikidata.org/entity/Q219,literal,,literal,,literal,,literal,,literal,,,,,,,,,,,wd:Q219
76,uri,http://www.wikidata.org/entity/Q7692633,en,literal,Technomarket,http://www.w3.org/2001/XMLSchema#dateTime,literal,1992-01-01T00:00:00Z,uri,http://www.wikidata.org/entity/Q219,literal,,literal,,literal,,literal,,literal,,,,,,,,,,,wd:Q219
77,uri,http://www.wikidata.org/entity/Q610143,en,literal,Bulgarian State Railways,http://www.w3.org/2001/XMLSchema#dateTime,literal,1888-08-01T00:00:00Z,uri,http://www.wikidata.org/entity/Q219,literal,http://www.wikidata.org/entity/Q3565868,literal,,literal,,literal,http://www.wikidata.org/entity/Q472,literal,,,,,,,,,,,wd:Q219
78,uri,http://www.wikidata.org/entity/Q114238322,,literal,Q114238322,,,,uri,http://www.wikidata.org/entity/Q219,literal,,literal,,literal,,literal,,literal,,,,,,,,,,,wd:Q219
79,uri,http://www.wikidata.org/entity/Q5206146,en,literal,DSK Bank,http://www.w3.org/2001/XMLSchema#dateTime,literal,1951-01-01T00:00:00Z,uri,http://www.wikidata.org/entity/Q219,literal,,literal,,literal,,literal,http://www.wikidata.org/entity/Q472,literal,,,,,,,,,,,wd:Q219
80,uri,http://www.wikidata.org/entity/Q19370762,en,literal,Pensoft Publishers,http://www.w3.org/2001/XMLSchema#dateTime,literal,1992-01-01T00:00:00Z,uri,http://www.wikidata.org/entity/Q219,literal,,literal,http://www.wikidata.org/entity/Q21781591,literal,,literal,http://www.wikidata.org/entity/Q472,literal,,,,,,,,,,,wd:Q219
81,uri,http://www.wikidata.org/entity/Q12287911,en,literal,NEK EAD,http://www.w3.org/2001/XMLSchema#dateTime,literal,1991-01-01T00:00:00Z,uri,http://www.wikidata.org/entity/Q219,literal,"http://www.wikidata.org/entity/Q383973, http://www.wikidata.org/entity/Q112046",literal,,literal,,literal,http://www.wikidata.org/entity/Q472,literal,,http://www.w3.org/2001/XMLSchema#decimal,literal,2073,mul,literal,NATSIONALNA ELEKTRICHESKA KOMPANIA JSC,http://www.w3.org/2001/XMLSchema#decimal,literal,-37700000,wd:Q219
82,uri,http://www.wikidata.org/entity/Q12298056,en,literal,Hilton Sofia,,,,uri,http://www.wikidata.org/entity/Q219,literal,,literal,,literal,,literal,,literal,,,,,,,,,,,wd:Q219
83,uri,http://www.wikidata.org/entity/Q1034634,en,literal,Capital,http://www.w3.org/2001/XMLSchema#dateTime,literal,1992-01-01T00:00:00Z,uri,http://www.wikidata.org/entity/Q219,literal,,literal,,literal,,literal,http://www.wikidata.org/entity/Q472,literal,,,,,,,,,,,wd:Q219
84,uri,http://www.wikidata.org/entity/Q108113024,en,literal,Tayaranjet,,,,uri,http://www.wikidata.org/entity/Q219,literal,,literal,,literal,,literal,http://www.wikidata.org/entity/Q472,literal,,,,,,,,,,,wd:Q219
