,business.type,business.value,businessLabel.xml:lang,businessLabel.type,businessLabel.value,origindate.datatype,origindate.type,origindate.value,country.type,country.value,industries.type,industries.value,ceos.type,ceos.value,chairs.type,chairs.value,hqs.type,hqs.value,groups.type,groups.value,officialname.xml:lang,officialname.type,officialname.value,country
0,uri,http://www.wikidata.org/entity/Q1089788,en,literal,Church in Wales,http://www.w3.org/2001/XMLSchema#dateTime,literal,1920-01-01T00:00:00Z,uri,http://www.wikidata.org/entity/Q25,literal,,literal,,literal,,literal,http://www.wikidata.org/entity/Q10690,literal,http://www.wikidata.org/entity/Q6423963,,,,wd:Q25
1,uri,http://www.wikidata.org/entity/Q28405991,en,literal,Wales Interactive,http://www.w3.org/2001/XMLSchema#dateTime,literal,2012-01-01T00:00:00Z,uri,http://www.wikidata.org/entity/Q25,literal,http://www.wikidata.org/entity/Q941594,literal,,literal,,literal,http://www.wikidata.org/entity/Q2567716,literal,,,,,wd:Q25
2,uri,http://www.wikidata.org/entity/Q67377945,en,literal,Cambria Publishing,,,,uri,http://www.wikidata.org/entity/Q25,literal,,literal,,literal,,literal,http://www.wikidata.org/entity/Q2204179,literal,,,,,wd:Q25
3,uri,http://www.wikidata.org/entity/Q80582392,en,literal,Tafarn Morlais,,,,uri,http://www.wikidata.org/entity/Q145,literal,,literal,,literal,,literal,,literal,,cy,literal,Tafarn Morlais,wd:Q25
4,uri,http://www.wikidata.org/entity/Q52021004,en,literal,Ysbryd Games,http://www.w3.org/2001/XMLSchema#dateTime,literal,2014-01-01T00:00:00Z,uri,http://www.wikidata.org/entity/Q25,literal,http://www.wikidata.org/entity/Q941594,literal,,literal,,literal,,literal,,,,,wd:Q25
5,uri,http://www.wikidata.org/entity/Q80582392,en,literal,Tafarn Morlais,,,,uri,http://www.wikidata.org/entity/Q25,literal,,literal,,literal,,literal,,literal,,cy,literal,Tafarn Morlais,wd:Q25
6,uri,http://www.wikidata.org/entity/Q108419827,en,literal,Recordiau Côsh,,,,uri,http://www.wikidata.org/entity/Q25,literal,,literal,,literal,,literal,,literal,,,,,wd:Q25
7,uri,http://www.wikidata.org/entity/Q109315111,,literal,Q109315111,,,,uri,http://www.wikidata.org/entity/Q25,literal,http://www.wikidata.org/entity/Q43015,literal,,literal,,literal,,literal,,,,,wd:Q25
8,uri,http://www.wikidata.org/entity/Q1089788,en,literal,Church in Wales,http://www.w3.org/2001/XMLSchema#dateTime,literal,1920-01-01T00:00:00Z,uri,http://www.wikidata.org/entity/Q145,literal,,literal,,literal,,literal,http://www.wikidata.org/entity/Q10690,literal,http://www.wikidata.org/entity/Q6423963,,,,wd:Q25
