,business.type,business.value,businessLabel.xml:lang,businessLabel.type,businessLabel.value,employees.datatype,employees.type,employees.value,origindate.datatype,origindate.type,origindate.value,country.type,country.value,industries.type,industries.value,ceos.type,ceos.value,chairs.type,chairs.value,hqs.type,hqs.value,groups.type,groups.value,officialname.xml:lang,officialname.type,officialname.value,country
0,uri,http://www.wikidata.org/entity/Q534515,en,literal,University of Indonesia,http://www.w3.org/2001/XMLSchema#decimal,literal,2293,http://www.w3.org/2001/XMLSchema#dateTime,literal,1849-01-01T00:00:00Z,uri,http://www.wikidata.org/entity/Q252,literal,,literal,,literal,,literal,,literal,http://www.wikidata.org/entity/Q106272535,,,,wd:Q252
1,uri,http://www.wikidata.org/entity/Q5317233,en,literal,Duta Wacana Christian University,,,,http://www.w3.org/2001/XMLSchema#dateTime,literal,1962-10-31T00:00:00Z,uri,http://www.wikidata.org/entity/Q252,literal,,literal,,literal,,literal,,literal,,,,,wd:Q252
2,uri,http://www.wikidata.org/entity/Q18712406,en,literal,Lazada Group,http://www.w3.org/2001/XMLSchema#decimal,literal,4000,http://www.w3.org/2001/XMLSchema#dateTime,literal,2012-01-01T00:00:00Z,uri,http://www.wikidata.org/entity/Q252,literal,http://www.wikidata.org/entity/Q484847,literal,,literal,,literal,http://www.wikidata.org/entity/Q334,literal,,,,,wd:Q252
3,uri,http://www.wikidata.org/entity/Q512468,en,literal,Garuda Indonesia,,,,http://www.w3.org/2001/XMLSchema#dateTime,literal,1947-08-01T00:00:00Z,uri,http://www.wikidata.org/entity/Q252,literal,"http://www.wikidata.org/entity/Q96472425, http://www.wikidata.org/entity/Q2516512, http://www.wikidata.org/entity/Q1875606",literal,,literal,,literal,"http://www.wikidata.org/entity/Q749497, http://www.wikidata.org/entity/Q10127",literal,,id,literal,Garuda Indonesia (Persero) Tbk,wd:Q252
4,uri,http://www.wikidata.org/entity/Q4263077,en,literal,Muhammadiyah University of Magelang,,,,http://www.w3.org/2001/XMLSchema#dateTime,literal,1964-08-31T00:00:00Z,uri,http://www.wikidata.org/entity/Q252,literal,,literal,,literal,,literal,,literal,,,,,wd:Q252
5,uri,http://www.wikidata.org/entity/Q10829079,en,literal,Mount Klabat College,,,,http://www.w3.org/2001/XMLSchema#dateTime,literal,1965-01-01T00:00:00Z,uri,http://www.wikidata.org/entity/Q252,literal,,literal,,literal,,literal,http://www.wikidata.org/entity/Q15838,literal,,,,,wd:Q252
6,uri,http://www.wikidata.org/entity/Q76099070,en,literal,Tiger Sugar,,,,,,,uri,http://www.wikidata.org/entity/Q869,literal,"http://www.wikidata.org/entity/Q4899370, http://www.wikidata.org/entity/Q540912",literal,,literal,,literal,http://www.wikidata.org/entity/Q569548,literal,,,,,wd:Q252
7,uri,http://www.wikidata.org/entity/Q3958218,en,literal,Syiah Kuala University,,,,http://www.w3.org/2001/XMLSchema#dateTime,literal,1961-09-02T00:00:00Z,uri,http://www.wikidata.org/entity/Q252,literal,,literal,,literal,,literal,,literal,,,,,wd:Q252
8,uri,http://www.wikidata.org/entity/Q138133,en,literal,RWE,http://www.w3.org/2001/XMLSchema#decimal,literal,19792,http://www.w3.org/2001/XMLSchema#dateTime,literal,1898-04-25T00:00:00Z,uri,http://www.wikidata.org/entity/Q668,literal,"http://www.wikidata.org/entity/Q2151621, http://www.wikidata.org/entity/Q1341477, http://www.wikidata.org/entity/Q1326594",literal,"http://www.wikidata.org/entity/Q15842921, http://www.wikidata.org/entity/Q2078625, http://www.wikidata.org/entity/Q108936810",literal,,literal,http://www.wikidata.org/entity/Q2066,literal,"http://www.wikidata.org/entity/Q155718, http://www.wikidata.org/entity/Q874430, http://www.wikidata.org/entity/Q1230458, http://www.wikidata.org/entity/Q6571804",,,,wd:Q252
9,uri,http://www.wikidata.org/entity/Q12523397,en,literal,Muhammadiyah University of Ponorogo,,,,,,,uri,http://www.wikidata.org/entity/Q252,literal,,literal,,literal,,literal,,literal,,,,,wd:Q252
10,uri,http://www.wikidata.org/entity/Q56391710,en,literal,OVO,,,,,,,uri,http://www.wikidata.org/entity/Q252,literal,,literal,,literal,,literal,http://www.wikidata.org/entity/Q3630,literal,,,,,wd:Q252
11,uri,http://www.wikidata.org/entity/Q63371124,en,literal,Guardian,,,,,,,uri,http://www.wikidata.org/entity/Q334,literal,http://www.wikidata.org/entity/Q126793,literal,,literal,,literal,,literal,,,,,wd:Q252
12,uri,http://www.wikidata.org/entity/Q56389158,en,literal,Advan,,,,http://www.w3.org/2001/XMLSchema#dateTime,literal,1998-01-01T00:00:00Z,uri,http://www.wikidata.org/entity/Q252,literal,,literal,,literal,,literal,,literal,,,,,wd:Q252
13,uri,http://www.wikidata.org/entity/Q7603641,en,literal,State University of Semarang,,,,http://www.w3.org/2001/XMLSchema#dateTime,literal,1965-01-01T00:00:00Z,uri,http://www.wikidata.org/entity/Q252,literal,,literal,,literal,,literal,,literal,,,,,wd:Q252
14,uri,http://www.wikidata.org/entity/Q76099070,en,literal,Tiger Sugar,,,,,,,uri,http://www.wikidata.org/entity/Q878,literal,"http://www.wikidata.org/entity/Q4899370, http://www.wikidata.org/entity/Q540912",literal,,literal,,literal,http://www.wikidata.org/entity/Q569548,literal,,,,,wd:Q252
15,uri,http://www.wikidata.org/entity/Q76099070,en,literal,Tiger Sugar,,,,,,,uri,http://www.wikidata.org/entity/Q424,literal,"http://www.wikidata.org/entity/Q4899370, http://www.wikidata.org/entity/Q540912",literal,,literal,,literal,http://www.wikidata.org/entity/Q569548,literal,,,,,wd:Q252
16,uri,http://www.wikidata.org/entity/Q7355586,en,literal,Jawa Pos Group,,,,http://www.w3.org/2001/XMLSchema#dateTime,literal,1949-07-01T00:00:00Z,uri,http://www.wikidata.org/entity/Q252,literal,,literal,,literal,,literal,http://www.wikidata.org/entity/Q2412266,literal,,,,,wd:Q252
17,uri,http://www.wikidata.org/entity/Q12712165,en,literal,Jakarta State University,,,,http://www.w3.org/2001/XMLSchema#dateTime,literal,1964-05-16T00:00:00Z,uri,http://www.wikidata.org/entity/Q252,literal,,literal,,literal,,literal,,literal,,,,,wd:Q252
18,uri,http://www.wikidata.org/entity/Q4739894,en,literal,Amanjiwo,,,,http://www.w3.org/2001/XMLSchema#dateTime,literal,1997-01-01T00:00:00Z,uri,http://www.wikidata.org/entity/Q252,literal,,literal,,literal,,literal,,literal,,,,,wd:Q252
19,uri,http://www.wikidata.org/entity/Q4262307,en,literal,Prambors FM,,,,http://www.w3.org/2001/XMLSchema#dateTime,literal,1971-01-01T00:00:00Z,uri,http://www.wikidata.org/entity/Q252,literal,,literal,,literal,,literal,,literal,,,,,wd:Q252
20,uri,http://www.wikidata.org/entity/Q23745600,en,literal,Alfamart,,,,http://www.w3.org/2001/XMLSchema#dateTime,literal,1999-06-27T00:00:00Z,uri,http://www.wikidata.org/entity/Q252,literal,http://www.wikidata.org/entity/Q7361709,literal,,literal,,literal,http://www.wikidata.org/entity/Q252,literal,,,,,wd:Q252
21,uri,http://www.wikidata.org/entity/Q12515931,en,literal,Sony Music Indonesia,,,,,,,uri,http://www.wikidata.org/entity/Q252,literal,,literal,,literal,,literal,,literal,,,,,wd:Q252
22,uri,http://www.wikidata.org/entity/Q12523376,en,literal,Medan Area University,,,,http://www.w3.org/2001/XMLSchema#dateTime,literal,1983-01-01T00:00:00Z,uri,http://www.wikidata.org/entity/Q252,literal,,literal,,literal,,literal,,literal,,,,,wd:Q252
23,uri,http://www.wikidata.org/entity/Q63371124,en,literal,Guardian,,,,,,,uri,http://www.wikidata.org/entity/Q252,literal,http://www.wikidata.org/entity/Q126793,literal,,literal,,literal,,literal,,,,,wd:Q252
24,uri,http://www.wikidata.org/entity/Q6177417,en,literal,Jenderal Soedirman University,,,,http://www.w3.org/2001/XMLSchema#dateTime,literal,1920-01-01T00:00:00Z,uri,http://www.wikidata.org/entity/Q252,literal,,literal,,literal,,literal,,literal,,,,,wd:Q252
25,uri,http://www.wikidata.org/entity/Q20427814,,literal,Q20427814,,,,,,,uri,http://www.wikidata.org/entity/Q252,literal,,literal,,literal,,literal,,literal,http://www.wikidata.org/entity/Q4900880,,,,wd:Q252
26,uri,http://www.wikidata.org/entity/Q94122708,en,literal,Eduka System,,,,,,,uri,http://www.wikidata.org/entity/Q252,literal,,literal,,literal,,literal,http://www.wikidata.org/entity/Q1727781,literal,,id,literal,PT Eduka Teknologi Indonesia,wd:Q252
27,uri,http://www.wikidata.org/entity/Q113858405,en,literal,Hello Health Group,http://www.w3.org/2001/XMLSchema#decimal,literal,351,http://www.w3.org/2001/XMLSchema#dateTime,literal,2015-01-01T00:00:00Z,uri,http://www.wikidata.org/entity/Q833,literal,http://www.wikidata.org/entity/Q12147,literal,,literal,,literal,http://www.wikidata.org/entity/Q334,literal,,en,literal,Hello Health Group Pte. Ltd,wd:Q252
28,uri,http://www.wikidata.org/entity/Q20426955,en,literal,Gojek,,,,http://www.w3.org/2001/XMLSchema#dateTime,literal,2010-01-01T00:00:00Z,uri,http://www.wikidata.org/entity/Q252,literal,"http://www.wikidata.org/entity/Q65295049, http://www.wikidata.org/entity/Q880371",literal,http://www.wikidata.org/entity/Q71807136,literal,,literal,http://www.wikidata.org/entity/Q252,literal,,id,literal,PT Aplikasi Karya Anak Bangsa,wd:Q252
29,uri,http://www.wikidata.org/entity/Q2745027,en,literal,Kereta Api Indonesia,,,,http://www.w3.org/2001/XMLSchema#dateTime,literal,1945-09-28T00:00:00Z,uri,http://www.wikidata.org/entity/Q252,literal,,literal,,literal,,literal,http://www.wikidata.org/entity/Q10389,literal,,,,,wd:Q252
30,uri,http://www.wikidata.org/entity/Q138133,en,literal,RWE,http://www.w3.org/2001/XMLSchema#decimal,literal,19792,http://www.w3.org/2001/XMLSchema#dateTime,literal,1898-04-25T00:00:00Z,uri,http://www.wikidata.org/entity/Q145,literal,"http://www.wikidata.org/entity/Q2151621, http://www.wikidata.org/entity/Q1341477, http://www.wikidata.org/entity/Q1326594",literal,"http://www.wikidata.org/entity/Q15842921, http://www.wikidata.org/entity/Q2078625, http://www.wikidata.org/entity/Q108936810",literal,,literal,http://www.wikidata.org/entity/Q2066,literal,"http://www.wikidata.org/entity/Q155718, http://www.wikidata.org/entity/Q874430, http://www.wikidata.org/entity/Q1230458, http://www.wikidata.org/entity/Q6571804",,,,wd:Q252
31,uri,http://www.wikidata.org/entity/Q29981099,en,literal,Conrad Bali,,,,http://www.w3.org/2001/XMLSchema#dateTime,literal,2004-03-24T00:00:00Z,uri,http://www.wikidata.org/entity/Q252,literal,,literal,,literal,,literal,,literal,,id,literal,Conrad Bali,wd:Q252
32,uri,http://www.wikidata.org/entity/Q113858405,en,literal,Hello Health Group,http://www.w3.org/2001/XMLSchema#decimal,literal,351,http://www.w3.org/2001/XMLSchema#dateTime,literal,2015-01-01T00:00:00Z,uri,http://www.wikidata.org/entity/Q836,literal,http://www.wikidata.org/entity/Q12147,literal,,literal,,literal,http://www.wikidata.org/entity/Q334,literal,,en,literal,Hello Health Group Pte. Ltd,wd:Q252
33,uri,http://www.wikidata.org/entity/Q12523351,en,literal,Universitas Islam Sultan Agung,,,,http://www.w3.org/2001/XMLSchema#dateTime,literal,1962-05-20T00:00:00Z,uri,http://www.wikidata.org/entity/Q252,literal,,literal,,literal,,literal,,literal,,,,,wd:Q252
34,uri,http://www.wikidata.org/entity/Q113653701,en,literal,PROKAL.co,,,,http://www.w3.org/2001/XMLSchema#dateTime,literal,2015-01-01T00:00:00Z,uri,http://www.wikidata.org/entity/Q252,literal,,literal,,literal,,literal,,literal,,,,,wd:Q252
35,uri,http://www.wikidata.org/entity/Q67900715,en,literal,Alnect,,,,,,,uri,http://www.wikidata.org/entity/Q252,literal,,literal,,literal,,literal,,literal,,,,,wd:Q252
36,uri,http://www.wikidata.org/entity/Q138133,en,literal,RWE,http://www.w3.org/2001/XMLSchema#decimal,literal,19792,http://www.w3.org/2001/XMLSchema#dateTime,literal,1898-04-25T00:00:00Z,uri,http://www.wikidata.org/entity/Q148,literal,"http://www.wikidata.org/entity/Q2151621, http://www.wikidata.org/entity/Q1341477, http://www.wikidata.org/entity/Q1326594",literal,"http://www.wikidata.org/entity/Q15842921, http://www.wikidata.org/entity/Q2078625, http://www.wikidata.org/entity/Q108936810",literal,,literal,http://www.wikidata.org/entity/Q2066,literal,"http://www.wikidata.org/entity/Q155718, http://www.wikidata.org/entity/Q874430, http://www.wikidata.org/entity/Q1230458, http://www.wikidata.org/entity/Q6571804",,,,wd:Q252
37,uri,http://www.wikidata.org/entity/Q4646307,en,literal,99 Ranch Market,,,,http://www.w3.org/2001/XMLSchema#dateTime,literal,1984-01-01T00:00:00Z,uri,http://www.wikidata.org/entity/Q252,literal,http://www.wikidata.org/entity/Q126793,literal,,literal,,literal,http://www.wikidata.org/entity/Q838762,literal,,,,,wd:Q252
38,uri,http://www.wikidata.org/entity/Q109063696,en,literal,Firebeast,,,,,,,uri,http://www.wikidata.org/entity/Q252,literal,http://www.wikidata.org/entity/Q941594,literal,,literal,,literal,,literal,,,,,wd:Q252
39,uri,http://www.wikidata.org/entity/Q806626,en,literal,Bank Central Asia,,,,http://www.w3.org/2001/XMLSchema#dateTime,literal,1955-01-01T00:00:00Z,uri,http://www.wikidata.org/entity/Q252,literal,"http://www.wikidata.org/entity/Q837171, http://www.wikidata.org/entity/Q806718",literal,,literal,,literal,http://www.wikidata.org/entity/Q3630,literal,,id,literal,PT Bank Central Asia Tbk.,wd:Q252
40,uri,http://www.wikidata.org/entity/Q1906161,en,literal,Bank Indonesia,,,,http://www.w3.org/2001/XMLSchema#dateTime,literal,1953-01-01T00:00:00Z,uri,http://www.wikidata.org/entity/Q252,literal,,literal,,literal,http://www.wikidata.org/entity/Q51417348,literal,http://www.wikidata.org/entity/Q3630,literal,http://www.wikidata.org/entity/Q55672718,id,literal,Bank Sentral Republik Indonesia,wd:Q252
41,uri,http://www.wikidata.org/entity/Q5920236,en,literal,Indonesian Institute of the Arts,,,,http://www.w3.org/2001/XMLSchema#dateTime,literal,2003-07-28T00:00:00Z,uri,http://www.wikidata.org/entity/Q252,literal,,literal,,literal,,literal,,literal,,,,,wd:Q252
42,uri,http://www.wikidata.org/entity/Q7894421,en,literal,Universitas Terbuka,,,,http://www.w3.org/2001/XMLSchema#dateTime,literal,1984-01-01T00:00:00Z,uri,http://www.wikidata.org/entity/Q252,literal,,literal,,literal,,literal,,literal,,,,,wd:Q252
43,uri,http://www.wikidata.org/entity/Q623042,en,literal,Bank Rakyat Indonesia,http://www.w3.org/2001/XMLSchema#decimal,literal,60553,http://www.w3.org/2001/XMLSchema#dateTime,literal,1895-12-16T00:00:00Z,uri,http://www.wikidata.org/entity/Q252,literal,"http://www.wikidata.org/entity/Q926217, http://www.wikidata.org/entity/Q806718",literal,,literal,,literal,http://www.wikidata.org/entity/Q3630,literal,,id,literal,PT Bank Rakyat Indonesia,wd:Q252
44,uri,http://www.wikidata.org/entity/Q12474471,en,literal,Bank Jago,,,,,,,uri,http://www.wikidata.org/entity/Q252,literal,http://www.wikidata.org/entity/Q806718,literal,,literal,,literal,,literal,,id,literal,PT Bank Artos Indonesia Tbk,wd:Q252
45,uri,http://www.wikidata.org/entity/Q106616410,en,literal,Lion Parcel,,,,,,,uri,http://www.wikidata.org/entity/Q252,literal,,literal,,literal,,literal,http://www.wikidata.org/entity/Q3630,literal,,,,,wd:Q252
46,uri,http://www.wikidata.org/entity/Q10980312,en,literal,Kuningan University,,,,http://www.w3.org/2001/XMLSchema#dateTime,literal,2003-06-06T00:00:00Z,uri,http://www.wikidata.org/entity/Q252,literal,,literal,,literal,,literal,,literal,,,,,wd:Q252
47,uri,http://www.wikidata.org/entity/Q12474533,en,literal,Bank Syariah Mandiri,,,,http://www.w3.org/2001/XMLSchema#dateTime,literal,1995-01-01T00:00:00Z,uri,http://www.wikidata.org/entity/Q252,literal,"http://www.wikidata.org/entity/Q1416657, http://www.wikidata.org/entity/Q837171, http://www.wikidata.org/entity/Q806718",literal,,literal,,literal,http://www.wikidata.org/entity/Q3630,literal,,id,literal,PT Bank Maritim Indonesia,wd:Q252
48,uri,http://www.wikidata.org/entity/Q7896071,en,literal,University of Pattimura,,,,http://www.w3.org/2001/XMLSchema#dateTime,literal,1963-04-23T00:00:00Z,uri,http://www.wikidata.org/entity/Q252,literal,,literal,,literal,,literal,,literal,,,,,wd:Q252
49,uri,http://www.wikidata.org/entity/Q111850958,en,literal,Buku Mojok,,,,,,,uri,http://www.wikidata.org/entity/Q252,literal,,literal,,literal,,literal,http://www.wikidata.org/entity/Q3741,literal,,,,,wd:Q252
50,uri,http://www.wikidata.org/entity/Q25460696,en,literal,Indonesian Institute of Information Technology,,,,,,,uri,http://www.wikidata.org/entity/Q252,literal,,literal,,literal,,literal,,literal,,,,,wd:Q252
51,uri,http://www.wikidata.org/entity/Q6026778,en,literal,MNC Vision,,,,http://www.w3.org/2001/XMLSchema#dateTime,literal,1994-01-01T00:00:00Z,uri,http://www.wikidata.org/entity/Q252,literal,http://www.wikidata.org/entity/Q209588,literal,,literal,,literal,http://www.wikidata.org/entity/Q3630,literal,,,,,wd:Q252
52,uri,http://www.wikidata.org/entity/Q4264431,en,literal,SinemArt,,,,http://www.w3.org/2001/XMLSchema#dateTime,literal,2003-01-01T00:00:00Z,uri,http://www.wikidata.org/entity/Q252,literal,http://www.wikidata.org/entity/Q1415395,literal,,literal,,literal,http://www.wikidata.org/entity/Q3630,literal,,,,,wd:Q252
53,uri,http://www.wikidata.org/entity/Q6933777,en,literal,Mulawarman University,,,,http://www.w3.org/2001/XMLSchema#dateTime,literal,1962-09-27T00:00:00Z,uri,http://www.wikidata.org/entity/Q252,literal,,literal,,literal,,literal,,literal,,,,,wd:Q252
54,uri,http://www.wikidata.org/entity/Q47927,en,literal,Muhammadiyah University of Malang,,,,http://www.w3.org/2001/XMLSchema#dateTime,literal,1964-01-01T00:00:00Z,uri,http://www.wikidata.org/entity/Q252,literal,,literal,,literal,,literal,,literal,,,,,wd:Q252
55,uri,http://www.wikidata.org/entity/Q806639,en,literal,Bank Mandiri,,,,http://www.w3.org/2001/XMLSchema#dateTime,literal,1998-10-02T00:00:00Z,uri,http://www.wikidata.org/entity/Q252,literal,"http://www.wikidata.org/entity/Q1416657, http://www.wikidata.org/entity/Q837171, http://www.wikidata.org/entity/Q806718",literal,,literal,,literal,http://www.wikidata.org/entity/Q3630,literal,,id,literal,PT Bank Mandiri (Persero) Tbk,wd:Q252
56,uri,http://www.wikidata.org/entity/Q5358247,en,literal,Electronic Engineering Polytechnic Institute of Surabaya,,,,http://www.w3.org/2001/XMLSchema#dateTime,literal,1988-06-02T00:00:00Z,uri,http://www.wikidata.org/entity/Q252,literal,,literal,,literal,,literal,,literal,,,,,wd:Q252
57,uri,http://www.wikidata.org/entity/Q25104745,en,literal,Digital Happiness,,,,http://www.w3.org/2001/XMLSchema#dateTime,literal,2013-01-01T00:00:00Z,uri,http://www.wikidata.org/entity/Q252,literal,http://www.wikidata.org/entity/Q941594,literal,,literal,,literal,http://www.wikidata.org/entity/Q10389,literal,,,,,wd:Q252
58,uri,http://www.wikidata.org/entity/Q7442749,en,literal,Sebelas Maret University,,,,http://www.w3.org/2001/XMLSchema#dateTime,literal,1976-03-11T00:00:00Z,uri,http://www.wikidata.org/entity/Q252,literal,,literal,,literal,,literal,,literal,,,,,wd:Q252
59,uri,http://www.wikidata.org/entity/Q20895775,en,literal,Tri Indonesia,,,,http://www.w3.org/2001/XMLSchema#dateTime,literal,2007-01-01T00:00:00Z,uri,http://www.wikidata.org/entity/Q252,literal,http://www.wikidata.org/entity/Q25245117,literal,,literal,,literal,http://www.wikidata.org/entity/Q10114,literal,,id,literal,PT Hutchison 3 Indonesia,wd:Q252
60,uri,http://www.wikidata.org/entity/Q1494353,en,literal,Airlangga University,,,,http://www.w3.org/2001/XMLSchema#dateTime,literal,1954-01-01T00:00:00Z,uri,http://www.wikidata.org/entity/Q252,literal,,literal,,literal,,literal,,literal,,,,,wd:Q252
61,uri,http://www.wikidata.org/entity/Q138133,en,literal,RWE,http://www.w3.org/2001/XMLSchema#decimal,literal,19792,http://www.w3.org/2001/XMLSchema#dateTime,literal,1898-04-25T00:00:00Z,uri,http://www.wikidata.org/entity/Q17,literal,"http://www.wikidata.org/entity/Q2151621, http://www.wikidata.org/entity/Q1341477, http://www.wikidata.org/entity/Q1326594",literal,"http://www.wikidata.org/entity/Q15842921, http://www.wikidata.org/entity/Q2078625, http://www.wikidata.org/entity/Q108936810",literal,,literal,http://www.wikidata.org/entity/Q2066,literal,"http://www.wikidata.org/entity/Q155718, http://www.wikidata.org/entity/Q874430, http://www.wikidata.org/entity/Q1230458, http://www.wikidata.org/entity/Q6571804",,,,wd:Q252
62,uri,http://www.wikidata.org/entity/Q56394041,en,literal,SiCepat Ekspres,,,,,,,uri,http://www.wikidata.org/entity/Q252,literal,,literal,,literal,,literal,,literal,,,,,wd:Q252
63,uri,http://www.wikidata.org/entity/Q2306715,en,literal,Bogor Institute of Agriculture,,,,http://www.w3.org/2001/XMLSchema#dateTime,literal,1963-01-01T00:00:00Z,uri,http://www.wikidata.org/entity/Q252,literal,,literal,,literal,,literal,,literal,,,,,wd:Q252
64,uri,http://www.wikidata.org/entity/Q66264234,en,literal,RCTI+,,,,http://www.w3.org/2001/XMLSchema#dateTime,literal,2019-08-24T00:00:00Z,uri,http://www.wikidata.org/entity/Q252,literal,,literal,,literal,,literal,http://www.wikidata.org/entity/Q3630,literal,,,,,wd:Q252
65,uri,http://www.wikidata.org/entity/Q111548938,en,literal,Nook,,,,,,,uri,http://www.wikidata.org/entity/Q252,literal,,literal,,literal,,literal,,literal,,,,,wd:Q252
66,uri,http://www.wikidata.org/entity/Q38116375,en,literal,Voyagin,,,,http://www.w3.org/2001/XMLSchema#dateTime,literal,2011-01-01T00:00:00Z,uri,http://www.wikidata.org/entity/Q17,literal,,literal,http://www.wikidata.org/entity/Q17229042,literal,,literal,http://www.wikidata.org/entity/Q1490,literal,,,,,wd:Q252
67,uri,http://www.wikidata.org/entity/Q12472740,en,literal,Central Asia Insurance,,,,http://www.w3.org/2001/XMLSchema#dateTime,literal,1958-01-01T00:00:00Z,uri,http://www.wikidata.org/entity/Q252,literal,http://www.wikidata.org/entity/Q43183,literal,,literal,,literal,,literal,,id,literal,PT Asuransi Central Asia,wd:Q252
68,uri,http://www.wikidata.org/entity/Q138133,en,literal,RWE,http://www.w3.org/2001/XMLSchema#decimal,literal,19792,http://www.w3.org/2001/XMLSchema#dateTime,literal,1898-04-25T00:00:00Z,uri,http://www.wikidata.org/entity/Q27,literal,"http://www.wikidata.org/entity/Q2151621, http://www.wikidata.org/entity/Q1341477, http://www.wikidata.org/entity/Q1326594",literal,"http://www.wikidata.org/entity/Q15842921, http://www.wikidata.org/entity/Q2078625, http://www.wikidata.org/entity/Q108936810",literal,,literal,http://www.wikidata.org/entity/Q2066,literal,"http://www.wikidata.org/entity/Q155718, http://www.wikidata.org/entity/Q874430, http://www.wikidata.org/entity/Q1230458, http://www.wikidata.org/entity/Q6571804",,,,wd:Q252
69,uri,http://www.wikidata.org/entity/Q107551247,en,literal,Invitee Site,,,,,,,uri,http://www.wikidata.org/entity/Q252,literal,http://www.wikidata.org/entity/Q4120725,literal,,literal,,literal,,literal,,,,,wd:Q252
70,uri,http://www.wikidata.org/entity/Q12523418,en,literal,State University of Yogyakarta,,,,http://www.w3.org/2001/XMLSchema#dateTime,literal,1964-05-21T00:00:00Z,uri,http://www.wikidata.org/entity/Q252,literal,,literal,,literal,,literal,http://www.wikidata.org/entity/Q7568,literal,,,,,wd:Q252
71,uri,http://www.wikidata.org/entity/Q18712406,en,literal,Lazada Group,http://www.w3.org/2001/XMLSchema#decimal,literal,4000,http://www.w3.org/2001/XMLSchema#dateTime,literal,2012-01-01T00:00:00Z,uri,http://www.wikidata.org/entity/Q833,literal,http://www.wikidata.org/entity/Q484847,literal,,literal,,literal,http://www.wikidata.org/entity/Q334,literal,,,,,wd:Q252
72,uri,http://www.wikidata.org/entity/Q478044,en,literal,Hasanuddin University,,,,http://www.w3.org/2001/XMLSchema#dateTime,literal,1956-06-11T00:00:00Z,uri,http://www.wikidata.org/entity/Q252,literal,,literal,,literal,,literal,,literal,,,,,wd:Q252
73,uri,http://www.wikidata.org/entity/Q12474504,en,literal,Bank Mega,http://www.w3.org/2001/XMLSchema#decimal,literal,8658,http://www.w3.org/2001/XMLSchema#dateTime,literal,1969-04-15T00:00:00Z,uri,http://www.wikidata.org/entity/Q252,literal,"http://www.wikidata.org/entity/Q1416657, http://www.wikidata.org/entity/Q837171, http://www.wikidata.org/entity/Q806718",literal,,literal,,literal,,literal,,id,literal,Bank Mega Tbk,wd:Q252
74,uri,http://www.wikidata.org/entity/Q17320327,en,literal,Bukalapak,,,,http://www.w3.org/2001/XMLSchema#dateTime,literal,2010-01-01T00:00:00Z,uri,http://www.wikidata.org/entity/Q252,literal,http://www.wikidata.org/entity/Q484847,literal,,literal,,literal,http://www.wikidata.org/entity/Q3630,literal,,id,literal,PT Bukalapak.com Tbk,wd:Q252
75,uri,http://www.wikidata.org/entity/Q113858405,en,literal,Hello Health Group,http://www.w3.org/2001/XMLSchema#decimal,literal,351,http://www.w3.org/2001/XMLSchema#dateTime,literal,2015-01-01T00:00:00Z,uri,http://www.wikidata.org/entity/Q865,literal,http://www.wikidata.org/entity/Q12147,literal,,literal,,literal,http://www.wikidata.org/entity/Q334,literal,,en,literal,Hello Health Group Pte. Ltd,wd:Q252
76,uri,http://www.wikidata.org/entity/Q623042,en,literal,Bank Rakyat Indonesia,http://www.w3.org/2001/XMLSchema#decimal,literal,60553,http://www.w3.org/2001/XMLSchema#dateTime,literal,1895-12-16T00:00:00Z,uri,http://www.wikidata.org/entity/Q252,literal,"http://www.wikidata.org/entity/Q926217, http://www.wikidata.org/entity/Q806718",literal,,literal,,literal,http://www.wikidata.org/entity/Q3630,literal,,id,literal,PT Bank Rakyat Indonesia (Persero) Tbk,wd:Q252
77,uri,http://www.wikidata.org/entity/Q7603634,en,literal,Padang State University,,,,http://www.w3.org/2001/XMLSchema#dateTime,literal,1997-01-08T00:00:00Z,uri,http://www.wikidata.org/entity/Q252,literal,,literal,,literal,,literal,,literal,,,,,wd:Q252
78,uri,http://www.wikidata.org/entity/Q138133,en,literal,RWE,http://www.w3.org/2001/XMLSchema#decimal,literal,19792,http://www.w3.org/2001/XMLSchema#dateTime,literal,1898-04-25T00:00:00Z,uri,http://www.wikidata.org/entity/Q30,literal,"http://www.wikidata.org/entity/Q2151621, http://www.wikidata.org/entity/Q1341477, http://www.wikidata.org/entity/Q1326594",literal,"http://www.wikidata.org/entity/Q15842921, http://www.wikidata.org/entity/Q2078625, http://www.wikidata.org/entity/Q108936810",literal,,literal,http://www.wikidata.org/entity/Q2066,literal,"http://www.wikidata.org/entity/Q155718, http://www.wikidata.org/entity/Q874430, http://www.wikidata.org/entity/Q1230458, http://www.wikidata.org/entity/Q6571804",,,,wd:Q252
79,uri,http://www.wikidata.org/entity/Q41320506,en,literal,Amankila,,,,http://www.w3.org/2001/XMLSchema#dateTime,literal,1992-01-01T00:00:00Z,uri,http://www.wikidata.org/entity/Q252,literal,,literal,,literal,,literal,,literal,,,,,wd:Q252
80,uri,http://www.wikidata.org/entity/Q5061611,en,literal,Central Park Jakarta,,,,,,,uri,http://www.wikidata.org/entity/Q252,literal,,literal,,literal,,literal,,literal,,,,,wd:Q252
81,uri,http://www.wikidata.org/entity/Q4405665,en,literal,Kompas,,,,http://www.w3.org/2001/XMLSchema#dateTime,literal,1965-01-01T00:00:00Z,uri,http://www.wikidata.org/entity/Q252,literal,,literal,,literal,,literal,,literal,,,,,wd:Q252
82,uri,http://www.wikidata.org/entity/Q56191337,en,literal,Warner Music Indonesia,,,,,,,uri,http://www.wikidata.org/entity/Q252,literal,,literal,,literal,,literal,,literal,,,,,wd:Q252
83,uri,http://www.wikidata.org/entity/Q113858405,en,literal,Hello Health Group,http://www.w3.org/2001/XMLSchema#decimal,literal,351,http://www.w3.org/2001/XMLSchema#dateTime,literal,2015-01-01T00:00:00Z,uri,http://www.wikidata.org/entity/Q869,literal,http://www.wikidata.org/entity/Q12147,literal,,literal,,literal,http://www.wikidata.org/entity/Q334,literal,,en,literal,Hello Health Group Pte. Ltd,wd:Q252
84,uri,http://www.wikidata.org/entity/Q138133,en,literal,RWE,http://www.w3.org/2001/XMLSchema#decimal,literal,19792,http://www.w3.org/2001/XMLSchema#dateTime,literal,1898-04-25T00:00:00Z,uri,http://www.wikidata.org/entity/Q183,literal,"http://www.wikidata.org/entity/Q2151621, http://www.wikidata.org/entity/Q1341477, http://www.wikidata.org/entity/Q1326594",literal,"http://www.wikidata.org/entity/Q15842921, http://www.wikidata.org/entity/Q2078625, http://www.wikidata.org/entity/Q108936810",literal,,literal,http://www.wikidata.org/entity/Q2066,literal,"http://www.wikidata.org/entity/Q155718, http://www.wikidata.org/entity/Q874430, http://www.wikidata.org/entity/Q1230458, http://www.wikidata.org/entity/Q6571804",,,,wd:Q252
85,uri,http://www.wikidata.org/entity/Q138133,en,literal,RWE,http://www.w3.org/2001/XMLSchema#decimal,literal,19792,http://www.w3.org/2001/XMLSchema#dateTime,literal,1898-04-25T00:00:00Z,uri,http://www.wikidata.org/entity/Q29,literal,"http://www.wikidata.org/entity/Q2151621, http://www.wikidata.org/entity/Q1341477, http://www.wikidata.org/entity/Q1326594",literal,"http://www.wikidata.org/entity/Q15842921, http://www.wikidata.org/entity/Q2078625, http://www.wikidata.org/entity/Q108936810",literal,,literal,http://www.wikidata.org/entity/Q2066,literal,"http://www.wikidata.org/entity/Q155718, http://www.wikidata.org/entity/Q874430, http://www.wikidata.org/entity/Q1230458, http://www.wikidata.org/entity/Q6571804",,,,wd:Q252
86,uri,http://www.wikidata.org/entity/Q138133,en,literal,RWE,http://www.w3.org/2001/XMLSchema#decimal,literal,19792,http://www.w3.org/2001/XMLSchema#dateTime,literal,1898-04-25T00:00:00Z,uri,http://www.wikidata.org/entity/Q34,literal,"http://www.wikidata.org/entity/Q2151621, http://www.wikidata.org/entity/Q1341477, http://www.wikidata.org/entity/Q1326594",literal,"http://www.wikidata.org/entity/Q15842921, http://www.wikidata.org/entity/Q2078625, http://www.wikidata.org/entity/Q108936810",literal,,literal,http://www.wikidata.org/entity/Q2066,literal,"http://www.wikidata.org/entity/Q155718, http://www.wikidata.org/entity/Q874430, http://www.wikidata.org/entity/Q1230458, http://www.wikidata.org/entity/Q6571804",,,,wd:Q252
87,uri,http://www.wikidata.org/entity/Q107584938,en,literal,Mito Mobile,,,,http://www.w3.org/2001/XMLSchema#dateTime,literal,2004-01-01T00:00:00Z,uri,http://www.wikidata.org/entity/Q252,literal,,literal,,literal,,literal,,literal,,,,,wd:Q252
88,uri,http://www.wikidata.org/entity/Q76099070,en,literal,Tiger Sugar,,,,,,,uri,http://www.wikidata.org/entity/Q921,literal,"http://www.wikidata.org/entity/Q4899370, http://www.wikidata.org/entity/Q540912",literal,,literal,,literal,http://www.wikidata.org/entity/Q569548,literal,,,,,wd:Q252
89,uri,http://www.wikidata.org/entity/Q12488592,en,literal,Kalbe Nutritionals,,,,http://www.w3.org/2001/XMLSchema#dateTime,literal,1982-01-01T00:00:00Z,uri,http://www.wikidata.org/entity/Q252,literal,http://www.wikidata.org/entity/Q15067276,literal,,literal,,literal,http://www.wikidata.org/entity/Q3630,literal,,id,literal,Sanghiang Perkasa,wd:Q252
90,uri,http://www.wikidata.org/entity/Q12485804,en,literal,Hits Records,,,,,,,uri,http://www.wikidata.org/entity/Q252,literal,,literal,,literal,,literal,,literal,,,,,wd:Q252
91,uri,http://www.wikidata.org/entity/Q113858405,en,literal,Hello Health Group,http://www.w3.org/2001/XMLSchema#decimal,literal,351,http://www.w3.org/2001/XMLSchema#dateTime,literal,2015-01-01T00:00:00Z,uri,http://www.wikidata.org/entity/Q424,literal,http://www.wikidata.org/entity/Q12147,literal,,literal,,literal,http://www.wikidata.org/entity/Q334,literal,,en,literal,Hello Health Group Pte. Ltd,wd:Q252
92,uri,http://www.wikidata.org/entity/Q67901817,en,literal,Pok Pok,,,,,,,uri,http://www.wikidata.org/entity/Q252,literal,,literal,,literal,,literal,,literal,,,,,wd:Q252
93,uri,http://www.wikidata.org/entity/Q5396630,en,literal,Es Teler 77,,,,http://www.w3.org/2001/XMLSchema#dateTime,literal,1982-01-01T00:00:00Z,uri,http://www.wikidata.org/entity/Q252,literal,http://www.wikidata.org/entity/Q11707,literal,,literal,,literal,,literal,,,,,wd:Q252
94,uri,http://www.wikidata.org/entity/Q12486502,en,literal,Indonesia Shang Bao,,,,http://www.w3.org/2001/XMLSchema#dateTime,literal,2000-04-17T00:00:00Z,uri,http://www.wikidata.org/entity/Q252,literal,,literal,,literal,,literal,,literal,,,,,wd:Q252
95,uri,http://www.wikidata.org/entity/Q138133,en,literal,RWE,http://www.w3.org/2001/XMLSchema#decimal,literal,19792,http://www.w3.org/2001/XMLSchema#dateTime,literal,1898-04-25T00:00:00Z,uri,http://www.wikidata.org/entity/Q36,literal,"http://www.wikidata.org/entity/Q2151621, http://www.wikidata.org/entity/Q1341477, http://www.wikidata.org/entity/Q1326594",literal,"http://www.wikidata.org/entity/Q15842921, http://www.wikidata.org/entity/Q2078625, http://www.wikidata.org/entity/Q108936810",literal,,literal,http://www.wikidata.org/entity/Q2066,literal,"http://www.wikidata.org/entity/Q155718, http://www.wikidata.org/entity/Q874430, http://www.wikidata.org/entity/Q1230458, http://www.wikidata.org/entity/Q6571804",,,,wd:Q252
96,uri,http://www.wikidata.org/entity/Q63371124,en,literal,Guardian,,,,,,,uri,http://www.wikidata.org/entity/Q833,literal,http://www.wikidata.org/entity/Q126793,literal,,literal,,literal,,literal,,,,,wd:Q252
97,uri,http://www.wikidata.org/entity/Q38116375,en,literal,Voyagin,,,,http://www.w3.org/2001/XMLSchema#dateTime,literal,2011-01-01T00:00:00Z,uri,http://www.wikidata.org/entity/Q869,literal,,literal,http://www.wikidata.org/entity/Q17229042,literal,,literal,http://www.wikidata.org/entity/Q1490,literal,,,,,wd:Q252
98,uri,http://www.wikidata.org/entity/Q12477678,en,literal,Indo Semar Records,,,,,,,uri,http://www.wikidata.org/entity/Q252,literal,,literal,,literal,,literal,,literal,,,,,wd:Q252
99,uri,http://www.wikidata.org/entity/Q12474533,en,literal,Bank Syariah Mandiri,,,,http://www.w3.org/2001/XMLSchema#dateTime,literal,1995-01-01T00:00:00Z,uri,http://www.wikidata.org/entity/Q252,literal,"http://www.wikidata.org/entity/Q1416657, http://www.wikidata.org/entity/Q837171, http://www.wikidata.org/entity/Q806718",literal,,literal,,literal,http://www.wikidata.org/entity/Q3630,literal,,id,literal,PT Bank Syariah Mandiri,wd:Q252
100,uri,http://www.wikidata.org/entity/Q56388471,en,literal,Bank MNC Internasional,,,,,,,uri,http://www.wikidata.org/entity/Q252,literal,http://www.wikidata.org/entity/Q806718,literal,,literal,,literal,,literal,,id,literal,PT Bank MNC Internasional Tbk.,wd:Q252
101,uri,http://www.wikidata.org/entity/Q2882611,en,literal,Bank Negara Indonesia,,,,http://www.w3.org/2001/XMLSchema#dateTime,literal,1946-01-01T00:00:00Z,uri,http://www.wikidata.org/entity/Q252,literal,"http://www.wikidata.org/entity/Q1416657, http://www.wikidata.org/entity/Q837171, http://www.wikidata.org/entity/Q806718",literal,,literal,,literal,http://www.wikidata.org/entity/Q2361543,literal,,id,literal,PT Bank Negara Indonesia (Persero) Tbk,wd:Q252
102,uri,http://www.wikidata.org/entity/Q83737,en,literal,Media Indonesia,,,,,,,uri,http://www.wikidata.org/entity/Q252,literal,,literal,,literal,,literal,,literal,,,,,wd:Q252
103,uri,http://www.wikidata.org/entity/Q19726033,en,literal,GP Records,,,,http://www.w3.org/2001/XMLSchema#dateTime,literal,2012-01-01T00:00:00Z,uri,http://www.wikidata.org/entity/Q252,literal,http://www.wikidata.org/entity/Q746359,literal,,literal,,literal,http://www.wikidata.org/entity/Q3630,literal,,,,,wd:Q252
104,uri,http://www.wikidata.org/entity/Q12474532,en,literal,Bank Syariah Bukopin,,,,http://www.w3.org/2001/XMLSchema#dateTime,literal,1990-01-01T00:00:00Z,uri,http://www.wikidata.org/entity/Q252,literal,,literal,,literal,,literal,http://www.wikidata.org/entity/Q3630,literal,,,,,wd:Q252
105,uri,http://www.wikidata.org/entity/Q76099070,en,literal,Tiger Sugar,,,,,,,uri,http://www.wikidata.org/entity/Q334,literal,"http://www.wikidata.org/entity/Q4899370, http://www.wikidata.org/entity/Q540912",literal,,literal,,literal,http://www.wikidata.org/entity/Q569548,literal,,,,,wd:Q252
106,uri,http://www.wikidata.org/entity/Q113858405,en,literal,Hello Health Group,http://www.w3.org/2001/XMLSchema#decimal,literal,351,http://www.w3.org/2001/XMLSchema#dateTime,literal,2015-01-01T00:00:00Z,uri,http://www.wikidata.org/entity/Q881,literal,http://www.wikidata.org/entity/Q12147,literal,,literal,,literal,http://www.wikidata.org/entity/Q334,literal,,en,literal,Hello Health Group Pte. Ltd,wd:Q252
107,uri,http://www.wikidata.org/entity/Q12523354,en,literal,Janabadra University,,,,http://www.w3.org/2001/XMLSchema#dateTime,literal,1958-10-07T00:00:00Z,uri,http://www.wikidata.org/entity/Q252,literal,,literal,,literal,,literal,,literal,,,,,wd:Q252
108,uri,http://www.wikidata.org/entity/Q101500907,en,literal,Blackboard Indonesia,,,,http://www.w3.org/2001/XMLSchema#dateTime,literal,1987-01-01T00:00:00Z,uri,http://www.wikidata.org/entity/Q252,literal,,literal,,literal,,literal,http://www.wikidata.org/entity/Q3630,literal,,,,,wd:Q252
109,uri,http://www.wikidata.org/entity/Q7603634,en,literal,Padang State University,,,,http://www.w3.org/2001/XMLSchema#dateTime,literal,1954-09-01T00:00:00Z,uri,http://www.wikidata.org/entity/Q252,literal,,literal,,literal,,literal,,literal,,,,,wd:Q252
110,uri,http://www.wikidata.org/entity/Q110903311,en,literal,The Aveda Boutique Hotel,,,,http://www.w3.org/2001/XMLSchema#dateTime,literal,2015-01-01T00:00:00Z,uri,http://www.wikidata.org/entity/Q252,literal,,literal,,literal,,literal,,literal,,,,,wd:Q252
111,uri,http://www.wikidata.org/entity/Q571116,en,literal,Antara,http://www.w3.org/2001/XMLSchema#decimal,literal,200,http://www.w3.org/2001/XMLSchema#dateTime,literal,1937-01-01T00:00:00Z,uri,http://www.wikidata.org/entity/Q252,literal,http://www.wikidata.org/entity/Q192283,literal,,literal,,literal,http://www.wikidata.org/entity/Q3630,literal,,,,,wd:Q252
112,uri,http://www.wikidata.org/entity/Q3213529,en,literal,Indonesia University of Education,,,,http://www.w3.org/2001/XMLSchema#dateTime,literal,1954-10-20T00:00:00Z,uri,http://www.wikidata.org/entity/Q252,literal,,literal,,literal,,literal,,literal,,,,,wd:Q252
113,uri,http://www.wikidata.org/entity/Q512468,en,literal,Garuda Indonesia,,,,http://www.w3.org/2001/XMLSchema#dateTime,literal,1947-08-01T00:00:00Z,uri,http://www.wikidata.org/entity/Q252,literal,"http://www.wikidata.org/entity/Q96472425, http://www.wikidata.org/entity/Q2516512, http://www.wikidata.org/entity/Q1875606",literal,,literal,,literal,"http://www.wikidata.org/entity/Q749497, http://www.wikidata.org/entity/Q10127",literal,,id,literal,PT Garuda Indonesia (Persero) Tbk,wd:Q252
114,uri,http://www.wikidata.org/entity/Q1641044,en,literal,Pertamina,,,,http://www.w3.org/2001/XMLSchema#dateTime,literal,1968-01-01T00:00:00Z,uri,http://www.wikidata.org/entity/Q252,literal,http://www.wikidata.org/entity/Q4318084,literal,,literal,,literal,http://www.wikidata.org/entity/Q3630,literal,,,,,wd:Q252
115,uri,http://www.wikidata.org/entity/Q48966427,en,literal,Ruangguru,,,,http://www.w3.org/2001/XMLSchema#dateTime,literal,2014-01-01T00:00:00Z,uri,http://www.wikidata.org/entity/Q252,literal,http://www.wikidata.org/entity/Q446760,literal,,literal,,literal,http://www.wikidata.org/entity/Q3630,literal,,id,literal,PT Ruang Raya Indonesia,wd:Q252
116,uri,http://www.wikidata.org/entity/Q6482697,en,literal,Lampung University,,,,http://www.w3.org/2001/XMLSchema#dateTime,literal,1965-09-23T00:00:00Z,uri,http://www.wikidata.org/entity/Q252,literal,,literal,,literal,,literal,,literal,,,,,wd:Q252
117,uri,http://www.wikidata.org/entity/Q1847733,en,literal,Pelita Harapan University,,,,http://www.w3.org/2001/XMLSchema#dateTime,literal,1993-12-13T00:00:00Z,uri,http://www.wikidata.org/entity/Q252,literal,,literal,,literal,,literal,,literal,,,,,wd:Q252
118,uri,http://www.wikidata.org/entity/Q76099070,en,literal,Tiger Sugar,,,,,,,uri,http://www.wikidata.org/entity/Q252,literal,"http://www.wikidata.org/entity/Q4899370, http://www.wikidata.org/entity/Q540912",literal,,literal,,literal,http://www.wikidata.org/entity/Q569548,literal,,,,,wd:Q252
119,uri,http://www.wikidata.org/entity/Q138133,en,literal,RWE,http://www.w3.org/2001/XMLSchema#decimal,literal,19792,http://www.w3.org/2001/XMLSchema#dateTime,literal,1898-04-25T00:00:00Z,uri,http://www.wikidata.org/entity/Q884,literal,"http://www.wikidata.org/entity/Q2151621, http://www.wikidata.org/entity/Q1341477, http://www.wikidata.org/entity/Q1326594",literal,"http://www.wikidata.org/entity/Q15842921, http://www.wikidata.org/entity/Q2078625, http://www.wikidata.org/entity/Q108936810",literal,,literal,http://www.wikidata.org/entity/Q2066,literal,"http://www.wikidata.org/entity/Q155718, http://www.wikidata.org/entity/Q874430, http://www.wikidata.org/entity/Q1230458, http://www.wikidata.org/entity/Q6571804",,,,wd:Q252
120,uri,http://www.wikidata.org/entity/Q67463292,en,literal,Warunk Upnormal,,,,,,,uri,http://www.wikidata.org/entity/Q252,literal,,literal,,literal,,literal,,literal,,,,,wd:Q252
121,uri,http://www.wikidata.org/entity/Q19724200,,literal,Q19724200,,,,,,,uri,http://www.wikidata.org/entity/Q252,literal,,literal,,literal,,literal,http://www.wikidata.org/entity/Q11025,literal,,,,,wd:Q252
122,uri,http://www.wikidata.org/entity/Q22915087,en,literal,Richeese Factory,,,,http://www.w3.org/2001/XMLSchema#dateTime,literal,2011-01-01T00:00:00Z,uri,http://www.wikidata.org/entity/Q252,literal,,literal,,literal,,literal,http://www.wikidata.org/entity/Q10389,literal,,,,,wd:Q252
123,uri,http://www.wikidata.org/entity/Q19731380,en,literal,Ramayana Lestari Sentosa,,,,,,,uri,http://www.wikidata.org/entity/Q252,literal,http://www.wikidata.org/entity/Q126793,literal,,literal,,literal,,literal,,id,literal,Ramayana Lestari Sentosa Tbk,wd:Q252
124,uri,http://www.wikidata.org/entity/Q12502751,en,literal,Bank Pan Indonesia,,,,,,,uri,http://www.wikidata.org/entity/Q252,literal,"http://www.wikidata.org/entity/Q1416657, http://www.wikidata.org/entity/Q837171, http://www.wikidata.org/entity/Q806718",literal,,literal,,literal,http://www.wikidata.org/entity/Q3630,literal,,id,literal,Bank Pan Indonesia Tbk,wd:Q252
125,uri,http://www.wikidata.org/entity/Q19729764,en,literal,Hilton Bali Resort,,,,http://www.w3.org/2001/XMLSchema#dateTime,literal,2016-12-01T00:00:00Z,uri,http://www.wikidata.org/entity/Q252,literal,,literal,,literal,,literal,,literal,,en,literal,Hilton Bali Resort,wd:Q252
126,uri,http://www.wikidata.org/entity/Q138133,en,literal,RWE,http://www.w3.org/2001/XMLSchema#decimal,literal,19792,http://www.w3.org/2001/XMLSchema#dateTime,literal,1898-04-25T00:00:00Z,uri,http://www.wikidata.org/entity/Q55,literal,"http://www.wikidata.org/entity/Q2151621, http://www.wikidata.org/entity/Q1341477, http://www.wikidata.org/entity/Q1326594",literal,"http://www.wikidata.org/entity/Q15842921, http://www.wikidata.org/entity/Q2078625, http://www.wikidata.org/entity/Q108936810",literal,,literal,http://www.wikidata.org/entity/Q2066,literal,"http://www.wikidata.org/entity/Q155718, http://www.wikidata.org/entity/Q874430, http://www.wikidata.org/entity/Q1230458, http://www.wikidata.org/entity/Q6571804",,,,wd:Q252
127,uri,http://www.wikidata.org/entity/Q1579397,en,literal,Bandung Institute of Technology,,,,http://www.w3.org/2001/XMLSchema#dateTime,literal,1957-01-01T00:00:00Z,uri,http://www.wikidata.org/entity/Q252,literal,,literal,,literal,,literal,,literal,http://www.wikidata.org/entity/Q106272535,,,,wd:Q252
128,uri,http://www.wikidata.org/entity/Q3181122,en,literal,Padjadjaran University,,,,http://www.w3.org/2001/XMLSchema#dateTime,literal,1957-01-01T00:00:00Z,uri,http://www.wikidata.org/entity/Q252,literal,,literal,,literal,,literal,,literal,,,,,wd:Q252
129,uri,http://www.wikidata.org/entity/Q12474534,en,literal,Bank Tabungan Negara,,,,http://www.w3.org/2001/XMLSchema#dateTime,literal,1897-01-01T00:00:00Z,uri,http://www.wikidata.org/entity/Q252,literal,"http://www.wikidata.org/entity/Q1416657, http://www.wikidata.org/entity/Q837171, http://www.wikidata.org/entity/Q806718",literal,,literal,,literal,,literal,,id,literal,PT Bank Tabungan Negara (Persero) Tbk,wd:Q252
130,uri,http://www.wikidata.org/entity/Q12523382,en,literal,University of Muhammadiyah Aceh,,,,http://www.w3.org/2001/XMLSchema#dateTime,literal,1987-03-11T00:00:00Z,uri,http://www.wikidata.org/entity/Q252,literal,,literal,,literal,,literal,,literal,,,,,wd:Q252
131,uri,http://www.wikidata.org/entity/Q12523371,en,literal,Lancang Kuning University,,,,,,,uri,http://www.wikidata.org/entity/Q252,literal,,literal,,literal,,literal,,literal,,,,,wd:Q252
132,uri,http://www.wikidata.org/entity/Q23848462,en,literal,PKT,,,,http://www.w3.org/2001/XMLSchema#dateTime,literal,1990-01-01T00:00:00Z,uri,http://www.wikidata.org/entity/Q252,literal,http://www.wikidata.org/entity/Q83323,literal,http://www.wikidata.org/entity/Q23927260,literal,,literal,http://www.wikidata.org/entity/Q5972,literal,,id,literal,PT PKT,wd:Q252
133,uri,http://www.wikidata.org/entity/Q4200627,en,literal,Diponegoro University,http://www.w3.org/2001/XMLSchema#decimal,literal,2815,http://www.w3.org/2001/XMLSchema#dateTime,literal,1957-01-09T00:00:00Z,uri,http://www.wikidata.org/entity/Q252,literal,,literal,,literal,,literal,,literal,,,,,wd:Q252
134,uri,http://www.wikidata.org/entity/Q19724214,en,literal,Bank OCBC NISP,,,,http://www.w3.org/2001/XMLSchema#dateTime,literal,1941-01-01T00:00:00Z,uri,http://www.wikidata.org/entity/Q252,literal,http://www.wikidata.org/entity/Q806718,literal,,literal,,literal,,literal,,id,literal,PT Bank OCBC NISP Tbk,wd:Q252
135,uri,http://www.wikidata.org/entity/Q4855949,en,literal,Bank Muamalat,,,,http://www.w3.org/2001/XMLSchema#dateTime,literal,1991-01-01T00:00:00Z,uri,http://www.wikidata.org/entity/Q252,literal,"http://www.wikidata.org/entity/Q1416657, http://www.wikidata.org/entity/Q837171, http://www.wikidata.org/entity/Q806718",literal,,literal,,literal,http://www.wikidata.org/entity/Q3630,literal,,,,,wd:Q252
136,uri,http://www.wikidata.org/entity/Q15057698,en,literal,Telkom University,,,,http://www.w3.org/2001/XMLSchema#dateTime,literal,2013-08-14T00:00:00Z,uri,http://www.wikidata.org/entity/Q252,literal,,literal,,literal,,literal,,literal,,,,,wd:Q252
137,uri,http://www.wikidata.org/entity/Q67910364,en,literal,il Tempo del Gelato,,,,,,,uri,http://www.wikidata.org/entity/Q252,literal,,literal,,literal,,literal,,literal,,,,,wd:Q252
138,uri,http://www.wikidata.org/entity/Q18712406,en,literal,Lazada Group,http://www.w3.org/2001/XMLSchema#decimal,literal,4000,http://www.w3.org/2001/XMLSchema#dateTime,literal,2012-01-01T00:00:00Z,uri,http://www.wikidata.org/entity/Q869,literal,http://www.wikidata.org/entity/Q484847,literal,,literal,,literal,http://www.wikidata.org/entity/Q334,literal,,,,,wd:Q252
139,uri,http://www.wikidata.org/entity/Q2141411,en,literal,Hilton Bandung,,,,http://www.w3.org/2001/XMLSchema#dateTime,literal,2009-01-01T00:00:00Z,uri,http://www.wikidata.org/entity/Q252,literal,,literal,,literal,,literal,,literal,,en,literal,Hilton Bandung,wd:Q252
140,uri,http://www.wikidata.org/entity/Q6818526,en,literal,Mercu Buana University,,,,http://www.w3.org/2001/XMLSchema#dateTime,literal,1985-10-22T00:00:00Z,uri,http://www.wikidata.org/entity/Q252,literal,,literal,,literal,,literal,,literal,,,,,wd:Q252
141,uri,http://www.wikidata.org/entity/Q7426888,en,literal,Satya Wacana Christian University,,,,http://www.w3.org/2001/XMLSchema#dateTime,literal,1956-11-30T00:00:00Z,uri,http://www.wikidata.org/entity/Q252,literal,,literal,,literal,,literal,,literal,,,,,wd:Q252
142,uri,http://www.wikidata.org/entity/Q3482752,en,literal,XL Axiata,,,,http://www.w3.org/2001/XMLSchema#dateTime,literal,1996-01-01T00:00:00Z,uri,http://www.wikidata.org/entity/Q252,literal,"http://www.wikidata.org/entity/Q96472425, http://www.wikidata.org/entity/Q56598901, http://www.wikidata.org/entity/Q25245117",literal,,literal,,literal,http://www.wikidata.org/entity/Q3630,literal,,id,literal,PT XL Axiata Tbk,wd:Q252
143,uri,http://www.wikidata.org/entity/Q19744919,en,literal,Vidio,,,,http://www.w3.org/2001/XMLSchema#dateTime,literal,2014-10-01T00:00:00Z,uri,http://www.wikidata.org/entity/Q252,literal,,literal,,literal,,literal,http://www.wikidata.org/entity/Q3630,literal,,,,,wd:Q252
144,uri,http://www.wikidata.org/entity/Q19729562,en,literal,MyMusic Records,,,,http://www.w3.org/2001/XMLSchema#dateTime,literal,2009-09-25T00:00:00Z,uri,http://www.wikidata.org/entity/Q252,literal,,literal,,literal,,literal,,literal,,,,,wd:Q252
145,uri,http://www.wikidata.org/entity/Q67462086,en,literal,Rocket Chicken,,,,http://www.w3.org/2001/XMLSchema#dateTime,literal,2010-02-21T00:00:00Z,uri,http://www.wikidata.org/entity/Q252,literal,,literal,,literal,,literal,,literal,,,,,wd:Q252
146,uri,http://www.wikidata.org/entity/Q11264892,en,literal,Kimia Farma,,,,http://www.w3.org/2001/XMLSchema#dateTime,literal,1971-01-01T00:00:00Z,uri,http://www.wikidata.org/entity/Q252,literal,http://www.wikidata.org/entity/Q56573357,literal,,literal,,literal,http://www.wikidata.org/entity/Q3630,literal,,id,literal,Kimia Farma (Persero) Tbk,wd:Q252
147,uri,http://www.wikidata.org/entity/Q13098259,en,literal,Universitas Merdeka Malang,,,,http://www.w3.org/2001/XMLSchema#dateTime,literal,1964-01-01T00:00:00Z,uri,http://www.wikidata.org/entity/Q252,literal,,literal,,literal,,literal,,literal,,,,,wd:Q252
148,uri,http://www.wikidata.org/entity/Q1336952,en,literal,Brawijaya University,,,,http://www.w3.org/2001/XMLSchema#dateTime,literal,1963-01-05T00:00:00Z,uri,http://www.wikidata.org/entity/Q252,literal,,literal,,literal,,literal,,literal,,,,,wd:Q252
149,uri,http://www.wikidata.org/entity/Q367157,en,literal,Jakarta Globe,,,,http://www.w3.org/2001/XMLSchema#dateTime,literal,2008-11-12T00:00:00Z,uri,http://www.wikidata.org/entity/Q252,literal,,literal,,literal,,literal,,literal,,,,,wd:Q252
150,uri,http://www.wikidata.org/entity/Q14457713,en,literal,"Atma Jaya University, Yogyakarta",,,,http://www.w3.org/2001/XMLSchema#dateTime,literal,1965-09-27T00:00:00Z,uri,http://www.wikidata.org/entity/Q252,literal,,literal,,literal,,literal,,literal,,,,,wd:Q252
151,uri,http://www.wikidata.org/entity/Q18712406,en,literal,Lazada Group,http://www.w3.org/2001/XMLSchema#decimal,literal,4000,http://www.w3.org/2001/XMLSchema#dateTime,literal,2012-01-01T00:00:00Z,uri,http://www.wikidata.org/entity/Q881,literal,http://www.wikidata.org/entity/Q484847,literal,,literal,,literal,http://www.wikidata.org/entity/Q334,literal,,,,,wd:Q252
152,uri,http://www.wikidata.org/entity/Q98687155,en,literal,Universal Music Indonesia,,,,http://www.w3.org/2001/XMLSchema#dateTime,literal,1987-01-01T00:00:00Z,uri,http://www.wikidata.org/entity/Q252,literal,,literal,,literal,,literal,http://www.wikidata.org/entity/Q3630,literal,,,,,wd:Q252
153,uri,http://www.wikidata.org/entity/Q4646307,en,literal,99 Ranch Market,,,,http://www.w3.org/2001/XMLSchema#dateTime,literal,1984-01-01T00:00:00Z,uri,http://www.wikidata.org/entity/Q30,literal,http://www.wikidata.org/entity/Q126793,literal,,literal,,literal,http://www.wikidata.org/entity/Q838762,literal,,,,,wd:Q252
154,uri,http://www.wikidata.org/entity/Q7452397,en,literal,Sepuluh Nopember Institute of Technology,,,,http://www.w3.org/2001/XMLSchema#dateTime,literal,1957-11-10T00:00:00Z,uri,http://www.wikidata.org/entity/Q252,literal,,literal,,literal,,literal,,literal,,,,,wd:Q252
155,uri,http://www.wikidata.org/entity/Q7683446,en,literal,Tanjungpura University,,,,http://www.w3.org/2001/XMLSchema#dateTime,literal,1959-05-20T00:00:00Z,uri,http://www.wikidata.org/entity/Q252,literal,,literal,,literal,,literal,,literal,,,,,wd:Q252
156,uri,http://www.wikidata.org/entity/Q4250926,en,literal,Trisakti University,,,,http://www.w3.org/2001/XMLSchema#dateTime,literal,1965-11-29T00:00:00Z,uri,http://www.wikidata.org/entity/Q252,literal,,literal,,literal,,literal,,literal,,,,,wd:Q252
157,uri,http://www.wikidata.org/entity/Q12501429,en,literal,Melawai Optic,,,,,,,uri,http://www.wikidata.org/entity/Q252,literal,,literal,,literal,,literal,,literal,,,,,wd:Q252
158,uri,http://www.wikidata.org/entity/Q56393180,en,literal,Akurama Records,,,,http://www.w3.org/2001/XMLSchema#dateTime,literal,1980-01-01T00:00:00Z,uri,http://www.wikidata.org/entity/Q252,literal,,literal,,literal,,literal,http://www.wikidata.org/entity/Q3630,literal,,,,,wd:Q252
159,uri,http://www.wikidata.org/entity/Q5011747,en,literal,Bank CIMB Niaga,,,,http://www.w3.org/2001/XMLSchema#dateTime,literal,1955-01-01T00:00:00Z,uri,http://www.wikidata.org/entity/Q252,literal,"http://www.wikidata.org/entity/Q1416657, http://www.wikidata.org/entity/Q837171, http://www.wikidata.org/entity/Q806718",literal,,literal,,literal,http://www.wikidata.org/entity/Q3630,literal,,id,literal,PT Bank CIMB Niaga Tbk,wd:Q252
160,uri,http://www.wikidata.org/entity/Q12523390,en,literal,Muhammadiyah University of Jakarta,,,,http://www.w3.org/2001/XMLSchema#dateTime,literal,1956-01-01T00:00:00Z,uri,http://www.wikidata.org/entity/Q252,literal,,literal,,literal,,literal,,literal,,,,,wd:Q252
161,uri,http://www.wikidata.org/entity/Q4630986,en,literal,21 Cineplex,,,,,,,uri,http://www.wikidata.org/entity/Q252,literal,,literal,,literal,,literal,,literal,,,,,wd:Q252
162,uri,http://www.wikidata.org/entity/Q105905211,en,literal,Netrilis,,,,,,,uri,http://www.wikidata.org/entity/Q252,literal,,literal,,literal,,literal,,literal,,,,,wd:Q252
163,uri,http://www.wikidata.org/entity/Q12523349,en,literal,Jakarta State Islamic University,,,,http://www.w3.org/2001/XMLSchema#dateTime,literal,1957-06-01T00:00:00Z,uri,http://www.wikidata.org/entity/Q252,literal,,literal,,literal,,literal,http://www.wikidata.org/entity/Q10128,literal,,,,,wd:Q252
164,uri,http://www.wikidata.org/entity/Q11223593,en,literal,Universitas Islam Negeri Walisongo,,,,http://www.w3.org/2001/XMLSchema#dateTime,literal,1970-04-06T00:00:00Z,uri,http://www.wikidata.org/entity/Q252,literal,,literal,,literal,,literal,,literal,,,,,wd:Q252
165,uri,http://www.wikidata.org/entity/Q63371124,en,literal,Guardian,,,,,,,uri,http://www.wikidata.org/entity/Q424,literal,http://www.wikidata.org/entity/Q126793,literal,,literal,,literal,,literal,,,,,wd:Q252
166,uri,http://www.wikidata.org/entity/Q1573634,en,literal,Udayana University,,,,http://www.w3.org/2001/XMLSchema#dateTime,literal,1962-01-01T00:00:00Z,uri,http://www.wikidata.org/entity/Q252,literal,,literal,,literal,,literal,,literal,,,,,wd:Q252
167,uri,http://www.wikidata.org/entity/Q19729764,en,literal,Hilton Bali Resort,,,,http://www.w3.org/2001/XMLSchema#dateTime,literal,2016-01-01T00:00:00Z,uri,http://www.wikidata.org/entity/Q252,literal,,literal,,literal,,literal,,literal,,en,literal,Hilton Bali Resort,wd:Q252
168,uri,http://www.wikidata.org/entity/Q13322850,en,literal,NET.,,,,http://www.w3.org/2001/XMLSchema#dateTime,literal,2013-01-01T00:00:00Z,uri,http://www.wikidata.org/entity/Q252,literal,,literal,,literal,http://www.wikidata.org/entity/Q12524647,literal,http://www.wikidata.org/entity/Q3630,literal,,,,,wd:Q252
169,uri,http://www.wikidata.org/entity/Q86734001,en,literal,Karoseri Laksana,,,,http://www.w3.org/2001/XMLSchema#dateTime,literal,1967-01-01T00:00:00Z,uri,http://www.wikidata.org/entity/Q252,literal,http://www.wikidata.org/entity/Q190117,literal,,literal,,literal,http://www.wikidata.org/entity/Q10687,literal,,,,,wd:Q252
170,uri,http://www.wikidata.org/entity/Q28214772,en,literal,Blooming Lotus Yoga,,,,http://www.w3.org/2001/XMLSchema#dateTime,literal,2004-01-01T00:00:00Z,uri,http://www.wikidata.org/entity/Q252,literal,http://www.wikidata.org/entity/Q9350,literal,,literal,,literal,http://www.wikidata.org/entity/Q3125978,literal,,,,,wd:Q252
171,uri,http://www.wikidata.org/entity/Q56085408,en,literal,MD Pictures,,,,http://www.w3.org/2001/XMLSchema#dateTime,literal,2006-12-07T00:00:00Z,uri,http://www.wikidata.org/entity/Q252,literal,"http://www.wikidata.org/entity/Q1415395, http://www.wikidata.org/entity/Q37038",literal,,literal,,literal,http://www.wikidata.org/entity/Q3630,literal,,id,literal,MD Pictures,wd:Q252
172,uri,http://www.wikidata.org/entity/Q7603607,en,literal,State University of Makassar,,,,http://www.w3.org/2001/XMLSchema#dateTime,literal,1961-01-01T00:00:00Z,uri,http://www.wikidata.org/entity/Q252,literal,,literal,,literal,,literal,,literal,,,,,wd:Q252
173,uri,http://www.wikidata.org/entity/Q63371124,en,literal,Guardian,,,,,,,uri,http://www.wikidata.org/entity/Q881,literal,http://www.wikidata.org/entity/Q126793,literal,,literal,,literal,,literal,,,,,wd:Q252
174,uri,http://www.wikidata.org/entity/Q56085408,en,literal,MD Pictures,,,,http://www.w3.org/2001/XMLSchema#dateTime,literal,2006-12-07T00:00:00Z,uri,http://www.wikidata.org/entity/Q252,literal,"http://www.wikidata.org/entity/Q1415395, http://www.wikidata.org/entity/Q37038",literal,,literal,,literal,http://www.wikidata.org/entity/Q3630,literal,,ar,literal,إم دي بيكتشرز,wd:Q252
175,uri,http://www.wikidata.org/entity/Q113858405,en,literal,Hello Health Group,http://www.w3.org/2001/XMLSchema#decimal,literal,351,http://www.w3.org/2001/XMLSchema#dateTime,literal,2015-01-01T00:00:00Z,uri,http://www.wikidata.org/entity/Q928,literal,http://www.wikidata.org/entity/Q12147,literal,,literal,,literal,http://www.wikidata.org/entity/Q334,literal,,en,literal,Hello Health Group Pte. Ltd,wd:Q252
176,uri,http://www.wikidata.org/entity/Q623042,en,literal,Bank Rakyat Indonesia,http://www.w3.org/2001/XMLSchema#decimal,literal,60553,http://www.w3.org/2001/XMLSchema#dateTime,literal,1895-12-16T00:00:00Z,uri,http://www.wikidata.org/entity/Q252,literal,"http://www.wikidata.org/entity/Q926217, http://www.wikidata.org/entity/Q806718",literal,,literal,,literal,http://www.wikidata.org/entity/Q3630,literal,,id,literal,PT Bank Rakyat Indonesia (Persero),wd:Q252
177,uri,http://www.wikidata.org/entity/Q29981099,en,literal,Conrad Bali,,,,http://www.w3.org/2001/XMLSchema#dateTime,literal,2004-03-24T00:00:00Z,uri,http://www.wikidata.org/entity/Q252,literal,,literal,,literal,,literal,,literal,,en,literal,Conrad Bali,wd:Q252
178,uri,http://www.wikidata.org/entity/Q1056794,en,literal,Lion Air,,,,http://www.w3.org/2001/XMLSchema#dateTime,literal,1999-01-01T00:00:00Z,uri,http://www.wikidata.org/entity/Q252,literal,,literal,,literal,,literal,"http://www.wikidata.org/entity/Q10116, http://www.wikidata.org/entity/Q3630",literal,,en,literal,PT Lion Mentari Airlines,wd:Q252
179,uri,http://www.wikidata.org/entity/Q113858405,en,literal,Hello Health Group,http://www.w3.org/2001/XMLSchema#decimal,literal,351,http://www.w3.org/2001/XMLSchema#dateTime,literal,2015-01-01T00:00:00Z,uri,http://www.wikidata.org/entity/Q334,literal,http://www.wikidata.org/entity/Q12147,literal,,literal,,literal,http://www.wikidata.org/entity/Q334,literal,,en,literal,Hello Health Group Pte. Ltd,wd:Q252
180,uri,http://www.wikidata.org/entity/Q6382551,en,literal,Kedaulatan Rakyat,,,,http://www.w3.org/2001/XMLSchema#dateTime,literal,1945-09-27T00:00:00Z,uri,http://www.wikidata.org/entity/Q252,literal,,literal,,literal,,literal,,literal,,,,,wd:Q252
181,uri,http://www.wikidata.org/entity/Q14917503,en,literal,Muhammadiyah University of Yogyakarta,,,,http://www.w3.org/2001/XMLSchema#dateTime,literal,1981-01-01T00:00:00Z,uri,http://www.wikidata.org/entity/Q252,literal,,literal,,literal,,literal,,literal,,,,,wd:Q252
182,uri,http://www.wikidata.org/entity/Q7686915,en,literal,Tarumanagara University,,,,http://www.w3.org/2001/XMLSchema#dateTime,literal,1959-06-18T00:00:00Z,uri,http://www.wikidata.org/entity/Q252,literal,,literal,,literal,,literal,,literal,,,,,wd:Q252
183,uri,http://www.wikidata.org/entity/Q4273095,en,literal,Pos Indonesia,,,,http://www.w3.org/2001/XMLSchema#dateTime,literal,1995-01-01T00:00:00Z,uri,http://www.wikidata.org/entity/Q252,literal,,literal,,literal,,literal,http://www.wikidata.org/entity/Q10389,literal,,,,,wd:Q252
184,uri,http://www.wikidata.org/entity/Q4855913,en,literal,Bank Danamon Indonesia,,,,http://www.w3.org/2001/XMLSchema#dateTime,literal,1956-01-01T00:00:00Z,uri,http://www.wikidata.org/entity/Q252,literal,"http://www.wikidata.org/entity/Q837171, http://www.wikidata.org/entity/Q806718",literal,,literal,,literal,http://www.wikidata.org/entity/Q3630,literal,,id,literal,PT Bank Danamon Indonesia Tbk,wd:Q252
185,uri,http://www.wikidata.org/entity/Q17998584,en,literal,National Institute of Health Research and Development,,,,http://www.w3.org/2001/XMLSchema#dateTime,literal,1975-01-01T00:00:00Z,uri,http://www.wikidata.org/entity/Q252,literal,,literal,,literal,,literal,http://www.wikidata.org/entity/Q3630,literal,,id,literal,Badan Penelitian dan Pengembangan Kesehatan,wd:Q252
186,uri,http://www.wikidata.org/entity/Q1579397,en,literal,Bandung Institute of Technology,,,,http://www.w3.org/2001/XMLSchema#dateTime,literal,1920-01-01T00:00:00Z,uri,http://www.wikidata.org/entity/Q252,literal,,literal,,literal,,literal,,literal,http://www.wikidata.org/entity/Q106272535,,,,wd:Q252
187,uri,http://www.wikidata.org/entity/Q12474533,en,literal,Bank Syariah Mandiri,,,,http://www.w3.org/2001/XMLSchema#dateTime,literal,1995-01-01T00:00:00Z,uri,http://www.wikidata.org/entity/Q252,literal,"http://www.wikidata.org/entity/Q1416657, http://www.wikidata.org/entity/Q837171, http://www.wikidata.org/entity/Q806718",literal,,literal,,literal,http://www.wikidata.org/entity/Q3630,literal,,id,literal,PT Bank Industri Nasional,wd:Q252
188,uri,http://www.wikidata.org/entity/Q76099070,en,literal,Tiger Sugar,,,,,,,uri,http://www.wikidata.org/entity/Q833,literal,"http://www.wikidata.org/entity/Q4899370, http://www.wikidata.org/entity/Q540912",literal,,literal,,literal,http://www.wikidata.org/entity/Q569548,literal,,,,,wd:Q252
189,uri,http://www.wikidata.org/entity/Q13098263,en,literal,Muhammadiyah University Purwokerto,,,,http://www.w3.org/2001/XMLSchema#dateTime,literal,1995-07-26T00:00:00Z,uri,http://www.wikidata.org/entity/Q252,literal,,literal,,literal,,literal,,literal,,,,,wd:Q252
190,uri,http://www.wikidata.org/entity/Q76099070,en,literal,Tiger Sugar,,,,,,,uri,http://www.wikidata.org/entity/Q148,literal,"http://www.wikidata.org/entity/Q4899370, http://www.wikidata.org/entity/Q540912",literal,,literal,,literal,http://www.wikidata.org/entity/Q569548,literal,,,,,wd:Q252
191,uri,http://www.wikidata.org/entity/Q67464137,en,literal,Olive Fried Chicken,,,,,,,uri,http://www.wikidata.org/entity/Q252,literal,,literal,,literal,,literal,,literal,,,,,wd:Q252
192,uri,http://www.wikidata.org/entity/Q138133,en,literal,RWE,http://www.w3.org/2001/XMLSchema#decimal,literal,19792,http://www.w3.org/2001/XMLSchema#dateTime,literal,1898-04-25T00:00:00Z,uri,http://www.wikidata.org/entity/Q334,literal,"http://www.wikidata.org/entity/Q2151621, http://www.wikidata.org/entity/Q1341477, http://www.wikidata.org/entity/Q1326594",literal,"http://www.wikidata.org/entity/Q15842921, http://www.wikidata.org/entity/Q2078625, http://www.wikidata.org/entity/Q108936810",literal,,literal,http://www.wikidata.org/entity/Q2066,literal,"http://www.wikidata.org/entity/Q155718, http://www.wikidata.org/entity/Q874430, http://www.wikidata.org/entity/Q1230458, http://www.wikidata.org/entity/Q6571804",,,,wd:Q252
193,uri,http://www.wikidata.org/entity/Q623042,en,literal,Bank Rakyat Indonesia,http://www.w3.org/2001/XMLSchema#decimal,literal,60553,http://www.w3.org/2001/XMLSchema#dateTime,literal,1895-12-16T00:00:00Z,uri,http://www.wikidata.org/entity/Q252,literal,"http://www.wikidata.org/entity/Q926217, http://www.wikidata.org/entity/Q806718",literal,,literal,,literal,http://www.wikidata.org/entity/Q3630,literal,,nl,literal,De Poerwokertosche Hulp en Spaarbank der Inlandsche Hoofden,wd:Q252
194,uri,http://www.wikidata.org/entity/Q1145992,en,literal,Gadjah Mada University,,,,http://www.w3.org/2001/XMLSchema#dateTime,literal,1949-01-01T00:00:00Z,uri,http://www.wikidata.org/entity/Q252,literal,,literal,,literal,,literal,http://www.wikidata.org/entity/Q7568,literal,http://www.wikidata.org/entity/Q106272535,,,,wd:Q252
195,uri,http://www.wikidata.org/entity/Q138133,en,literal,RWE,http://www.w3.org/2001/XMLSchema#decimal,literal,19792,http://www.w3.org/2001/XMLSchema#dateTime,literal,1898-04-25T00:00:00Z,uri,http://www.wikidata.org/entity/Q96,literal,"http://www.wikidata.org/entity/Q2151621, http://www.wikidata.org/entity/Q1341477, http://www.wikidata.org/entity/Q1326594",literal,"http://www.wikidata.org/entity/Q15842921, http://www.wikidata.org/entity/Q2078625, http://www.wikidata.org/entity/Q108936810",literal,,literal,http://www.wikidata.org/entity/Q2066,literal,"http://www.wikidata.org/entity/Q155718, http://www.wikidata.org/entity/Q874430, http://www.wikidata.org/entity/Q1230458, http://www.wikidata.org/entity/Q6571804",,,,wd:Q252
196,uri,http://www.wikidata.org/entity/Q111550670,en,literal,Amok Sunset,,,,,,,uri,http://www.wikidata.org/entity/Q252,literal,,literal,,literal,,literal,,literal,,,,,wd:Q252
197,uri,http://www.wikidata.org/entity/Q6026133,en,literal,Indonesian Institute of Sciences,http://www.w3.org/2001/XMLSchema#decimal,literal,1541,http://www.w3.org/2001/XMLSchema#dateTime,literal,1967-01-01T00:00:00Z,uri,http://www.wikidata.org/entity/Q252,literal,,literal,,literal,,literal,http://www.wikidata.org/entity/Q3630,literal,,,,,wd:Q252
198,uri,http://www.wikidata.org/entity/Q113858405,en,literal,Hello Health Group,http://www.w3.org/2001/XMLSchema#decimal,literal,351,http://www.w3.org/2001/XMLSchema#dateTime,literal,2015-01-01T00:00:00Z,uri,http://www.wikidata.org/entity/Q252,literal,http://www.wikidata.org/entity/Q12147,literal,,literal,,literal,http://www.wikidata.org/entity/Q334,literal,,en,literal,Hello Health Group Pte. Ltd,wd:Q252
199,uri,http://www.wikidata.org/entity/Q18941968,en,literal,State University of Surabaya,,,,http://www.w3.org/2001/XMLSchema#dateTime,literal,1964-01-01T00:00:00Z,uri,http://www.wikidata.org/entity/Q252,literal,,literal,,literal,,literal,,literal,,,,,wd:Q252
200,uri,http://www.wikidata.org/entity/Q38116375,en,literal,Voyagin,,,,http://www.w3.org/2001/XMLSchema#dateTime,literal,2011-01-01T00:00:00Z,uri,http://www.wikidata.org/entity/Q334,literal,,literal,http://www.wikidata.org/entity/Q17229042,literal,,literal,http://www.wikidata.org/entity/Q1490,literal,,,,,wd:Q252
201,uri,http://www.wikidata.org/entity/Q19942740,en,literal,Cinemaxx,,,,,,,uri,http://www.wikidata.org/entity/Q252,literal,,literal,,literal,,literal,,literal,,,,,wd:Q252
202,uri,http://www.wikidata.org/entity/Q7476068,en,literal,Universitas Pasundan,,,,,,,uri,http://www.wikidata.org/entity/Q252,literal,,literal,,literal,,literal,,literal,,,,,wd:Q252
203,uri,http://www.wikidata.org/entity/Q12523402,en,literal,Universitas Muhammadiyah Semarang,,,,,,,uri,http://www.wikidata.org/entity/Q252,literal,,literal,,literal,,literal,,literal,,,,,wd:Q252
204,uri,http://www.wikidata.org/entity/Q12521890,en,literal,Tokopedia,,,,http://www.w3.org/2001/XMLSchema#dateTime,literal,2009-08-17T00:00:00Z,uri,http://www.wikidata.org/entity/Q252,literal,http://www.wikidata.org/entity/Q484847,literal,,literal,,literal,,literal,,id,literal,PT Tokopedia,wd:Q252
205,uri,http://www.wikidata.org/entity/Q138133,en,literal,RWE,http://www.w3.org/2001/XMLSchema#decimal,literal,19792,http://www.w3.org/2001/XMLSchema#dateTime,literal,1898-04-25T00:00:00Z,uri,http://www.wikidata.org/entity/Q252,literal,"http://www.wikidata.org/entity/Q2151621, http://www.wikidata.org/entity/Q1341477, http://www.wikidata.org/entity/Q1326594",literal,"http://www.wikidata.org/entity/Q15842921, http://www.wikidata.org/entity/Q2078625, http://www.wikidata.org/entity/Q108936810",literal,,literal,http://www.wikidata.org/entity/Q2066,literal,"http://www.wikidata.org/entity/Q155718, http://www.wikidata.org/entity/Q874430, http://www.wikidata.org/entity/Q1230458, http://www.wikidata.org/entity/Q6571804",,,,wd:Q252
206,uri,http://www.wikidata.org/entity/Q2278575,en,literal,Republika,,,,http://www.w3.org/2001/XMLSchema#dateTime,literal,1993-01-01T00:00:00Z,uri,http://www.wikidata.org/entity/Q252,literal,,literal,,literal,,literal,http://www.wikidata.org/entity/Q3630,literal,,,,,wd:Q252
207,uri,http://www.wikidata.org/entity/Q12523320,en,literal,Nuswantoro Dian University,,,,http://www.w3.org/2001/XMLSchema#dateTime,literal,1990-01-01T00:00:00Z,uri,http://www.wikidata.org/entity/Q252,literal,,literal,,literal,,literal,,literal,,,,,wd:Q252
208,uri,http://www.wikidata.org/entity/Q4926985,en,literal,CGV Cinemas Indonesia,,,,,,,uri,http://www.wikidata.org/entity/Q252,literal,http://www.wikidata.org/entity/Q1415395,literal,,literal,,literal,,literal,,,,,wd:Q252
209,uri,http://www.wikidata.org/entity/Q4688506,en,literal,Aerowisata,,,,http://www.w3.org/2001/XMLSchema#dateTime,literal,1973-01-01T00:00:00Z,uri,http://www.wikidata.org/entity/Q252,literal,http://www.wikidata.org/entity/Q49389,literal,,literal,,literal,http://www.wikidata.org/entity/Q3630,literal,,,,,wd:Q252
210,uri,http://www.wikidata.org/entity/Q57440617,en,literal,PT Sinar Mas Agro Resources and Technology Tbk,,,,,,,uri,http://www.wikidata.org/entity/Q252,literal,"http://www.wikidata.org/entity/Q231458, http://www.wikidata.org/entity/Q11451",literal,,literal,,literal,,literal,,,,,wd:Q252
211,uri,http://www.wikidata.org/entity/Q3267815,en,literal,Bina Nusantara University,,,,http://www.w3.org/2001/XMLSchema#dateTime,literal,1996-01-01T00:00:00Z,uri,http://www.wikidata.org/entity/Q252,literal,,literal,,literal,,literal,,literal,,,,,wd:Q252
212,uri,http://www.wikidata.org/entity/Q12497643,en,literal,Mayasari Bakti,,,,http://www.w3.org/2001/XMLSchema#dateTime,literal,1964-01-01T00:00:00Z,uri,http://www.wikidata.org/entity/Q252,literal,,literal,,literal,,literal,http://www.wikidata.org/entity/Q13198940,literal,,,,,wd:Q252
213,uri,http://www.wikidata.org/entity/Q38116375,en,literal,Voyagin,,,,http://www.w3.org/2001/XMLSchema#dateTime,literal,2011-01-01T00:00:00Z,uri,http://www.wikidata.org/entity/Q252,literal,,literal,http://www.wikidata.org/entity/Q17229042,literal,,literal,http://www.wikidata.org/entity/Q1490,literal,,,,,wd:Q252
214,uri,http://www.wikidata.org/entity/Q7553485,en,literal,Soegijapranata Catholic University,,,,,,,uri,http://www.wikidata.org/entity/Q252,literal,,literal,,literal,,literal,,literal,,,,,wd:Q252
215,uri,http://www.wikidata.org/entity/Q6127003,en,literal,Jalur Nugraha Ekakurir,,,,http://www.w3.org/2001/XMLSchema#dateTime,literal,1990-01-01T00:00:00Z,uri,http://www.wikidata.org/entity/Q252,literal,,literal,,literal,,literal,http://www.wikidata.org/entity/Q3630,literal,,,,,wd:Q252
216,uri,http://www.wikidata.org/entity/Q28130700,en,literal,Nusantara TV,,,,http://www.w3.org/2001/XMLSchema#dateTime,literal,2015-11-15T00:00:00Z,uri,http://www.wikidata.org/entity/Q252,literal,,literal,http://www.wikidata.org/entity/Q112739152,literal,,literal,,literal,,,,,wd:Q252
217,uri,http://www.wikidata.org/entity/Q96278593,en,literal,Toge Productions,,,,http://www.w3.org/2001/XMLSchema#dateTime,literal,2009-01-20T00:00:00Z,uri,http://www.wikidata.org/entity/Q252,literal,http://www.wikidata.org/entity/Q941594,literal,,literal,,literal,http://www.wikidata.org/entity/Q3630,literal,,,,,wd:Q252
218,uri,http://www.wikidata.org/entity/Q12523340,en,literal,Muhammad Arsyad Al-Banjary Kalimantan Islamic University,,,,,,,uri,http://www.wikidata.org/entity/Q252,literal,,literal,,literal,,literal,,literal,,,,,wd:Q252
219,uri,http://www.wikidata.org/entity/Q13096076,en,literal,Politeknik Negeri Bali,,,,http://www.w3.org/2001/XMLSchema#dateTime,literal,1997-01-01T00:00:00Z,uri,http://www.wikidata.org/entity/Q252,literal,,literal,,literal,,literal,,literal,,,,,wd:Q252
220,uri,http://www.wikidata.org/entity/Q14917501,en,literal,Universitas Islam Negeri Maulana Malik Ibrahim,,,,http://www.w3.org/2001/XMLSchema#dateTime,literal,2004-06-21T00:00:00Z,uri,http://www.wikidata.org/entity/Q252,literal,,literal,,literal,,literal,,literal,,,,,wd:Q252
221,uri,http://www.wikidata.org/entity/Q6382370,en,literal,Kebab Turki Baba Rafi,,,,http://www.w3.org/2001/XMLSchema#dateTime,literal,2005-01-01T00:00:00Z,uri,http://www.wikidata.org/entity/Q252,literal,http://www.wikidata.org/entity/Q6382371,literal,,literal,,literal,http://www.wikidata.org/entity/Q192987,literal,,,,,wd:Q252
222,uri,http://www.wikidata.org/entity/Q76099070,en,literal,Tiger Sugar,,,,,,,uri,http://www.wikidata.org/entity/Q16,literal,"http://www.wikidata.org/entity/Q4899370, http://www.wikidata.org/entity/Q540912",literal,,literal,,literal,http://www.wikidata.org/entity/Q569548,literal,,,,,wd:Q252
223,uri,http://www.wikidata.org/entity/Q106914877,en,literal,GoTo,,,,http://www.w3.org/2001/XMLSchema#dateTime,literal,2021-05-17T00:00:00Z,uri,http://www.wikidata.org/entity/Q252,literal,http://www.wikidata.org/entity/Q11661,literal,,literal,,literal,http://www.wikidata.org/entity/Q10114,literal,,id,literal,GoTo Gojek Tokopedia Tbk,wd:Q252
224,uri,http://www.wikidata.org/entity/Q30527988,en,literal,Amandari,,,,http://www.w3.org/2001/XMLSchema#dateTime,literal,1989-01-01T00:00:00Z,uri,http://www.wikidata.org/entity/Q252,literal,,literal,,literal,,literal,,literal,,,,,wd:Q252
225,uri,http://www.wikidata.org/entity/Q111890567,en,literal,Rocket Chicken,,,,,,,uri,http://www.wikidata.org/entity/Q252,literal,,literal,,literal,,literal,,literal,,,,,wd:Q252
226,uri,http://www.wikidata.org/entity/Q76099070,en,literal,Tiger Sugar,,,,,,,uri,http://www.wikidata.org/entity/Q17,literal,"http://www.wikidata.org/entity/Q4899370, http://www.wikidata.org/entity/Q540912",literal,,literal,,literal,http://www.wikidata.org/entity/Q569548,literal,,,,,wd:Q252
227,uri,http://www.wikidata.org/entity/Q12523407,en,literal,Universitas Muhammadiyah Surabaya,,,,,,,uri,http://www.wikidata.org/entity/Q252,literal,,literal,,literal,,literal,,literal,,,,,wd:Q252
228,uri,http://www.wikidata.org/entity/Q12523375,en,literal,Maritime University of Raja Ali Haji,,,,http://www.w3.org/2001/XMLSchema#dateTime,literal,2007-08-01T00:00:00Z,uri,http://www.wikidata.org/entity/Q252,literal,,literal,,literal,,literal,http://www.wikidata.org/entity/Q10104,literal,,,,,wd:Q252
229,uri,http://www.wikidata.org/entity/Q2393592,en,literal,Indosat,,,,http://www.w3.org/2001/XMLSchema#dateTime,literal,1967-01-01T00:00:00Z,uri,http://www.wikidata.org/entity/Q252,literal,"http://www.wikidata.org/entity/Q96472425, http://www.wikidata.org/entity/Q56598901, http://www.wikidata.org/entity/Q25245117",literal,,literal,,literal,http://www.wikidata.org/entity/Q3630,literal,,id,literal,PT Indosat Tbk,wd:Q252
230,uri,http://www.wikidata.org/entity/Q4751033,en,literal,Analisa,,,,http://www.w3.org/2001/XMLSchema#dateTime,literal,1972-01-01T00:00:00Z,uri,http://www.wikidata.org/entity/Q252,literal,,literal,,literal,,literal,,literal,,,,,wd:Q252
231,uri,http://www.wikidata.org/entity/Q12482004,,literal,Q12482004,,,,http://www.w3.org/2001/XMLSchema#dateTime,literal,1972-01-01T00:00:00Z,uri,http://www.wikidata.org/entity/Q252,literal,,literal,,literal,,literal,,literal,,,,,wd:Q252
232,uri,http://www.wikidata.org/entity/Q6942482,en,literal,Musica Studio's,,,,http://www.w3.org/2001/XMLSchema#dateTime,literal,1968-01-01T00:00:00Z,uri,http://www.wikidata.org/entity/Q252,literal,http://www.wikidata.org/entity/Q746359,literal,,literal,,literal,http://www.wikidata.org/entity/Q3630,literal,,,,,wd:Q252
233,uri,http://www.wikidata.org/entity/Q4262825,en,literal,Indomaret,,,,http://www.w3.org/2001/XMLSchema#dateTime,literal,1988-01-01T00:00:00Z,uri,http://www.wikidata.org/entity/Q252,literal,http://www.wikidata.org/entity/Q7361709,literal,,literal,,literal,http://www.wikidata.org/entity/Q3630,literal,,,,,wd:Q252
234,uri,http://www.wikidata.org/entity/Q74665770,en,literal,DoubleTree by Hilton Hotel Jakarta - Diponegoro,,,,http://www.w3.org/2001/XMLSchema#dateTime,literal,2014-01-01T00:00:00Z,uri,http://www.wikidata.org/entity/Q252,literal,,literal,,literal,,literal,,literal,,en,literal,DoubleTree by Hilton Hotel Jakarta - Diponegoro,wd:Q252
235,uri,http://www.wikidata.org/entity/Q4855963,en,literal,Bank Permata,,,,http://www.w3.org/2001/XMLSchema#dateTime,literal,1954-01-01T00:00:00Z,uri,http://www.wikidata.org/entity/Q252,literal,http://www.wikidata.org/entity/Q806718,literal,,literal,,literal,http://www.wikidata.org/entity/Q3630,literal,,id,literal,Bank Permata Tbk,wd:Q252
236,uri,http://www.wikidata.org/entity/Q18712406,en,literal,Lazada Group,http://www.w3.org/2001/XMLSchema#decimal,literal,4000,http://www.w3.org/2001/XMLSchema#dateTime,literal,2012-01-01T00:00:00Z,uri,http://www.wikidata.org/entity/Q928,literal,http://www.wikidata.org/entity/Q484847,literal,,literal,,literal,http://www.wikidata.org/entity/Q334,literal,,,,,wd:Q252
237,uri,http://www.wikidata.org/entity/Q96472613,en,literal,Surya Toto Indonesia,,,,,,,uri,http://www.wikidata.org/entity/Q252,literal,http://www.wikidata.org/entity/Q96472399,literal,,literal,,literal,,literal,,id,literal,Surya Toto Indonesia Tbk,wd:Q252
238,uri,http://www.wikidata.org/entity/Q18712406,en,literal,Lazada Group,http://www.w3.org/2001/XMLSchema#decimal,literal,4000,http://www.w3.org/2001/XMLSchema#dateTime,literal,2012-01-01T00:00:00Z,uri,http://www.wikidata.org/entity/Q334,literal,http://www.wikidata.org/entity/Q484847,literal,,literal,,literal,http://www.wikidata.org/entity/Q334,literal,,,,,wd:Q252
239,uri,http://www.wikidata.org/entity/Q12485456,en,literal,XL,,,,,,,uri,http://www.wikidata.org/entity/Q252,literal,,literal,,literal,,literal,http://www.wikidata.org/entity/Q3630,literal,,,,,wd:Q252
240,uri,http://www.wikidata.org/entity/Q105574200,en,literal,Bank Syariah Indonesia,,,,http://www.w3.org/2001/XMLSchema#dateTime,literal,2021-02-01T00:00:00Z,uri,http://www.wikidata.org/entity/Q252,literal,http://www.wikidata.org/entity/Q457753,literal,,literal,,literal,,literal,,,,,wd:Q252
241,uri,http://www.wikidata.org/entity/Q107726575,,literal,Q107726575,,,,,,,uri,http://www.wikidata.org/entity/Q252,literal,,literal,,literal,,literal,,literal,,,,,wd:Q252
242,uri,http://www.wikidata.org/entity/Q76099070,en,literal,Tiger Sugar,,,,,,,uri,http://www.wikidata.org/entity/Q30,literal,"http://www.wikidata.org/entity/Q4899370, http://www.wikidata.org/entity/Q540912",literal,,literal,,literal,http://www.wikidata.org/entity/Q569548,literal,,,,,wd:Q252
243,uri,http://www.wikidata.org/entity/Q4200297,en,literal,Sriwijaya University,,,,http://www.w3.org/2001/XMLSchema#dateTime,literal,1960-10-29T00:00:00Z,uri,http://www.wikidata.org/entity/Q252,literal,,literal,,literal,,literal,,literal,,,,,wd:Q252
244,uri,http://www.wikidata.org/entity/Q7420423,en,literal,Santika Indonesia Hotels & Resorts,,,,http://www.w3.org/2001/XMLSchema#dateTime,literal,1981-08-22T00:00:00Z,uri,http://www.wikidata.org/entity/Q252,literal,http://www.wikidata.org/entity/Q1495452,literal,,literal,,literal,,literal,,,,,wd:Q252
245,uri,http://www.wikidata.org/entity/Q63371124,en,literal,Guardian,,,,,,,uri,http://www.wikidata.org/entity/Q921,literal,http://www.wikidata.org/entity/Q126793,literal,,literal,,literal,,literal,,,,,wd:Q252
246,uri,http://www.wikidata.org/entity/Q6127803,en,literal,Jambi University,,,,http://www.w3.org/2001/XMLSchema#dateTime,literal,1963-03-23T00:00:00Z,uri,http://www.wikidata.org/entity/Q252,literal,,literal,,literal,,literal,,literal,,,,,wd:Q252
247,uri,http://www.wikidata.org/entity/Q17585104,en,literal,K-Vision,,,,http://www.w3.org/2001/XMLSchema#dateTime,literal,2014-04-18T00:00:00Z,uri,http://www.wikidata.org/entity/Q252,literal,http://www.wikidata.org/entity/Q209588,literal,,literal,,literal,http://www.wikidata.org/entity/Q3630,literal,,id,literal,PT Digital Vision Nusantara,wd:Q252
248,uri,http://www.wikidata.org/entity/Q76099070,en,literal,Tiger Sugar,,,,,,,uri,http://www.wikidata.org/entity/Q865,literal,"http://www.wikidata.org/entity/Q4899370, http://www.wikidata.org/entity/Q540912",literal,,literal,,literal,http://www.wikidata.org/entity/Q569548,literal,,,,,wd:Q252
249,uri,http://www.wikidata.org/entity/Q12474533,en,literal,Bank Syariah Mandiri,,,,http://www.w3.org/2001/XMLSchema#dateTime,literal,1995-01-01T00:00:00Z,uri,http://www.wikidata.org/entity/Q252,literal,"http://www.wikidata.org/entity/Q1416657, http://www.wikidata.org/entity/Q837171, http://www.wikidata.org/entity/Q806718",literal,,literal,,literal,http://www.wikidata.org/entity/Q3630,literal,,id,literal,PT Bank Susila Bakti,wd:Q252
250,uri,http://www.wikidata.org/entity/Q12506012,en,literal,Politeknik Caltex Riau,,,,http://www.w3.org/2001/XMLSchema#dateTime,literal,2001-06-05T00:00:00Z,uri,http://www.wikidata.org/entity/Q252,literal,,literal,,literal,,literal,,literal,,,,,wd:Q252
251,uri,http://www.wikidata.org/entity/Q7415523,en,literal,Sanata Dharma University,,,,http://www.w3.org/2001/XMLSchema#dateTime,literal,1955-01-01T00:00:00Z,uri,http://www.wikidata.org/entity/Q252,literal,,literal,,literal,,literal,,literal,,,,,wd:Q252
252,uri,http://www.wikidata.org/entity/Q113858405,en,literal,Hello Health Group,http://www.w3.org/2001/XMLSchema#decimal,literal,351,http://www.w3.org/2001/XMLSchema#dateTime,literal,2015-01-01T00:00:00Z,uri,http://www.wikidata.org/entity/Q668,literal,http://www.wikidata.org/entity/Q12147,literal,,literal,,literal,http://www.wikidata.org/entity/Q334,literal,,en,literal,Hello Health Group Pte. Ltd,wd:Q252
