,business.type,business.value,businessLabel.xml:lang,businessLabel.type,businessLabel.value,origindate.datatype,origindate.type,origindate.value,country.type,country.value,industries.type,industries.value,ceos.type,ceos.value,chairs.type,chairs.value,hqs.type,hqs.value,groups.type,groups.value,country
0,uri,http://www.wikidata.org/entity/Q7904565,en,literal,Uzbekistan National News Agency,http://www.w3.org/2001/XMLSchema#dateTime,literal,1992-01-01T00:00:00Z,uri,http://www.wikidata.org/entity/Q265,literal,,literal,,literal,,literal,http://www.wikidata.org/entity/Q269,literal,,wd:Q265
1,uri,http://www.wikidata.org/entity/Q109930540,en,literal,Shukrona Media Production,,,,uri,http://www.wikidata.org/entity/Q265,literal,,literal,,literal,,literal,http://www.wikidata.org/entity/Q269,literal,,wd:Q265
2,uri,http://www.wikidata.org/entity/Q110120894,en,literal,Korzinka,http://www.w3.org/2001/XMLSchema#dateTime,literal,1996-01-01T00:00:00Z,uri,http://www.wikidata.org/entity/Q265,literal,,literal,,literal,,literal,http://www.wikidata.org/entity/Q269,literal,,wd:Q265
3,uri,http://www.wikidata.org/entity/Q18635302,en,literal,UMS,http://www.w3.org/2001/XMLSchema#dateTime,literal,2014-01-01T00:00:00Z,uri,http://www.wikidata.org/entity/Q265,literal,"http://www.wikidata.org/entity/Q56598901, http://www.wikidata.org/entity/Q25245117",literal,,literal,,literal,http://www.wikidata.org/entity/Q269,literal,,wd:Q265
