,business.type,business.value,businessLabel.xml:lang,businessLabel.type,businessLabel.value,country.type,country.value,industries.type,industries.value,ceos.type,ceos.value,chairs.type,chairs.value,hqs.type,hqs.value,groups.type,groups.value,origindate.datatype,origindate.type,origindate.value,employees.datatype,employees.type,employees.value,profit.datatype,profit.type,profit.value,officialname.xml:lang,officialname.type,officialname.value,assets.datatype,assets.type,assets.value,equity.datatype,equity.type,equity.value,country
0,uri,http://www.wikidata.org/entity/Q107603784,en,literal,AC Productions,uri,http://www.wikidata.org/entity/Q27,literal,,literal,,literal,,literal,http://www.wikidata.org/entity/Q2672390,literal,,,,,,,,,,,,,,,,,,,,wd:Q27
1,uri,http://www.wikidata.org/entity/Q5566596,en,literal,Glanbia,uri,http://www.wikidata.org/entity/Q27,literal,,literal,,literal,,literal,http://www.wikidata.org/entity/Q109092,literal,,http://www.w3.org/2001/XMLSchema#dateTime,literal,1997-01-01T00:00:00Z,,,,,,,,,,,,,,,,wd:Q27
2,uri,http://www.wikidata.org/entity/Q86355054,en,literal,The Lisa Richards Agency,uri,http://www.wikidata.org/entity/Q27,literal,,literal,,literal,,literal,http://www.wikidata.org/entity/Q3228994,literal,,http://www.w3.org/2001/XMLSchema#dateTime,literal,1989-01-01T00:00:00Z,,,,,,,,,,,,,,,,wd:Q27
3,uri,http://www.wikidata.org/entity/Q662845,en,literal,PizzaExpress,uri,http://www.wikidata.org/entity/Q27,literal,http://www.wikidata.org/entity/Q11707,literal,,literal,,literal,http://www.wikidata.org/entity/Q3552816,literal,,http://www.w3.org/2001/XMLSchema#dateTime,literal,1965-01-01T00:00:00Z,,,,,,,,,,,,,,,,wd:Q27
4,uri,http://www.wikidata.org/entity/Q138133,en,literal,RWE,uri,http://www.wikidata.org/entity/Q17,literal,"http://www.wikidata.org/entity/Q2151621, http://www.wikidata.org/entity/Q1341477, http://www.wikidata.org/entity/Q1326594",literal,"http://www.wikidata.org/entity/Q15842921, http://www.wikidata.org/entity/Q2078625, http://www.wikidata.org/entity/Q108936810",literal,,literal,http://www.wikidata.org/entity/Q2066,literal,"http://www.wikidata.org/entity/Q155718, http://www.wikidata.org/entity/Q874430, http://www.wikidata.org/entity/Q1230458, http://www.wikidata.org/entity/Q6571804",http://www.w3.org/2001/XMLSchema#dateTime,literal,1898-04-25T00:00:00Z,http://www.w3.org/2001/XMLSchema#decimal,literal,19792,,,,,,,,,,,,,wd:Q27
5,uri,http://www.wikidata.org/entity/Q4698488,en,literal,Aircoach,uri,http://www.wikidata.org/entity/Q27,literal,,literal,,literal,,literal,http://www.wikidata.org/entity/Q1761,literal,,http://www.w3.org/2001/XMLSchema#dateTime,literal,1999-01-01T00:00:00Z,,,,,,,,,,,,,,,,wd:Q27
6,uri,http://www.wikidata.org/entity/Q24197005,en,literal,Clayton Hotel Dublin Airport,uri,http://www.wikidata.org/entity/Q27,literal,,literal,,literal,,literal,,literal,,,,,,,,,,,,,,,,,,,,wd:Q27
7,uri,http://www.wikidata.org/entity/Q746413,en,literal,Elsevier BV,uri,http://www.wikidata.org/entity/Q668,literal,http://www.wikidata.org/entity/Q3972943,literal,,literal,,literal,"http://www.wikidata.org/entity/Q2662373, http://www.wikidata.org/entity/Q1345",literal,,http://www.w3.org/2001/XMLSchema#dateTime,literal,1880-01-01T00:00:00Z,http://www.w3.org/2001/XMLSchema#decimal,literal,6900,http://www.w3.org/2001/XMLSchema#decimal,literal,600000000,,,,,,,,,,wd:Q27
8,uri,http://www.wikidata.org/entity/Q7065448,en,literal,NOW TV,uri,http://www.wikidata.org/entity/Q38,literal,http://www.wikidata.org/entity/Q56611639,literal,,literal,,literal,"http://www.wikidata.org/entity/Q2432955, http://www.wikidata.org/entity/Q1761, http://www.wikidata.org/entity/Q490",literal,,http://www.w3.org/2001/XMLSchema#dateTime,literal,2012-07-17T00:00:00Z,,,,,,,,,,,,,,,,wd:Q27
9,uri,http://www.wikidata.org/entity/Q98456772,en,literal,Tesco Express,uri,http://www.wikidata.org/entity/Q214,literal,http://www.wikidata.org/entity/Q126793,literal,,literal,,literal,,literal,,,,,,,,,,,,,,,,,,,,wd:Q27
10,uri,http://www.wikidata.org/entity/Q17074751,en,literal,Electric Ireland,uri,http://www.wikidata.org/entity/Q27,literal,http://www.wikidata.org/entity/Q1951366,literal,,literal,,literal,http://www.wikidata.org/entity/Q1761,literal,,,,,,,,,,,,,,,,,,,,wd:Q27
11,uri,http://www.wikidata.org/entity/Q55454011,en,literal,Enzolve Technologies (Ireland),uri,http://www.wikidata.org/entity/Q27,literal,http://www.wikidata.org/entity/Q63383285,literal,,literal,,literal,http://www.wikidata.org/entity/Q1761,literal,,http://www.w3.org/2001/XMLSchema#dateTime,literal,2002-01-01T00:00:00Z,http://www.w3.org/2001/XMLSchema#decimal,literal,58,,,,,,,,,,,,,wd:Q27
12,uri,http://www.wikidata.org/entity/Q2397955,en,literal,Tayto,uri,http://www.wikidata.org/entity/Q27,literal,http://www.wikidata.org/entity/Q173265,literal,,literal,,literal,http://www.wikidata.org/entity/Q1766143,literal,,http://www.w3.org/2001/XMLSchema#dateTime,literal,1954-01-01T00:00:00Z,,,,,,,,,,,,,,,,wd:Q27
13,uri,http://www.wikidata.org/entity/Q138133,en,literal,RWE,uri,http://www.wikidata.org/entity/Q27,literal,"http://www.wikidata.org/entity/Q2151621, http://www.wikidata.org/entity/Q1341477, http://www.wikidata.org/entity/Q1326594",literal,"http://www.wikidata.org/entity/Q15842921, http://www.wikidata.org/entity/Q2078625, http://www.wikidata.org/entity/Q108936810",literal,,literal,http://www.wikidata.org/entity/Q2066,literal,"http://www.wikidata.org/entity/Q155718, http://www.wikidata.org/entity/Q874430, http://www.wikidata.org/entity/Q1230458, http://www.wikidata.org/entity/Q6571804",http://www.w3.org/2001/XMLSchema#dateTime,literal,1898-04-25T00:00:00Z,http://www.w3.org/2001/XMLSchema#decimal,literal,19792,,,,,,,,,,,,,wd:Q27
14,uri,http://www.wikidata.org/entity/Q5437186,en,literal,Fat Face,uri,http://www.wikidata.org/entity/Q27,literal,,literal,,literal,,literal,,literal,,http://www.w3.org/2001/XMLSchema#dateTime,literal,1992-01-01T00:00:00Z,,,,,,,,,,,,,,,,wd:Q27
15,uri,http://www.wikidata.org/entity/Q98456772,en,literal,Tesco Express,uri,http://www.wikidata.org/entity/Q213,literal,http://www.wikidata.org/entity/Q126793,literal,,literal,,literal,,literal,,,,,,,,,,,,,,,,,,,,wd:Q27
16,uri,http://www.wikidata.org/entity/Q1524184,en,literal,TGI Fridays,uri,http://www.wikidata.org/entity/Q27,literal,http://www.wikidata.org/entity/Q171141,literal,,literal,,literal,http://www.wikidata.org/entity/Q128261,literal,,http://www.w3.org/2001/XMLSchema#dateTime,literal,1965-01-01T00:00:00Z,,,,,,,,,,,,,,,,wd:Q27
17,uri,http://www.wikidata.org/entity/Q138133,en,literal,RWE,uri,http://www.wikidata.org/entity/Q30,literal,"http://www.wikidata.org/entity/Q2151621, http://www.wikidata.org/entity/Q1341477, http://www.wikidata.org/entity/Q1326594",literal,"http://www.wikidata.org/entity/Q15842921, http://www.wikidata.org/entity/Q2078625, http://www.wikidata.org/entity/Q108936810",literal,,literal,http://www.wikidata.org/entity/Q2066,literal,"http://www.wikidata.org/entity/Q155718, http://www.wikidata.org/entity/Q874430, http://www.wikidata.org/entity/Q1230458, http://www.wikidata.org/entity/Q6571804",http://www.w3.org/2001/XMLSchema#dateTime,literal,1898-04-25T00:00:00Z,http://www.w3.org/2001/XMLSchema#decimal,literal,19792,,,,,,,,,,,,,wd:Q27
18,uri,http://www.wikidata.org/entity/Q3049473,en,literal,Eir,uri,http://www.wikidata.org/entity/Q27,literal,"http://www.wikidata.org/entity/Q56598901, http://www.wikidata.org/entity/Q25245117",literal,,literal,,literal,http://www.wikidata.org/entity/Q1761,literal,,http://www.w3.org/2001/XMLSchema#dateTime,literal,1999-01-01T00:00:00Z,,,,,,,,,,,,,,,,wd:Q27
19,uri,http://www.wikidata.org/entity/Q7071686,en,literal,O'Briens Irish Sandwich Bars,uri,http://www.wikidata.org/entity/Q27,literal,,literal,,literal,,literal,,literal,,,,,,,,,,,,,,,,,,,,wd:Q27
20,uri,http://www.wikidata.org/entity/Q7808912,en,literal,Tipperary Star,uri,http://www.wikidata.org/entity/Q27,literal,,literal,,literal,,literal,,literal,,,,,,,,,,,,,,,,,,,,wd:Q27
21,uri,http://www.wikidata.org/entity/Q7736161,en,literal,The George,uri,http://www.wikidata.org/entity/Q27,literal,,literal,,literal,,literal,,literal,,,,,,,,,,,,,,,,,,,,wd:Q27
22,uri,http://www.wikidata.org/entity/Q1524184,en,literal,TGI Fridays,uri,http://www.wikidata.org/entity/Q30,literal,http://www.wikidata.org/entity/Q171141,literal,,literal,,literal,http://www.wikidata.org/entity/Q128261,literal,,http://www.w3.org/2001/XMLSchema#dateTime,literal,1965-01-01T00:00:00Z,,,,,,,,,,,,,,,,wd:Q27
23,uri,http://www.wikidata.org/entity/Q64141679,en,literal,Keywords Studios,uri,http://www.wikidata.org/entity/Q27,literal,http://www.wikidata.org/entity/Q941594,literal,,literal,,literal,http://www.wikidata.org/entity/Q1761,literal,,http://www.w3.org/2001/XMLSchema#dateTime,literal,1998-01-01T00:00:00Z,,,,,,,,,,,,,,,,wd:Q27
24,uri,http://www.wikidata.org/entity/Q87050950,en,literal,The Davenport Hotel,uri,http://www.wikidata.org/entity/Q27,literal,,literal,,literal,,literal,,literal,,,,,,,,,,,,,,,,,,,,wd:Q27
25,uri,http://www.wikidata.org/entity/Q138133,en,literal,RWE,uri,http://www.wikidata.org/entity/Q183,literal,"http://www.wikidata.org/entity/Q2151621, http://www.wikidata.org/entity/Q1341477, http://www.wikidata.org/entity/Q1326594",literal,"http://www.wikidata.org/entity/Q15842921, http://www.wikidata.org/entity/Q2078625, http://www.wikidata.org/entity/Q108936810",literal,,literal,http://www.wikidata.org/entity/Q2066,literal,"http://www.wikidata.org/entity/Q155718, http://www.wikidata.org/entity/Q874430, http://www.wikidata.org/entity/Q1230458, http://www.wikidata.org/entity/Q6571804",http://www.w3.org/2001/XMLSchema#dateTime,literal,1898-04-25T00:00:00Z,http://www.w3.org/2001/XMLSchema#decimal,literal,19792,,,,,,,,,,,,,wd:Q27
26,uri,http://www.wikidata.org/entity/Q138133,en,literal,RWE,uri,http://www.wikidata.org/entity/Q29,literal,"http://www.wikidata.org/entity/Q2151621, http://www.wikidata.org/entity/Q1341477, http://www.wikidata.org/entity/Q1326594",literal,"http://www.wikidata.org/entity/Q15842921, http://www.wikidata.org/entity/Q2078625, http://www.wikidata.org/entity/Q108936810",literal,,literal,http://www.wikidata.org/entity/Q2066,literal,"http://www.wikidata.org/entity/Q155718, http://www.wikidata.org/entity/Q874430, http://www.wikidata.org/entity/Q1230458, http://www.wikidata.org/entity/Q6571804",http://www.w3.org/2001/XMLSchema#dateTime,literal,1898-04-25T00:00:00Z,http://www.w3.org/2001/XMLSchema#decimal,literal,19792,,,,,,,,,,,,,wd:Q27
27,uri,http://www.wikidata.org/entity/Q138133,en,literal,RWE,uri,http://www.wikidata.org/entity/Q34,literal,"http://www.wikidata.org/entity/Q2151621, http://www.wikidata.org/entity/Q1341477, http://www.wikidata.org/entity/Q1326594",literal,"http://www.wikidata.org/entity/Q15842921, http://www.wikidata.org/entity/Q2078625, http://www.wikidata.org/entity/Q108936810",literal,,literal,http://www.wikidata.org/entity/Q2066,literal,"http://www.wikidata.org/entity/Q155718, http://www.wikidata.org/entity/Q874430, http://www.wikidata.org/entity/Q1230458, http://www.wikidata.org/entity/Q6571804",http://www.w3.org/2001/XMLSchema#dateTime,literal,1898-04-25T00:00:00Z,http://www.w3.org/2001/XMLSchema#decimal,literal,19792,,,,,,,,,,,,,wd:Q27
28,uri,http://www.wikidata.org/entity/Q1520619,en,literal,Irish Examiner,uri,http://www.wikidata.org/entity/Q27,literal,,literal,,literal,,literal,http://www.wikidata.org/entity/Q36647,literal,,http://www.w3.org/2001/XMLSchema#dateTime,literal,1841-01-01T00:00:00Z,,,,,,,,,,,,,,,,wd:Q27
29,uri,http://www.wikidata.org/entity/Q113197342,en,literal,Petstop,uri,http://www.wikidata.org/entity/Q27,literal,http://www.wikidata.org/entity/Q126793,literal,,literal,,literal,,literal,,http://www.w3.org/2001/XMLSchema#dateTime,literal,1995-01-01T00:00:00Z,,,,,,,,,,,,,,,,wd:Q27
30,uri,http://www.wikidata.org/entity/Q1642179,en,literal,Allied Irish Banks,uri,http://www.wikidata.org/entity/Q27,literal,"http://www.wikidata.org/entity/Q29584334, http://www.wikidata.org/entity/Q1416657, http://www.wikidata.org/entity/Q837171, http://www.wikidata.org/entity/Q806718",literal,,literal,,literal,http://www.wikidata.org/entity/Q1761,literal,,http://www.w3.org/2001/XMLSchema#dateTime,literal,1966-01-01T00:00:00Z,,,,,,,,,,,,,,,,wd:Q27
31,uri,http://www.wikidata.org/entity/Q54895275,en,literal,Matheson,uri,http://www.wikidata.org/entity/Q27,literal,,literal,,literal,,literal,http://www.wikidata.org/entity/Q1761,literal,http://www.wikidata.org/entity/Q3153255,http://www.w3.org/2001/XMLSchema#dateTime,literal,1825-01-01T00:00:00Z,,,,,,,,,,,,,,,,wd:Q27
32,uri,http://www.wikidata.org/entity/Q1134208,en,literal,The Irish Times,uri,http://www.wikidata.org/entity/Q27,literal,,literal,,literal,,literal,http://www.wikidata.org/entity/Q1761,literal,,http://www.w3.org/2001/XMLSchema#dateTime,literal,1859-03-29T00:00:00Z,,,,,,,,,,,,,,,,wd:Q27
33,uri,http://www.wikidata.org/entity/Q746413,en,literal,Elsevier BV,uri,http://www.wikidata.org/entity/Q145,literal,http://www.wikidata.org/entity/Q3972943,literal,,literal,,literal,"http://www.wikidata.org/entity/Q2662373, http://www.wikidata.org/entity/Q1345",literal,,http://www.w3.org/2001/XMLSchema#dateTime,literal,1880-01-01T00:00:00Z,http://www.w3.org/2001/XMLSchema#decimal,literal,6900,http://www.w3.org/2001/XMLSchema#decimal,literal,600000000,,,,,,,,,,wd:Q27
34,uri,http://www.wikidata.org/entity/Q2916497,en,literal,Perrigo,uri,http://www.wikidata.org/entity/Q27,literal,http://www.wikidata.org/entity/Q507443,literal,,literal,,literal,http://www.wikidata.org/entity/Q27,literal,http://www.wikidata.org/entity/Q242345,http://www.w3.org/2001/XMLSchema#dateTime,literal,1887-01-01T00:00:00Z,,,,,,,en,literal,Perrigo Company plc,,,,,,,wd:Q27
35,uri,http://www.wikidata.org/entity/Q41171672,en,literal,ALDI Süd,uri,http://www.wikidata.org/entity/Q408,literal,http://www.wikidata.org/entity/Q126793,literal,,literal,,literal,http://www.wikidata.org/entity/Q2899,literal,http://www.wikidata.org/entity/Q125054,http://www.w3.org/2001/XMLSchema#dateTime,literal,1960-01-01T00:00:00Z,,,,,,,,,,,,,,,,wd:Q27
36,uri,http://www.wikidata.org/entity/Q41171672,en,literal,ALDI Süd,uri,http://www.wikidata.org/entity/Q27,literal,http://www.wikidata.org/entity/Q126793,literal,,literal,,literal,http://www.wikidata.org/entity/Q2899,literal,http://www.wikidata.org/entity/Q125054,http://www.w3.org/2001/XMLSchema#dateTime,literal,1960-01-01T00:00:00Z,,,,,,,,,,,,,,,,wd:Q27
37,uri,http://www.wikidata.org/entity/Q74670146,en,literal,El Distro Network,uri,http://www.wikidata.org/entity/Q27,literal,,literal,,literal,,literal,,literal,,http://www.w3.org/2001/XMLSchema#dateTime,literal,2017-11-13T00:00:00Z,,,,,,,,,,,,,,,,wd:Q27
38,uri,http://www.wikidata.org/entity/Q4976042,en,literal,Brown Bag Films,uri,http://www.wikidata.org/entity/Q27,literal,,literal,,literal,,literal,http://www.wikidata.org/entity/Q1761,literal,,,,,,,,,,,,,,,,,,,,wd:Q27
39,uri,http://www.wikidata.org/entity/Q746413,en,literal,Elsevier BV,uri,http://www.wikidata.org/entity/Q148,literal,http://www.wikidata.org/entity/Q3972943,literal,,literal,,literal,"http://www.wikidata.org/entity/Q2662373, http://www.wikidata.org/entity/Q1345",literal,,http://www.w3.org/2001/XMLSchema#dateTime,literal,1880-01-01T00:00:00Z,http://www.w3.org/2001/XMLSchema#decimal,literal,6900,http://www.w3.org/2001/XMLSchema#decimal,literal,600000000,,,,,,,,,,wd:Q27
40,uri,http://www.wikidata.org/entity/Q17984545,en,literal,Gordons Chemists,uri,http://www.wikidata.org/entity/Q145,literal,http://www.wikidata.org/entity/Q15067276,literal,,literal,,literal,http://www.wikidata.org/entity/Q145,literal,,http://www.w3.org/2001/XMLSchema#dateTime,literal,1980-01-01T00:00:00Z,,,,,,,,,,,,,,,,wd:Q27
41,uri,http://www.wikidata.org/entity/Q85812799,en,literal,Variety Jones,uri,http://www.wikidata.org/entity/Q27,literal,,literal,,literal,,literal,,literal,,http://www.w3.org/2001/XMLSchema#dateTime,literal,2018-12-01T00:00:00Z,,,,,,,,,,,,,,,,wd:Q27
42,uri,http://www.wikidata.org/entity/Q113137449,en,literal,Andrews Lane Theatre,uri,http://www.wikidata.org/entity/Q27,literal,,literal,,literal,,literal,,literal,,,,,,,,,,,,,,,,,,,,wd:Q27
43,uri,http://www.wikidata.org/entity/Q78151302,en,literal,ICON plc,uri,http://www.wikidata.org/entity/Q27,literal,http://www.wikidata.org/entity/Q507443,literal,,literal,,literal,http://www.wikidata.org/entity/Q27,literal,,http://www.w3.org/2001/XMLSchema#dateTime,literal,1990-01-01T00:00:00Z,,,,,,,en,literal,ICON,,,,,,,wd:Q27
44,uri,http://www.wikidata.org/entity/Q138133,en,literal,RWE,uri,http://www.wikidata.org/entity/Q36,literal,"http://www.wikidata.org/entity/Q2151621, http://www.wikidata.org/entity/Q1341477, http://www.wikidata.org/entity/Q1326594",literal,"http://www.wikidata.org/entity/Q15842921, http://www.wikidata.org/entity/Q2078625, http://www.wikidata.org/entity/Q108936810",literal,,literal,http://www.wikidata.org/entity/Q2066,literal,"http://www.wikidata.org/entity/Q155718, http://www.wikidata.org/entity/Q874430, http://www.wikidata.org/entity/Q1230458, http://www.wikidata.org/entity/Q6571804",http://www.w3.org/2001/XMLSchema#dateTime,literal,1898-04-25T00:00:00Z,http://www.w3.org/2001/XMLSchema#decimal,literal,19792,,,,,,,,,,,,,wd:Q27
45,uri,http://www.wikidata.org/entity/Q747678,en,literal,Centra,uri,http://www.wikidata.org/entity/Q145,literal,http://www.wikidata.org/entity/Q126793,literal,,literal,,literal,http://www.wikidata.org/entity/Q36647,literal,,http://www.w3.org/2001/XMLSchema#dateTime,literal,1960-01-01T00:00:00Z,http://www.w3.org/2001/XMLSchema#decimal,literal,11000,,,,,,,,,,,,,wd:Q27
46,uri,http://www.wikidata.org/entity/Q113879938,en,literal,Donnybrook Fair,uri,http://www.wikidata.org/entity/Q27,literal,,literal,,literal,,literal,http://www.wikidata.org/entity/Q36647,literal,,,,,,,,,,,,,,,,,,,,wd:Q27
47,uri,http://www.wikidata.org/entity/Q746413,en,literal,Elsevier BV,uri,http://www.wikidata.org/entity/Q155,literal,http://www.wikidata.org/entity/Q3972943,literal,,literal,,literal,"http://www.wikidata.org/entity/Q2662373, http://www.wikidata.org/entity/Q1345",literal,,http://www.w3.org/2001/XMLSchema#dateTime,literal,1880-01-01T00:00:00Z,http://www.w3.org/2001/XMLSchema#decimal,literal,6900,http://www.w3.org/2001/XMLSchema#decimal,literal,600000000,,,,,,,,,,wd:Q27
48,uri,http://www.wikidata.org/entity/Q22811612,en,literal,Norwegian Air International,uri,http://www.wikidata.org/entity/Q27,literal,,literal,http://www.wikidata.org/entity/Q76340270,literal,,literal,"http://www.wikidata.org/entity/Q5270654, http://www.wikidata.org/entity/Q2363688, http://www.wikidata.org/entity/Q57076",literal,,http://www.w3.org/2001/XMLSchema#dateTime,literal,2014-02-01T00:00:00Z,,,,,,,,,,,,,,,,wd:Q27
49,uri,http://www.wikidata.org/entity/Q41171672,en,literal,ALDI Süd,uri,http://www.wikidata.org/entity/Q28,literal,http://www.wikidata.org/entity/Q126793,literal,,literal,,literal,http://www.wikidata.org/entity/Q2899,literal,http://www.wikidata.org/entity/Q125054,http://www.w3.org/2001/XMLSchema#dateTime,literal,1960-01-01T00:00:00Z,,,,,,,,,,,,,,,,wd:Q27
50,uri,http://www.wikidata.org/entity/Q179410,en,literal,Ornua,uri,http://www.wikidata.org/entity/Q27,literal,,literal,,literal,,literal,http://www.wikidata.org/entity/Q1761,literal,,http://www.w3.org/2001/XMLSchema#dateTime,literal,1961-01-01T00:00:00Z,,,,,,,,,,,,,,,,wd:Q27
51,uri,http://www.wikidata.org/entity/Q113472646,en,literal,EZ Living Furniture,uri,http://www.wikidata.org/entity/Q27,literal,http://www.wikidata.org/entity/Q126793,literal,,literal,,literal,,literal,,http://www.w3.org/2001/XMLSchema#dateTime,literal,1998-01-01T00:00:00Z,,,,,,,,,,,,,,,,wd:Q27
52,uri,http://www.wikidata.org/entity/Q41171672,en,literal,ALDI Süd,uri,http://www.wikidata.org/entity/Q183,literal,http://www.wikidata.org/entity/Q126793,literal,,literal,,literal,http://www.wikidata.org/entity/Q2899,literal,http://www.wikidata.org/entity/Q125054,http://www.w3.org/2001/XMLSchema#dateTime,literal,1960-01-01T00:00:00Z,,,,,,,,,,,,,,,,wd:Q27
53,uri,http://www.wikidata.org/entity/Q87048521,en,literal,The Green Hotel,uri,http://www.wikidata.org/entity/Q27,literal,,literal,,literal,,literal,,literal,,,,,,,,,,,,,,,,,,,,wd:Q27
54,uri,http://www.wikidata.org/entity/Q170614,en,literal,Ryanair,uri,http://www.wikidata.org/entity/Q27,literal,,literal,"http://www.wikidata.org/entity/Q597242, http://www.wikidata.org/entity/Q24795213",literal,http://www.wikidata.org/entity/Q5231533,literal,http://www.wikidata.org/entity/Q178021,literal,,http://www.w3.org/2001/XMLSchema#dateTime,literal,1985-01-01T00:00:00Z,http://www.w3.org/2001/XMLSchema#decimal,literal,13000,http://www.w3.org/2001/XMLSchema#decimal,literal,1145000000,,,,http://www.w3.org/2001/XMLSchema#decimal,literal,12360000000,http://www.w3.org/2001/XMLSchema#decimal,literal,4469000000,wd:Q27
55,uri,http://www.wikidata.org/entity/Q137023,en,literal,Primark,uri,http://www.wikidata.org/entity/Q27,literal,http://www.wikidata.org/entity/Q126793,literal,,literal,,literal,http://www.wikidata.org/entity/Q1761,literal,,http://www.w3.org/2001/XMLSchema#dateTime,literal,1969-01-01T00:00:00Z,http://www.w3.org/2001/XMLSchema#decimal,literal,78000,,,,,,,,,,,,,wd:Q27
56,uri,http://www.wikidata.org/entity/Q86996394,en,literal,The Mont Hotel,uri,http://www.wikidata.org/entity/Q27,literal,,literal,,literal,,literal,,literal,,,,,,,,,,,,,,,,,,,,wd:Q27
57,uri,http://www.wikidata.org/entity/Q746413,en,literal,Elsevier BV,uri,http://www.wikidata.org/entity/Q8646,literal,http://www.wikidata.org/entity/Q3972943,literal,,literal,,literal,"http://www.wikidata.org/entity/Q2662373, http://www.wikidata.org/entity/Q1345",literal,,http://www.w3.org/2001/XMLSchema#dateTime,literal,1880-01-01T00:00:00Z,http://www.w3.org/2001/XMLSchema#decimal,literal,6900,http://www.w3.org/2001/XMLSchema#decimal,literal,600000000,,,,,,,,,,wd:Q27
58,uri,http://www.wikidata.org/entity/Q6038271,en,literal,Insomnia Coffee Company,uri,http://www.wikidata.org/entity/Q27,literal,http://www.wikidata.org/entity/Q126793,literal,,literal,,literal,http://www.wikidata.org/entity/Q1761,literal,,http://www.w3.org/2001/XMLSchema#dateTime,literal,1997-01-01T00:00:00Z,,,,,,,,,,,,,,,,wd:Q27
59,uri,http://www.wikidata.org/entity/Q41171672,en,literal,ALDI Süd,uri,http://www.wikidata.org/entity/Q38,literal,http://www.wikidata.org/entity/Q126793,literal,,literal,,literal,http://www.wikidata.org/entity/Q2899,literal,http://www.wikidata.org/entity/Q125054,http://www.w3.org/2001/XMLSchema#dateTime,literal,1960-01-01T00:00:00Z,,,,,,,,,,,,,,,,wd:Q27
60,uri,http://www.wikidata.org/entity/Q63773932,en,literal,PJ FASHION CONTROL,uri,http://www.wikidata.org/entity/Q27,literal,http://www.wikidata.org/entity/Q29583,literal,,literal,,literal,http://www.wikidata.org/entity/Q1761,literal,,http://www.w3.org/2001/XMLSchema#dateTime,literal,2010-01-01T00:00:00Z,,,,,,,,,,,,,,,,wd:Q27
61,uri,http://www.wikidata.org/entity/Q23038143,en,literal,Bord Gáis Energy,uri,http://www.wikidata.org/entity/Q27,literal,http://www.wikidata.org/entity/Q1341477,literal,,literal,,literal,http://www.wikidata.org/entity/Q1761,literal,,http://www.w3.org/2001/XMLSchema#dateTime,literal,1976-01-01T00:00:00Z,,,,,,,,,,,,,,,,wd:Q27
62,uri,http://www.wikidata.org/entity/Q5579324,en,literal,Golden Discs,uri,http://www.wikidata.org/entity/Q27,literal,http://www.wikidata.org/entity/Q126793,literal,,literal,,literal,http://www.wikidata.org/entity/Q1761,literal,,http://www.w3.org/2001/XMLSchema#dateTime,literal,1962-07-01T00:00:00Z,,,,,,,,,,,,,,,,wd:Q27
63,uri,http://www.wikidata.org/entity/Q7155843,en,literal,Pavers Shoes,uri,http://www.wikidata.org/entity/Q145,literal,http://www.wikidata.org/entity/Q126793,literal,,literal,,literal,http://www.wikidata.org/entity/Q42462,literal,,http://www.w3.org/2001/XMLSchema#dateTime,literal,1971-01-01T00:00:00Z,,,,,,,,,,,,,,,,wd:Q27
64,uri,http://www.wikidata.org/entity/Q41171672,en,literal,ALDI Süd,uri,http://www.wikidata.org/entity/Q39,literal,http://www.wikidata.org/entity/Q126793,literal,,literal,,literal,http://www.wikidata.org/entity/Q2899,literal,http://www.wikidata.org/entity/Q125054,http://www.w3.org/2001/XMLSchema#dateTime,literal,1960-01-01T00:00:00Z,,,,,,,,,,,,,,,,wd:Q27
65,uri,http://www.wikidata.org/entity/Q667865,en,literal,Johnson Controls,uri,http://www.wikidata.org/entity/Q27,literal,,literal,,literal,,literal,http://www.wikidata.org/entity/Q36647,literal,http://www.wikidata.org/entity/Q242345,http://www.w3.org/2001/XMLSchema#dateTime,literal,1885-01-01T00:00:00Z,http://www.w3.org/2001/XMLSchema#decimal,literal,120000,,,,,,,,,,,,,wd:Q27
66,uri,http://www.wikidata.org/entity/Q56651595,en,literal,Clayton Hotel Charlemont,uri,http://www.wikidata.org/entity/Q27,literal,,literal,,literal,,literal,,literal,,,,,,,,,,,en,literal,Clayton Hotel Charlemont,,,,,,,wd:Q27
67,uri,http://www.wikidata.org/entity/Q109862223,en,literal,Word Up Collective,uri,http://www.wikidata.org/entity/Q27,literal,,literal,,literal,,literal,,literal,,http://www.w3.org/2001/XMLSchema#dateTime,literal,2016-01-01T00:00:00Z,,,,,,,,,,,,,,,,wd:Q27
68,uri,http://www.wikidata.org/entity/Q111221176,en,literal,City Direct,uri,http://www.wikidata.org/entity/Q27,literal,http://www.wikidata.org/entity/Q178512,literal,,literal,,literal,,literal,,http://www.w3.org/2001/XMLSchema#dateTime,literal,1999-01-01T00:00:00Z,,,,,,,,,,,,,,,,wd:Q27
69,uri,http://www.wikidata.org/entity/Q138133,en,literal,RWE,uri,http://www.wikidata.org/entity/Q884,literal,"http://www.wikidata.org/entity/Q2151621, http://www.wikidata.org/entity/Q1341477, http://www.wikidata.org/entity/Q1326594",literal,"http://www.wikidata.org/entity/Q15842921, http://www.wikidata.org/entity/Q2078625, http://www.wikidata.org/entity/Q108936810",literal,,literal,http://www.wikidata.org/entity/Q2066,literal,"http://www.wikidata.org/entity/Q155718, http://www.wikidata.org/entity/Q874430, http://www.wikidata.org/entity/Q1230458, http://www.wikidata.org/entity/Q6571804",http://www.w3.org/2001/XMLSchema#dateTime,literal,1898-04-25T00:00:00Z,http://www.w3.org/2001/XMLSchema#decimal,literal,19792,,,,,,,,,,,,,wd:Q27
70,uri,http://www.wikidata.org/entity/Q5603798,en,literal,Greencore Group,uri,http://www.wikidata.org/entity/Q27,literal,,literal,,literal,,literal,http://www.wikidata.org/entity/Q1761,literal,,http://www.w3.org/2001/XMLSchema#dateTime,literal,1991-01-01T00:00:00Z,,,,,,,,,,,,,,,,wd:Q27
71,uri,http://www.wikidata.org/entity/Q725274,en,literal,Ashford Castle,uri,http://www.wikidata.org/entity/Q27,literal,,literal,,literal,,literal,,literal,,http://www.w3.org/2001/XMLSchema#dateTime,literal,1228-01-01T00:00:00Z,,,,,,,,,,,,,,,,wd:Q27
72,uri,http://www.wikidata.org/entity/Q41171672,en,literal,ALDI Süd,uri,http://www.wikidata.org/entity/Q40,literal,http://www.wikidata.org/entity/Q126793,literal,,literal,,literal,http://www.wikidata.org/entity/Q2899,literal,http://www.wikidata.org/entity/Q125054,http://www.w3.org/2001/XMLSchema#dateTime,literal,1960-01-01T00:00:00Z,,,,,,,,,,,,,,,,wd:Q27
73,uri,http://www.wikidata.org/entity/Q842108,en,literal,Euronext,uri,http://www.wikidata.org/entity/Q142,literal,"http://www.wikidata.org/entity/Q837171, http://www.wikidata.org/entity/Q112166008",literal,http://www.wikidata.org/entity/Q33290562,literal,,literal,"http://www.wikidata.org/entity/Q90, http://www.wikidata.org/entity/Q53865133",literal,,http://www.w3.org/2001/XMLSchema#dateTime,literal,2000-09-22T00:00:00Z,http://www.w3.org/2001/XMLSchema#decimal,literal,2129,,,,nl,literal,Euronext N.V.,,,,,,,wd:Q27
74,uri,http://www.wikidata.org/entity/Q2482,en,literal,Jameson,uri,http://www.wikidata.org/entity/Q27,literal,,literal,,literal,,literal,,literal,,http://www.w3.org/2001/XMLSchema#dateTime,literal,1780-01-01T00:00:00Z,,,,,,,,,,,,,,,,wd:Q27
75,uri,http://www.wikidata.org/entity/Q60748240,en,literal,Restaurant Chestnut,uri,http://www.wikidata.org/entity/Q27,literal,,literal,,literal,,literal,,literal,,http://www.w3.org/2001/XMLSchema#dateTime,literal,2018-04-27T00:00:00Z,,,,,,,,,,,,,,,,wd:Q27
76,uri,http://www.wikidata.org/entity/Q138133,en,literal,RWE,uri,http://www.wikidata.org/entity/Q55,literal,"http://www.wikidata.org/entity/Q2151621, http://www.wikidata.org/entity/Q1341477, http://www.wikidata.org/entity/Q1326594",literal,"http://www.wikidata.org/entity/Q15842921, http://www.wikidata.org/entity/Q2078625, http://www.wikidata.org/entity/Q108936810",literal,,literal,http://www.wikidata.org/entity/Q2066,literal,"http://www.wikidata.org/entity/Q155718, http://www.wikidata.org/entity/Q874430, http://www.wikidata.org/entity/Q1230458, http://www.wikidata.org/entity/Q6571804",http://www.w3.org/2001/XMLSchema#dateTime,literal,1898-04-25T00:00:00Z,http://www.w3.org/2001/XMLSchema#decimal,literal,19792,,,,,,,,,,,,,wd:Q27
77,uri,http://www.wikidata.org/entity/Q482484,en,literal,An Phoblacht,uri,http://www.wikidata.org/entity/Q145,literal,,literal,,literal,,literal,http://www.wikidata.org/entity/Q3467626,literal,,http://www.w3.org/2001/XMLSchema#dateTime,literal,1906-12-13T00:00:00Z,,,,,,,,,,,,,,,,wd:Q27
78,uri,http://www.wikidata.org/entity/Q16844753,en,literal,Horizon Therapeutics,uri,http://www.wikidata.org/entity/Q27,literal,http://www.wikidata.org/entity/Q507443,literal,,literal,,literal,http://www.wikidata.org/entity/Q27,literal,,http://www.w3.org/2001/XMLSchema#dateTime,literal,2005-01-01T00:00:00Z,,,,,,,en,literal,Horizon Pharma Public Limited Company,,,,,,,wd:Q27
79,uri,http://www.wikidata.org/entity/Q113471802,en,literal,Home Store + More,uri,http://www.wikidata.org/entity/Q145,literal,http://www.wikidata.org/entity/Q126793,literal,,literal,,literal,,literal,,http://www.w3.org/2001/XMLSchema#dateTime,literal,2004-01-01T00:00:00Z,,,,,,,,,,,,,,,,wd:Q27
80,uri,http://www.wikidata.org/entity/Q113637632,en,literal,Mizzoni's Pizza,uri,http://www.wikidata.org/entity/Q27,literal,,literal,,literal,,literal,,literal,,,,,,,,,,,,,,,,,,,,wd:Q27
81,uri,http://www.wikidata.org/entity/Q746413,en,literal,Elsevier BV,uri,http://www.wikidata.org/entity/Q258,literal,http://www.wikidata.org/entity/Q3972943,literal,,literal,,literal,"http://www.wikidata.org/entity/Q2662373, http://www.wikidata.org/entity/Q1345",literal,,http://www.w3.org/2001/XMLSchema#dateTime,literal,1880-01-01T00:00:00Z,http://www.w3.org/2001/XMLSchema#decimal,literal,6900,http://www.w3.org/2001/XMLSchema#decimal,literal,600000000,,,,,,,,,,wd:Q27
82,uri,http://www.wikidata.org/entity/Q5668069,en,literal,Harry Corry,uri,http://www.wikidata.org/entity/Q145,literal,http://www.wikidata.org/entity/Q126793,literal,,literal,,literal,,literal,,http://www.w3.org/2001/XMLSchema#dateTime,literal,1968-01-01T00:00:00Z,,,,,,,,,,,,,,,,wd:Q27
83,uri,http://www.wikidata.org/entity/Q28232852,en,literal,Dedalus Press,uri,http://www.wikidata.org/entity/Q27,literal,,literal,,literal,,literal,http://www.wikidata.org/entity/Q1761,literal,,http://www.w3.org/2001/XMLSchema#dateTime,literal,1985-01-01T00:00:00Z,,,,,,,,,,,,,,,,wd:Q27
84,uri,http://www.wikidata.org/entity/Q17006015,en,literal,The Brazen Head,uri,http://www.wikidata.org/entity/Q27,literal,,literal,,literal,,literal,,literal,,http://www.w3.org/2001/XMLSchema#dateTime,literal,1198-01-01T00:00:00Z,,,,,,,,,,,,,,,,wd:Q27
85,uri,http://www.wikidata.org/entity/Q111083500,en,literal,GTLK Europe,uri,http://www.wikidata.org/entity/Q27,literal,,literal,,literal,,literal,http://www.wikidata.org/entity/Q1761,literal,,,,,,,,,,,,,,,,,,,,wd:Q27
86,uri,http://www.wikidata.org/entity/Q746413,en,literal,Elsevier BV,uri,http://www.wikidata.org/entity/Q27,literal,http://www.wikidata.org/entity/Q3972943,literal,,literal,,literal,"http://www.wikidata.org/entity/Q1345, http://www.wikidata.org/entity/Q2662373",literal,,http://www.w3.org/2001/XMLSchema#dateTime,literal,1880-01-01T00:00:00Z,http://www.w3.org/2001/XMLSchema#decimal,literal,6900,http://www.w3.org/2001/XMLSchema#decimal,literal,600000000,,,,,,,,,,wd:Q27
87,uri,http://www.wikidata.org/entity/Q111907365,en,literal,The 2 Johnnies,uri,http://www.wikidata.org/entity/Q27,literal,,literal,,literal,,literal,,literal,,,,,,,,,,,,,,,,,,,,wd:Q27
88,uri,http://www.wikidata.org/entity/Q113281278,en,literal,Petmania,uri,http://www.wikidata.org/entity/Q27,literal,http://www.wikidata.org/entity/Q126793,literal,,literal,,literal,,literal,,,,,,,,,,,,,,,,,,,,wd:Q27
89,uri,http://www.wikidata.org/entity/Q2940649,en,literal,Cartoon Saloon,uri,http://www.wikidata.org/entity/Q27,literal,http://www.wikidata.org/entity/Q11033,literal,,literal,,literal,http://www.wikidata.org/entity/Q109092,literal,,http://www.w3.org/2001/XMLSchema#dateTime,literal,1999-01-01T00:00:00Z,,,,,,,,,,,,,,,,wd:Q27
90,uri,http://www.wikidata.org/entity/Q37855053,en,literal,Bang Restaurant & Bar,uri,http://www.wikidata.org/entity/Q27,literal,,literal,,literal,,literal,,literal,,,,,,,,,,,,,,,,,,,,wd:Q27
91,uri,http://www.wikidata.org/entity/Q1140373,en,literal,Munster Rugby,uri,http://www.wikidata.org/entity/Q27,literal,,literal,,literal,,literal,http://www.wikidata.org/entity/Q133315,literal,,http://www.w3.org/2001/XMLSchema#dateTime,literal,1879-01-01T00:00:00Z,,,,,,,,,,,,,,,,wd:Q27
92,uri,http://www.wikidata.org/entity/Q115154536,en,literal,1st Option MMP,uri,http://www.wikidata.org/entity/Q27,literal,,literal,,literal,,literal,,literal,,http://www.w3.org/2001/XMLSchema#dateTime,literal,1996-01-01T00:00:00Z,,,,,,,,,,,,,,,,wd:Q27
93,uri,http://www.wikidata.org/entity/Q746413,en,literal,Elsevier BV,uri,http://www.wikidata.org/entity/Q30,literal,http://www.wikidata.org/entity/Q3972943,literal,,literal,,literal,"http://www.wikidata.org/entity/Q1345, http://www.wikidata.org/entity/Q2662373",literal,,http://www.w3.org/2001/XMLSchema#dateTime,literal,1880-01-01T00:00:00Z,http://www.w3.org/2001/XMLSchema#decimal,literal,6900,http://www.w3.org/2001/XMLSchema#decimal,literal,600000000,,,,,,,,,,wd:Q27
94,uri,http://www.wikidata.org/entity/Q17984545,en,literal,Gordons Chemists,uri,http://www.wikidata.org/entity/Q27,literal,http://www.wikidata.org/entity/Q15067276,literal,,literal,,literal,http://www.wikidata.org/entity/Q145,literal,,http://www.w3.org/2001/XMLSchema#dateTime,literal,1980-01-01T00:00:00Z,,,,,,,,,,,,,,,,wd:Q27
95,uri,http://www.wikidata.org/entity/Q2319266,en,literal,Guinness Brewery,uri,http://www.wikidata.org/entity/Q27,literal,,literal,,literal,,literal,http://www.wikidata.org/entity/Q1761,literal,,http://www.w3.org/2001/XMLSchema#dateTime,literal,1759-01-01T00:00:00Z,,,,,,,,,,,,,,,,wd:Q27
96,uri,http://www.wikidata.org/entity/Q7711643,en,literal,TheJournal.ie,uri,http://www.wikidata.org/entity/Q27,literal,,literal,,literal,,literal,,literal,,,,,,,,,,,,,,,,,,,,wd:Q27
97,uri,http://www.wikidata.org/entity/Q83716,en,literal,Aer Lingus,uri,http://www.wikidata.org/entity/Q27,literal,http://www.wikidata.org/entity/Q1757562,literal,,literal,,literal,http://www.wikidata.org/entity/Q178021,literal,,http://www.w3.org/2001/XMLSchema#dateTime,literal,1936-05-27T00:00:00Z,,,,,,,,,,,,,,,,wd:Q27
98,uri,http://www.wikidata.org/entity/Q73043,en,literal,Iarnród Éireann—Irish Rail,uri,http://www.wikidata.org/entity/Q27,literal,http://www.wikidata.org/entity/Q3565868,literal,,literal,,literal,http://www.wikidata.org/entity/Q1761,literal,,http://www.w3.org/2001/XMLSchema#dateTime,literal,1987-02-02T00:00:00Z,,,,,,,,,,,,,,,,wd:Q27
99,uri,http://www.wikidata.org/entity/Q747678,en,literal,Centra,uri,http://www.wikidata.org/entity/Q27,literal,http://www.wikidata.org/entity/Q126793,literal,,literal,,literal,http://www.wikidata.org/entity/Q36647,literal,,http://www.w3.org/2001/XMLSchema#dateTime,literal,1960-01-01T00:00:00Z,http://www.w3.org/2001/XMLSchema#decimal,literal,11000,,,,,,,,,,,,,wd:Q27
100,uri,http://www.wikidata.org/entity/Q16826370,en,literal,AvaTrade,uri,http://www.wikidata.org/entity/Q27,literal,http://www.wikidata.org/entity/Q837171,literal,,literal,,literal,http://www.wikidata.org/entity/Q1761,literal,,http://www.w3.org/2001/XMLSchema#dateTime,literal,2006-01-01T00:00:00Z,,,,,,,,,,,,,,,,wd:Q27
101,uri,http://www.wikidata.org/entity/Q746413,en,literal,Elsevier BV,uri,http://www.wikidata.org/entity/Q29,literal,http://www.wikidata.org/entity/Q3972943,literal,,literal,,literal,"http://www.wikidata.org/entity/Q1345, http://www.wikidata.org/entity/Q2662373",literal,,http://www.w3.org/2001/XMLSchema#dateTime,literal,1880-01-01T00:00:00Z,http://www.w3.org/2001/XMLSchema#decimal,literal,6900,http://www.w3.org/2001/XMLSchema#decimal,literal,600000000,,,,,,,,,,wd:Q27
102,uri,http://www.wikidata.org/entity/Q746413,en,literal,Elsevier BV,uri,http://www.wikidata.org/entity/Q865,literal,http://www.wikidata.org/entity/Q3972943,literal,,literal,,literal,"http://www.wikidata.org/entity/Q2662373, http://www.wikidata.org/entity/Q1345",literal,,http://www.w3.org/2001/XMLSchema#dateTime,literal,1880-01-01T00:00:00Z,http://www.w3.org/2001/XMLSchema#decimal,literal,6900,http://www.w3.org/2001/XMLSchema#decimal,literal,600000000,,,,,,,,,,wd:Q27
103,uri,http://www.wikidata.org/entity/Q5690681,en,literal,Health Service Executive,uri,http://www.wikidata.org/entity/Q27,literal,,literal,,literal,http://www.wikidata.org/entity/Q21005609,literal,"http://www.wikidata.org/entity/Q5304555, http://www.wikidata.org/entity/Q216038",literal,,http://www.w3.org/2001/XMLSchema#dateTime,literal,2005-01-01T00:00:00Z,http://www.w3.org/2001/XMLSchema#decimal,literal,67145,,,,,,,,,,,,,wd:Q27
104,uri,http://www.wikidata.org/entity/Q5256334,en,literal,Demonware,uri,http://www.wikidata.org/entity/Q27,literal,http://www.wikidata.org/entity/Q941594,literal,,literal,,literal,http://www.wikidata.org/entity/Q1761,literal,,http://www.w3.org/2001/XMLSchema#dateTime,literal,2003-01-01T00:00:00Z,,,,,,,,,,,,,,,,wd:Q27
105,uri,http://www.wikidata.org/entity/Q57236689,en,literal,The Westbury,uri,http://www.wikidata.org/entity/Q27,literal,,literal,,literal,,literal,,literal,,http://www.w3.org/2001/XMLSchema#dateTime,literal,1984-04-01T00:00:00Z,,,,,,,,,,,,,,,,wd:Q27
106,uri,http://www.wikidata.org/entity/Q3050566,en,literal,ESB Group,uri,http://www.wikidata.org/entity/Q27,literal,,literal,,literal,,literal,http://www.wikidata.org/entity/Q1761,literal,,http://www.w3.org/2001/XMLSchema#dateTime,literal,1927-01-01T00:00:00Z,http://www.w3.org/2001/XMLSchema#decimal,literal,7870,,,,,,,,,,,,,wd:Q27
107,uri,http://www.wikidata.org/entity/Q4672778,en,literal,Accounting Technicians Ireland,uri,http://www.wikidata.org/entity/Q26,literal,http://www.wikidata.org/entity/Q4116214,literal,,literal,,literal,http://www.wikidata.org/entity/Q1761,literal,,http://www.w3.org/2001/XMLSchema#dateTime,literal,1983-01-01T00:00:00Z,,,,,,,,,,,,,,,,wd:Q27
108,uri,http://www.wikidata.org/entity/Q12309283,en,literal,Eurospar,uri,http://www.wikidata.org/entity/Q159,literal,http://www.wikidata.org/entity/Q126793,literal,,literal,,literal,,literal,,,,,,,,,,,,,,,,,,,,wd:Q27
109,uri,http://www.wikidata.org/entity/Q4672778,en,literal,Accounting Technicians Ireland,uri,http://www.wikidata.org/entity/Q27,literal,http://www.wikidata.org/entity/Q4116214,literal,,literal,,literal,http://www.wikidata.org/entity/Q1761,literal,,http://www.w3.org/2001/XMLSchema#dateTime,literal,1983-01-01T00:00:00Z,,,,,,,,,,,,,,,,wd:Q27
110,uri,http://www.wikidata.org/entity/Q746413,en,literal,Elsevier BV,uri,http://www.wikidata.org/entity/Q38,literal,http://www.wikidata.org/entity/Q3972943,literal,,literal,,literal,"http://www.wikidata.org/entity/Q2662373, http://www.wikidata.org/entity/Q1345",literal,,http://www.w3.org/2001/XMLSchema#dateTime,literal,1880-01-01T00:00:00Z,http://www.w3.org/2001/XMLSchema#decimal,literal,6900,http://www.w3.org/2001/XMLSchema#decimal,literal,600000000,,,,,,,,,,wd:Q27
111,uri,http://www.wikidata.org/entity/Q41171672,en,literal,ALDI Süd,uri,http://www.wikidata.org/entity/Q215,literal,http://www.wikidata.org/entity/Q126793,literal,,literal,,literal,http://www.wikidata.org/entity/Q2899,literal,http://www.wikidata.org/entity/Q125054,http://www.w3.org/2001/XMLSchema#dateTime,literal,1960-01-01T00:00:00Z,,,,,,,,,,,,,,,,wd:Q27
112,uri,http://www.wikidata.org/entity/Q113197596,en,literal,EuroGiant,uri,http://www.wikidata.org/entity/Q27,literal,http://www.wikidata.org/entity/Q126793,literal,,literal,,literal,http://www.wikidata.org/entity/Q1761,literal,,http://www.w3.org/2001/XMLSchema#dateTime,literal,1990-01-01T00:00:00Z,,,,,,,,,,,,,,,,wd:Q27
113,uri,http://www.wikidata.org/entity/Q105078879,en,literal,SSE Thermal,uri,http://www.wikidata.org/entity/Q145,literal,http://www.wikidata.org/entity/Q383973,literal,,literal,,literal,http://www.wikidata.org/entity/Q161491,literal,,,,,,,,,,,,,,,,,,,,wd:Q27
114,uri,http://www.wikidata.org/entity/Q4041967,en,literal,KBC Bank Ireland,uri,http://www.wikidata.org/entity/Q27,literal,http://www.wikidata.org/entity/Q43015,literal,,literal,,literal,,literal,,http://www.w3.org/2001/XMLSchema#dateTime,literal,1973-01-01T00:00:00Z,,,,,,,,,,,,,,,,wd:Q27
115,uri,http://www.wikidata.org/entity/Q642189,en,literal,Medtronic plc,uri,http://www.wikidata.org/entity/Q27,literal,http://www.wikidata.org/entity/Q63383285,literal,"http://www.wikidata.org/entity/Q83780224, http://www.wikidata.org/entity/Q108259354, http://www.wikidata.org/entity/Q8003969",literal,,literal,http://www.wikidata.org/entity/Q27,literal,http://www.wikidata.org/entity/Q242345,http://www.w3.org/2001/XMLSchema#dateTime,literal,1949-01-01T00:00:00Z,http://www.w3.org/2001/XMLSchema#decimal,literal,86000,,,,en,literal,Medtronic Public Limited Company,,,,,,,wd:Q27
116,uri,http://www.wikidata.org/entity/Q85776483,en,literal,Liath,uri,http://www.wikidata.org/entity/Q27,literal,,literal,,literal,,literal,,literal,,http://www.w3.org/2001/XMLSchema#dateTime,literal,2019-03-15T00:00:00Z,,,,,,,,,,,,,,,,wd:Q27
117,uri,http://www.wikidata.org/entity/Q7155843,en,literal,Pavers Shoes,uri,http://www.wikidata.org/entity/Q27,literal,http://www.wikidata.org/entity/Q126793,literal,,literal,,literal,http://www.wikidata.org/entity/Q42462,literal,,http://www.w3.org/2001/XMLSchema#dateTime,literal,1971-01-01T00:00:00Z,,,,,,,,,,,,,,,,wd:Q27
118,uri,http://www.wikidata.org/entity/Q97578177,en,literal,The Laois Nationalist,uri,http://www.wikidata.org/entity/Q27,literal,,literal,,literal,,literal,,literal,,,,,,,,,,,,,,,,,,,,wd:Q27
119,uri,http://www.wikidata.org/entity/Q115154909,en,literal,Not Another INTL,uri,http://www.wikidata.org/entity/Q27,literal,,literal,,literal,,literal,http://www.wikidata.org/entity/Q3776828,literal,,,,,,,,,,,,,,,,,,,,wd:Q27
120,uri,http://www.wikidata.org/entity/Q806689,en,literal,Bank of Ireland,uri,http://www.wikidata.org/entity/Q27,literal,"http://www.wikidata.org/entity/Q29584334, http://www.wikidata.org/entity/Q1416657, http://www.wikidata.org/entity/Q837171, http://www.wikidata.org/entity/Q806718",literal,,literal,,literal,http://www.wikidata.org/entity/Q1761,literal,,http://www.w3.org/2001/XMLSchema#dateTime,literal,1783-01-01T00:00:00Z,,,,http://www.w3.org/2001/XMLSchema#decimal,literal,1983000000,,,,,,,,,,wd:Q27
121,uri,http://www.wikidata.org/entity/Q893380,en,literal,Bord na Móna,uri,http://www.wikidata.org/entity/Q27,literal,,literal,,literal,,literal,http://www.wikidata.org/entity/Q958397,literal,,http://www.w3.org/2001/XMLSchema#dateTime,literal,1946-01-01T00:00:00Z,,,,,,,,,,,,,,,,wd:Q27
122,uri,http://www.wikidata.org/entity/Q19716893,en,literal,Storyful,uri,http://www.wikidata.org/entity/Q27,literal,,literal,,literal,,literal,http://www.wikidata.org/entity/Q837109,literal,,http://www.w3.org/2001/XMLSchema#dateTime,literal,2009-12-01T00:00:00Z,,,,,,,,,,,,,,,,wd:Q27
123,uri,http://www.wikidata.org/entity/Q7643750,en,literal,Supermac's,uri,http://www.wikidata.org/entity/Q27,literal,http://www.wikidata.org/entity/Q81799,literal,,literal,,literal,,literal,,http://www.w3.org/2001/XMLSchema#dateTime,literal,1978-01-01T00:00:00Z,,,,,,,,,,,,,,,,wd:Q27
124,uri,http://www.wikidata.org/entity/Q482484,en,literal,An Phoblacht,uri,http://www.wikidata.org/entity/Q27,literal,,literal,,literal,,literal,http://www.wikidata.org/entity/Q3467626,literal,,http://www.w3.org/2001/XMLSchema#dateTime,literal,1906-12-13T00:00:00Z,,,,,,,,,,,,,,,,wd:Q27
125,uri,http://www.wikidata.org/entity/Q66606296,en,literal,Seda College,uri,http://www.wikidata.org/entity/Q27,literal,,literal,,literal,,literal,,literal,,http://www.w3.org/2001/XMLSchema#dateTime,literal,2009-01-01T00:00:00Z,,,,,,,,,,,,,,,,wd:Q27
126,uri,http://www.wikidata.org/entity/Q113471802,en,literal,Home Store + More,uri,http://www.wikidata.org/entity/Q27,literal,http://www.wikidata.org/entity/Q126793,literal,,literal,,literal,,literal,,http://www.w3.org/2001/XMLSchema#dateTime,literal,2004-01-01T00:00:00Z,,,,,,,,,,,,,,,,wd:Q27
127,uri,http://www.wikidata.org/entity/Q3154461,en,literal,Permanent TSB Group Holdings plc,uri,http://www.wikidata.org/entity/Q27,literal,http://www.wikidata.org/entity/Q837171,literal,,literal,,literal,http://www.wikidata.org/entity/Q1761,literal,,http://www.w3.org/2001/XMLSchema#dateTime,literal,1884-01-01T00:00:00Z,,,,,,,,,,,,,,,,wd:Q27
128,uri,http://www.wikidata.org/entity/Q59491364,en,literal,Clayton hotel Cardiff Lane,uri,http://www.wikidata.org/entity/Q27,literal,,literal,,literal,,literal,,literal,,,,,,,,,,,en,literal,Clayton hotel Cardiff Lane,,,,,,,wd:Q27
129,uri,http://www.wikidata.org/entity/Q842108,en,literal,Euronext,uri,http://www.wikidata.org/entity/Q20,literal,"http://www.wikidata.org/entity/Q112166008, http://www.wikidata.org/entity/Q837171",literal,http://www.wikidata.org/entity/Q33290562,literal,,literal,"http://www.wikidata.org/entity/Q90, http://www.wikidata.org/entity/Q53865133",literal,,http://www.w3.org/2001/XMLSchema#dateTime,literal,2000-09-22T00:00:00Z,http://www.w3.org/2001/XMLSchema#decimal,literal,2129,,,,nl,literal,Euronext N.V.,,,,,,,wd:Q27
130,uri,http://www.wikidata.org/entity/Q329494,en,literal,Raidió Teilifís Éireann,uri,http://www.wikidata.org/entity/Q27,literal,http://www.wikidata.org/entity/Q289,literal,,literal,,literal,http://www.wikidata.org/entity/Q3776296,literal,,http://www.w3.org/2001/XMLSchema#dateTime,literal,1960-06-01T00:00:00Z,http://www.w3.org/2001/XMLSchema#decimal,literal,1856,,,,,,,,,,,,,wd:Q27
131,uri,http://www.wikidata.org/entity/Q5368026,en,literal,Intersport Elverys,uri,http://www.wikidata.org/entity/Q27,literal,http://www.wikidata.org/entity/Q126793,literal,,literal,,literal,,literal,,http://www.w3.org/2001/XMLSchema#dateTime,literal,1847-01-01T00:00:00Z,,,,,,,,,,,,,,,,wd:Q27
132,uri,http://www.wikidata.org/entity/Q17009631,en,literal,CurrencyFair,uri,http://www.wikidata.org/entity/Q27,literal,,literal,,literal,,literal,http://www.wikidata.org/entity/Q1761,literal,,http://www.w3.org/2001/XMLSchema#dateTime,literal,2009-01-01T00:00:00Z,,,,,,,,,,,,,,,,wd:Q27
133,uri,http://www.wikidata.org/entity/Q5169832,en,literal,Corcadorca Theatre Company,uri,http://www.wikidata.org/entity/Q27,literal,,literal,,literal,,literal,http://www.wikidata.org/entity/Q36647,literal,,http://www.w3.org/2001/XMLSchema#dateTime,literal,1991-01-01T00:00:00Z,,,,,,,,,,,,,,,,wd:Q27
134,uri,http://www.wikidata.org/entity/Q5668069,en,literal,Harry Corry,uri,http://www.wikidata.org/entity/Q27,literal,http://www.wikidata.org/entity/Q126793,literal,,literal,,literal,,literal,,http://www.w3.org/2001/XMLSchema#dateTime,literal,1968-01-01T00:00:00Z,,,,,,,,,,,,,,,,wd:Q27
135,uri,http://www.wikidata.org/entity/Q842108,en,literal,Euronext,uri,http://www.wikidata.org/entity/Q27,literal,"http://www.wikidata.org/entity/Q112166008, http://www.wikidata.org/entity/Q837171",literal,http://www.wikidata.org/entity/Q33290562,literal,,literal,"http://www.wikidata.org/entity/Q90, http://www.wikidata.org/entity/Q53865133",literal,,http://www.w3.org/2001/XMLSchema#dateTime,literal,2000-09-22T00:00:00Z,http://www.w3.org/2001/XMLSchema#decimal,literal,2129,,,,nl,literal,Euronext N.V.,,,,,,,wd:Q27
136,uri,http://www.wikidata.org/entity/Q746413,en,literal,Elsevier BV,uri,http://www.wikidata.org/entity/Q884,literal,http://www.wikidata.org/entity/Q3972943,literal,,literal,,literal,"http://www.wikidata.org/entity/Q2662373, http://www.wikidata.org/entity/Q1345",literal,,http://www.w3.org/2001/XMLSchema#dateTime,literal,1880-01-01T00:00:00Z,http://www.w3.org/2001/XMLSchema#decimal,literal,6900,http://www.w3.org/2001/XMLSchema#decimal,literal,600000000,,,,,,,,,,wd:Q27
137,uri,http://www.wikidata.org/entity/Q86520057,en,literal,The Loop Duty-Free,uri,http://www.wikidata.org/entity/Q27,literal,,literal,,literal,,literal,,literal,,http://www.w3.org/2001/XMLSchema#dateTime,literal,2012-06-20T00:00:00Z,,,,,,,,,,,,,,,,wd:Q27
138,uri,http://www.wikidata.org/entity/Q5127031,en,literal,Clayton Hotel Limerick,uri,http://www.wikidata.org/entity/Q27,literal,,literal,,literal,,literal,,literal,,,,,,,,,,,,,,,,,,,,wd:Q27
139,uri,http://www.wikidata.org/entity/Q19840921,en,literal,Three Ireland,uri,http://www.wikidata.org/entity/Q27,literal,http://www.wikidata.org/entity/Q25245117,literal,,literal,,literal,http://www.wikidata.org/entity/Q1761,literal,,http://www.w3.org/2001/XMLSchema#dateTime,literal,2005-07-26T00:00:00Z,,,,,,,en,literal,Hutchison 3G Ireland Limited,,,,,,,wd:Q27
140,uri,http://www.wikidata.org/entity/Q4047081,en,literal,Playrix,uri,http://www.wikidata.org/entity/Q27,literal,http://www.wikidata.org/entity/Q941594,literal,,literal,,literal,http://www.wikidata.org/entity/Q1761,literal,,http://www.w3.org/2001/XMLSchema#dateTime,literal,2004-01-01T00:00:00Z,http://www.w3.org/2001/XMLSchema#decimal,literal,2300,,,,,,,,,,,,,wd:Q27
141,uri,http://www.wikidata.org/entity/Q113197454,en,literal,Mr. Price,uri,http://www.wikidata.org/entity/Q27,literal,http://www.wikidata.org/entity/Q126793,literal,,literal,,literal,http://www.wikidata.org/entity/Q1761,literal,,http://www.w3.org/2001/XMLSchema#dateTime,literal,2010-03-01T00:00:00Z,,,,,,,,,,,,,,,,wd:Q27
142,uri,http://www.wikidata.org/entity/Q12309283,en,literal,Eurospar,uri,http://www.wikidata.org/entity/Q27,literal,http://www.wikidata.org/entity/Q126793,literal,,literal,,literal,,literal,,,,,,,,,,,,,,,,,,,,wd:Q27
143,uri,http://www.wikidata.org/entity/Q746413,en,literal,Elsevier BV,uri,http://www.wikidata.org/entity/Q55,literal,http://www.wikidata.org/entity/Q3972943,literal,,literal,,literal,"http://www.wikidata.org/entity/Q2662373, http://www.wikidata.org/entity/Q1345",literal,,http://www.w3.org/2001/XMLSchema#dateTime,literal,1880-01-01T00:00:00Z,http://www.w3.org/2001/XMLSchema#decimal,literal,6900,http://www.w3.org/2001/XMLSchema#decimal,literal,600000000,,,,,,,,,,wd:Q27
144,uri,http://www.wikidata.org/entity/Q842108,en,literal,Euronext,uri,http://www.wikidata.org/entity/Q31,literal,"http://www.wikidata.org/entity/Q837171, http://www.wikidata.org/entity/Q112166008",literal,http://www.wikidata.org/entity/Q33290562,literal,,literal,"http://www.wikidata.org/entity/Q90, http://www.wikidata.org/entity/Q53865133",literal,,http://www.w3.org/2001/XMLSchema#dateTime,literal,2000-09-22T00:00:00Z,http://www.w3.org/2001/XMLSchema#decimal,literal,2129,,,,nl,literal,Euronext N.V.,,,,,,,wd:Q27
145,uri,http://www.wikidata.org/entity/Q110286207,en,literal,Benbo Productions,uri,http://www.wikidata.org/entity/Q27,literal,,literal,,literal,,literal,"http://www.wikidata.org/entity/Q1026208, http://www.wikidata.org/entity/Q1761",literal,,http://www.w3.org/2001/XMLSchema#dateTime,literal,2000-01-01T00:00:00Z,,,,,,,en,literal,Donal O'Kelly Productions,,,,,,,wd:Q27
146,uri,http://www.wikidata.org/entity/Q111372529,en,literal,GoBus,uri,http://www.wikidata.org/entity/Q27,literal,,literal,,literal,,literal,http://www.wikidata.org/entity/Q129610,literal,,http://www.w3.org/2001/XMLSchema#dateTime,literal,2009-01-01T00:00:00Z,,,,,,,,,,,,,,,,wd:Q27
147,uri,http://www.wikidata.org/entity/Q12309283,en,literal,Eurospar,uri,http://www.wikidata.org/entity/Q31,literal,http://www.wikidata.org/entity/Q126793,literal,,literal,,literal,,literal,,,,,,,,,,,,,,,,,,,,wd:Q27
148,uri,http://www.wikidata.org/entity/Q842108,en,literal,Euronext,uri,http://www.wikidata.org/entity/Q35,literal,"http://www.wikidata.org/entity/Q837171, http://www.wikidata.org/entity/Q112166008",literal,http://www.wikidata.org/entity/Q33290562,literal,,literal,"http://www.wikidata.org/entity/Q90, http://www.wikidata.org/entity/Q53865133",literal,,http://www.w3.org/2001/XMLSchema#dateTime,literal,2000-09-22T00:00:00Z,http://www.w3.org/2001/XMLSchema#decimal,literal,2129,,,,nl,literal,Euronext N.V.,,,,,,,wd:Q27
149,uri,http://www.wikidata.org/entity/Q12309283,en,literal,Eurospar,uri,http://www.wikidata.org/entity/Q29,literal,http://www.wikidata.org/entity/Q126793,literal,,literal,,literal,,literal,,,,,,,,,,,,,,,,,,,,wd:Q27
150,uri,http://www.wikidata.org/entity/Q4801022,en,literal,Curzon Artificial Eye,uri,http://www.wikidata.org/entity/Q145,literal,http://www.wikidata.org/entity/Q1415356,literal,,literal,,literal,http://www.wikidata.org/entity/Q84,literal,,http://www.w3.org/2001/XMLSchema#dateTime,literal,1976-01-01T00:00:00Z,,,,,,,,,,,,,,,,wd:Q27
151,uri,http://www.wikidata.org/entity/Q138133,en,literal,RWE,uri,http://www.wikidata.org/entity/Q334,literal,"http://www.wikidata.org/entity/Q2151621, http://www.wikidata.org/entity/Q1341477, http://www.wikidata.org/entity/Q1326594",literal,"http://www.wikidata.org/entity/Q15842921, http://www.wikidata.org/entity/Q2078625, http://www.wikidata.org/entity/Q108936810",literal,,literal,http://www.wikidata.org/entity/Q2066,literal,"http://www.wikidata.org/entity/Q155718, http://www.wikidata.org/entity/Q874430, http://www.wikidata.org/entity/Q1230458, http://www.wikidata.org/entity/Q6571804",http://www.w3.org/2001/XMLSchema#dateTime,literal,1898-04-25T00:00:00Z,http://www.w3.org/2001/XMLSchema#decimal,literal,19792,,,,,,,,,,,,,wd:Q27
152,uri,http://www.wikidata.org/entity/Q22121865,en,literal,Cimpress,uri,http://www.wikidata.org/entity/Q27,literal,,literal,http://www.wikidata.org/entity/Q78485814,literal,,literal,"http://www.wikidata.org/entity/Q204956, http://www.wikidata.org/entity/Q9777",literal,,http://www.w3.org/2001/XMLSchema#dateTime,literal,1995-01-01T00:00:00Z,,,,,,,,,,,,,,,,wd:Q27
153,uri,http://www.wikidata.org/entity/Q5415877,en,literal,Evans,uri,http://www.wikidata.org/entity/Q145,literal,,literal,,literal,,literal,http://www.wikidata.org/entity/Q145,literal,,http://www.w3.org/2001/XMLSchema#dateTime,literal,1971-01-01T00:00:00Z,,,,,,,,,,,,,,,,wd:Q27
154,uri,http://www.wikidata.org/entity/Q27033712,en,literal,"The Morrison Dublin, Curio Collection by Hilton",uri,http://www.wikidata.org/entity/Q27,literal,,literal,,literal,,literal,,literal,,,,,,,,,,,en,literal,"The Morrison, a DoubleTree by Hilton Hotel",,,,,,,wd:Q27
155,uri,http://www.wikidata.org/entity/Q3098071,en,literal,Dublin Institute of Technology,uri,http://www.wikidata.org/entity/Q27,literal,,literal,,literal,,literal,http://www.wikidata.org/entity/Q1761,literal,http://www.wikidata.org/entity/Q55619051,http://www.w3.org/2001/XMLSchema#dateTime,literal,1992-01-01T00:00:00Z,http://www.w3.org/2001/XMLSchema#decimal,literal,1198,,,,,,,,,,,,,wd:Q27
156,uri,http://www.wikidata.org/entity/Q842108,en,literal,Euronext,uri,http://www.wikidata.org/entity/Q38,literal,"http://www.wikidata.org/entity/Q837171, http://www.wikidata.org/entity/Q112166008",literal,http://www.wikidata.org/entity/Q33290562,literal,,literal,"http://www.wikidata.org/entity/Q90, http://www.wikidata.org/entity/Q53865133",literal,,http://www.w3.org/2001/XMLSchema#dateTime,literal,2000-09-22T00:00:00Z,http://www.w3.org/2001/XMLSchema#decimal,literal,2129,,,,nl,literal,Euronext N.V.,,,,,,,wd:Q27
157,uri,http://www.wikidata.org/entity/Q138133,en,literal,RWE,uri,http://www.wikidata.org/entity/Q96,literal,"http://www.wikidata.org/entity/Q2151621, http://www.wikidata.org/entity/Q1341477, http://www.wikidata.org/entity/Q1326594",literal,"http://www.wikidata.org/entity/Q15842921, http://www.wikidata.org/entity/Q2078625, http://www.wikidata.org/entity/Q108936810",literal,,literal,http://www.wikidata.org/entity/Q2066,literal,"http://www.wikidata.org/entity/Q155718, http://www.wikidata.org/entity/Q874430, http://www.wikidata.org/entity/Q1230458, http://www.wikidata.org/entity/Q6571804",http://www.w3.org/2001/XMLSchema#dateTime,literal,1898-04-25T00:00:00Z,http://www.w3.org/2001/XMLSchema#decimal,literal,19792,,,,,,,,,,,,,wd:Q27
158,uri,http://www.wikidata.org/entity/Q113471741,en,literal,DID Electrical,uri,http://www.wikidata.org/entity/Q27,literal,http://www.wikidata.org/entity/Q126793,literal,,literal,,literal,,literal,,http://www.w3.org/2001/XMLSchema#dateTime,literal,1968-01-01T00:00:00Z,,,,,,,,,,,,,,,,wd:Q27
159,uri,http://www.wikidata.org/entity/Q92382921,en,literal,Ion Insurance,uri,http://www.wikidata.org/entity/Q27,literal,http://www.wikidata.org/entity/Q43183,literal,,literal,,literal,http://www.wikidata.org/entity/Q1761,literal,,http://www.w3.org/2001/XMLSchema#dateTime,literal,2013-01-01T00:00:00Z,,,,,,,,,,,,,,,,wd:Q27
160,uri,http://www.wikidata.org/entity/Q12309283,en,literal,Eurospar,uri,http://www.wikidata.org/entity/Q38,literal,http://www.wikidata.org/entity/Q126793,literal,,literal,,literal,,literal,,,,,,,,,,,,,,,,,,,,wd:Q27
161,uri,http://www.wikidata.org/entity/Q63164713,en,literal,Erin School of English,uri,http://www.wikidata.org/entity/Q27,literal,,literal,,literal,,literal,,literal,,,,,,,,,,,en,literal,Erin School of English,,,,,,,wd:Q27
162,uri,http://www.wikidata.org/entity/Q59491232,en,literal,Clayton Hotel Ballsbridge,uri,http://www.wikidata.org/entity/Q27,literal,,literal,,literal,,literal,,literal,,,,,,,,,,,en,literal,Clayton Hotel Ballsbridge,,,,,,,wd:Q27
163,uri,http://www.wikidata.org/entity/Q12309283,en,literal,Eurospar,uri,http://www.wikidata.org/entity/Q39,literal,http://www.wikidata.org/entity/Q126793,literal,,literal,,literal,,literal,,,,,,,,,,,,,,,,,,,,wd:Q27
164,uri,http://www.wikidata.org/entity/Q105078879,en,literal,SSE Thermal,uri,http://www.wikidata.org/entity/Q27,literal,http://www.wikidata.org/entity/Q383973,literal,,literal,,literal,http://www.wikidata.org/entity/Q161491,literal,,,,,,,,,,,,,,,,,,,,wd:Q27
165,uri,http://www.wikidata.org/entity/Q97379961,en,literal,Mountaineering Ireland,uri,http://www.wikidata.org/entity/Q27,literal,,literal,,literal,,literal,http://www.wikidata.org/entity/Q496387,literal,,,,,,,,,,,,,,,,,,,,wd:Q27
166,uri,http://www.wikidata.org/entity/Q59492478,en,literal,Clayton hotel Leopardstown,uri,http://www.wikidata.org/entity/Q27,literal,,literal,,literal,,literal,,literal,,,,,,,,,,,en,literal,Clayton Hotel Leopardstown,,,,,,,wd:Q27
167,uri,http://www.wikidata.org/entity/Q76305805,en,literal,Collapsing Horse,uri,http://www.wikidata.org/entity/Q27,literal,,literal,,literal,,literal,,literal,,http://www.w3.org/2001/XMLSchema#dateTime,literal,2011-01-01T00:00:00Z,,,,,,,,,,,,,,,,wd:Q27
168,uri,http://www.wikidata.org/entity/Q12309283,en,literal,Eurospar,uri,http://www.wikidata.org/entity/Q36,literal,http://www.wikidata.org/entity/Q126793,literal,,literal,,literal,,literal,,,,,,,,,,,,,,,,,,,,wd:Q27
169,uri,http://www.wikidata.org/entity/Q97578016,en,literal,Kildare Nationalist,uri,http://www.wikidata.org/entity/Q27,literal,,literal,,literal,,literal,,literal,,,,,,,,,,,,,,,,,,,,wd:Q27
170,uri,http://www.wikidata.org/entity/Q6040018,en,literal,Institute of Certified Public Accountants in Ireland,uri,http://www.wikidata.org/entity/Q27,literal,,literal,,literal,,literal,http://www.wikidata.org/entity/Q1761,literal,,http://www.w3.org/2001/XMLSchema#dateTime,literal,1943-01-01T00:00:00Z,,,,,,,,,,,,,,,,wd:Q27
171,uri,http://www.wikidata.org/entity/Q338825,en,literal,Accenture,uri,http://www.wikidata.org/entity/Q27,literal,"http://www.wikidata.org/entity/Q23700345, http://www.wikidata.org/entity/Q23699878, http://www.wikidata.org/entity/Q61515, http://www.wikidata.org/entity/Q11661",literal,http://www.wikidata.org/entity/Q65515703,literal,,literal,http://www.wikidata.org/entity/Q1761,literal,http://www.wikidata.org/entity/Q242345,http://www.w3.org/2001/XMLSchema#dateTime,literal,1989-01-01T00:00:00Z,http://www.w3.org/2001/XMLSchema#decimal,literal,699000,,,,,,,,,,,,,wd:Q27
172,uri,http://www.wikidata.org/entity/Q83849440,en,literal,The Alex Hotel,uri,http://www.wikidata.org/entity/Q27,literal,,literal,,literal,,literal,,literal,,,,,,,,,,,,,,,,,,,,wd:Q27
173,uri,http://www.wikidata.org/entity/Q5161342,en,literal,Connaught Telegraph,uri,http://www.wikidata.org/entity/Q27,literal,,literal,,literal,,literal,http://www.wikidata.org/entity/Q749196,literal,,http://www.w3.org/2001/XMLSchema#dateTime,literal,1828-01-01T00:00:00Z,,,,,,,,,,,,,,,,wd:Q27
174,uri,http://www.wikidata.org/entity/Q138133,en,literal,RWE,uri,http://www.wikidata.org/entity/Q252,literal,"http://www.wikidata.org/entity/Q2151621, http://www.wikidata.org/entity/Q1341477, http://www.wikidata.org/entity/Q1326594",literal,"http://www.wikidata.org/entity/Q15842921, http://www.wikidata.org/entity/Q2078625, http://www.wikidata.org/entity/Q108936810",literal,,literal,http://www.wikidata.org/entity/Q2066,literal,"http://www.wikidata.org/entity/Q155718, http://www.wikidata.org/entity/Q874430, http://www.wikidata.org/entity/Q1230458, http://www.wikidata.org/entity/Q6571804",http://www.w3.org/2001/XMLSchema#dateTime,literal,1898-04-25T00:00:00Z,http://www.w3.org/2001/XMLSchema#decimal,literal,19792,,,,,,,,,,,,,wd:Q27
175,uri,http://www.wikidata.org/entity/Q59493677,en,literal,Clayton Hotel Liffey Valley,uri,http://www.wikidata.org/entity/Q27,literal,,literal,,literal,,literal,,literal,,,,,,,,,,,en,literal,Clayton Hotel Liffey Valley,,,,,,,wd:Q27
176,uri,http://www.wikidata.org/entity/Q59492195,en,literal,Clayton Hotel Silver Springs,uri,http://www.wikidata.org/entity/Q27,literal,,literal,,literal,,literal,,literal,,,,,,,,,,,en,literal,Clayton Hotel Silver Springs,,,,,,,wd:Q27
177,uri,http://www.wikidata.org/entity/Q12309283,en,literal,Eurospar,uri,http://www.wikidata.org/entity/Q40,literal,http://www.wikidata.org/entity/Q126793,literal,,literal,,literal,,literal,,,,,,,,,,,,,,,,,,,,wd:Q27
178,uri,http://www.wikidata.org/entity/Q112901144,en,literal,Daybreak,uri,http://www.wikidata.org/entity/Q27,literal,http://www.wikidata.org/entity/Q126793,literal,,literal,,literal,,literal,,,,,,,,,,,,,,,,,,,,wd:Q27
179,uri,http://www.wikidata.org/entity/Q108197462,en,literal,The Ivy Collection,uri,http://www.wikidata.org/entity/Q145,literal,,literal,,literal,,literal,,literal,,http://www.w3.org/2001/XMLSchema#dateTime,literal,1917-01-01T00:00:00Z,,,,,,,,,,,,,,,,wd:Q27
180,uri,http://www.wikidata.org/entity/Q106697830,en,literal,Randolf SD|The Company,uri,http://www.wikidata.org/entity/Q27,literal,,literal,,literal,,literal,http://www.wikidata.org/entity/Q1761,literal,,http://www.w3.org/2001/XMLSchema#dateTime,literal,2005-01-01T00:00:00Z,,,,,,,,,,,,,,,,wd:Q27
181,uri,http://www.wikidata.org/entity/Q98456772,en,literal,Tesco Express,uri,http://www.wikidata.org/entity/Q145,literal,http://www.wikidata.org/entity/Q126793,literal,,literal,,literal,,literal,,,,,,,,,,,,,,,,,,,,wd:Q27
182,uri,http://www.wikidata.org/entity/Q1867525,en,literal,Kilbeggan Distillery,uri,http://www.wikidata.org/entity/Q27,literal,,literal,,literal,,literal,http://www.wikidata.org/entity/Q68364,literal,,http://www.w3.org/2001/XMLSchema#dateTime,literal,1757-01-01T00:00:00Z,,,,,,,,,,,,,,,,wd:Q27
183,uri,http://www.wikidata.org/entity/Q1574185,en,literal,University College Cork,uri,http://www.wikidata.org/entity/Q27,literal,,literal,,literal,,literal,http://www.wikidata.org/entity/Q36647,literal,,http://www.w3.org/2001/XMLSchema#dateTime,literal,1845-01-01T00:00:00Z,,,,,,,,,,,,,,,,wd:Q27
184,uri,http://www.wikidata.org/entity/Q111016124,en,literal,Break Out Pictures,uri,http://www.wikidata.org/entity/Q27,literal,,literal,,literal,,literal,,literal,,,,,,,,,,,,,,,,,,,,wd:Q27
185,uri,http://www.wikidata.org/entity/Q842108,en,literal,Euronext,uri,http://www.wikidata.org/entity/Q45,literal,"http://www.wikidata.org/entity/Q837171, http://www.wikidata.org/entity/Q112166008",literal,http://www.wikidata.org/entity/Q33290562,literal,,literal,"http://www.wikidata.org/entity/Q90, http://www.wikidata.org/entity/Q53865133",literal,,http://www.w3.org/2001/XMLSchema#dateTime,literal,2000-09-22T00:00:00Z,http://www.w3.org/2001/XMLSchema#decimal,literal,2129,,,,nl,literal,Euronext N.V.,,,,,,,wd:Q27
186,uri,http://www.wikidata.org/entity/Q71973594,en,literal,Cliff House Hotel,uri,http://www.wikidata.org/entity/Q27,literal,,literal,,literal,,literal,,literal,,,,,,,,,,,,,,,,,,,,wd:Q27
187,uri,http://www.wikidata.org/entity/Q98456772,en,literal,Tesco Express,uri,http://www.wikidata.org/entity/Q148,literal,http://www.wikidata.org/entity/Q126793,literal,,literal,,literal,,literal,,,,,,,,,,,,,,,,,,,,wd:Q27
188,uri,http://www.wikidata.org/entity/Q746413,en,literal,Elsevier BV,uri,http://www.wikidata.org/entity/Q79,literal,http://www.wikidata.org/entity/Q3972943,literal,,literal,,literal,"http://www.wikidata.org/entity/Q2662373, http://www.wikidata.org/entity/Q1345",literal,,http://www.w3.org/2001/XMLSchema#dateTime,literal,1880-01-01T00:00:00Z,http://www.w3.org/2001/XMLSchema#decimal,literal,6900,http://www.w3.org/2001/XMLSchema#decimal,literal,600000000,,,,,,,,,,wd:Q27
189,uri,http://www.wikidata.org/entity/Q6523478,en,literal,Leo's Tavern,uri,http://www.wikidata.org/entity/Q27,literal,,literal,,literal,,literal,,literal,,http://www.w3.org/2001/XMLSchema#dateTime,literal,1968-01-01T00:00:00Z,,,,,,,,,,,,,,,,wd:Q27
190,uri,http://www.wikidata.org/entity/Q27033712,en,literal,"The Morrison Dublin, Curio Collection by Hilton",uri,http://www.wikidata.org/entity/Q27,literal,,literal,,literal,,literal,,literal,,,,,,,,,,,en,literal,"The Morrison Dublin, Curio Collection by Hilton",,,,,,,wd:Q27
191,uri,http://www.wikidata.org/entity/Q17087433,en,literal,Irish Multiplex Cinemas,uri,http://www.wikidata.org/entity/Q27,literal,http://www.wikidata.org/entity/Q1415395,literal,,literal,,literal,,literal,,,,,,,,,,,,,,,,,,,,wd:Q27
192,uri,http://www.wikidata.org/entity/Q842108,en,literal,Euronext,uri,http://www.wikidata.org/entity/Q55,literal,"http://www.wikidata.org/entity/Q837171, http://www.wikidata.org/entity/Q112166008",literal,http://www.wikidata.org/entity/Q33290562,literal,,literal,"http://www.wikidata.org/entity/Q90, http://www.wikidata.org/entity/Q53865133",literal,,http://www.w3.org/2001/XMLSchema#dateTime,literal,2000-09-22T00:00:00Z,http://www.w3.org/2001/XMLSchema#decimal,literal,2129,,,,nl,literal,Euronext N.V.,,,,,,,wd:Q27
193,uri,http://www.wikidata.org/entity/Q59491401,en,literal,Clayton Whites Hotel,uri,http://www.wikidata.org/entity/Q27,literal,,literal,,literal,,literal,,literal,,,,,,,,,,,en,literal,Clayton Whites Hotel,,,,,,,wd:Q27
194,uri,http://www.wikidata.org/entity/Q110286207,en,literal,Benbo Productions,uri,http://www.wikidata.org/entity/Q27,literal,,literal,,literal,,literal,"http://www.wikidata.org/entity/Q1026208, http://www.wikidata.org/entity/Q1761",literal,,http://www.w3.org/2001/XMLSchema#dateTime,literal,2000-01-01T00:00:00Z,,,,,,,en,literal,Benbo Productions,,,,,,,wd:Q27
195,uri,http://www.wikidata.org/entity/Q98582328,en,literal,Station House Hotel,uri,http://www.wikidata.org/entity/Q27,literal,,literal,,literal,,literal,,literal,,,,,,,,,,,,,,,,,,,,wd:Q27
196,uri,http://www.wikidata.org/entity/Q3006256,en,literal,Coiscéim,uri,http://www.wikidata.org/entity/Q27,literal,,literal,,literal,,literal,http://www.wikidata.org/entity/Q1761,literal,,http://www.w3.org/2001/XMLSchema#dateTime,literal,1980-01-01T00:00:00Z,,,,,,,,,,,,,,,,wd:Q27
197,uri,http://www.wikidata.org/entity/Q25529551,en,literal,Hilton Garden Inn Dublin City Centre,uri,http://www.wikidata.org/entity/Q27,literal,,literal,,literal,,literal,,literal,,,,,,,,,,,en,literal,Hilton Garden Inn Dublin City Centre,,,,,,,wd:Q27
198,uri,http://www.wikidata.org/entity/Q57551648,en,literal,Tesco Metro,uri,http://www.wikidata.org/entity/Q27,literal,http://www.wikidata.org/entity/Q126793,literal,,literal,,literal,,literal,http://www.wikidata.org/entity/Q487494,,,,,,,,,,,,,,,,,,,wd:Q27
199,uri,http://www.wikidata.org/entity/Q59492250,en,literal,Clayton Hotel Galway,uri,http://www.wikidata.org/entity/Q27,literal,,literal,,literal,,literal,,literal,,,,,,,,,,,en,literal,Clayton Hotel Galway,,,,,,,wd:Q27
200,uri,http://www.wikidata.org/entity/Q7438354,en,literal,Scouting Ireland,uri,http://www.wikidata.org/entity/Q27,literal,,literal,,literal,,literal,http://www.wikidata.org/entity/Q6488757,literal,,http://www.w3.org/2001/XMLSchema#dateTime,literal,2004-01-01T00:00:00Z,http://www.w3.org/2001/XMLSchema#decimal,literal,32,,,,,,,,,,,,,wd:Q27
201,uri,http://www.wikidata.org/entity/Q24284732,en,literal,Clayton Hotel Burlington Road,uri,http://www.wikidata.org/entity/Q27,literal,,literal,,literal,,literal,,literal,,http://www.w3.org/2001/XMLSchema#dateTime,literal,1972-01-01T00:00:00Z,,,,,,,,,,,,,,,,wd:Q27
202,uri,http://www.wikidata.org/entity/Q4687934,en,literal,AerCap,uri,http://www.wikidata.org/entity/Q27,literal,"http://www.wikidata.org/entity/Q3477363, http://www.wikidata.org/entity/Q837171",literal,,literal,,literal,"http://www.wikidata.org/entity/Q1761, http://www.wikidata.org/entity/Q727",literal,,http://www.w3.org/2001/XMLSchema#dateTime,literal,1995-01-01T00:00:00Z,http://www.w3.org/2001/XMLSchema#decimal,literal,390,http://www.w3.org/2001/XMLSchema#decimal,literal,1166777000,mul,literal,AerCap Holdings N.V,http://www.w3.org/2001/XMLSchema#decimal,literal,43749244000,http://www.w3.org/2001/XMLSchema#decimal,literal,9382205000,wd:Q27
203,uri,http://www.wikidata.org/entity/Q4801022,en,literal,Curzon Artificial Eye,uri,http://www.wikidata.org/entity/Q27,literal,http://www.wikidata.org/entity/Q1415356,literal,,literal,,literal,http://www.wikidata.org/entity/Q84,literal,,http://www.w3.org/2001/XMLSchema#dateTime,literal,1976-01-01T00:00:00Z,,,,,,,,,,,,,,,,wd:Q27
204,uri,http://www.wikidata.org/entity/Q22121865,en,literal,Cimpress,uri,http://www.wikidata.org/entity/Q55,literal,,literal,http://www.wikidata.org/entity/Q78485814,literal,,literal,"http://www.wikidata.org/entity/Q204956, http://www.wikidata.org/entity/Q9777",literal,,http://www.w3.org/2001/XMLSchema#dateTime,literal,1995-01-01T00:00:00Z,,,,,,,,,,,,,,,,wd:Q27
205,uri,http://www.wikidata.org/entity/Q5415877,en,literal,Evans,uri,http://www.wikidata.org/entity/Q27,literal,,literal,,literal,,literal,http://www.wikidata.org/entity/Q145,literal,,http://www.w3.org/2001/XMLSchema#dateTime,literal,1971-01-01T00:00:00Z,,,,,,,,,,,,,,,,wd:Q27
206,uri,http://www.wikidata.org/entity/Q7432952,en,literal,Schuh,uri,http://www.wikidata.org/entity/Q145,literal,http://www.wikidata.org/entity/Q126793,literal,,literal,,literal,http://www.wikidata.org/entity/Q848287,literal,,http://www.w3.org/2001/XMLSchema#dateTime,literal,1981-01-01T00:00:00Z,,,,,,,,,,,,,,,,wd:Q27
207,uri,http://www.wikidata.org/entity/Q1263090,en,literal,Dublin Bus,uri,http://www.wikidata.org/entity/Q27,literal,,literal,,literal,,literal,http://www.wikidata.org/entity/Q1761,literal,,http://www.w3.org/2001/XMLSchema#dateTime,literal,1987-02-02T00:00:00Z,,,,,,,,,,,,,,,,wd:Q27
208,uri,http://www.wikidata.org/entity/Q7071925,en,literal,O'Neills,uri,http://www.wikidata.org/entity/Q27,literal,http://www.wikidata.org/entity/Q607081,literal,,literal,,literal,http://www.wikidata.org/entity/Q1027659,literal,,http://www.w3.org/2001/XMLSchema#dateTime,literal,1918-01-01T00:00:00Z,,,,,,,,,,,,,,,,wd:Q27
209,uri,http://www.wikidata.org/entity/Q283785,en,literal,Central Bank of Ireland,uri,http://www.wikidata.org/entity/Q27,literal,,literal,,literal,"http://www.wikidata.org/entity/Q704379, http://www.wikidata.org/entity/Q7184252, http://www.wikidata.org/entity/Q75186229",literal,http://www.wikidata.org/entity/Q1761,literal,http://www.wikidata.org/entity/Q221598,http://www.w3.org/2001/XMLSchema#dateTime,literal,1942-01-01T00:00:00Z,,,,,,,,,,,,,,,,wd:Q27
210,uri,http://www.wikidata.org/entity/Q112862416,en,literal,Lorraine Brennan Management,uri,http://www.wikidata.org/entity/Q27,literal,,literal,,literal,,literal,,literal,,,,,,,,,,,,,,,,,,,,wd:Q27
211,uri,http://www.wikidata.org/entity/Q1310503,en,literal,EirGrid,uri,http://www.wikidata.org/entity/Q27,literal,http://www.wikidata.org/entity/Q112046,literal,,literal,,literal,http://www.wikidata.org/entity/Q1761,literal,,http://www.w3.org/2001/XMLSchema#dateTime,literal,2001-01-01T00:00:00Z,http://www.w3.org/2001/XMLSchema#decimal,literal,250,,,,,,,,,,,,,wd:Q27
212,uri,http://www.wikidata.org/entity/Q55334267,en,literal,ShinAwiL,uri,http://www.wikidata.org/entity/Q27,literal,http://www.wikidata.org/entity/Q289,literal,http://www.wikidata.org/entity/Q55334324,literal,,literal,http://www.wikidata.org/entity/Q1761,literal,,http://www.w3.org/2001/XMLSchema#dateTime,literal,1999-01-01T00:00:00Z,,,,,,,,,,,,,,,,wd:Q27
213,uri,http://www.wikidata.org/entity/Q5467372,en,literal,Forbidden Planet,uri,http://www.wikidata.org/entity/Q145,literal,http://www.wikidata.org/entity/Q243697,literal,,literal,,literal,http://www.wikidata.org/entity/Q84,literal,,,,,,,,,,,,,,,,,,,,wd:Q27
214,uri,http://www.wikidata.org/entity/Q906187,en,literal,Allergan plc,uri,http://www.wikidata.org/entity/Q27,literal,http://www.wikidata.org/entity/Q507443,literal,,literal,,literal,http://www.wikidata.org/entity/Q27,literal,,http://www.w3.org/2001/XMLSchema#dateTime,literal,2015-01-01T00:00:00Z,,,,,,,en,literal,Allergan Public Liability Company,,,,,,,wd:Q27
215,uri,http://www.wikidata.org/entity/Q3246464,en,literal,Currys,uri,http://www.wikidata.org/entity/Q145,literal,"http://www.wikidata.org/entity/Q126793, http://www.wikidata.org/entity/Q8148",literal,,literal,,literal,http://www.wikidata.org/entity/Q3532,literal,,http://www.w3.org/2001/XMLSchema#dateTime,literal,1884-01-01T00:00:00Z,,,,,,,,,,,,,,,,wd:Q27
216,uri,http://www.wikidata.org/entity/Q746413,en,literal,Elsevier BV,uri,http://www.wikidata.org/entity/Q334,literal,http://www.wikidata.org/entity/Q3972943,literal,,literal,,literal,"http://www.wikidata.org/entity/Q2662373, http://www.wikidata.org/entity/Q1345",literal,,http://www.w3.org/2001/XMLSchema#dateTime,literal,1880-01-01T00:00:00Z,http://www.w3.org/2001/XMLSchema#decimal,literal,6900,http://www.w3.org/2001/XMLSchema#decimal,literal,600000000,,,,,,,,,,wd:Q27
217,uri,http://www.wikidata.org/entity/Q7065448,en,literal,NOW TV,uri,http://www.wikidata.org/entity/Q145,literal,http://www.wikidata.org/entity/Q56611639,literal,,literal,,literal,"http://www.wikidata.org/entity/Q2432955, http://www.wikidata.org/entity/Q1761, http://www.wikidata.org/entity/Q490",literal,,http://www.w3.org/2001/XMLSchema#dateTime,literal,2012-07-17T00:00:00Z,,,,,,,,,,,,,,,,wd:Q27
218,uri,http://www.wikidata.org/entity/Q138133,en,literal,RWE,uri,http://www.wikidata.org/entity/Q668,literal,"http://www.wikidata.org/entity/Q2151621, http://www.wikidata.org/entity/Q1341477, http://www.wikidata.org/entity/Q1326594",literal,"http://www.wikidata.org/entity/Q15842921, http://www.wikidata.org/entity/Q2078625, http://www.wikidata.org/entity/Q108936810",literal,,literal,http://www.wikidata.org/entity/Q2066,literal,"http://www.wikidata.org/entity/Q155718, http://www.wikidata.org/entity/Q874430, http://www.wikidata.org/entity/Q1230458, http://www.wikidata.org/entity/Q6571804",http://www.w3.org/2001/XMLSchema#dateTime,literal,1898-04-25T00:00:00Z,http://www.w3.org/2001/XMLSchema#decimal,literal,19792,,,,,,,,,,,,,wd:Q27
219,uri,http://www.wikidata.org/entity/Q746413,en,literal,Elsevier BV,uri,http://www.wikidata.org/entity/Q96,literal,http://www.wikidata.org/entity/Q3972943,literal,,literal,,literal,"http://www.wikidata.org/entity/Q2662373, http://www.wikidata.org/entity/Q1345",literal,,http://www.w3.org/2001/XMLSchema#dateTime,literal,1880-01-01T00:00:00Z,http://www.w3.org/2001/XMLSchema#decimal,literal,6900,http://www.w3.org/2001/XMLSchema#decimal,literal,600000000,,,,,,,,,,wd:Q27
220,uri,http://www.wikidata.org/entity/Q75236910,en,literal,Mace (Republic of Ireland),uri,http://www.wikidata.org/entity/Q27,literal,http://www.wikidata.org/entity/Q126793,literal,,literal,,literal,,literal,,http://www.w3.org/2001/XMLSchema#dateTime,literal,1960-01-01T00:00:00Z,,,,,,,,,,,,,,,,wd:Q27
221,uri,http://www.wikidata.org/entity/Q108197462,en,literal,The Ivy Collection,uri,http://www.wikidata.org/entity/Q27,literal,,literal,,literal,,literal,,literal,,http://www.w3.org/2001/XMLSchema#dateTime,literal,1917-01-01T00:00:00Z,,,,,,,,,,,,,,,,wd:Q27
222,uri,http://www.wikidata.org/entity/Q98456772,en,literal,Tesco Express,uri,http://www.wikidata.org/entity/Q27,literal,http://www.wikidata.org/entity/Q126793,literal,,literal,,literal,,literal,,,,,,,,,,,,,,,,,,,,wd:Q27
223,uri,http://www.wikidata.org/entity/Q5141484,en,literal,Coillte,uri,http://www.wikidata.org/entity/Q27,literal,http://www.wikidata.org/entity/Q18218474,literal,,literal,,literal,http://www.wikidata.org/entity/Q1893671,literal,,http://www.w3.org/2001/XMLSchema#dateTime,literal,1988-01-01T00:00:00Z,,,,,,,,,,,,,,,,wd:Q27
224,uri,http://www.wikidata.org/entity/Q115224013,en,literal,ESB Networks,uri,http://www.wikidata.org/entity/Q27,literal,http://www.wikidata.org/entity/Q1951366,literal,,literal,,literal,http://www.wikidata.org/entity/Q1761,literal,,http://www.w3.org/2001/XMLSchema#dateTime,literal,1927-01-01T00:00:00Z,http://www.w3.org/2001/XMLSchema#decimal,literal,3000,,,,,,,,,,,,,wd:Q27
225,uri,http://www.wikidata.org/entity/Q105939849,en,literal,Pear,uri,http://www.wikidata.org/entity/Q27,literal,,literal,,literal,,literal,http://www.wikidata.org/entity/Q1761,literal,,http://www.w3.org/2001/XMLSchema#dateTime,literal,2017-01-01T00:00:00Z,,,,,,,,,,,,,,,,wd:Q27
226,uri,http://www.wikidata.org/entity/Q99430062,en,literal,The Avondhu,uri,http://www.wikidata.org/entity/Q27,literal,,literal,,literal,,literal,,literal,,,,,,,,,,,,,,,,,,,,wd:Q27
227,uri,http://www.wikidata.org/entity/Q97559853,en,literal,Number 21,uri,http://www.wikidata.org/entity/Q27,literal,,literal,,literal,,literal,http://www.wikidata.org/entity/Q162475,literal,,,,,,,,,,,,,,,,,,,,wd:Q27
228,uri,http://www.wikidata.org/entity/Q5311025,en,literal,Dublinbikes,uri,http://www.wikidata.org/entity/Q27,literal,,literal,,literal,,literal,,literal,,http://www.w3.org/2001/XMLSchema#dateTime,literal,2009-01-01T00:00:00Z,,,,,,,,,,,,,,,,wd:Q27
229,uri,http://www.wikidata.org/entity/Q98456772,en,literal,Tesco Express,uri,http://www.wikidata.org/entity/Q28,literal,http://www.wikidata.org/entity/Q126793,literal,,literal,,literal,,literal,,,,,,,,,,,,,,,,,,,,wd:Q27
230,uri,http://www.wikidata.org/entity/Q7939286,en,literal,Vodafone Ireland,uri,http://www.wikidata.org/entity/Q27,literal,"http://www.wikidata.org/entity/Q56598901, http://www.wikidata.org/entity/Q25245117",literal,,literal,,literal,http://www.wikidata.org/entity/Q1761,literal,,http://www.w3.org/2001/XMLSchema#dateTime,literal,1984-01-01T00:00:00Z,,,,,,,,,,,,,,,,wd:Q27
231,uri,http://www.wikidata.org/entity/Q28136631,en,literal,Termination for Medical Reasons,uri,http://www.wikidata.org/entity/Q27,literal,,literal,,literal,,literal,,literal,,,,,,,,,,,,,,,,,,,,wd:Q27
232,uri,http://www.wikidata.org/entity/Q92263872,en,literal,Hilton Dublin Kilmainham,uri,http://www.wikidata.org/entity/Q27,literal,,literal,,literal,,literal,,literal,,http://www.w3.org/2001/XMLSchema#dateTime,literal,2007-05-01T00:00:00Z,,,,,,,,,,,,,,,,wd:Q27
233,uri,http://www.wikidata.org/entity/Q55647891,en,literal,The Croke Park,uri,http://www.wikidata.org/entity/Q27,literal,,literal,,literal,,literal,,literal,,http://www.w3.org/2001/XMLSchema#dateTime,literal,2005-01-01T00:00:00Z,,,,,,,,,,,,,,,,wd:Q27
234,uri,http://www.wikidata.org/entity/Q114868203,en,literal,FuturEnergy Ireland,uri,http://www.wikidata.org/entity/Q27,literal,,literal,,literal,,literal,http://www.wikidata.org/entity/Q1761,literal,,http://www.w3.org/2001/XMLSchema#dateTime,literal,2021-11-01T00:00:00Z,,,,,,,,,,,,,,,,wd:Q27
235,uri,http://www.wikidata.org/entity/Q6549265,en,literal,Limerick Leader,uri,http://www.wikidata.org/entity/Q27,literal,,literal,,literal,,literal,,literal,,http://www.w3.org/2001/XMLSchema#dateTime,literal,1889-01-01T00:00:00Z,,,,,,,,,,,,,,,,wd:Q27
236,uri,http://www.wikidata.org/entity/Q1017233,en,literal,Bus Éireann,uri,http://www.wikidata.org/entity/Q27,literal,http://www.wikidata.org/entity/Q178512,literal,,literal,,literal,http://www.wikidata.org/entity/Q3776342,literal,,http://www.w3.org/2001/XMLSchema#dateTime,literal,1987-02-01T00:00:00Z,,,,,,,,,,,,,,,,wd:Q27
237,uri,http://www.wikidata.org/entity/Q4836758,en,literal,BT Ireland,uri,http://www.wikidata.org/entity/Q27,literal,http://www.wikidata.org/entity/Q25245117,literal,,literal,,literal,,literal,,http://www.w3.org/2001/XMLSchema#dateTime,literal,1990-01-01T00:00:00Z,,,,,,,,,,,,,,,,wd:Q27
238,uri,http://www.wikidata.org/entity/Q59420694,en,literal,Clayton Hotel Sligo,uri,http://www.wikidata.org/entity/Q27,literal,,literal,,literal,,literal,,literal,,,,,,,,,,,en,literal,Clayton Hotel Sligo,,,,,,,wd:Q27
239,uri,http://www.wikidata.org/entity/Q55171146,en,literal,Spooky Doorway,uri,http://www.wikidata.org/entity/Q27,literal,http://www.wikidata.org/entity/Q941594,literal,,literal,,literal,http://www.wikidata.org/entity/Q129610,literal,,,,,,,,,,,,,,,,,,,,wd:Q27
240,uri,http://www.wikidata.org/entity/Q50310301,en,literal,Zorin Technology Group Ltd.,uri,http://www.wikidata.org/entity/Q27,literal,,literal,,literal,,literal,http://www.wikidata.org/entity/Q1761,literal,,,,,,,,,,,,,,,,,,,,wd:Q27
241,uri,http://www.wikidata.org/entity/Q138133,en,literal,RWE,uri,http://www.wikidata.org/entity/Q145,literal,"http://www.wikidata.org/entity/Q2151621, http://www.wikidata.org/entity/Q1341477, http://www.wikidata.org/entity/Q1326594",literal,"http://www.wikidata.org/entity/Q15842921, http://www.wikidata.org/entity/Q2078625, http://www.wikidata.org/entity/Q108936810",literal,,literal,http://www.wikidata.org/entity/Q2066,literal,"http://www.wikidata.org/entity/Q155718, http://www.wikidata.org/entity/Q874430, http://www.wikidata.org/entity/Q1230458, http://www.wikidata.org/entity/Q6571804",http://www.w3.org/2001/XMLSchema#dateTime,literal,1898-04-25T00:00:00Z,http://www.w3.org/2001/XMLSchema#decimal,literal,19792,,,,,,,,,,,,,wd:Q27
242,uri,http://www.wikidata.org/entity/Q17037934,en,literal,NewsWhip,uri,http://www.wikidata.org/entity/Q27,literal,http://www.wikidata.org/entity/Q202833,literal,,literal,,literal,,literal,,http://www.w3.org/2001/XMLSchema#dateTime,literal,2011-01-01T00:00:00Z,,,,,,,,,,,,,,,,wd:Q27
243,uri,http://www.wikidata.org/entity/Q107286359,en,literal,Narolane Records,uri,http://www.wikidata.org/entity/Q27,literal,,literal,,literal,,literal,,literal,,,,,,,,,,,,,,,,,,,,wd:Q27
244,uri,http://www.wikidata.org/entity/Q5437186,en,literal,Fat Face,uri,http://www.wikidata.org/entity/Q145,literal,,literal,,literal,,literal,,literal,,http://www.w3.org/2001/XMLSchema#dateTime,literal,1992-01-01T00:00:00Z,,,,,,,,,,,,,,,,wd:Q27
245,uri,http://www.wikidata.org/entity/Q17101050,en,literal,Omniplex Cinemas,uri,http://www.wikidata.org/entity/Q26,literal,,literal,,literal,,literal,http://www.wikidata.org/entity/Q1761,literal,,http://www.w3.org/2001/XMLSchema#dateTime,literal,1991-01-01T00:00:00Z,,,,,,,,,,,,,,,,wd:Q27
246,uri,http://www.wikidata.org/entity/Q17101050,en,literal,Omniplex Cinemas,uri,http://www.wikidata.org/entity/Q27,literal,,literal,,literal,,literal,http://www.wikidata.org/entity/Q1761,literal,,http://www.w3.org/2001/XMLSchema#dateTime,literal,1991-01-01T00:00:00Z,,,,,,,,,,,,,,,,wd:Q27
247,uri,http://www.wikidata.org/entity/Q138133,en,literal,RWE,uri,http://www.wikidata.org/entity/Q148,literal,"http://www.wikidata.org/entity/Q2151621, http://www.wikidata.org/entity/Q1341477, http://www.wikidata.org/entity/Q1326594",literal,"http://www.wikidata.org/entity/Q15842921, http://www.wikidata.org/entity/Q2078625, http://www.wikidata.org/entity/Q108936810",literal,,literal,http://www.wikidata.org/entity/Q2066,literal,"http://www.wikidata.org/entity/Q155718, http://www.wikidata.org/entity/Q874430, http://www.wikidata.org/entity/Q1230458, http://www.wikidata.org/entity/Q6571804",http://www.w3.org/2001/XMLSchema#dateTime,literal,1898-04-25T00:00:00Z,http://www.w3.org/2001/XMLSchema#decimal,literal,19792,,,,,,,,,,,,,wd:Q27
248,uri,http://www.wikidata.org/entity/Q16942585,en,literal,Dealz,uri,http://www.wikidata.org/entity/Q27,literal,http://www.wikidata.org/entity/Q126793,literal,,literal,,literal,http://www.wikidata.org/entity/Q1761,literal,,http://www.w3.org/2001/XMLSchema#dateTime,literal,2011-08-17T00:00:00Z,,,,,,,,,,,,,,,,wd:Q27
249,uri,http://www.wikidata.org/entity/Q482490,en,literal,An Post,uri,http://www.wikidata.org/entity/Q27,literal,http://www.wikidata.org/entity/Q177777,literal,,literal,,literal,http://www.wikidata.org/entity/Q1339254,literal,,http://www.w3.org/2001/XMLSchema#dateTime,literal,1984-01-01T00:00:00Z,http://www.w3.org/2001/XMLSchema#decimal,literal,11832,,,,,,,,,,,,,wd:Q27
250,uri,http://www.wikidata.org/entity/Q7934801,en,literal,Energia Group,uri,http://www.wikidata.org/entity/Q27,literal,,literal,,literal,,literal,http://www.wikidata.org/entity/Q1761,literal,,http://www.w3.org/2001/XMLSchema#dateTime,literal,1998-01-01T00:00:00Z,,,,,,,,,,,,,,,,wd:Q27
251,uri,http://www.wikidata.org/entity/Q4687934,en,literal,AerCap,uri,http://www.wikidata.org/entity/Q55,literal,"http://www.wikidata.org/entity/Q3477363, http://www.wikidata.org/entity/Q837171",literal,,literal,,literal,"http://www.wikidata.org/entity/Q1761, http://www.wikidata.org/entity/Q727",literal,,http://www.w3.org/2001/XMLSchema#dateTime,literal,1995-01-01T00:00:00Z,http://www.w3.org/2001/XMLSchema#decimal,literal,390,http://www.w3.org/2001/XMLSchema#decimal,literal,1166777000,mul,literal,AerCap Holdings N.V,http://www.w3.org/2001/XMLSchema#decimal,literal,43749244000,http://www.w3.org/2001/XMLSchema#decimal,literal,9382205000,wd:Q27
252,uri,http://www.wikidata.org/entity/Q98456772,en,literal,Tesco Express,uri,http://www.wikidata.org/entity/Q43,literal,http://www.wikidata.org/entity/Q126793,literal,,literal,,literal,,literal,,,,,,,,,,,,,,,,,,,,wd:Q27
253,uri,http://www.wikidata.org/entity/Q21015800,en,literal,Londis,uri,http://www.wikidata.org/entity/Q27,literal,http://www.wikidata.org/entity/Q126793,literal,,literal,,literal,,literal,,http://www.w3.org/2001/XMLSchema#dateTime,literal,1970-01-01T00:00:00Z,,,,,,,,,,,,,,,,wd:Q27
254,uri,http://www.wikidata.org/entity/Q1590833,en,literal,Irish Independent,uri,http://www.wikidata.org/entity/Q27,literal,,literal,,literal,,literal,http://www.wikidata.org/entity/Q1761,literal,,http://www.w3.org/2001/XMLSchema#dateTime,literal,1905-01-01T00:00:00Z,,,,,,,,,,,,,,,,wd:Q27
255,uri,http://www.wikidata.org/entity/Q7731482,en,literal,The Echo,uri,http://www.wikidata.org/entity/Q27,literal,,literal,,literal,,literal,,literal,,,,,,,,,,,,,,,,,,,,wd:Q27
256,uri,http://www.wikidata.org/entity/Q85757295,en,literal,Dogpatch Labs,uri,http://www.wikidata.org/entity/Q27,literal,,literal,,literal,,literal,http://www.wikidata.org/entity/Q1761,literal,,,,,,,,,,,,,,,,,,,,wd:Q27
257,uri,http://www.wikidata.org/entity/Q5517749,en,literal,Gala,uri,http://www.wikidata.org/entity/Q27,literal,http://www.wikidata.org/entity/Q540912,literal,,literal,,literal,,literal,,,,,,,,,,,,,,,,,,,,wd:Q27
258,uri,http://www.wikidata.org/entity/Q7432952,en,literal,Schuh,uri,http://www.wikidata.org/entity/Q27,literal,http://www.wikidata.org/entity/Q126793,literal,,literal,,literal,http://www.wikidata.org/entity/Q848287,literal,,http://www.w3.org/2001/XMLSchema#dateTime,literal,1981-01-01T00:00:00Z,,,,,,,,,,,,,,,,wd:Q27
259,uri,http://www.wikidata.org/entity/Q59491160,en,literal,Clayton Hotel Cork City,uri,http://www.wikidata.org/entity/Q27,literal,,literal,,literal,,literal,,literal,,,,,,,,,,,,,,,,,,,,wd:Q27
260,uri,http://www.wikidata.org/entity/Q15712847,en,literal,Irish Citylink,uri,http://www.wikidata.org/entity/Q27,literal,,literal,,literal,,literal,http://www.wikidata.org/entity/Q129610,literal,,http://www.w3.org/2001/XMLSchema#dateTime,literal,1994-01-01T00:00:00Z,,,,,,,,,,,,,,,,wd:Q27
261,uri,http://www.wikidata.org/entity/Q99701325,en,literal,Irish Daily Mirror,uri,http://www.wikidata.org/entity/Q27,literal,,literal,,literal,,literal,,literal,,http://www.w3.org/2001/XMLSchema#dateTime,literal,1997-01-01T00:00:00Z,,,,,,,,,,,,,,,,wd:Q27
262,uri,http://www.wikidata.org/entity/Q407043,en,literal,ASL Airlines Ireland,uri,http://www.wikidata.org/entity/Q27,literal,,literal,,literal,,literal,http://www.wikidata.org/entity/Q1761,literal,,http://www.w3.org/2001/XMLSchema#dateTime,literal,2015-06-04T00:00:00Z,,,,,,,,,,,,,,,,wd:Q27
263,uri,http://www.wikidata.org/entity/Q383300,en,literal,Afilias,uri,http://www.wikidata.org/entity/Q27,literal,,literal,,literal,,literal,http://www.wikidata.org/entity/Q1761,literal,,http://www.w3.org/2001/XMLSchema#dateTime,literal,2000-10-01T00:00:00Z,,,,,,,,,,,,,,,,wd:Q27
264,uri,http://www.wikidata.org/entity/Q63025895,en,literal,Hilton Dublin,uri,http://www.wikidata.org/entity/Q27,literal,,literal,,literal,,literal,,literal,,http://www.w3.org/2001/XMLSchema#dateTime,literal,1999-01-01T00:00:00Z,,,,,,,en,literal,Hilton Dublin,,,,,,,wd:Q27
265,uri,http://www.wikidata.org/entity/Q41171672,en,literal,ALDI Süd,uri,http://www.wikidata.org/entity/Q145,literal,http://www.wikidata.org/entity/Q126793,literal,,literal,,literal,http://www.wikidata.org/entity/Q2899,literal,http://www.wikidata.org/entity/Q125054,http://www.w3.org/2001/XMLSchema#dateTime,literal,1960-01-01T00:00:00Z,,,,,,,,,,,,,,,,wd:Q27
266,uri,http://www.wikidata.org/entity/Q66382805,en,literal,Conrad Dublin,uri,http://www.wikidata.org/entity/Q27,literal,,literal,,literal,,literal,,literal,,,,,,,,,,,en,literal,Conrad Dublin,,,,,,,wd:Q27
267,uri,http://www.wikidata.org/entity/Q107603401,en,literal,Alex Cusack Management,uri,http://www.wikidata.org/entity/Q27,literal,,literal,,literal,,literal,,literal,,,,,,,,,,,,,,,,,,,,wd:Q27
268,uri,http://www.wikidata.org/entity/Q22031794,en,literal,Apache Pizza,uri,http://www.wikidata.org/entity/Q27,literal,http://www.wikidata.org/entity/Q11707,literal,,literal,,literal,,literal,,http://www.w3.org/2001/XMLSchema#dateTime,literal,1996-10-10T00:00:00Z,,,,,,,,,,,,,,,,wd:Q27
269,uri,http://www.wikidata.org/entity/Q5467372,en,literal,Forbidden Planet,uri,http://www.wikidata.org/entity/Q27,literal,http://www.wikidata.org/entity/Q243697,literal,,literal,,literal,http://www.wikidata.org/entity/Q84,literal,,,,,,,,,,,,,,,,,,,,wd:Q27
270,uri,http://www.wikidata.org/entity/Q84606064,en,literal,Frank and Honest,uri,http://www.wikidata.org/entity/Q27,literal,,literal,,literal,,literal,http://www.wikidata.org/entity/Q36647,literal,,,,,,,,,,,,,,,,,,,,wd:Q27
271,uri,http://www.wikidata.org/entity/Q41171672,en,literal,ALDI Süd,uri,http://www.wikidata.org/entity/Q148,literal,http://www.wikidata.org/entity/Q126793,literal,,literal,,literal,http://www.wikidata.org/entity/Q2899,literal,http://www.wikidata.org/entity/Q125054,http://www.w3.org/2001/XMLSchema#dateTime,literal,1960-01-01T00:00:00Z,,,,,,,,,,,,,,,,wd:Q27
272,uri,http://www.wikidata.org/entity/Q108122211,en,literal,Macalla Teoranta,uri,http://www.wikidata.org/entity/Q27,literal,,literal,,literal,,literal,http://www.wikidata.org/entity/Q1761,literal,,http://www.w3.org/2001/XMLSchema#dateTime,literal,1997-01-01T00:00:00Z,,,,,,,,,,,,,,,,wd:Q27
273,uri,http://www.wikidata.org/entity/Q3246464,en,literal,Currys,uri,http://www.wikidata.org/entity/Q27,literal,"http://www.wikidata.org/entity/Q126793, http://www.wikidata.org/entity/Q8148",literal,,literal,,literal,http://www.wikidata.org/entity/Q3532,literal,,http://www.w3.org/2001/XMLSchema#dateTime,literal,1884-01-01T00:00:00Z,,,,,,,,,,,,,,,,wd:Q27
274,uri,http://www.wikidata.org/entity/Q5467372,en,literal,Forbidden Planet,uri,http://www.wikidata.org/entity/Q30,literal,http://www.wikidata.org/entity/Q243697,literal,,literal,,literal,http://www.wikidata.org/entity/Q84,literal,,,,,,,,,,,,,,,,,,,,wd:Q27
275,uri,http://www.wikidata.org/entity/Q7065448,en,literal,NOW TV,uri,http://www.wikidata.org/entity/Q27,literal,http://www.wikidata.org/entity/Q56611639,literal,,literal,,literal,"http://www.wikidata.org/entity/Q2432955, http://www.wikidata.org/entity/Q1761, http://www.wikidata.org/entity/Q490",literal,,http://www.w3.org/2001/XMLSchema#dateTime,literal,2012-07-17T00:00:00Z,,,,,,,,,,,,,,,,wd:Q27
276,uri,http://www.wikidata.org/entity/Q253967,en,literal,Kerry Group,uri,http://www.wikidata.org/entity/Q27,literal,http://www.wikidata.org/entity/Q540912,literal,,literal,,literal,http://www.wikidata.org/entity/Q213358,literal,,http://www.w3.org/2001/XMLSchema#dateTime,literal,1972-01-01T00:00:00Z,http://www.w3.org/2001/XMLSchema#decimal,literal,23000,,,,,,,,,,,,,wd:Q27
277,uri,http://www.wikidata.org/entity/Q7742533,en,literal,The Irish Catholic,uri,http://www.wikidata.org/entity/Q27,literal,,literal,,literal,,literal,,literal,,http://www.w3.org/2001/XMLSchema#dateTime,literal,1888-01-01T00:00:00Z,,,,,,,,,,,,,,,,wd:Q27
278,uri,http://www.wikidata.org/entity/Q7178908,en,literal,Applegreen,uri,http://www.wikidata.org/entity/Q27,literal,http://www.wikidata.org/entity/Q862571,literal,,literal,,literal,http://www.wikidata.org/entity/Q1761,literal,,http://www.w3.org/2001/XMLSchema#dateTime,literal,1992-01-01T00:00:00Z,,,,,,,,,,,,,,,,wd:Q27
