,business.type,business.value,businessLabel.xml:lang,businessLabel.type,businessLabel.value,origindate.datatype,origindate.type,origindate.value,country.type,country.value,industries.type,industries.value,ceos.type,ceos.value,chairs.type,chairs.value,hqs.type,hqs.value,groups.type,groups.value,officialname.xml:lang,officialname.type,officialname.value,employees.datatype,employees.type,employees.value,profit.datatype,profit.type,profit.value,assets.datatype,assets.type,assets.value,equity.datatype,equity.type,equity.value,markcap.datatype,markcap.type,markcap.value,country
0,uri,http://www.wikidata.org/entity/Q738236,en,literal,National University of Singapore,http://www.w3.org/2001/XMLSchema#dateTime,literal,1905-01-01T00:00:00Z,uri,http://www.wikidata.org/entity/Q334,literal,,literal,,literal,,literal,,literal,,ms,literal,Universiti Kebangsaan Singapura,,,,,,,,,,,,,,,,wd:Q334
1,uri,http://www.wikidata.org/entity/Q699142,en,literal,Din Tai Fung,http://www.w3.org/2001/XMLSchema#dateTime,literal,1991-05-07T00:00:00Z,uri,http://www.wikidata.org/entity/Q17,literal,http://www.wikidata.org/entity/Q540912,literal,,literal,,literal,http://www.wikidata.org/entity/Q1867,literal,,,,,,,,,,,,,,,,,,,,wd:Q334
2,uri,http://www.wikidata.org/entity/Q683146,en,literal,LexisNexis,http://www.w3.org/2001/XMLSchema#dateTime,literal,1973-01-01T00:00:00Z,uri,http://www.wikidata.org/entity/Q668,literal,http://www.wikidata.org/entity/Q3972943,literal,,literal,,literal,http://www.wikidata.org/entity/Q60,literal,,,,,http://www.w3.org/2001/XMLSchema#decimal,literal,10000,,,,,,,,,,,,,wd:Q334
3,uri,http://www.wikidata.org/entity/Q22907073,en,literal,Carousell,http://www.w3.org/2001/XMLSchema#dateTime,literal,2012-05-01T00:00:00Z,uri,http://www.wikidata.org/entity/Q928,literal,http://www.wikidata.org/entity/Q484847,literal,,literal,,literal,"http://www.wikidata.org/entity/Q928, http://www.wikidata.org/entity/Q334",literal,,,,,,,,,,,,,,,,,,,,wd:Q334
4,uri,http://www.wikidata.org/entity/Q105659003,en,literal,Crypto.com,http://www.w3.org/2001/XMLSchema#dateTime,literal,2016-01-01T00:00:00Z,uri,http://www.wikidata.org/entity/Q334,literal,http://www.wikidata.org/entity/Q100269062,literal,,literal,,literal,http://www.wikidata.org/entity/Q334,literal,,,,,,,,,,,,,,,,,,,,wd:Q334
5,uri,http://www.wikidata.org/entity/Q65089884,en,literal,Millennium Management,http://www.w3.org/2001/XMLSchema#dateTime,literal,1989-01-01T00:00:00Z,uri,http://www.wikidata.org/entity/Q17,literal,http://www.wikidata.org/entity/Q2867142,literal,,literal,,literal,http://www.wikidata.org/entity/Q60,literal,,,,,,,,,,,,,,,,,,,,wd:Q334
6,uri,http://www.wikidata.org/entity/Q22907073,en,literal,Carousell,http://www.w3.org/2001/XMLSchema#dateTime,literal,2012-05-01T00:00:00Z,uri,http://www.wikidata.org/entity/Q334,literal,http://www.wikidata.org/entity/Q484847,literal,,literal,,literal,"http://www.wikidata.org/entity/Q928, http://www.wikidata.org/entity/Q334",literal,,,,,,,,,,,,,,,,,,,,wd:Q334
7,uri,http://www.wikidata.org/entity/Q138133,en,literal,RWE,http://www.w3.org/2001/XMLSchema#dateTime,literal,1898-04-25T00:00:00Z,uri,http://www.wikidata.org/entity/Q17,literal,"http://www.wikidata.org/entity/Q2151621, http://www.wikidata.org/entity/Q1341477, http://www.wikidata.org/entity/Q1326594",literal,"http://www.wikidata.org/entity/Q15842921, http://www.wikidata.org/entity/Q2078625, http://www.wikidata.org/entity/Q108936810",literal,,literal,http://www.wikidata.org/entity/Q2066,literal,"http://www.wikidata.org/entity/Q155718, http://www.wikidata.org/entity/Q874430, http://www.wikidata.org/entity/Q1230458, http://www.wikidata.org/entity/Q6571804",,,,http://www.w3.org/2001/XMLSchema#decimal,literal,19792,,,,,,,,,,,,,wd:Q334
8,uri,http://www.wikidata.org/entity/Q48999268,en,literal,Secretlab,http://www.w3.org/2001/XMLSchema#dateTime,literal,2014-12-01T00:00:00Z,uri,http://www.wikidata.org/entity/Q334,literal,http://www.wikidata.org/entity/Q14745,literal,,literal,,literal,http://www.wikidata.org/entity/Q334,literal,,,,,,,,,,,,,,,,,,,,wd:Q334
9,uri,http://www.wikidata.org/entity/Q746413,en,literal,Elsevier BV,http://www.w3.org/2001/XMLSchema#dateTime,literal,1880-01-01T00:00:00Z,uri,http://www.wikidata.org/entity/Q668,literal,http://www.wikidata.org/entity/Q3972943,literal,,literal,,literal,"http://www.wikidata.org/entity/Q2662373, http://www.wikidata.org/entity/Q1345",literal,,,,,http://www.w3.org/2001/XMLSchema#decimal,literal,6900,http://www.w3.org/2001/XMLSchema#decimal,literal,600000000,,,,,,,,,,wd:Q334
10,uri,http://www.wikidata.org/entity/Q109295941,en,literal,bTaskee,http://www.w3.org/2001/XMLSchema#dateTime,literal,2016-01-01T00:00:00Z,uri,http://www.wikidata.org/entity/Q869,literal,,literal,,literal,,literal,,literal,,,,,,,,,,,,,,,,,,,,wd:Q334
11,uri,http://www.wikidata.org/entity/Q4140545,en,literal,ComfortDelGro,http://www.w3.org/2001/XMLSchema#dateTime,literal,2003-03-29T00:00:00Z,uri,http://www.wikidata.org/entity/Q334,literal,http://www.wikidata.org/entity/Q4354683,literal,,literal,,literal,http://www.wikidata.org/entity/Q334,literal,,,,,,,,,,,,,,,,,,,,wd:Q334
12,uri,http://www.wikidata.org/entity/Q699142,en,literal,Din Tai Fung,http://www.w3.org/2001/XMLSchema#dateTime,literal,1991-05-07T00:00:00Z,uri,http://www.wikidata.org/entity/Q408,literal,http://www.wikidata.org/entity/Q540912,literal,,literal,,literal,http://www.wikidata.org/entity/Q1867,literal,,,,,,,,,,,,,,,,,,,,wd:Q334
13,uri,http://www.wikidata.org/entity/Q109991283,en,literal,FlixStock,,,,uri,http://www.wikidata.org/entity/Q334,literal,,literal,,literal,,literal,,literal,,,,,,,,,,,,,,,,,,,,wd:Q334
14,uri,http://www.wikidata.org/entity/Q6713673,en,literal,M1 Limited,http://www.w3.org/2001/XMLSchema#dateTime,literal,1998-01-01T00:00:00Z,uri,http://www.wikidata.org/entity/Q334,literal,"http://www.wikidata.org/entity/Q56598901, http://www.wikidata.org/entity/Q25245117",literal,,literal,,literal,,literal,,,,,,,,,,,,,,,,,,,,wd:Q334
15,uri,http://www.wikidata.org/entity/Q683146,en,literal,LexisNexis,http://www.w3.org/2001/XMLSchema#dateTime,literal,1973-01-01T00:00:00Z,uri,http://www.wikidata.org/entity/Q142,literal,http://www.wikidata.org/entity/Q3972943,literal,,literal,,literal,http://www.wikidata.org/entity/Q60,literal,,,,,http://www.w3.org/2001/XMLSchema#decimal,literal,10000,,,,,,,,,,,,,wd:Q334
16,uri,http://www.wikidata.org/entity/Q102347657,en,literal,IRVINS,,,,uri,http://www.wikidata.org/entity/Q334,literal,,literal,,literal,,literal,http://www.wikidata.org/entity/Q334,literal,,,,,,,,,,,,,,,,,,,,wd:Q334
17,uri,http://www.wikidata.org/entity/Q61987093,en,literal,General Arcade,http://www.w3.org/2001/XMLSchema#dateTime,literal,2008-01-01T00:00:00Z,uri,http://www.wikidata.org/entity/Q334,literal,,literal,,literal,,literal,,literal,,,,,,,,,,,,,,,,,,,,wd:Q334
18,uri,http://www.wikidata.org/entity/Q38116375,en,literal,Voyagin,http://www.w3.org/2001/XMLSchema#dateTime,literal,2011-01-01T00:00:00Z,uri,http://www.wikidata.org/entity/Q17,literal,,literal,http://www.wikidata.org/entity/Q17229042,literal,,literal,http://www.wikidata.org/entity/Q1490,literal,,,,,,,,,,,,,,,,,,,,wd:Q334
19,uri,http://www.wikidata.org/entity/Q1357666,en,literal,World Scientific,http://www.w3.org/2001/XMLSchema#dateTime,literal,1981-01-01T00:00:00Z,uri,http://www.wikidata.org/entity/Q334,literal,,literal,,literal,,literal,"http://www.wikidata.org/entity/Q8646, http://www.wikidata.org/entity/Q334",literal,,,,,,,,,,,,,,,,,,,,wd:Q334
20,uri,http://www.wikidata.org/entity/Q699142,en,literal,Din Tai Fung,http://www.w3.org/2001/XMLSchema#dateTime,literal,1991-05-07T00:00:00Z,uri,http://www.wikidata.org/entity/Q30,literal,http://www.wikidata.org/entity/Q540912,literal,,literal,,literal,http://www.wikidata.org/entity/Q1867,literal,,,,,,,,,,,,,,,,,,,,wd:Q334
21,uri,http://www.wikidata.org/entity/Q138133,en,literal,RWE,http://www.w3.org/2001/XMLSchema#dateTime,literal,1898-04-25T00:00:00Z,uri,http://www.wikidata.org/entity/Q27,literal,"http://www.wikidata.org/entity/Q2151621, http://www.wikidata.org/entity/Q1341477, http://www.wikidata.org/entity/Q1326594",literal,"http://www.wikidata.org/entity/Q15842921, http://www.wikidata.org/entity/Q2078625, http://www.wikidata.org/entity/Q108936810",literal,,literal,http://www.wikidata.org/entity/Q2066,literal,"http://www.wikidata.org/entity/Q155718, http://www.wikidata.org/entity/Q874430, http://www.wikidata.org/entity/Q1230458, http://www.wikidata.org/entity/Q6571804",,,,http://www.w3.org/2001/XMLSchema#decimal,literal,19792,,,,,,,,,,,,,wd:Q334
22,uri,http://www.wikidata.org/entity/Q96273147,en,literal,JJ Richman,http://www.w3.org/2001/XMLSchema#dateTime,literal,2010-01-01T00:00:00Z,uri,http://www.wikidata.org/entity/Q334,literal,http://www.wikidata.org/entity/Q837171,literal,,literal,,literal,http://www.wikidata.org/entity/Q334,literal,,,,,,,,,,,,,,,,,,,,wd:Q334
23,uri,http://www.wikidata.org/entity/Q18712406,en,literal,Lazada Group,http://www.w3.org/2001/XMLSchema#dateTime,literal,2012-01-01T00:00:00Z,uri,http://www.wikidata.org/entity/Q833,literal,http://www.wikidata.org/entity/Q484847,literal,,literal,,literal,http://www.wikidata.org/entity/Q334,literal,,,,,http://www.w3.org/2001/XMLSchema#decimal,literal,4000,,,,,,,,,,,,,wd:Q334
24,uri,http://www.wikidata.org/entity/Q65089884,en,literal,Millennium Management,http://www.w3.org/2001/XMLSchema#dateTime,literal,1989-01-01T00:00:00Z,uri,http://www.wikidata.org/entity/Q30,literal,http://www.wikidata.org/entity/Q2867142,literal,,literal,,literal,http://www.wikidata.org/entity/Q60,literal,,,,,,,,,,,,,,,,,,,,wd:Q334
25,uri,http://www.wikidata.org/entity/Q138133,en,literal,RWE,http://www.w3.org/2001/XMLSchema#dateTime,literal,1898-04-25T00:00:00Z,uri,http://www.wikidata.org/entity/Q30,literal,"http://www.wikidata.org/entity/Q2151621, http://www.wikidata.org/entity/Q1341477, http://www.wikidata.org/entity/Q1326594",literal,"http://www.wikidata.org/entity/Q15842921, http://www.wikidata.org/entity/Q2078625, http://www.wikidata.org/entity/Q108936810",literal,,literal,http://www.wikidata.org/entity/Q2066,literal,"http://www.wikidata.org/entity/Q155718, http://www.wikidata.org/entity/Q874430, http://www.wikidata.org/entity/Q1230458, http://www.wikidata.org/entity/Q6571804",,,,http://www.w3.org/2001/XMLSchema#decimal,literal,19792,,,,,,,,,,,,,wd:Q334
26,uri,http://www.wikidata.org/entity/Q699142,en,literal,Din Tai Fung,http://www.w3.org/2001/XMLSchema#dateTime,literal,1991-05-07T00:00:00Z,uri,http://www.wikidata.org/entity/Q865,literal,http://www.wikidata.org/entity/Q540912,literal,,literal,,literal,http://www.wikidata.org/entity/Q1867,literal,,,,,,,,,,,,,,,,,,,,wd:Q334
27,uri,http://www.wikidata.org/entity/Q2783770,en,literal,Food Republic,,,,uri,http://www.wikidata.org/entity/Q334,literal,,literal,,literal,,literal,,literal,,,,,,,,,,,,,,,,,,,,wd:Q334
28,uri,http://www.wikidata.org/entity/Q2661296,en,literal,Monetary Authority of Singapore,http://www.w3.org/2001/XMLSchema#dateTime,literal,1971-01-01T00:00:00Z,uri,http://www.wikidata.org/entity/Q334,literal,,literal,,literal,http://www.wikidata.org/entity/Q983752,literal,http://www.wikidata.org/entity/Q334,literal,http://www.wikidata.org/entity/Q55713177,en,literal,Monetary Authority of Singapore,,,,,,,,,,,,,,,,wd:Q334
29,uri,http://www.wikidata.org/entity/Q4167907,en,literal,Singapore Pools,http://www.w3.org/2001/XMLSchema#dateTime,literal,1968-05-23T00:00:00Z,uri,http://www.wikidata.org/entity/Q334,literal,http://www.wikidata.org/entity/Q11416,literal,,literal,,literal,,literal,,,,,,,,,,,,,,,,,,,,wd:Q334
30,uri,http://www.wikidata.org/entity/Q683146,en,literal,LexisNexis,http://www.w3.org/2001/XMLSchema#dateTime,literal,1973-01-01T00:00:00Z,uri,http://www.wikidata.org/entity/Q145,literal,http://www.wikidata.org/entity/Q3972943,literal,,literal,,literal,http://www.wikidata.org/entity/Q60,literal,,,,,http://www.w3.org/2001/XMLSchema#decimal,literal,10000,,,,,,,,,,,,,wd:Q334
31,uri,http://www.wikidata.org/entity/Q55393537,en,literal,BlueSG,,,,uri,http://www.wikidata.org/entity/Q334,literal,http://www.wikidata.org/entity/Q291240,literal,,literal,,literal,,literal,,,,,,,,,,,,,,,,,,,,wd:Q334
32,uri,http://www.wikidata.org/entity/Q76099070,en,literal,Tiger Sugar,,,,uri,http://www.wikidata.org/entity/Q833,literal,"http://www.wikidata.org/entity/Q4899370, http://www.wikidata.org/entity/Q540912",literal,,literal,,literal,http://www.wikidata.org/entity/Q569548,literal,,,,,,,,,,,,,,,,,,,,wd:Q334
33,uri,http://www.wikidata.org/entity/Q138133,en,literal,RWE,http://www.w3.org/2001/XMLSchema#dateTime,literal,1898-04-25T00:00:00Z,uri,http://www.wikidata.org/entity/Q183,literal,"http://www.wikidata.org/entity/Q2151621, http://www.wikidata.org/entity/Q1341477, http://www.wikidata.org/entity/Q1326594",literal,"http://www.wikidata.org/entity/Q15842921, http://www.wikidata.org/entity/Q2078625, http://www.wikidata.org/entity/Q108936810",literal,,literal,http://www.wikidata.org/entity/Q2066,literal,"http://www.wikidata.org/entity/Q155718, http://www.wikidata.org/entity/Q874430, http://www.wikidata.org/entity/Q1230458, http://www.wikidata.org/entity/Q6571804",,,,http://www.w3.org/2001/XMLSchema#decimal,literal,19792,,,,,,,,,,,,,wd:Q334
34,uri,http://www.wikidata.org/entity/Q138133,en,literal,RWE,http://www.w3.org/2001/XMLSchema#dateTime,literal,1898-04-25T00:00:00Z,uri,http://www.wikidata.org/entity/Q29,literal,"http://www.wikidata.org/entity/Q2151621, http://www.wikidata.org/entity/Q1341477, http://www.wikidata.org/entity/Q1326594",literal,"http://www.wikidata.org/entity/Q15842921, http://www.wikidata.org/entity/Q2078625, http://www.wikidata.org/entity/Q108936810",literal,,literal,http://www.wikidata.org/entity/Q2066,literal,"http://www.wikidata.org/entity/Q155718, http://www.wikidata.org/entity/Q874430, http://www.wikidata.org/entity/Q1230458, http://www.wikidata.org/entity/Q6571804",,,,http://www.w3.org/2001/XMLSchema#decimal,literal,19792,,,,,,,,,,,,,wd:Q334
35,uri,http://www.wikidata.org/entity/Q76099070,en,literal,Tiger Sugar,,,,uri,http://www.wikidata.org/entity/Q148,literal,"http://www.wikidata.org/entity/Q4899370, http://www.wikidata.org/entity/Q540912",literal,,literal,,literal,http://www.wikidata.org/entity/Q569548,literal,,,,,,,,,,,,,,,,,,,,wd:Q334
36,uri,http://www.wikidata.org/entity/Q683146,en,literal,LexisNexis,http://www.w3.org/2001/XMLSchema#dateTime,literal,1973-01-01T00:00:00Z,uri,http://www.wikidata.org/entity/Q833,literal,http://www.wikidata.org/entity/Q3972943,literal,,literal,,literal,http://www.wikidata.org/entity/Q60,literal,,,,,http://www.w3.org/2001/XMLSchema#decimal,literal,10000,,,,,,,,,,,,,wd:Q334
37,uri,http://www.wikidata.org/entity/Q2994389,en,literal,Garena,http://www.w3.org/2001/XMLSchema#dateTime,literal,2009-01-01T00:00:00Z,uri,http://www.wikidata.org/entity/Q334,literal,http://www.wikidata.org/entity/Q941594,literal,,literal,,literal,http://www.wikidata.org/entity/Q334,literal,,,,,,,,,,,,,,,,,,,,wd:Q334
38,uri,http://www.wikidata.org/entity/Q342813,en,literal,Acronis,http://www.w3.org/2001/XMLSchema#dateTime,literal,2002-01-01T00:00:00Z,uri,http://www.wikidata.org/entity/Q12697,literal,"http://www.wikidata.org/entity/Q7397, http://www.wikidata.org/entity/Q3510521",literal,,literal,,literal,"http://www.wikidata.org/entity/Q9009, http://www.wikidata.org/entity/Q334",literal,,,,,http://www.w3.org/2001/XMLSchema#decimal,literal,1900,,,,,,,,,,,,,wd:Q334
39,uri,http://www.wikidata.org/entity/Q683146,en,literal,LexisNexis,http://www.w3.org/2001/XMLSchema#dateTime,literal,1973-01-01T00:00:00Z,uri,http://www.wikidata.org/entity/Q148,literal,http://www.wikidata.org/entity/Q3972943,literal,,literal,,literal,http://www.wikidata.org/entity/Q60,literal,,,,,http://www.w3.org/2001/XMLSchema#decimal,literal,10000,,,,,,,,,,,,,wd:Q334
40,uri,http://www.wikidata.org/entity/Q138133,en,literal,RWE,http://www.w3.org/2001/XMLSchema#dateTime,literal,1898-04-25T00:00:00Z,uri,http://www.wikidata.org/entity/Q34,literal,"http://www.wikidata.org/entity/Q2151621, http://www.wikidata.org/entity/Q1341477, http://www.wikidata.org/entity/Q1326594",literal,"http://www.wikidata.org/entity/Q15842921, http://www.wikidata.org/entity/Q2078625, http://www.wikidata.org/entity/Q108936810",literal,,literal,http://www.wikidata.org/entity/Q2066,literal,"http://www.wikidata.org/entity/Q155718, http://www.wikidata.org/entity/Q874430, http://www.wikidata.org/entity/Q1230458, http://www.wikidata.org/entity/Q6571804",,,,http://www.w3.org/2001/XMLSchema#decimal,literal,19792,,,,,,,,,,,,,wd:Q334
41,uri,http://www.wikidata.org/entity/Q699142,en,literal,Din Tai Fung,http://www.w3.org/2001/XMLSchema#dateTime,literal,1991-05-07T00:00:00Z,uri,http://www.wikidata.org/entity/Q869,literal,http://www.wikidata.org/entity/Q540912,literal,,literal,,literal,http://www.wikidata.org/entity/Q1867,literal,,,,,,,,,,,,,,,,,,,,wd:Q334
42,uri,http://www.wikidata.org/entity/Q483281,en,literal,Tiger Airways,http://www.w3.org/2001/XMLSchema#dateTime,literal,2003-12-12T00:00:00Z,uri,http://www.wikidata.org/entity/Q334,literal,,literal,,literal,,literal,http://www.wikidata.org/entity/Q334,literal,,,,,,,,,,,,,,,,,,,,wd:Q334
43,uri,http://www.wikidata.org/entity/Q109295941,en,literal,bTaskee,http://www.w3.org/2001/XMLSchema#dateTime,literal,2016-01-01T00:00:00Z,uri,http://www.wikidata.org/entity/Q881,literal,,literal,,literal,,literal,,literal,,,,,,,,,,,,,,,,,,,,wd:Q334
44,uri,http://www.wikidata.org/entity/Q746413,en,literal,Elsevier BV,http://www.w3.org/2001/XMLSchema#dateTime,literal,1880-01-01T00:00:00Z,uri,http://www.wikidata.org/entity/Q145,literal,http://www.wikidata.org/entity/Q3972943,literal,,literal,,literal,"http://www.wikidata.org/entity/Q2662373, http://www.wikidata.org/entity/Q1345",literal,,,,,http://www.w3.org/2001/XMLSchema#decimal,literal,6900,http://www.w3.org/2001/XMLSchema#decimal,literal,600000000,,,,,,,,,,wd:Q334
45,uri,http://www.wikidata.org/entity/Q24698874,en,literal,Go-Ahead Singapore,http://www.w3.org/2001/XMLSchema#dateTime,literal,2016-01-01T00:00:00Z,uri,http://www.wikidata.org/entity/Q334,literal,,literal,,literal,,literal,,literal,,,,,,,,,,,,,,,,,,,,wd:Q334
46,uri,http://www.wikidata.org/entity/Q5764722,en,literal,Hilton Singapore,http://www.w3.org/2001/XMLSchema#dateTime,literal,1969-01-01T00:00:00Z,uri,http://www.wikidata.org/entity/Q334,literal,,literal,,literal,,literal,,literal,,zh-hant,literal,新加坡希爾頓酒店,,,,,,,,,,,,,,,,wd:Q334
47,uri,http://www.wikidata.org/entity/Q114789061,en,literal,Giti Group,http://www.w3.org/2001/XMLSchema#dateTime,literal,1930-01-01T00:00:00Z,uri,http://www.wikidata.org/entity/Q334,literal,,literal,,literal,,literal,,literal,,,,,,,,,,,,,,,,,,,,wd:Q334
48,uri,http://www.wikidata.org/entity/Q113858405,en,literal,Hello Health Group,http://www.w3.org/2001/XMLSchema#dateTime,literal,2015-01-01T00:00:00Z,uri,http://www.wikidata.org/entity/Q668,literal,http://www.wikidata.org/entity/Q12147,literal,,literal,,literal,http://www.wikidata.org/entity/Q334,literal,,en,literal,Hello Health Group Pte. Ltd,http://www.w3.org/2001/XMLSchema#decimal,literal,351,,,,,,,,,,,,,wd:Q334
49,uri,http://www.wikidata.org/entity/Q367412,en,literal,Razer Inc.,http://www.w3.org/2001/XMLSchema#dateTime,literal,2005-01-01T00:00:00Z,uri,http://www.wikidata.org/entity/Q334,literal,"http://www.wikidata.org/entity/Q941594, http://www.wikidata.org/entity/Q3966",literal,,literal,,literal,"http://www.wikidata.org/entity/Q491099, http://www.wikidata.org/entity/Q49219, http://www.wikidata.org/entity/Q334, http://www.wikidata.org/entity/Q62",literal,,,,,,,,,,,,,,,,,,,,wd:Q334
50,uri,http://www.wikidata.org/entity/Q746413,en,literal,Elsevier BV,http://www.w3.org/2001/XMLSchema#dateTime,literal,1880-01-01T00:00:00Z,uri,http://www.wikidata.org/entity/Q148,literal,http://www.wikidata.org/entity/Q3972943,literal,,literal,,literal,"http://www.wikidata.org/entity/Q2662373, http://www.wikidata.org/entity/Q1345",literal,,,,,http://www.w3.org/2001/XMLSchema#decimal,literal,6900,http://www.w3.org/2001/XMLSchema#decimal,literal,600000000,,,,,,,,,,wd:Q334
51,uri,http://www.wikidata.org/entity/Q65089884,en,literal,Millennium Management,http://www.w3.org/2001/XMLSchema#dateTime,literal,1989-01-01T00:00:00Z,uri,http://www.wikidata.org/entity/Q39,literal,http://www.wikidata.org/entity/Q2867142,literal,,literal,,literal,http://www.wikidata.org/entity/Q60,literal,,,,,,,,,,,,,,,,,,,,wd:Q334
52,uri,http://www.wikidata.org/entity/Q699142,en,literal,Din Tai Fung,http://www.w3.org/2001/XMLSchema#dateTime,literal,1991-05-07T00:00:00Z,uri,http://www.wikidata.org/entity/Q878,literal,http://www.wikidata.org/entity/Q540912,literal,,literal,,literal,http://www.wikidata.org/entity/Q1867,literal,,,,,,,,,,,,,,,,,,,,wd:Q334
53,uri,http://www.wikidata.org/entity/Q138133,en,literal,RWE,http://www.w3.org/2001/XMLSchema#dateTime,literal,1898-04-25T00:00:00Z,uri,http://www.wikidata.org/entity/Q36,literal,"http://www.wikidata.org/entity/Q2151621, http://www.wikidata.org/entity/Q1341477, http://www.wikidata.org/entity/Q1326594",literal,"http://www.wikidata.org/entity/Q15842921, http://www.wikidata.org/entity/Q2078625, http://www.wikidata.org/entity/Q108936810",literal,,literal,http://www.wikidata.org/entity/Q2066,literal,"http://www.wikidata.org/entity/Q155718, http://www.wikidata.org/entity/Q874430, http://www.wikidata.org/entity/Q1230458, http://www.wikidata.org/entity/Q6571804",,,,http://www.w3.org/2001/XMLSchema#decimal,literal,19792,,,,,,,,,,,,,wd:Q334
54,uri,http://www.wikidata.org/entity/Q106767114,en,literal,General Interactive Co.,http://www.w3.org/2001/XMLSchema#dateTime,literal,2016-01-01T00:00:00Z,uri,http://www.wikidata.org/entity/Q334,literal,http://www.wikidata.org/entity/Q941594,literal,,literal,,literal,,literal,,,,,,,,,,,,,,,,,,,,wd:Q334
55,uri,http://www.wikidata.org/entity/Q60236385,en,literal,4iB Records,http://www.w3.org/2001/XMLSchema#dateTime,literal,2011-01-01T00:00:00Z,uri,http://www.wikidata.org/entity/Q334,literal,,literal,,literal,,literal,,literal,,,,,,,,,,,,,,,,,,,,wd:Q334
56,uri,http://www.wikidata.org/entity/Q63371124,en,literal,Guardian,,,,uri,http://www.wikidata.org/entity/Q833,literal,http://www.wikidata.org/entity/Q126793,literal,,literal,,literal,,literal,,,,,,,,,,,,,,,,,,,,wd:Q334
57,uri,http://www.wikidata.org/entity/Q38116375,en,literal,Voyagin,http://www.w3.org/2001/XMLSchema#dateTime,literal,2011-01-01T00:00:00Z,uri,http://www.wikidata.org/entity/Q869,literal,,literal,http://www.wikidata.org/entity/Q17229042,literal,,literal,http://www.wikidata.org/entity/Q1490,literal,,,,,,,,,,,,,,,,,,,,wd:Q334
58,uri,http://www.wikidata.org/entity/Q683146,en,literal,LexisNexis,http://www.w3.org/2001/XMLSchema#dateTime,literal,1973-01-01T00:00:00Z,uri,http://www.wikidata.org/entity/Q8646,literal,http://www.wikidata.org/entity/Q3972943,literal,,literal,,literal,http://www.wikidata.org/entity/Q60,literal,,,,,http://www.w3.org/2001/XMLSchema#decimal,literal,10000,,,,,,,,,,,,,wd:Q334
59,uri,http://www.wikidata.org/entity/Q74046115,en,literal,Grapple MAX,http://www.w3.org/2001/XMLSchema#dateTime,literal,2016-01-01T00:00:00Z,uri,http://www.wikidata.org/entity/Q334,literal,,literal,,literal,,literal,,literal,,,,,,,,,,,,,,,,,,,,wd:Q334
60,uri,http://www.wikidata.org/entity/Q104845845,en,literal,Lark,,,,uri,http://www.wikidata.org/entity/Q334,literal,,literal,,literal,,literal,,literal,,,,,,,,,,,,,,,,,,,,wd:Q334
61,uri,http://www.wikidata.org/entity/Q746413,en,literal,Elsevier BV,http://www.w3.org/2001/XMLSchema#dateTime,literal,1880-01-01T00:00:00Z,uri,http://www.wikidata.org/entity/Q155,literal,http://www.wikidata.org/entity/Q3972943,literal,,literal,,literal,"http://www.wikidata.org/entity/Q2662373, http://www.wikidata.org/entity/Q1345",literal,,,,,http://www.w3.org/2001/XMLSchema#decimal,literal,6900,http://www.w3.org/2001/XMLSchema#decimal,literal,600000000,,,,,,,,,,wd:Q334
62,uri,http://www.wikidata.org/entity/Q738236,en,literal,National University of Singapore,http://www.w3.org/2001/XMLSchema#dateTime,literal,1905-01-01T00:00:00Z,uri,http://www.wikidata.org/entity/Q334,literal,,literal,,literal,,literal,,literal,,en,literal,National University of Singapore,,,,,,,,,,,,,,,,wd:Q334
63,uri,http://www.wikidata.org/entity/Q4438176,en,literal,Sportmaster,http://www.w3.org/2001/XMLSchema#dateTime,literal,1992-01-01T00:00:00Z,uri,http://www.wikidata.org/entity/Q334,literal,http://www.wikidata.org/entity/Q126793,literal,,literal,,literal,http://www.wikidata.org/entity/Q649,literal,,,,,,,,,,,,,,,,,,,,wd:Q334
64,uri,http://www.wikidata.org/entity/Q746413,en,literal,Elsevier BV,http://www.w3.org/2001/XMLSchema#dateTime,literal,1880-01-01T00:00:00Z,uri,http://www.wikidata.org/entity/Q8646,literal,http://www.wikidata.org/entity/Q3972943,literal,,literal,,literal,"http://www.wikidata.org/entity/Q2662373, http://www.wikidata.org/entity/Q1345",literal,,,,,http://www.w3.org/2001/XMLSchema#decimal,literal,6900,http://www.w3.org/2001/XMLSchema#decimal,literal,600000000,,,,,,,,,,wd:Q334
65,uri,http://www.wikidata.org/entity/Q5142390,en,literal,Cold Storage,http://www.w3.org/2001/XMLSchema#dateTime,literal,1903-01-01T00:00:00Z,uri,http://www.wikidata.org/entity/Q334,literal,http://www.wikidata.org/entity/Q126793,literal,,literal,,literal,http://www.wikidata.org/entity/Q334,literal,,,,,,,,,,,,,,,,,,,,wd:Q334
66,uri,http://www.wikidata.org/entity/Q5764722,en,literal,Hilton Singapore,http://www.w3.org/2001/XMLSchema#dateTime,literal,1969-01-01T00:00:00Z,uri,http://www.wikidata.org/entity/Q334,literal,,literal,,literal,,literal,,literal,,zh-hans,literal,新加坡希尔顿酒店,,,,,,,,,,,,,,,,wd:Q334
67,uri,http://www.wikidata.org/entity/Q395182,en,literal,Agoda,http://www.w3.org/2001/XMLSchema#dateTime,literal,1998-01-01T00:00:00Z,uri,http://www.wikidata.org/entity/Q334,literal,,literal,,literal,,literal,http://www.wikidata.org/entity/Q334,literal,,,,,,,,,,,,,,,,,,,,wd:Q334
68,uri,http://www.wikidata.org/entity/Q699142,en,literal,Din Tai Fung,http://www.w3.org/2001/XMLSchema#dateTime,literal,1991-05-07T00:00:00Z,uri,http://www.wikidata.org/entity/Q884,literal,http://www.wikidata.org/entity/Q540912,literal,,literal,,literal,http://www.wikidata.org/entity/Q1867,literal,,,,,,,,,,,,,,,,,,,,wd:Q334
69,uri,http://www.wikidata.org/entity/Q5764722,en,literal,Hilton Singapore,http://www.w3.org/2001/XMLSchema#dateTime,literal,1969-01-01T00:00:00Z,uri,http://www.wikidata.org/entity/Q334,literal,,literal,,literal,,literal,,literal,,ko,literal,힐튼 싱가포르,,,,,,,,,,,,,,,,wd:Q334
70,uri,http://www.wikidata.org/entity/Q342813,en,literal,Acronis,http://www.w3.org/2001/XMLSchema#dateTime,literal,2002-01-01T00:00:00Z,uri,http://www.wikidata.org/entity/Q30,literal,"http://www.wikidata.org/entity/Q3510521, http://www.wikidata.org/entity/Q7397",literal,,literal,,literal,"http://www.wikidata.org/entity/Q9009, http://www.wikidata.org/entity/Q334",literal,,,,,http://www.w3.org/2001/XMLSchema#decimal,literal,1900,,,,,,,,,,,,,wd:Q334
71,uri,http://www.wikidata.org/entity/Q76099070,en,literal,Tiger Sugar,,,,uri,http://www.wikidata.org/entity/Q16,literal,"http://www.wikidata.org/entity/Q4899370, http://www.wikidata.org/entity/Q540912",literal,,literal,,literal,http://www.wikidata.org/entity/Q569548,literal,,,,,,,,,,,,,,,,,,,,wd:Q334
72,uri,http://www.wikidata.org/entity/Q112770365,en,literal,Gero PTE,,,,uri,http://www.wikidata.org/entity/Q334,literal,,literal,,literal,,literal,http://www.wikidata.org/entity/Q334,literal,,,,,,,,,,,,,,,,,,,,wd:Q334
73,uri,http://www.wikidata.org/entity/Q683146,en,literal,LexisNexis,http://www.w3.org/2001/XMLSchema#dateTime,literal,1973-01-01T00:00:00Z,uri,http://www.wikidata.org/entity/Q16,literal,http://www.wikidata.org/entity/Q3972943,literal,,literal,,literal,http://www.wikidata.org/entity/Q60,literal,,,,,http://www.w3.org/2001/XMLSchema#decimal,literal,10000,,,,,,,,,,,,,wd:Q334
74,uri,http://www.wikidata.org/entity/Q76099070,en,literal,Tiger Sugar,,,,uri,http://www.wikidata.org/entity/Q17,literal,"http://www.wikidata.org/entity/Q4899370, http://www.wikidata.org/entity/Q540912",literal,,literal,,literal,http://www.wikidata.org/entity/Q569548,literal,,,,,,,,,,,,,,,,,,,,wd:Q334
75,uri,http://www.wikidata.org/entity/Q138133,en,literal,RWE,http://www.w3.org/2001/XMLSchema#dateTime,literal,1898-04-25T00:00:00Z,uri,http://www.wikidata.org/entity/Q884,literal,"http://www.wikidata.org/entity/Q2151621, http://www.wikidata.org/entity/Q1341477, http://www.wikidata.org/entity/Q1326594",literal,"http://www.wikidata.org/entity/Q15842921, http://www.wikidata.org/entity/Q2078625, http://www.wikidata.org/entity/Q108936810",literal,,literal,http://www.wikidata.org/entity/Q2066,literal,"http://www.wikidata.org/entity/Q155718, http://www.wikidata.org/entity/Q874430, http://www.wikidata.org/entity/Q1230458, http://www.wikidata.org/entity/Q6571804",,,,http://www.w3.org/2001/XMLSchema#decimal,literal,19792,,,,,,,,,,,,,wd:Q334
76,uri,http://www.wikidata.org/entity/Q113858405,en,literal,Hello Health Group,http://www.w3.org/2001/XMLSchema#dateTime,literal,2015-01-01T00:00:00Z,uri,http://www.wikidata.org/entity/Q833,literal,http://www.wikidata.org/entity/Q12147,literal,,literal,,literal,http://www.wikidata.org/entity/Q334,literal,,en,literal,Hello Health Group Pte. Ltd,http://www.w3.org/2001/XMLSchema#decimal,literal,351,,,,,,,,,,,,,wd:Q334
77,uri,http://www.wikidata.org/entity/Q683146,en,literal,LexisNexis,http://www.w3.org/2001/XMLSchema#dateTime,literal,1973-01-01T00:00:00Z,uri,http://www.wikidata.org/entity/Q17,literal,http://www.wikidata.org/entity/Q3972943,literal,,literal,,literal,http://www.wikidata.org/entity/Q60,literal,,,,,http://www.w3.org/2001/XMLSchema#decimal,literal,10000,,,,,,,,,,,,,wd:Q334
78,uri,http://www.wikidata.org/entity/Q4013942,en,literal,Virgin Active,http://www.w3.org/2001/XMLSchema#dateTime,literal,1998-01-01T00:00:00Z,uri,http://www.wikidata.org/entity/Q334,literal,,literal,,literal,,literal,http://www.wikidata.org/entity/Q84,literal,,,,,,,,,,,,,,,,,,,,wd:Q334
79,uri,http://www.wikidata.org/entity/Q138133,en,literal,RWE,http://www.w3.org/2001/XMLSchema#dateTime,literal,1898-04-25T00:00:00Z,uri,http://www.wikidata.org/entity/Q55,literal,"http://www.wikidata.org/entity/Q2151621, http://www.wikidata.org/entity/Q1341477, http://www.wikidata.org/entity/Q1326594",literal,"http://www.wikidata.org/entity/Q15842921, http://www.wikidata.org/entity/Q2078625, http://www.wikidata.org/entity/Q108936810",literal,,literal,http://www.wikidata.org/entity/Q2066,literal,"http://www.wikidata.org/entity/Q155718, http://www.wikidata.org/entity/Q874430, http://www.wikidata.org/entity/Q1230458, http://www.wikidata.org/entity/Q6571804",,,,http://www.w3.org/2001/XMLSchema#decimal,literal,19792,,,,,,,,,,,,,wd:Q334
80,uri,http://www.wikidata.org/entity/Q113858405,en,literal,Hello Health Group,http://www.w3.org/2001/XMLSchema#dateTime,literal,2015-01-01T00:00:00Z,uri,http://www.wikidata.org/entity/Q836,literal,http://www.wikidata.org/entity/Q12147,literal,,literal,,literal,http://www.wikidata.org/entity/Q334,literal,,en,literal,Hello Health Group Pte. Ltd,http://www.w3.org/2001/XMLSchema#decimal,literal,351,,,,,,,,,,,,,wd:Q334
81,uri,http://www.wikidata.org/entity/Q2418447,en,literal,Chuang Yi,http://www.w3.org/2001/XMLSchema#dateTime,literal,1990-01-01T00:00:00Z,uri,http://www.wikidata.org/entity/Q334,literal,http://www.wikidata.org/entity/Q2085381,literal,,literal,,literal,http://www.wikidata.org/entity/Q334,literal,,,,,,,,,,,,,,,,,,,,wd:Q334
82,uri,http://www.wikidata.org/entity/Q54322030,en,literal,Koufu,http://www.w3.org/2001/XMLSchema#dateTime,literal,2002-01-01T00:00:00Z,uri,http://www.wikidata.org/entity/Q334,literal,http://www.wikidata.org/entity/Q41958,literal,,literal,,literal,,literal,,,,,,,,,,,,,,,,,,,,wd:Q334
83,uri,http://www.wikidata.org/entity/Q683146,en,literal,LexisNexis,http://www.w3.org/2001/XMLSchema#dateTime,literal,1973-01-01T00:00:00Z,uri,http://www.wikidata.org/entity/Q408,literal,http://www.wikidata.org/entity/Q3972943,literal,,literal,,literal,http://www.wikidata.org/entity/Q60,literal,,,,,http://www.w3.org/2001/XMLSchema#decimal,literal,10000,,,,,,,,,,,,,wd:Q334
84,uri,http://www.wikidata.org/entity/Q746413,en,literal,Elsevier BV,http://www.w3.org/2001/XMLSchema#dateTime,literal,1880-01-01T00:00:00Z,uri,http://www.wikidata.org/entity/Q258,literal,http://www.wikidata.org/entity/Q3972943,literal,,literal,,literal,"http://www.wikidata.org/entity/Q2662373, http://www.wikidata.org/entity/Q1345",literal,,,,,http://www.w3.org/2001/XMLSchema#decimal,literal,6900,http://www.w3.org/2001/XMLSchema#decimal,literal,600000000,,,,,,,,,,wd:Q334
85,uri,http://www.wikidata.org/entity/Q60617198,en,literal,World Biz Journals,http://www.w3.org/2001/XMLSchema#dateTime,literal,2010-01-01T00:00:00Z,uri,http://www.wikidata.org/entity/Q334,literal,http://www.wikidata.org/entity/Q220499,literal,,literal,,literal,http://www.wikidata.org/entity/Q334,literal,,,,,,,,,,,,,,,,,,,,wd:Q334
86,uri,http://www.wikidata.org/entity/Q76099070,en,literal,Tiger Sugar,,,,uri,http://www.wikidata.org/entity/Q30,literal,"http://www.wikidata.org/entity/Q4899370, http://www.wikidata.org/entity/Q540912",literal,,literal,,literal,http://www.wikidata.org/entity/Q569548,literal,,,,,,,,,,,,,,,,,,,,wd:Q334
87,uri,http://www.wikidata.org/entity/Q7388847,en,literal,SATS Ltd,http://www.w3.org/2001/XMLSchema#dateTime,literal,1972-01-01T00:00:00Z,uri,http://www.wikidata.org/entity/Q334,literal,"http://www.wikidata.org/entity/Q18235436, http://www.wikidata.org/entity/Q320020",literal,,literal,,literal,http://www.wikidata.org/entity/Q334,literal,,,,,,,,,,,,,,,,,,,,wd:Q334
88,uri,http://www.wikidata.org/entity/Q683146,en,literal,LexisNexis,http://www.w3.org/2001/XMLSchema#dateTime,literal,1973-01-01T00:00:00Z,uri,http://www.wikidata.org/entity/Q30,literal,http://www.wikidata.org/entity/Q3972943,literal,,literal,,literal,http://www.wikidata.org/entity/Q60,literal,,,,,http://www.w3.org/2001/XMLSchema#decimal,literal,10000,,,,,,,,,,,,,wd:Q334
89,uri,http://www.wikidata.org/entity/Q683146,en,literal,LexisNexis,http://www.w3.org/2001/XMLSchema#dateTime,literal,1973-01-01T00:00:00Z,uri,http://www.wikidata.org/entity/Q31,literal,http://www.wikidata.org/entity/Q3972943,literal,,literal,,literal,http://www.wikidata.org/entity/Q60,literal,,,,,http://www.w3.org/2001/XMLSchema#decimal,literal,10000,,,,,,,,,,,,,wd:Q334
90,uri,http://www.wikidata.org/entity/Q746413,en,literal,Elsevier BV,http://www.w3.org/2001/XMLSchema#dateTime,literal,1880-01-01T00:00:00Z,uri,http://www.wikidata.org/entity/Q27,literal,http://www.wikidata.org/entity/Q3972943,literal,,literal,,literal,"http://www.wikidata.org/entity/Q2662373, http://www.wikidata.org/entity/Q1345",literal,,,,,http://www.w3.org/2001/XMLSchema#decimal,literal,6900,http://www.w3.org/2001/XMLSchema#decimal,literal,600000000,,,,,,,,,,wd:Q334
91,uri,http://www.wikidata.org/entity/Q18712406,en,literal,Lazada Group,http://www.w3.org/2001/XMLSchema#dateTime,literal,2012-01-01T00:00:00Z,uri,http://www.wikidata.org/entity/Q869,literal,http://www.wikidata.org/entity/Q484847,literal,,literal,,literal,http://www.wikidata.org/entity/Q334,literal,,,,,http://www.w3.org/2001/XMLSchema#decimal,literal,4000,,,,,,,,,,,,,wd:Q334
92,uri,http://www.wikidata.org/entity/Q106438156,en,literal,Amanotes,http://www.w3.org/2001/XMLSchema#dateTime,literal,2014-01-01T00:00:00Z,uri,http://www.wikidata.org/entity/Q334,literal,http://www.wikidata.org/entity/Q941594,literal,,literal,,literal,,literal,,,,,,,,,,,,,,,,,,,,wd:Q334
93,uri,http://www.wikidata.org/entity/Q76099070,en,literal,Tiger Sugar,,,,uri,http://www.wikidata.org/entity/Q865,literal,"http://www.wikidata.org/entity/Q4899370, http://www.wikidata.org/entity/Q540912",literal,,literal,,literal,http://www.wikidata.org/entity/Q569548,literal,,,,,,,,,,,,,,,,,,,,wd:Q334
94,uri,http://www.wikidata.org/entity/Q683146,en,literal,LexisNexis,http://www.w3.org/2001/XMLSchema#dateTime,literal,1973-01-01T00:00:00Z,uri,http://www.wikidata.org/entity/Q183,literal,http://www.wikidata.org/entity/Q3972943,literal,,literal,,literal,http://www.wikidata.org/entity/Q60,literal,,,,,http://www.w3.org/2001/XMLSchema#decimal,literal,10000,,,,,,,,,,,,,wd:Q334
95,uri,http://www.wikidata.org/entity/Q7491188,en,literal,Shaw Organisation,http://www.w3.org/2001/XMLSchema#dateTime,literal,1924-01-01T00:00:00Z,uri,http://www.wikidata.org/entity/Q334,literal,,literal,,literal,,literal,http://www.wikidata.org/entity/Q334,literal,,,,,,,,,,,,,,,,,,,,wd:Q334
96,uri,http://www.wikidata.org/entity/Q1304693,en,literal,The New Paper,http://www.w3.org/2001/XMLSchema#dateTime,literal,1988-07-26T00:00:00Z,uri,http://www.wikidata.org/entity/Q334,literal,,literal,,literal,,literal,http://www.wikidata.org/entity/Q334,literal,,,,,,,,,,,,,,,,,,,,wd:Q334
97,uri,http://www.wikidata.org/entity/Q4827416,en,literal,Broadcom Inc.,http://www.w3.org/2001/XMLSchema#dateTime,literal,1961-01-01T00:00:00Z,uri,http://www.wikidata.org/entity/Q334,literal,http://www.wikidata.org/entity/Q2986369,literal,,literal,,literal,"http://www.wikidata.org/entity/Q16553, http://www.wikidata.org/entity/Q334",literal,"http://www.wikidata.org/entity/Q242345, http://www.wikidata.org/entity/Q507306",,,,http://www.w3.org/2001/XMLSchema#decimal,literal,20000,http://www.w3.org/2001/XMLSchema#decimal,literal,6736000000,http://www.w3.org/2001/XMLSchema#decimal,literal,75570000000,http://www.w3.org/2001/XMLSchema#decimal,literal,24962000000,http://www.w3.org/2001/XMLSchema#decimal,literal,239460000000,wd:Q334
98,uri,http://www.wikidata.org/entity/Q108281816,en,literal,AscendEX,http://www.w3.org/2001/XMLSchema#dateTime,literal,2018-05-01T00:00:00Z,uri,http://www.wikidata.org/entity/Q334,literal,http://www.wikidata.org/entity/Q100269062,literal,,literal,,literal,,literal,,,,,,,,,,,,,,,,,,,,wd:Q334
99,uri,http://www.wikidata.org/entity/Q477719,en,literal,Today,http://www.w3.org/2001/XMLSchema#dateTime,literal,2000-01-01T00:00:00Z,uri,http://www.wikidata.org/entity/Q334,literal,,literal,,literal,,literal,,literal,,,,,,,,,,,,,,,,,,,,wd:Q334
100,uri,http://www.wikidata.org/entity/Q746413,en,literal,Elsevier BV,http://www.w3.org/2001/XMLSchema#dateTime,literal,1880-01-01T00:00:00Z,uri,http://www.wikidata.org/entity/Q30,literal,http://www.wikidata.org/entity/Q3972943,literal,,literal,,literal,"http://www.wikidata.org/entity/Q2662373, http://www.wikidata.org/entity/Q1345",literal,,,,,http://www.w3.org/2001/XMLSchema#decimal,literal,6900,http://www.w3.org/2001/XMLSchema#decimal,literal,600000000,,,,,,,,,,wd:Q334
101,uri,http://www.wikidata.org/entity/Q683146,en,literal,LexisNexis,http://www.w3.org/2001/XMLSchema#dateTime,literal,1973-01-01T00:00:00Z,uri,http://www.wikidata.org/entity/Q32,literal,http://www.wikidata.org/entity/Q3972943,literal,,literal,,literal,http://www.wikidata.org/entity/Q60,literal,,,,,http://www.w3.org/2001/XMLSchema#decimal,literal,10000,,,,,,,,,,,,,wd:Q334
102,uri,http://www.wikidata.org/entity/Q76099070,en,literal,Tiger Sugar,,,,uri,http://www.wikidata.org/entity/Q869,literal,"http://www.wikidata.org/entity/Q4899370, http://www.wikidata.org/entity/Q540912",literal,,literal,,literal,http://www.wikidata.org/entity/Q569548,literal,,,,,,,,,,,,,,,,,,,,wd:Q334
103,uri,http://www.wikidata.org/entity/Q18388249,en,literal,Killiney Kopitiam,,,,uri,http://www.wikidata.org/entity/Q334,literal,http://www.wikidata.org/entity/Q41958,literal,,literal,,literal,,literal,,,,,,,,,,,,,,,,,,,,wd:Q334
104,uri,http://www.wikidata.org/entity/Q746413,en,literal,Elsevier BV,http://www.w3.org/2001/XMLSchema#dateTime,literal,1880-01-01T00:00:00Z,uri,http://www.wikidata.org/entity/Q29,literal,http://www.wikidata.org/entity/Q3972943,literal,,literal,,literal,"http://www.wikidata.org/entity/Q2662373, http://www.wikidata.org/entity/Q1345",literal,,,,,http://www.w3.org/2001/XMLSchema#decimal,literal,6900,http://www.w3.org/2001/XMLSchema#decimal,literal,600000000,,,,,,,,,,wd:Q334
105,uri,http://www.wikidata.org/entity/Q746413,en,literal,Elsevier BV,http://www.w3.org/2001/XMLSchema#dateTime,literal,1880-01-01T00:00:00Z,uri,http://www.wikidata.org/entity/Q865,literal,http://www.wikidata.org/entity/Q3972943,literal,,literal,,literal,"http://www.wikidata.org/entity/Q2662373, http://www.wikidata.org/entity/Q1345",literal,,,,,http://www.w3.org/2001/XMLSchema#decimal,literal,6900,http://www.w3.org/2001/XMLSchema#decimal,literal,600000000,,,,,,,,,,wd:Q334
106,uri,http://www.wikidata.org/entity/Q7523084,en,literal,Singapore Power,http://www.w3.org/2001/XMLSchema#dateTime,literal,1995-01-01T00:00:00Z,uri,http://www.wikidata.org/entity/Q334,literal,,literal,,literal,,literal,http://www.wikidata.org/entity/Q334,literal,,,,,,,,,,,,,,,,,,,,wd:Q334
107,uri,http://www.wikidata.org/entity/Q10937260,en,literal,RedMart,http://www.w3.org/2001/XMLSchema#dateTime,literal,2011-11-01T00:00:00Z,uri,http://www.wikidata.org/entity/Q334,literal,http://www.wikidata.org/entity/Q484847,literal,,literal,,literal,http://www.wikidata.org/entity/Q334,literal,,,,,,,,,,,,,,,,,,,,wd:Q334
108,uri,http://www.wikidata.org/entity/Q98271091,en,literal,Opus Bar & Grill,http://www.w3.org/2001/XMLSchema#dateTime,literal,2015-01-01T00:00:00Z,uri,http://www.wikidata.org/entity/Q334,literal,,literal,,literal,,literal,,literal,,,,,,,,,,,,,,,,,,,,wd:Q334
109,uri,http://www.wikidata.org/entity/Q8046237,en,literal,Ya Kun Kaya Toast,http://www.w3.org/2001/XMLSchema#dateTime,literal,1944-01-01T00:00:00Z,uri,http://www.wikidata.org/entity/Q334,literal,http://www.wikidata.org/entity/Q41958,literal,,literal,,literal,,literal,,,,,,,,,,,,,,,,,,,,wd:Q334
110,uri,http://www.wikidata.org/entity/Q2064074,en,literal,United Overseas Bank,http://www.w3.org/2001/XMLSchema#dateTime,literal,1935-01-01T00:00:00Z,uri,http://www.wikidata.org/entity/Q334,literal,http://www.wikidata.org/entity/Q837171,literal,http://www.wikidata.org/entity/Q39050789,literal,,literal,http://www.wikidata.org/entity/Q334,literal,,,,,,,,,,,,,,,,,,,,wd:Q334
111,uri,http://www.wikidata.org/entity/Q76099070,en,literal,Tiger Sugar,,,,uri,http://www.wikidata.org/entity/Q878,literal,"http://www.wikidata.org/entity/Q4899370, http://www.wikidata.org/entity/Q540912",literal,,literal,,literal,http://www.wikidata.org/entity/Q569548,literal,,,,,,,,,,,,,,,,,,,,wd:Q334
112,uri,http://www.wikidata.org/entity/Q76099070,en,literal,Tiger Sugar,,,,uri,http://www.wikidata.org/entity/Q424,literal,"http://www.wikidata.org/entity/Q4899370, http://www.wikidata.org/entity/Q540912",literal,,literal,,literal,http://www.wikidata.org/entity/Q569548,literal,,,,,,,,,,,,,,,,,,,,wd:Q334
113,uri,http://www.wikidata.org/entity/Q1819222,en,literal,Renewable Energy Corporation,http://www.w3.org/2001/XMLSchema#dateTime,literal,1994-01-01T00:00:00Z,uri,http://www.wikidata.org/entity/Q334,literal,,literal,,literal,,literal,http://www.wikidata.org/entity/Q334,literal,,,,,,,,,,,,,,,,,,,,wd:Q334
114,uri,http://www.wikidata.org/entity/Q746413,en,literal,Elsevier BV,http://www.w3.org/2001/XMLSchema#dateTime,literal,1880-01-01T00:00:00Z,uri,http://www.wikidata.org/entity/Q38,literal,http://www.wikidata.org/entity/Q3972943,literal,,literal,,literal,"http://www.wikidata.org/entity/Q2662373, http://www.wikidata.org/entity/Q1345",literal,,,,,http://www.w3.org/2001/XMLSchema#decimal,literal,6900,http://www.w3.org/2001/XMLSchema#decimal,literal,600000000,,,,,,,,,,wd:Q334
115,uri,http://www.wikidata.org/entity/Q18712406,en,literal,Lazada Group,http://www.w3.org/2001/XMLSchema#dateTime,literal,2012-01-01T00:00:00Z,uri,http://www.wikidata.org/entity/Q881,literal,http://www.wikidata.org/entity/Q484847,literal,,literal,,literal,http://www.wikidata.org/entity/Q334,literal,,,,,http://www.w3.org/2001/XMLSchema#decimal,literal,4000,,,,,,,,,,,,,wd:Q334
116,uri,http://www.wikidata.org/entity/Q807019,en,literal,Banyan Tree Holdings,http://www.w3.org/2001/XMLSchema#dateTime,literal,2000-01-01T00:00:00Z,uri,http://www.wikidata.org/entity/Q334,literal,http://www.wikidata.org/entity/Q1285245,literal,,literal,,literal,http://www.wikidata.org/entity/Q334,literal,,,,,,,,,,,,,,,,,,,,wd:Q334
117,uri,http://www.wikidata.org/entity/Q100285490,en,literal,Toast Box,http://www.w3.org/2001/XMLSchema#dateTime,literal,2005-10-01T00:00:00Z,uri,http://www.wikidata.org/entity/Q334,literal,http://www.wikidata.org/entity/Q126793,literal,,literal,,literal,,literal,,,,,,,,,,,,,,,,,,,,wd:Q334
118,uri,http://www.wikidata.org/entity/Q96273147,en,literal,JJ Richman,http://www.w3.org/2001/XMLSchema#dateTime,literal,2010-01-01T00:00:00Z,uri,http://www.wikidata.org/entity/Q5785,literal,http://www.wikidata.org/entity/Q837171,literal,,literal,,literal,http://www.wikidata.org/entity/Q334,literal,,,,,,,,,,,,,,,,,,,,wd:Q334
119,uri,http://www.wikidata.org/entity/Q63371124,en,literal,Guardian,,,,uri,http://www.wikidata.org/entity/Q424,literal,http://www.wikidata.org/entity/Q126793,literal,,literal,,literal,,literal,,,,,,,,,,,,,,,,,,,,wd:Q334
120,uri,http://www.wikidata.org/entity/Q4013942,en,literal,Virgin Active,http://www.w3.org/2001/XMLSchema#dateTime,literal,1998-01-01T00:00:00Z,uri,http://www.wikidata.org/entity/Q963,literal,,literal,,literal,,literal,http://www.wikidata.org/entity/Q84,literal,,,,,,,,,,,,,,,,,,,,wd:Q334
121,uri,http://www.wikidata.org/entity/Q7257653,en,literal,Public Utilities Board,http://www.w3.org/2001/XMLSchema#dateTime,literal,1963-05-01T00:00:00Z,uri,http://www.wikidata.org/entity/Q334,literal,,literal,,literal,,literal,http://www.wikidata.org/entity/Q334,literal,,,,,,,,,,,,,,,,,,,,wd:Q334
122,uri,http://www.wikidata.org/entity/Q109295941,en,literal,bTaskee,http://www.w3.org/2001/XMLSchema#dateTime,literal,2016-01-01T00:00:00Z,uri,http://www.wikidata.org/entity/Q334,literal,,literal,,literal,,literal,,literal,,,,,,,,,,,,,,,,,,,,wd:Q334
123,uri,http://www.wikidata.org/entity/Q113858405,en,literal,Hello Health Group,http://www.w3.org/2001/XMLSchema#dateTime,literal,2015-01-01T00:00:00Z,uri,http://www.wikidata.org/entity/Q865,literal,http://www.wikidata.org/entity/Q12147,literal,,literal,,literal,http://www.wikidata.org/entity/Q334,literal,,en,literal,Hello Health Group Pte. Ltd,http://www.w3.org/2001/XMLSchema#decimal,literal,351,,,,,,,,,,,,,wd:Q334
124,uri,http://www.wikidata.org/entity/Q22569868,en,literal,Hans im Glück,http://www.w3.org/2001/XMLSchema#dateTime,literal,2010-01-01T00:00:00Z,uri,http://www.wikidata.org/entity/Q183,literal,"http://www.wikidata.org/entity/Q1432426, http://www.wikidata.org/entity/Q171947",literal,,literal,,literal,http://www.wikidata.org/entity/Q1726,literal,,,,,http://www.w3.org/2001/XMLSchema#decimal,literal,1200,http://www.w3.org/2001/XMLSchema#decimal,literal,43600000,,,,,,,,,,wd:Q334
125,uri,http://www.wikidata.org/entity/Q11974291,en,literal,"Hard Rock Café, Singapore",,,,uri,http://www.wikidata.org/entity/Q334,literal,,literal,,literal,,literal,,literal,http://www.wikidata.org/entity/Q918151,,,,,,,,,,,,,,,,,,,wd:Q334
126,uri,http://www.wikidata.org/entity/Q96274482,en,literal,WBJ Box Office,http://www.w3.org/2001/XMLSchema#dateTime,literal,2019-01-01T00:00:00Z,uri,http://www.wikidata.org/entity/Q334,literal,http://www.wikidata.org/entity/Q220499,literal,,literal,,literal,,literal,,,,,,,,,,,,,,,,,,,,wd:Q334
127,uri,http://www.wikidata.org/entity/Q2661296,en,literal,Monetary Authority of Singapore,http://www.w3.org/2001/XMLSchema#dateTime,literal,1971-01-01T00:00:00Z,uri,http://www.wikidata.org/entity/Q334,literal,,literal,,literal,http://www.wikidata.org/entity/Q983752,literal,http://www.wikidata.org/entity/Q334,literal,http://www.wikidata.org/entity/Q55713177,zh,literal,新加坡金融管理局,,,,,,,,,,,,,,,,wd:Q334
128,uri,http://www.wikidata.org/entity/Q683146,en,literal,LexisNexis,http://www.w3.org/2001/XMLSchema#dateTime,literal,1973-01-01T00:00:00Z,uri,http://www.wikidata.org/entity/Q55,literal,http://www.wikidata.org/entity/Q3972943,literal,,literal,,literal,http://www.wikidata.org/entity/Q60,literal,,,,,http://www.w3.org/2001/XMLSchema#decimal,literal,10000,,,,,,,,,,,,,wd:Q334
129,uri,http://www.wikidata.org/entity/Q5185161,en,literal,Crime & Investigation Network Asia,http://www.w3.org/2001/XMLSchema#dateTime,literal,2007-01-01T00:00:00Z,uri,http://www.wikidata.org/entity/Q334,literal,,literal,,literal,,literal,http://www.wikidata.org/entity/Q334,literal,,,,,,,,,,,,,,,,,,,,wd:Q334
130,uri,http://www.wikidata.org/entity/Q864923,en,literal,SingTel,http://www.w3.org/2001/XMLSchema#dateTime,literal,1879-01-01T00:00:00Z,uri,http://www.wikidata.org/entity/Q334,literal,"http://www.wikidata.org/entity/Q56598901, http://www.wikidata.org/entity/Q25245117",literal,http://www.wikidata.org/entity/Q5115191,literal,,literal,http://www.wikidata.org/entity/Q334,literal,http://www.wikidata.org/entity/Q4966205,,,,,,,,,,,,,,,,,,,wd:Q334
131,uri,http://www.wikidata.org/entity/Q104871568,en,literal,BandLab Technologies,,,,uri,http://www.wikidata.org/entity/Q334,literal,,literal,,literal,,literal,,literal,,,,,,,,,,,,,,,,,,,,wd:Q334
132,uri,http://www.wikidata.org/entity/Q113858405,en,literal,Hello Health Group,http://www.w3.org/2001/XMLSchema#dateTime,literal,2015-01-01T00:00:00Z,uri,http://www.wikidata.org/entity/Q869,literal,http://www.wikidata.org/entity/Q12147,literal,,literal,,literal,http://www.wikidata.org/entity/Q334,literal,,en,literal,Hello Health Group Pte. Ltd,http://www.w3.org/2001/XMLSchema#decimal,literal,351,,,,,,,,,,,,,wd:Q334
133,uri,http://www.wikidata.org/entity/Q63371124,en,literal,Guardian,,,,uri,http://www.wikidata.org/entity/Q881,literal,http://www.wikidata.org/entity/Q126793,literal,,literal,,literal,,literal,,,,,,,,,,,,,,,,,,,,wd:Q334
134,uri,http://www.wikidata.org/entity/Q621429,en,literal,Dyson,http://www.w3.org/2001/XMLSchema#dateTime,literal,1991-01-01T00:00:00Z,uri,http://www.wikidata.org/entity/Q334,literal,http://www.wikidata.org/entity/Q56604188,literal,,literal,,literal,http://www.wikidata.org/entity/Q7593503,literal,,,,,http://www.w3.org/2001/XMLSchema#decimal,literal,7000,,,,,,,,,,,,,wd:Q334
135,uri,http://www.wikidata.org/entity/Q7523053,en,literal,Singapore Mint,http://www.w3.org/2001/XMLSchema#dateTime,literal,1968-01-01T00:00:00Z,uri,http://www.wikidata.org/entity/Q334,literal,http://www.wikidata.org/entity/Q953045,literal,,literal,,literal,http://www.wikidata.org/entity/Q334,literal,,,,,,,,,,,,,,,,,,,,wd:Q334
136,uri,http://www.wikidata.org/entity/Q746413,en,literal,Elsevier BV,http://www.w3.org/2001/XMLSchema#dateTime,literal,1880-01-01T00:00:00Z,uri,http://www.wikidata.org/entity/Q884,literal,http://www.wikidata.org/entity/Q3972943,literal,,literal,,literal,"http://www.wikidata.org/entity/Q2662373, http://www.wikidata.org/entity/Q1345",literal,,,,,http://www.w3.org/2001/XMLSchema#decimal,literal,6900,http://www.w3.org/2001/XMLSchema#decimal,literal,600000000,,,,,,,,,,wd:Q334
137,uri,http://www.wikidata.org/entity/Q103472677,en,literal,TechnoSpex,,,,uri,http://www.wikidata.org/entity/Q334,literal,,literal,,literal,,literal,http://www.wikidata.org/entity/Q334,literal,,,,,,,,,,,,,,,,,,,,wd:Q334
138,uri,http://www.wikidata.org/entity/Q22569868,en,literal,Hans im Glück,http://www.w3.org/2001/XMLSchema#dateTime,literal,2010-01-01T00:00:00Z,uri,http://www.wikidata.org/entity/Q39,literal,"http://www.wikidata.org/entity/Q1432426, http://www.wikidata.org/entity/Q171947",literal,,literal,,literal,http://www.wikidata.org/entity/Q1726,literal,,,,,http://www.w3.org/2001/XMLSchema#decimal,literal,1200,http://www.w3.org/2001/XMLSchema#decimal,literal,43600000,,,,,,,,,,wd:Q334
139,uri,http://www.wikidata.org/entity/Q746413,en,literal,Elsevier BV,http://www.w3.org/2001/XMLSchema#dateTime,literal,1880-01-01T00:00:00Z,uri,http://www.wikidata.org/entity/Q55,literal,http://www.wikidata.org/entity/Q3972943,literal,,literal,,literal,"http://www.wikidata.org/entity/Q2662373, http://www.wikidata.org/entity/Q1345",literal,,,,,http://www.w3.org/2001/XMLSchema#decimal,literal,6900,http://www.w3.org/2001/XMLSchema#decimal,literal,600000000,,,,,,,,,,wd:Q334
140,uri,http://www.wikidata.org/entity/Q52022226,en,literal,Witching Hour Studios,http://www.w3.org/2001/XMLSchema#dateTime,literal,2010-01-01T00:00:00Z,uri,http://www.wikidata.org/entity/Q334,literal,http://www.wikidata.org/entity/Q941594,literal,,literal,,literal,http://www.wikidata.org/entity/Q334,literal,,,,,,,,,,,,,,,,,,,,wd:Q334
141,uri,http://www.wikidata.org/entity/Q23043391,en,literal,4Fingers Crispy Chicken,http://www.w3.org/2001/XMLSchema#dateTime,literal,2009-01-01T00:00:00Z,uri,http://www.wikidata.org/entity/Q334,literal,http://www.wikidata.org/entity/Q41958,literal,,literal,,literal,http://www.wikidata.org/entity/Q334,literal,,,,,,,,,,,,,,,,,,,,wd:Q334
142,uri,http://www.wikidata.org/entity/Q19840460,en,literal,MyRepublic,http://www.w3.org/2001/XMLSchema#dateTime,literal,2011-01-01T00:00:00Z,uri,http://www.wikidata.org/entity/Q334,literal,http://www.wikidata.org/entity/Q25245117,literal,,literal,,literal,http://www.wikidata.org/entity/Q334,literal,,,,,,,,,,,,,,,,,,,,wd:Q334
143,uri,http://www.wikidata.org/entity/Q113858405,en,literal,Hello Health Group,http://www.w3.org/2001/XMLSchema#dateTime,literal,2015-01-01T00:00:00Z,uri,http://www.wikidata.org/entity/Q424,literal,http://www.wikidata.org/entity/Q12147,literal,,literal,,literal,http://www.wikidata.org/entity/Q334,literal,,en,literal,Hello Health Group Pte. Ltd,http://www.w3.org/2001/XMLSchema#decimal,literal,351,,,,,,,,,,,,,wd:Q334
144,uri,http://www.wikidata.org/entity/Q4049531,en,literal,Singapore Post,http://www.w3.org/2001/XMLSchema#dateTime,literal,1819-01-01T00:00:00Z,uri,http://www.wikidata.org/entity/Q334,literal,http://www.wikidata.org/entity/Q778575,literal,,literal,,literal,http://www.wikidata.org/entity/Q525295,literal,,,,,,,,,,,,,,,,,,,,wd:Q334
145,uri,http://www.wikidata.org/entity/Q18712593,en,literal,Twelve Cupcakes,http://www.w3.org/2001/XMLSchema#dateTime,literal,2011-01-01T00:00:00Z,uri,http://www.wikidata.org/entity/Q334,literal,http://www.wikidata.org/entity/Q41958,literal,,literal,,literal,,literal,,,,,,,,,,,,,,,,,,,,wd:Q334
146,uri,http://www.wikidata.org/entity/Q699142,en,literal,Din Tai Fung,http://www.w3.org/2001/XMLSchema#dateTime,literal,1991-05-07T00:00:00Z,uri,http://www.wikidata.org/entity/Q334,literal,http://www.wikidata.org/entity/Q540912,literal,,literal,,literal,http://www.wikidata.org/entity/Q1867,literal,,,,,,,,,,,,,,,,,,,,wd:Q334
147,uri,http://www.wikidata.org/entity/Q22569868,en,literal,Hans im Glück,http://www.w3.org/2001/XMLSchema#dateTime,literal,2010-01-01T00:00:00Z,uri,http://www.wikidata.org/entity/Q40,literal,"http://www.wikidata.org/entity/Q1432426, http://www.wikidata.org/entity/Q171947",literal,,literal,,literal,http://www.wikidata.org/entity/Q1726,literal,,,,,http://www.w3.org/2001/XMLSchema#decimal,literal,1200,http://www.w3.org/2001/XMLSchema#decimal,literal,43600000,,,,,,,,,,wd:Q334
148,uri,http://www.wikidata.org/entity/Q3273611,en,literal,Lianhe Zaobao,http://www.w3.org/2001/XMLSchema#dateTime,literal,1983-03-16T00:00:00Z,uri,http://www.wikidata.org/entity/Q334,literal,,literal,,literal,,literal,http://www.wikidata.org/entity/Q334,literal,,,,,,,,,,,,,,,,,,,,wd:Q334
149,uri,http://www.wikidata.org/entity/Q110636380,en,literal,Shopmatey,http://www.w3.org/2001/XMLSchema#dateTime,literal,2021-01-01T00:00:00Z,uri,http://www.wikidata.org/entity/Q334,literal,,literal,,literal,,literal,http://www.wikidata.org/entity/Q334,literal,,,,,,,,,,,,,,,,,,,,wd:Q334
150,uri,http://www.wikidata.org/entity/Q12683855,en,literal,Berita Harian,http://www.w3.org/2001/XMLSchema#dateTime,literal,1957-01-01T00:00:00Z,uri,http://www.wikidata.org/entity/Q334,literal,,literal,,literal,,literal,,literal,,,,,,,,,,,,,,,,,,,,wd:Q334
151,uri,http://www.wikidata.org/entity/Q5764722,en,literal,Hilton Singapore,http://www.w3.org/2001/XMLSchema#dateTime,literal,1969-01-01T00:00:00Z,uri,http://www.wikidata.org/entity/Q334,literal,,literal,,literal,,literal,,literal,,ja,literal,ヒルトン・シンガポール,,,,,,,,,,,,,,,,wd:Q334
152,uri,http://www.wikidata.org/entity/Q65089884,en,literal,Millennium Management,http://www.w3.org/2001/XMLSchema#dateTime,literal,1989-01-01T00:00:00Z,uri,http://www.wikidata.org/entity/Q334,literal,http://www.wikidata.org/entity/Q2867142,literal,,literal,,literal,http://www.wikidata.org/entity/Q60,literal,,,,,,,,,,,,,,,,,,,,wd:Q334
153,uri,http://www.wikidata.org/entity/Q138133,en,literal,RWE,http://www.w3.org/2001/XMLSchema#dateTime,literal,1898-04-25T00:00:00Z,uri,http://www.wikidata.org/entity/Q334,literal,"http://www.wikidata.org/entity/Q2151621, http://www.wikidata.org/entity/Q1341477, http://www.wikidata.org/entity/Q1326594",literal,"http://www.wikidata.org/entity/Q15842921, http://www.wikidata.org/entity/Q2078625, http://www.wikidata.org/entity/Q108936810",literal,,literal,http://www.wikidata.org/entity/Q2066,literal,"http://www.wikidata.org/entity/Q155718, http://www.wikidata.org/entity/Q874430, http://www.wikidata.org/entity/Q1230458, http://www.wikidata.org/entity/Q6571804",,,,http://www.w3.org/2001/XMLSchema#decimal,literal,19792,,,,,,,,,,,,,wd:Q334
154,uri,http://www.wikidata.org/entity/Q22908670,en,literal,SgCarMart,,,,uri,http://www.wikidata.org/entity/Q334,literal,,literal,,literal,,literal,,literal,,,,,,,,,,,,,,,,,,,,wd:Q334
155,uri,http://www.wikidata.org/entity/Q19840989,en,literal,Viddsee,http://www.w3.org/2001/XMLSchema#dateTime,literal,2012-01-01T00:00:00Z,uri,http://www.wikidata.org/entity/Q334,literal,,literal,,literal,,literal,http://www.wikidata.org/entity/Q334,literal,,,,,,,,,,,,,,,,,,,,wd:Q334
156,uri,http://www.wikidata.org/entity/Q138133,en,literal,RWE,http://www.w3.org/2001/XMLSchema#dateTime,literal,1898-04-25T00:00:00Z,uri,http://www.wikidata.org/entity/Q96,literal,"http://www.wikidata.org/entity/Q2151621, http://www.wikidata.org/entity/Q1341477, http://www.wikidata.org/entity/Q1326594",literal,"http://www.wikidata.org/entity/Q15842921, http://www.wikidata.org/entity/Q2078625, http://www.wikidata.org/entity/Q108936810",literal,,literal,http://www.wikidata.org/entity/Q2066,literal,"http://www.wikidata.org/entity/Q155718, http://www.wikidata.org/entity/Q874430, http://www.wikidata.org/entity/Q1230458, http://www.wikidata.org/entity/Q6571804",,,,http://www.w3.org/2001/XMLSchema#decimal,literal,19792,,,,,,,,,,,,,wd:Q334
157,uri,http://www.wikidata.org/entity/Q113858405,en,literal,Hello Health Group,http://www.w3.org/2001/XMLSchema#dateTime,literal,2015-01-01T00:00:00Z,uri,http://www.wikidata.org/entity/Q881,literal,http://www.wikidata.org/entity/Q12147,literal,,literal,,literal,http://www.wikidata.org/entity/Q334,literal,,en,literal,Hello Health Group Pte. Ltd,http://www.w3.org/2001/XMLSchema#decimal,literal,351,,,,,,,,,,,,,wd:Q334
158,uri,http://www.wikidata.org/entity/Q64827562,en,literal,Hilton Garden Inn Singapore Serangoon,,,,uri,http://www.wikidata.org/entity/Q334,literal,,literal,,literal,,literal,,literal,,en,literal,Hilton Garden Inn Singapore Serangoon,,,,,,,,,,,,,,,,wd:Q334
159,uri,http://www.wikidata.org/entity/Q38116375,en,literal,Voyagin,http://www.w3.org/2001/XMLSchema#dateTime,literal,2011-01-01T00:00:00Z,uri,http://www.wikidata.org/entity/Q334,literal,,literal,http://www.wikidata.org/entity/Q17229042,literal,,literal,http://www.wikidata.org/entity/Q1490,literal,,,,,,,,,,,,,,,,,,,,wd:Q334
160,uri,http://www.wikidata.org/entity/Q6109055,en,literal,JTC Corporation,http://www.w3.org/2001/XMLSchema#dateTime,literal,1968-01-01T00:00:00Z,uri,http://www.wikidata.org/entity/Q334,literal,,literal,,literal,,literal,http://www.wikidata.org/entity/Q334,literal,,,,,,,,,,,,,,,,,,,,wd:Q334
161,uri,http://www.wikidata.org/entity/Q4013942,en,literal,Virgin Active,http://www.w3.org/2001/XMLSchema#dateTime,literal,1998-01-01T00:00:00Z,uri,http://www.wikidata.org/entity/Q145,literal,,literal,,literal,,literal,http://www.wikidata.org/entity/Q84,literal,,,,,,,,,,,,,,,,,,,,wd:Q334
162,uri,http://www.wikidata.org/entity/Q1319404,en,literal,Scoot,http://www.w3.org/2001/XMLSchema#dateTime,literal,2011-01-01T00:00:00Z,uri,http://www.wikidata.org/entity/Q334,literal,,literal,,literal,,literal,http://www.wikidata.org/entity/Q334,literal,,,,,,,,,,,,,,,,,,,,wd:Q334
163,uri,http://www.wikidata.org/entity/Q102347657,en,literal,IRVINS,,,,uri,http://www.wikidata.org/entity/Q30,literal,,literal,,literal,,literal,http://www.wikidata.org/entity/Q334,literal,,,,,,,,,,,,,,,,,,,,wd:Q334
164,uri,http://www.wikidata.org/entity/Q138133,en,literal,RWE,http://www.w3.org/2001/XMLSchema#dateTime,literal,1898-04-25T00:00:00Z,uri,http://www.wikidata.org/entity/Q252,literal,"http://www.wikidata.org/entity/Q2151621, http://www.wikidata.org/entity/Q1341477, http://www.wikidata.org/entity/Q1326594",literal,"http://www.wikidata.org/entity/Q15842921, http://www.wikidata.org/entity/Q2078625, http://www.wikidata.org/entity/Q108936810",literal,,literal,http://www.wikidata.org/entity/Q2066,literal,"http://www.wikidata.org/entity/Q155718, http://www.wikidata.org/entity/Q874430, http://www.wikidata.org/entity/Q1230458, http://www.wikidata.org/entity/Q6571804",,,,http://www.w3.org/2001/XMLSchema#decimal,literal,19792,,,,,,,,,,,,,wd:Q334
165,uri,http://www.wikidata.org/entity/Q5764722,en,literal,Hilton Singapore,http://www.w3.org/2001/XMLSchema#dateTime,literal,1969-01-01T00:00:00Z,uri,http://www.wikidata.org/entity/Q334,literal,,literal,,literal,,literal,,literal,,ar,literal,هيلتون سنغافورة,,,,,,,,,,,,,,,,wd:Q334
166,uri,http://www.wikidata.org/entity/Q38116375,en,literal,Voyagin,http://www.w3.org/2001/XMLSchema#dateTime,literal,2011-01-01T00:00:00Z,uri,http://www.wikidata.org/entity/Q252,literal,,literal,http://www.wikidata.org/entity/Q17229042,literal,,literal,http://www.wikidata.org/entity/Q1490,literal,,,,,,,,,,,,,,,,,,,,wd:Q334
167,uri,http://www.wikidata.org/entity/Q1538837,en,literal,Raffles Hotel,http://www.w3.org/2001/XMLSchema#dateTime,literal,1887-01-01T00:00:00Z,uri,http://www.wikidata.org/entity/Q334,literal,,literal,,literal,,literal,,literal,,,,,,,,,,,,,,,,,,,,wd:Q334
168,uri,http://www.wikidata.org/entity/Q762479,en,literal,Temasek Holdings,http://www.w3.org/2001/XMLSchema#dateTime,literal,1974-01-01T00:00:00Z,uri,http://www.wikidata.org/entity/Q334,literal,http://www.wikidata.org/entity/Q4290,literal,http://www.wikidata.org/entity/Q455666,literal,,literal,http://www.wikidata.org/entity/Q334,literal,,,,,,,,,,,,,,,,,,,,wd:Q334
169,uri,http://www.wikidata.org/entity/Q96354890,en,literal,AtomicTorch Studio,,,,uri,http://www.wikidata.org/entity/Q334,literal,http://www.wikidata.org/entity/Q941594,literal,,literal,,literal,,literal,,,,,,,,,,,,,,,,,,,,wd:Q334
170,uri,http://www.wikidata.org/entity/Q12525426,en,literal,ZALORA,http://www.w3.org/2001/XMLSchema#dateTime,literal,2012-01-01T00:00:00Z,uri,http://www.wikidata.org/entity/Q334,literal,,literal,,literal,,literal,http://www.wikidata.org/entity/Q334,literal,,,,,,,,,,,,,,,,,,,,wd:Q334
171,uri,http://www.wikidata.org/entity/Q32245,en,literal,Singapore Airlines,http://www.w3.org/2001/XMLSchema#dateTime,literal,1964-01-01T00:00:00Z,uri,http://www.wikidata.org/entity/Q334,literal,http://www.wikidata.org/entity/Q1757562,literal,http://www.wikidata.org/entity/Q5577535,literal,,literal,http://www.wikidata.org/entity/Q334,literal,,,,,,,,,,,,,,,,,,,,wd:Q334
172,uri,http://www.wikidata.org/entity/Q721064,en,literal,Nanyang Technological University,http://www.w3.org/2001/XMLSchema#dateTime,literal,1991-01-01T00:00:00Z,uri,http://www.wikidata.org/entity/Q334,literal,,literal,,literal,,literal,,literal,,,,,,,,,,,,,,,,,,,,wd:Q334
173,uri,http://www.wikidata.org/entity/Q12872453,en,literal,Library Association of Singapore,http://www.w3.org/2001/XMLSchema#dateTime,literal,1972-03-25T00:00:00Z,uri,http://www.wikidata.org/entity/Q334,literal,,literal,,literal,,literal,,literal,,,,,,,,,,,,,,,,,,,,wd:Q334
174,uri,http://www.wikidata.org/entity/Q5124431,en,literal,Civil Aviation Authority of Singapore,http://www.w3.org/2001/XMLSchema#dateTime,literal,1984-01-01T00:00:00Z,uri,http://www.wikidata.org/entity/Q334,literal,,literal,,literal,,literal,,literal,,,,,,,,,,,,,,,,,,,,wd:Q334
175,uri,http://www.wikidata.org/entity/Q5035390,en,literal,Capillary Technologies,http://www.w3.org/2001/XMLSchema#dateTime,literal,2008-01-01T00:00:00Z,uri,http://www.wikidata.org/entity/Q334,literal,http://www.wikidata.org/entity/Q126793,literal,,literal,,literal,http://www.wikidata.org/entity/Q334,literal,,,,,,,,,,,,,,,,,,,,wd:Q334
176,uri,http://www.wikidata.org/entity/Q746413,en,literal,Elsevier BV,http://www.w3.org/2001/XMLSchema#dateTime,literal,1880-01-01T00:00:00Z,uri,http://www.wikidata.org/entity/Q79,literal,http://www.wikidata.org/entity/Q3972943,literal,,literal,,literal,"http://www.wikidata.org/entity/Q2662373, http://www.wikidata.org/entity/Q1345",literal,,,,,http://www.w3.org/2001/XMLSchema#decimal,literal,6900,http://www.w3.org/2001/XMLSchema#decimal,literal,600000000,,,,,,,,,,wd:Q334
177,uri,http://www.wikidata.org/entity/Q17027563,en,literal,Horizon Fuel Cell Technologies,,,,uri,http://www.wikidata.org/entity/Q334,literal,"http://www.wikidata.org/entity/Q909558, http://www.wikidata.org/entity/Q180253",literal,,literal,,literal,http://www.wikidata.org/entity/Q334,literal,,,,,,,,,,,,,,,,,,,,wd:Q334
178,uri,http://www.wikidata.org/entity/Q284748,en,literal,SilkAir,http://www.w3.org/2001/XMLSchema#dateTime,literal,1992-04-01T00:00:00Z,uri,http://www.wikidata.org/entity/Q334,literal,,literal,,literal,,literal,http://www.wikidata.org/entity/Q334,literal,,,,,,,,,,,,,,,,,,,,wd:Q334
179,uri,http://www.wikidata.org/entity/Q342813,en,literal,Acronis,http://www.w3.org/2001/XMLSchema#dateTime,literal,2002-01-01T00:00:00Z,uri,http://www.wikidata.org/entity/Q334,literal,"http://www.wikidata.org/entity/Q7397, http://www.wikidata.org/entity/Q3510521",literal,,literal,,literal,"http://www.wikidata.org/entity/Q9009, http://www.wikidata.org/entity/Q334",literal,,,,,http://www.w3.org/2001/XMLSchema#decimal,literal,1900,,,,,,,,,,,,,wd:Q334
180,uri,http://www.wikidata.org/entity/Q17054602,en,literal,TradeGecko,http://www.w3.org/2001/XMLSchema#dateTime,literal,2012-01-01T00:00:00Z,uri,http://www.wikidata.org/entity/Q334,literal,http://www.wikidata.org/entity/Q1254596,literal,,literal,,literal,http://www.wikidata.org/entity/Q334,literal,,,,,,,,,,,,,,,,,,,,wd:Q334
181,uri,http://www.wikidata.org/entity/Q367412,en,literal,Razer Inc.,http://www.w3.org/2001/XMLSchema#dateTime,literal,2005-01-01T00:00:00Z,uri,http://www.wikidata.org/entity/Q30,literal,"http://www.wikidata.org/entity/Q941594, http://www.wikidata.org/entity/Q3966",literal,,literal,,literal,"http://www.wikidata.org/entity/Q491099, http://www.wikidata.org/entity/Q49219, http://www.wikidata.org/entity/Q334, http://www.wikidata.org/entity/Q62",literal,,,,,,,,,,,,,,,,,,,,wd:Q334
182,uri,http://www.wikidata.org/entity/Q7075953,en,literal,Ocean Butterflies International,http://www.w3.org/2001/XMLSchema#dateTime,literal,1986-01-01T00:00:00Z,uri,http://www.wikidata.org/entity/Q334,literal,http://www.wikidata.org/entity/Q746359,literal,,literal,,literal,http://www.wikidata.org/entity/Q956,literal,,,,,,,,,,,,,,,,,,,,wd:Q334
183,uri,http://www.wikidata.org/entity/Q76099070,en,literal,Tiger Sugar,,,,uri,http://www.wikidata.org/entity/Q921,literal,"http://www.wikidata.org/entity/Q4899370, http://www.wikidata.org/entity/Q540912",literal,,literal,,literal,http://www.wikidata.org/entity/Q569548,literal,,,,,,,,,,,,,,,,,,,,wd:Q334
184,uri,http://www.wikidata.org/entity/Q2661305,en,literal,SBS Transit,http://www.w3.org/2001/XMLSchema#dateTime,literal,1973-01-01T00:00:00Z,uri,http://www.wikidata.org/entity/Q334,literal,http://www.wikidata.org/entity/Q178512,literal,,literal,,literal,http://www.wikidata.org/entity/Q334,literal,,,,,,,,,,,,,,,,,,,,wd:Q334
185,uri,http://www.wikidata.org/entity/Q18712406,en,literal,Lazada Group,http://www.w3.org/2001/XMLSchema#dateTime,literal,2012-01-01T00:00:00Z,uri,http://www.wikidata.org/entity/Q928,literal,http://www.wikidata.org/entity/Q484847,literal,,literal,,literal,http://www.wikidata.org/entity/Q334,literal,,,,,http://www.w3.org/2001/XMLSchema#decimal,literal,4000,,,,,,,,,,,,,wd:Q334
186,uri,http://www.wikidata.org/entity/Q18712406,en,literal,Lazada Group,http://www.w3.org/2001/XMLSchema#dateTime,literal,2012-01-01T00:00:00Z,uri,http://www.wikidata.org/entity/Q334,literal,http://www.wikidata.org/entity/Q484847,literal,,literal,,literal,http://www.wikidata.org/entity/Q334,literal,,,,,http://www.w3.org/2001/XMLSchema#decimal,literal,4000,,,,,,,,,,,,,wd:Q334
187,uri,http://www.wikidata.org/entity/Q3880200,en,literal,ONE Fighting Championship,http://www.w3.org/2001/XMLSchema#dateTime,literal,2011-07-14T00:00:00Z,uri,http://www.wikidata.org/entity/Q334,literal,,literal,,literal,,literal,"http://www.wikidata.org/entity/Q4216846, http://www.wikidata.org/entity/Q3810086",literal,,,,,,,,,,,,,,,,,,,,wd:Q334
188,uri,http://www.wikidata.org/entity/Q109524582,en,literal,COMO Hotels and Resorts,,,,uri,http://www.wikidata.org/entity/Q334,literal,,literal,,literal,,literal,,literal,,,,,,,,,,,,,,,,,,,,wd:Q334
189,uri,http://www.wikidata.org/entity/Q114901566,en,literal,TikMate,http://www.w3.org/2001/XMLSchema#dateTime,literal,2022-08-17T00:00:00Z,uri,http://www.wikidata.org/entity/Q334,literal,,literal,,literal,,literal,,literal,,,,,,,,,,,,,,,,,,,,wd:Q334
190,uri,http://www.wikidata.org/entity/Q4013942,en,literal,Virgin Active,http://www.w3.org/2001/XMLSchema#dateTime,literal,1998-01-01T00:00:00Z,uri,http://www.wikidata.org/entity/Q258,literal,,literal,,literal,,literal,http://www.wikidata.org/entity/Q84,literal,,,,,,,,,,,,,,,,,,,,wd:Q334
191,uri,http://www.wikidata.org/entity/Q55889644,en,literal,BitForex,http://www.w3.org/2001/XMLSchema#dateTime,literal,2017-01-01T00:00:00Z,uri,http://www.wikidata.org/entity/Q334,literal,,literal,,literal,,literal,,literal,,,,,,,,,,,,,,,,,,,,wd:Q334
192,uri,http://www.wikidata.org/entity/Q17039222,en,literal,Golden Agri-Resources,http://www.w3.org/2001/XMLSchema#dateTime,literal,1996-01-01T00:00:00Z,uri,http://www.wikidata.org/entity/Q334,literal,,literal,http://www.wikidata.org/entity/Q92469811,literal,,literal,http://www.wikidata.org/entity/Q334,literal,,,,,http://www.w3.org/2001/XMLSchema#decimal,literal,170700,,,,,,,,,,,,,wd:Q334
193,uri,http://www.wikidata.org/entity/Q63371124,en,literal,Guardian,,,,uri,http://www.wikidata.org/entity/Q921,literal,http://www.wikidata.org/entity/Q126793,literal,,literal,,literal,,literal,,,,,,,,,,,,,,,,,,,,wd:Q334
194,uri,http://www.wikidata.org/entity/Q76099070,en,literal,Tiger Sugar,,,,uri,http://www.wikidata.org/entity/Q334,literal,"http://www.wikidata.org/entity/Q4899370, http://www.wikidata.org/entity/Q540912",literal,,literal,,literal,http://www.wikidata.org/entity/Q569548,literal,,,,,,,,,,,,,,,,,,,,wd:Q334
195,uri,http://www.wikidata.org/entity/Q683146,en,literal,LexisNexis,http://www.w3.org/2001/XMLSchema#dateTime,literal,1973-01-01T00:00:00Z,uri,http://www.wikidata.org/entity/Q334,literal,http://www.wikidata.org/entity/Q3972943,literal,,literal,,literal,http://www.wikidata.org/entity/Q60,literal,,,,,http://www.w3.org/2001/XMLSchema#decimal,literal,10000,,,,,,,,,,,,,wd:Q334
196,uri,http://www.wikidata.org/entity/Q4013942,en,literal,Virgin Active,http://www.w3.org/2001/XMLSchema#dateTime,literal,1998-01-01T00:00:00Z,uri,http://www.wikidata.org/entity/Q408,literal,,literal,,literal,,literal,http://www.wikidata.org/entity/Q84,literal,,,,,,,,,,,,,,,,,,,,wd:Q334
197,uri,http://www.wikidata.org/entity/Q54321831,en,literal,Singapore Pro Wrestling,http://www.w3.org/2001/XMLSchema#dateTime,literal,2012-01-01T00:00:00Z,uri,http://www.wikidata.org/entity/Q334,literal,,literal,,literal,,literal,,literal,,,,,,,,,,,,,,,,,,,,wd:Q334
198,uri,http://www.wikidata.org/entity/Q111243216,en,literal,Hilton Singapore Orchard,http://www.w3.org/2001/XMLSchema#dateTime,literal,2022-02-24T00:00:00Z,uri,http://www.wikidata.org/entity/Q334,literal,http://www.wikidata.org/entity/Q1495452,literal,,literal,,literal,,literal,,en,literal,Hilton Singapore Orchard,,,,,,,,,,,,,,,,wd:Q334
199,uri,http://www.wikidata.org/entity/Q105966974,en,literal,Mighty Bear Games,http://www.w3.org/2001/XMLSchema#dateTime,literal,2016-01-01T00:00:00Z,uri,http://www.wikidata.org/entity/Q334,literal,http://www.wikidata.org/entity/Q941594,literal,,literal,,literal,http://www.wikidata.org/entity/Q334,literal,,,,,,,,,,,,,,,,,,,,wd:Q334
200,uri,http://www.wikidata.org/entity/Q18712406,en,literal,Lazada Group,http://www.w3.org/2001/XMLSchema#dateTime,literal,2012-01-01T00:00:00Z,uri,http://www.wikidata.org/entity/Q252,literal,http://www.wikidata.org/entity/Q484847,literal,,literal,,literal,http://www.wikidata.org/entity/Q334,literal,,,,,http://www.w3.org/2001/XMLSchema#decimal,literal,4000,,,,,,,,,,,,,wd:Q334
201,uri,http://www.wikidata.org/entity/Q16245618,en,literal,Allen & Gledhill,http://www.w3.org/2001/XMLSchema#dateTime,literal,1902-01-01T00:00:00Z,uri,http://www.wikidata.org/entity/Q334,literal,,literal,,literal,,literal,,literal,,,,,,,,,,,,,,,,,,,,wd:Q334
202,uri,http://www.wikidata.org/entity/Q81189660,en,literal,Mothership,,,,uri,http://www.wikidata.org/entity/Q334,literal,http://www.wikidata.org/entity/Q56611639,literal,,literal,,literal,,literal,,,,,,,,,,,,,,,,,,,,wd:Q334
203,uri,http://www.wikidata.org/entity/Q746413,en,literal,Elsevier BV,http://www.w3.org/2001/XMLSchema#dateTime,literal,1880-01-01T00:00:00Z,uri,http://www.wikidata.org/entity/Q334,literal,http://www.wikidata.org/entity/Q3972943,literal,,literal,,literal,"http://www.wikidata.org/entity/Q2662373, http://www.wikidata.org/entity/Q1345",literal,,,,,http://www.w3.org/2001/XMLSchema#decimal,literal,6900,http://www.w3.org/2001/XMLSchema#decimal,literal,600000000,,,,,,,,,,wd:Q334
204,uri,http://www.wikidata.org/entity/Q738236,en,literal,National University of Singapore,http://www.w3.org/2001/XMLSchema#dateTime,literal,1905-01-01T00:00:00Z,uri,http://www.wikidata.org/entity/Q334,literal,,literal,,literal,,literal,,literal,,ta,literal,சிங்கப்பூர் தேசிய பல்கலைக்கழகம்,,,,,,,,,,,,,,,,wd:Q334
205,uri,http://www.wikidata.org/entity/Q105836013,en,literal,Studio Klondike,,,,uri,http://www.wikidata.org/entity/Q334,literal,,literal,,literal,,literal,,literal,,,,,,,,,,,,,,,,,,,,wd:Q334
206,uri,http://www.wikidata.org/entity/Q44827897,en,literal,WBJ Media House,http://www.w3.org/2001/XMLSchema#dateTime,literal,2008-01-01T00:00:00Z,uri,http://www.wikidata.org/entity/Q334,literal,http://www.wikidata.org/entity/Q932586,literal,,literal,,literal,,literal,,,,,,,,,,,,,,,,,,,,wd:Q334
207,uri,http://www.wikidata.org/entity/Q138133,en,literal,RWE,http://www.w3.org/2001/XMLSchema#dateTime,literal,1898-04-25T00:00:00Z,uri,http://www.wikidata.org/entity/Q668,literal,"http://www.wikidata.org/entity/Q2151621, http://www.wikidata.org/entity/Q1341477, http://www.wikidata.org/entity/Q1326594",literal,"http://www.wikidata.org/entity/Q15842921, http://www.wikidata.org/entity/Q2078625, http://www.wikidata.org/entity/Q108936810",literal,,literal,http://www.wikidata.org/entity/Q2066,literal,"http://www.wikidata.org/entity/Q155718, http://www.wikidata.org/entity/Q874430, http://www.wikidata.org/entity/Q1230458, http://www.wikidata.org/entity/Q6571804",,,,http://www.w3.org/2001/XMLSchema#decimal,literal,19792,,,,,,,,,,,,,wd:Q334
208,uri,http://www.wikidata.org/entity/Q746413,en,literal,Elsevier BV,http://www.w3.org/2001/XMLSchema#dateTime,literal,1880-01-01T00:00:00Z,uri,http://www.wikidata.org/entity/Q96,literal,http://www.wikidata.org/entity/Q3972943,literal,,literal,,literal,"http://www.wikidata.org/entity/Q2662373, http://www.wikidata.org/entity/Q1345",literal,,,,,http://www.w3.org/2001/XMLSchema#decimal,literal,6900,http://www.w3.org/2001/XMLSchema#decimal,literal,600000000,,,,,,,,,,wd:Q334
209,uri,http://www.wikidata.org/entity/Q7440544,en,literal,StarHub,http://www.w3.org/2001/XMLSchema#dateTime,literal,1998-01-01T00:00:00Z,uri,http://www.wikidata.org/entity/Q334,literal,"http://www.wikidata.org/entity/Q56598901, http://www.wikidata.org/entity/Q25245117",literal,,literal,,literal,http://www.wikidata.org/entity/Q334,literal,,,,,,,,,,,,,,,,,,,,wd:Q334
210,uri,http://www.wikidata.org/entity/Q548679,en,literal,Marina Bay Sands,http://www.w3.org/2001/XMLSchema#dateTime,literal,2010-06-23T00:00:00Z,uri,http://www.wikidata.org/entity/Q334,literal,,literal,,literal,,literal,,literal,,,,,,,,,,,,,,,,,,,,wd:Q334
211,uri,http://www.wikidata.org/entity/Q76099070,en,literal,Tiger Sugar,,,,uri,http://www.wikidata.org/entity/Q252,literal,"http://www.wikidata.org/entity/Q4899370, http://www.wikidata.org/entity/Q540912",literal,,literal,,literal,http://www.wikidata.org/entity/Q569548,literal,,,,,,,,,,,,,,,,,,,,wd:Q334
212,uri,http://www.wikidata.org/entity/Q63371124,en,literal,Guardian,,,,uri,http://www.wikidata.org/entity/Q334,literal,http://www.wikidata.org/entity/Q126793,literal,,literal,,literal,,literal,,,,,,,,,,,,,,,,,,,,wd:Q334
213,uri,http://www.wikidata.org/entity/Q69618274,en,literal,Marquee Singapore,,,,uri,http://www.wikidata.org/entity/Q334,literal,,literal,,literal,,literal,,literal,,,,,,,,,,,,,,,,,,,,wd:Q334
214,uri,http://www.wikidata.org/entity/Q20873932,en,literal,Grab,http://www.w3.org/2001/XMLSchema#dateTime,literal,2012-01-01T00:00:00Z,uri,http://www.wikidata.org/entity/Q334,literal,"http://www.wikidata.org/entity/Q23582374, http://www.wikidata.org/entity/Q11661, http://www.wikidata.org/entity/Q7590",literal,,literal,,literal,http://www.wikidata.org/entity/Q334,literal,,,,,,,,,,,,,,,,,,,,wd:Q334
215,uri,http://www.wikidata.org/entity/Q1515558,en,literal,Singapore Exchange,http://www.w3.org/2001/XMLSchema#dateTime,literal,1999-12-01T00:00:00Z,uri,http://www.wikidata.org/entity/Q334,literal,,literal,,literal,,literal,http://www.wikidata.org/entity/Q334,literal,,,,,,,,,,,,,,,,,,,,wd:Q334
216,uri,http://www.wikidata.org/entity/Q6955648,en,literal,NUS Press,http://www.w3.org/2001/XMLSchema#dateTime,literal,1971-01-01T00:00:00Z,uri,http://www.wikidata.org/entity/Q334,literal,,literal,,literal,,literal,http://www.wikidata.org/entity/Q334,literal,http://www.wikidata.org/entity/Q738236,,,,,,,,,,,,,,,,,,,wd:Q334
217,uri,http://www.wikidata.org/entity/Q3536298,en,literal,Tamil Murasu,http://www.w3.org/2001/XMLSchema#dateTime,literal,1935-01-01T00:00:00Z,uri,http://www.wikidata.org/entity/Q334,literal,,literal,,literal,,literal,,literal,,,,,,,,,,,,,,,,,,,,wd:Q334
218,uri,http://www.wikidata.org/entity/Q4013942,en,literal,Virgin Active,http://www.w3.org/2001/XMLSchema#dateTime,literal,1998-01-01T00:00:00Z,uri,http://www.wikidata.org/entity/Q869,literal,,literal,,literal,,literal,http://www.wikidata.org/entity/Q84,literal,,,,,,,,,,,,,,,,,,,,wd:Q334
219,uri,http://www.wikidata.org/entity/Q4013942,en,literal,Virgin Active,http://www.w3.org/2001/XMLSchema#dateTime,literal,1998-01-01T00:00:00Z,uri,http://www.wikidata.org/entity/Q38,literal,,literal,,literal,,literal,http://www.wikidata.org/entity/Q84,literal,,,,,,,,,,,,,,,,,,,,wd:Q334
220,uri,http://www.wikidata.org/entity/Q16259060,en,literal,City Developments Limited,,,,uri,http://www.wikidata.org/entity/Q334,literal,,literal,http://www.wikidata.org/entity/Q47012408,literal,http://www.wikidata.org/entity/Q8963128,literal,http://www.wikidata.org/entity/Q334,literal,,,,,,,,,,,,,,,,,,,,wd:Q334
221,uri,http://www.wikidata.org/entity/Q4167785,en,literal,Popular Holdings,http://www.w3.org/2001/XMLSchema#dateTime,literal,1924-01-01T00:00:00Z,uri,http://www.wikidata.org/entity/Q334,literal,http://www.wikidata.org/entity/Q126793,literal,,literal,,literal,,literal,,,,,,,,,,,,,,,,,,,,wd:Q334
222,uri,http://www.wikidata.org/entity/Q63371124,en,literal,Guardian,,,,uri,http://www.wikidata.org/entity/Q252,literal,http://www.wikidata.org/entity/Q126793,literal,,literal,,literal,,literal,,,,,,,,,,,,,,,,,,,,wd:Q334
223,uri,http://www.wikidata.org/entity/Q5955134,en,literal,Resorts World Sentosa,,,,uri,http://www.wikidata.org/entity/Q334,literal,,literal,,literal,,literal,,literal,,,,,,,,,,,,,,,,,,,,wd:Q334
224,uri,http://www.wikidata.org/entity/Q31614246,en,literal,The Gentlebros,http://www.w3.org/2001/XMLSchema#dateTime,literal,2015-01-01T00:00:00Z,uri,http://www.wikidata.org/entity/Q334,literal,http://www.wikidata.org/entity/Q941594,literal,,literal,,literal,,literal,,,,,,,,,,,,,,,,,,,,wd:Q334
225,uri,http://www.wikidata.org/entity/Q4827416,en,literal,Broadcom Inc.,http://www.w3.org/2001/XMLSchema#dateTime,literal,1961-01-01T00:00:00Z,uri,http://www.wikidata.org/entity/Q30,literal,http://www.wikidata.org/entity/Q2986369,literal,,literal,,literal,"http://www.wikidata.org/entity/Q16553, http://www.wikidata.org/entity/Q334",literal,"http://www.wikidata.org/entity/Q242345, http://www.wikidata.org/entity/Q507306",,,,http://www.w3.org/2001/XMLSchema#decimal,literal,20000,http://www.w3.org/2001/XMLSchema#decimal,literal,6736000000,http://www.w3.org/2001/XMLSchema#decimal,literal,75570000000,http://www.w3.org/2001/XMLSchema#decimal,literal,24962000000,http://www.w3.org/2001/XMLSchema#decimal,literal,239460000000,wd:Q334
226,uri,http://www.wikidata.org/entity/Q113858405,en,literal,Hello Health Group,http://www.w3.org/2001/XMLSchema#dateTime,literal,2015-01-01T00:00:00Z,uri,http://www.wikidata.org/entity/Q928,literal,http://www.wikidata.org/entity/Q12147,literal,,literal,,literal,http://www.wikidata.org/entity/Q334,literal,,en,literal,Hello Health Group Pte. Ltd,http://www.w3.org/2001/XMLSchema#decimal,literal,351,,,,,,,,,,,,,wd:Q334
227,uri,http://www.wikidata.org/entity/Q6926713,en,literal,Movement for the Intellectually Disabled of Singapore,http://www.w3.org/2001/XMLSchema#dateTime,literal,1962-01-01T00:00:00Z,uri,http://www.wikidata.org/entity/Q334,literal,,literal,,literal,,literal,,literal,,,,,,,,,,,,,,,,,,,,wd:Q334
228,uri,http://www.wikidata.org/entity/Q65089884,en,literal,Millennium Management,http://www.w3.org/2001/XMLSchema#dateTime,literal,1989-01-01T00:00:00Z,uri,http://www.wikidata.org/entity/Q145,literal,http://www.wikidata.org/entity/Q2867142,literal,,literal,,literal,http://www.wikidata.org/entity/Q60,literal,,,,,,,,,,,,,,,,,,,,wd:Q334
229,uri,http://www.wikidata.org/entity/Q699142,en,literal,Din Tai Fung,http://www.w3.org/2001/XMLSchema#dateTime,literal,1991-05-07T00:00:00Z,uri,http://www.wikidata.org/entity/Q148,literal,http://www.wikidata.org/entity/Q540912,literal,,literal,,literal,http://www.wikidata.org/entity/Q1867,literal,,,,,,,,,,,,,,,,,,,,wd:Q334
230,uri,http://www.wikidata.org/entity/Q138133,en,literal,RWE,http://www.w3.org/2001/XMLSchema#dateTime,literal,1898-04-25T00:00:00Z,uri,http://www.wikidata.org/entity/Q145,literal,"http://www.wikidata.org/entity/Q2151621, http://www.wikidata.org/entity/Q1341477, http://www.wikidata.org/entity/Q1326594",literal,"http://www.wikidata.org/entity/Q15842921, http://www.wikidata.org/entity/Q2078625, http://www.wikidata.org/entity/Q108936810",literal,,literal,http://www.wikidata.org/entity/Q2066,literal,"http://www.wikidata.org/entity/Q155718, http://www.wikidata.org/entity/Q874430, http://www.wikidata.org/entity/Q1230458, http://www.wikidata.org/entity/Q6571804",,,,http://www.w3.org/2001/XMLSchema#decimal,literal,19792,,,,,,,,,,,,,wd:Q334
231,uri,http://www.wikidata.org/entity/Q4013942,en,literal,Virgin Active,http://www.w3.org/2001/XMLSchema#dateTime,literal,1998-01-01T00:00:00Z,uri,http://www.wikidata.org/entity/Q1030,literal,,literal,,literal,,literal,http://www.wikidata.org/entity/Q84,literal,,,,,,,,,,,,,,,,,,,,wd:Q334
232,uri,http://www.wikidata.org/entity/Q5764722,en,literal,Hilton Singapore,http://www.w3.org/2001/XMLSchema#dateTime,literal,1969-01-01T00:00:00Z,uri,http://www.wikidata.org/entity/Q334,literal,,literal,,literal,,literal,,literal,,en,literal,Hilton Singapore,,,,,,,,,,,,,,,,wd:Q334
233,uri,http://www.wikidata.org/entity/Q113858405,en,literal,Hello Health Group,http://www.w3.org/2001/XMLSchema#dateTime,literal,2015-01-01T00:00:00Z,uri,http://www.wikidata.org/entity/Q334,literal,http://www.wikidata.org/entity/Q12147,literal,,literal,,literal,http://www.wikidata.org/entity/Q334,literal,,en,literal,Hello Health Group Pte. Ltd,http://www.w3.org/2001/XMLSchema#decimal,literal,351,,,,,,,,,,,,,wd:Q334
234,uri,http://www.wikidata.org/entity/Q22569868,en,literal,Hans im Glück,http://www.w3.org/2001/XMLSchema#dateTime,literal,2010-01-01T00:00:00Z,uri,http://www.wikidata.org/entity/Q334,literal,"http://www.wikidata.org/entity/Q1432426, http://www.wikidata.org/entity/Q171947",literal,,literal,,literal,http://www.wikidata.org/entity/Q1726,literal,,,,,http://www.w3.org/2001/XMLSchema#decimal,literal,1200,http://www.w3.org/2001/XMLSchema#decimal,literal,43600000,,,,,,,,,,wd:Q334
235,uri,http://www.wikidata.org/entity/Q3878818,en,literal,Charles & Keith,http://www.w3.org/2001/XMLSchema#dateTime,literal,1996-01-01T00:00:00Z,uri,http://www.wikidata.org/entity/Q334,literal,http://www.wikidata.org/entity/Q126793,literal,,literal,,literal,http://www.wikidata.org/entity/Q334,literal,,,,,,,,,,,,,,,,,,,,wd:Q334
236,uri,http://www.wikidata.org/entity/Q138133,en,literal,RWE,http://www.w3.org/2001/XMLSchema#dateTime,literal,1898-04-25T00:00:00Z,uri,http://www.wikidata.org/entity/Q148,literal,"http://www.wikidata.org/entity/Q2151621, http://www.wikidata.org/entity/Q1341477, http://www.wikidata.org/entity/Q1326594",literal,"http://www.wikidata.org/entity/Q15842921, http://www.wikidata.org/entity/Q2078625, http://www.wikidata.org/entity/Q108936810",literal,,literal,http://www.wikidata.org/entity/Q2066,literal,"http://www.wikidata.org/entity/Q155718, http://www.wikidata.org/entity/Q874430, http://www.wikidata.org/entity/Q1230458, http://www.wikidata.org/entity/Q6571804",,,,http://www.w3.org/2001/XMLSchema#decimal,literal,19792,,,,,,,,,,,,,wd:Q334
237,uri,http://www.wikidata.org/entity/Q705417,en,literal,DBS Bank,http://www.w3.org/2001/XMLSchema#dateTime,literal,1968-07-01T00:00:00Z,uri,http://www.wikidata.org/entity/Q334,literal,http://www.wikidata.org/entity/Q1416657,literal,http://www.wikidata.org/entity/Q17579992,literal,,literal,http://www.wikidata.org/entity/Q334,literal,,,,,http://www.w3.org/2001/XMLSchema#decimal,literal,24174,,,,,,,,,,,,,wd:Q334
238,uri,http://www.wikidata.org/entity/Q539627,en,literal,GIC Private Limited,http://www.w3.org/2001/XMLSchema#dateTime,literal,1981-05-22T00:00:00Z,uri,http://www.wikidata.org/entity/Q334,literal,http://www.wikidata.org/entity/Q873442,literal,,literal,,literal,http://www.wikidata.org/entity/Q334,literal,,,,,,,,,,,,,,,,,,,,wd:Q334
239,uri,http://www.wikidata.org/entity/Q17053163,en,literal,Rajah & Tann,http://www.w3.org/2001/XMLSchema#dateTime,literal,1954-01-01T00:00:00Z,uri,http://www.wikidata.org/entity/Q334,literal,,literal,,literal,,literal,,literal,,,,,,,,,,,,,,,,,,,,wd:Q334
240,uri,http://www.wikidata.org/entity/Q113858405,en,literal,Hello Health Group,http://www.w3.org/2001/XMLSchema#dateTime,literal,2015-01-01T00:00:00Z,uri,http://www.wikidata.org/entity/Q252,literal,http://www.wikidata.org/entity/Q12147,literal,,literal,,literal,http://www.wikidata.org/entity/Q334,literal,,en,literal,Hello Health Group Pte. Ltd,http://www.w3.org/2001/XMLSchema#decimal,literal,351,,,,,,,,,,,,,wd:Q334
241,uri,http://www.wikidata.org/entity/Q4052312,en,literal,Ubisoft Singapore,http://www.w3.org/2001/XMLSchema#dateTime,literal,2008-01-01T00:00:00Z,uri,http://www.wikidata.org/entity/Q334,literal,http://www.wikidata.org/entity/Q941594,literal,,literal,,literal,http://www.wikidata.org/entity/Q334,literal,,,,,,,,,,,,,,,,,,,,wd:Q334
242,uri,http://www.wikidata.org/entity/Q1106640,en,literal,BreadTalk,http://www.w3.org/2001/XMLSchema#dateTime,literal,2000-01-01T00:00:00Z,uri,http://www.wikidata.org/entity/Q334,literal,http://www.wikidata.org/entity/Q41958,literal,,literal,,literal,,literal,,,,,,,,,,,,,,,,,,,,wd:Q334
243,uri,http://www.wikidata.org/entity/Q54863641,en,literal,Shopee,http://www.w3.org/2001/XMLSchema#dateTime,literal,2015-01-01T00:00:00Z,uri,http://www.wikidata.org/entity/Q334,literal,http://www.wikidata.org/entity/Q484847,literal,,literal,,literal,http://www.wikidata.org/entity/Q334,literal,,,,,,,,,,,,,,,,,,,,wd:Q334
244,uri,http://www.wikidata.org/entity/Q65089884,en,literal,Millennium Management,http://www.w3.org/2001/XMLSchema#dateTime,literal,1989-01-01T00:00:00Z,uri,http://www.wikidata.org/entity/Q8646,literal,http://www.wikidata.org/entity/Q2867142,literal,,literal,,literal,http://www.wikidata.org/entity/Q60,literal,,,,,,,,,,,,,,,,,,,,wd:Q334
245,uri,http://www.wikidata.org/entity/Q28858090,en,literal,TreeBox Solutions Pte Ltd,http://www.w3.org/2001/XMLSchema#dateTime,literal,2011-01-01T00:00:00Z,uri,http://www.wikidata.org/entity/Q334,literal,http://www.wikidata.org/entity/Q189900,literal,,literal,,literal,http://www.wikidata.org/entity/Q334,literal,,,,,,,,,,,,,,,,,,,,wd:Q334
246,uri,http://www.wikidata.org/entity/Q738236,en,literal,National University of Singapore,http://www.w3.org/2001/XMLSchema#dateTime,literal,1905-01-01T00:00:00Z,uri,http://www.wikidata.org/entity/Q334,literal,,literal,,literal,,literal,,literal,,zh-sg,literal,新加坡国立大学,,,,,,,,,,,,,,,,wd:Q334
247,uri,http://www.wikidata.org/entity/Q108873123,en,literal,Responsible Cyber,http://www.w3.org/2001/XMLSchema#dateTime,literal,2016-01-01T00:00:00Z,uri,http://www.wikidata.org/entity/Q334,literal,http://www.wikidata.org/entity/Q3510521,literal,,literal,,literal,,literal,,,,,,,,,,,,,,,,,,,,wd:Q334
248,uri,http://www.wikidata.org/entity/Q2928751,en,literal,Business Times,http://www.w3.org/2001/XMLSchema#dateTime,literal,1976-01-01T00:00:00Z,uri,http://www.wikidata.org/entity/Q334,literal,,literal,,literal,,literal,,literal,,,,,,,,,,,,,,,,,,,,wd:Q334
249,uri,http://www.wikidata.org/entity/Q97602541,en,literal,Unified-Inbox,http://www.w3.org/2001/XMLSchema#dateTime,literal,2014-02-06T00:00:00Z,uri,http://www.wikidata.org/entity/Q334,literal,,literal,,literal,,literal,,literal,,,,,,,,,,,,,,,,,,,,wd:Q334
250,uri,http://www.wikidata.org/entity/Q96273147,en,literal,JJ Richman,http://www.w3.org/2001/XMLSchema#dateTime,literal,2010-01-01T00:00:00Z,uri,http://www.wikidata.org/entity/Q235,literal,http://www.wikidata.org/entity/Q837171,literal,,literal,,literal,http://www.wikidata.org/entity/Q334,literal,,,,,,,,,,,,,,,,,,,,wd:Q334
251,uri,http://www.wikidata.org/entity/Q7945080,en,literal,W!LD RICE,http://www.w3.org/2001/XMLSchema#dateTime,literal,2000-01-01T00:00:00Z,uri,http://www.wikidata.org/entity/Q334,literal,,literal,,literal,,literal,,literal,,,,,,,,,,,,,,,,,,,,wd:Q334
252,uri,http://www.wikidata.org/entity/Q498921,en,literal,The Straits Times,http://www.w3.org/2001/XMLSchema#dateTime,literal,1845-07-15T00:00:00Z,uri,http://www.wikidata.org/entity/Q334,literal,,literal,,literal,,literal,,literal,,,,,,,,,,,,,,,,,,,,wd:Q334
253,uri,http://www.wikidata.org/entity/Q19898668,en,literal,Tower Transit Singapore,http://www.w3.org/2001/XMLSchema#dateTime,literal,2016-01-01T00:00:00Z,uri,http://www.wikidata.org/entity/Q334,literal,,literal,,literal,,literal,http://www.wikidata.org/entity/Q14874474,literal,,,,,,,,,,,,,,,,,,,,wd:Q334
254,uri,http://www.wikidata.org/entity/Q2661296,en,literal,Monetary Authority of Singapore,http://www.w3.org/2001/XMLSchema#dateTime,literal,1971-01-01T00:00:00Z,uri,http://www.wikidata.org/entity/Q334,literal,,literal,,literal,http://www.wikidata.org/entity/Q983752,literal,http://www.wikidata.org/entity/Q334,literal,http://www.wikidata.org/entity/Q55713177,ms,literal,Penguasa Kewangan Singapura,,,,,,,,,,,,,,,,wd:Q334
