,business.type,business.value,businessLabel.xml:lang,businessLabel.type,businessLabel.value,origindate.datatype,origindate.type,origindate.value,country.type,country.value,industries.type,industries.value,ceos.type,ceos.value,chairs.type,chairs.value,hqs.type,hqs.value,groups.type,groups.value,officialname.xml:lang,officialname.type,officialname.value,employees.datatype,employees.type,employees.value,profit.datatype,profit.type,profit.value,assets.datatype,assets.type,assets.value,equity.datatype,equity.type,equity.value,country
0,uri,http://www.wikidata.org/entity/Q2496204,en,literal,Saint Thomas Aquinas University of the North,http://www.w3.org/2001/XMLSchema#dateTime,literal,1965-01-01T00:00:00Z,uri,http://www.wikidata.org/entity/Q414,literal,,literal,,literal,,literal,,literal,,,,,,,,,,,,,,,,,wd:Q414
1,uri,http://www.wikidata.org/entity/Q73281818,en,literal,Ederkind Música,http://www.w3.org/2001/XMLSchema#dateTime,literal,2018-01-01T00:00:00Z,uri,http://www.wikidata.org/entity/Q414,literal,,literal,,literal,,literal,http://www.wikidata.org/entity/Q1486,literal,,,,,,,,,,,,,,,,,wd:Q414
2,uri,http://www.wikidata.org/entity/Q421023,en,literal,Organization of Ibero-American States,http://www.w3.org/2001/XMLSchema#dateTime,literal,1949-01-01T00:00:00Z,uri,http://www.wikidata.org/entity/Q241,literal,,literal,,literal,,literal,http://www.wikidata.org/entity/Q5740815,literal,,pt,literal,"Organização de Estados Ibero-Americanos para a Educação, a Ciência e a Cultura",,,,,,,,,,,,,wd:Q414
3,uri,http://www.wikidata.org/entity/Q180562,en,literal,LATAM Argentina,http://www.w3.org/2001/XMLSchema#dateTime,literal,2005-01-01T00:00:00Z,uri,http://www.wikidata.org/entity/Q414,literal,,literal,,literal,,literal,http://www.wikidata.org/entity/Q1486,literal,,,,,,,,,,,,,,,,,wd:Q414
4,uri,http://www.wikidata.org/entity/Q101429710,en,literal,Manfrey,http://www.w3.org/2001/XMLSchema#dateTime,literal,1943-01-01T00:00:00Z,uri,http://www.wikidata.org/entity/Q414,literal,http://www.wikidata.org/entity/Q13554450,literal,,literal,,literal,http://www.wikidata.org/entity/Q1456012,literal,,,,,,,,,,,,,,,,,wd:Q414
5,uri,http://www.wikidata.org/entity/Q421023,en,literal,Organization of Ibero-American States,http://www.w3.org/2001/XMLSchema#dateTime,literal,1949-01-01T00:00:00Z,uri,http://www.wikidata.org/entity/Q783,literal,,literal,,literal,,literal,http://www.wikidata.org/entity/Q5740815,literal,,pt,literal,"Organização de Estados Ibero-Americanos para a Educação, a Ciência e a Cultura",,,,,,,,,,,,,wd:Q414
6,uri,http://www.wikidata.org/entity/Q924518,en,literal,La Voz del Interior,http://www.w3.org/2001/XMLSchema#dateTime,literal,1904-01-01T00:00:00Z,uri,http://www.wikidata.org/entity/Q414,literal,,literal,,literal,,literal,http://www.wikidata.org/entity/Q44210,literal,,,,,,,,,,,,,,,,,wd:Q414
7,uri,http://www.wikidata.org/entity/Q100272303,en,literal,Mi Bici Tu Bici,,,,uri,http://www.wikidata.org/entity/Q414,literal,,literal,,literal,,literal,,literal,,,,,,,,,,,,,,,,,wd:Q414
8,uri,http://www.wikidata.org/entity/Q2006989,en,literal,YPF,http://www.w3.org/2001/XMLSchema#dateTime,literal,1922-06-03T00:00:00Z,uri,http://www.wikidata.org/entity/Q414,literal,http://www.wikidata.org/entity/Q862571,literal,,literal,,literal,http://www.wikidata.org/entity/Q1486,literal,,,,,,,,,,,,,,,,,wd:Q414
9,uri,http://www.wikidata.org/entity/Q421023,en,literal,Organization of Ibero-American States,http://www.w3.org/2001/XMLSchema#dateTime,literal,1949-01-01T00:00:00Z,uri,http://www.wikidata.org/entity/Q983,literal,,literal,,literal,,literal,http://www.wikidata.org/entity/Q5740815,literal,,es,literal,"Organización de Estados Iberoamericanos para la Educación, la Ciencia y la Cultura",,,,,,,,,,,,,wd:Q414
10,uri,http://www.wikidata.org/entity/Q6978293,en,literal,National Scientific and Technical Research Council,http://www.w3.org/2001/XMLSchema#dateTime,literal,1958-02-05T00:00:00Z,uri,http://www.wikidata.org/entity/Q414,literal,,literal,,literal,,literal,,literal,,,,,,,,,,,,,,,,,wd:Q414
11,uri,http://www.wikidata.org/entity/Q100572830,en,literal,Tregar,http://www.w3.org/2001/XMLSchema#dateTime,literal,1940-01-01T00:00:00Z,uri,http://www.wikidata.org/entity/Q414,literal,http://www.wikidata.org/entity/Q13554450,literal,,literal,,literal,http://www.wikidata.org/entity/Q44823,literal,,es,literal,García Hermanos Agroindustrial S.R.L.,,,,,,,,,,,,,wd:Q414
12,uri,http://www.wikidata.org/entity/Q421023,en,literal,Organization of Ibero-American States,http://www.w3.org/2001/XMLSchema#dateTime,literal,1949-01-01T00:00:00Z,uri,http://www.wikidata.org/entity/Q96,literal,,literal,,literal,,literal,http://www.wikidata.org/entity/Q5740815,literal,,pt,literal,"Organização de Estados Ibero-Americanos para a Educação, a Ciência e a Cultura",,,,,,,,,,,,,wd:Q414
13,uri,http://www.wikidata.org/entity/Q421023,en,literal,Organization of Ibero-American States,http://www.w3.org/2001/XMLSchema#dateTime,literal,1949-01-01T00:00:00Z,uri,http://www.wikidata.org/entity/Q786,literal,,literal,,literal,,literal,http://www.wikidata.org/entity/Q5740815,literal,,pt,literal,"Organização de Estados Ibero-Americanos para a Educação, a Ciência e a Cultura",,,,,,,,,,,,,wd:Q414
14,uri,http://www.wikidata.org/entity/Q934439,en,literal,National University of San Juan,http://www.w3.org/2001/XMLSchema#dateTime,literal,1973-01-01T00:00:00Z,uri,http://www.wikidata.org/entity/Q414,literal,,literal,,literal,,literal,,literal,,,,,,,,,,,,,,,,,wd:Q414
15,uri,http://www.wikidata.org/entity/Q62131749,en,literal,Axion,,,,uri,http://www.wikidata.org/entity/Q414,literal,,literal,,literal,,literal,,literal,,,,,,,,,,,,,,,,,wd:Q414
16,uri,http://www.wikidata.org/entity/Q5718071,en,literal,Banco de Córdoba,http://www.w3.org/2001/XMLSchema#dateTime,literal,1858-01-01T00:00:00Z,uri,http://www.wikidata.org/entity/Q414,literal,,literal,,literal,,literal,,literal,,,,,,,,,,,,,,,,,wd:Q414
17,uri,http://www.wikidata.org/entity/Q1806472,en,literal,Las Leñas,,,,uri,http://www.wikidata.org/entity/Q414,literal,,literal,,literal,,literal,,literal,,,,,,,,,,,,,,,,,wd:Q414
18,uri,http://www.wikidata.org/entity/Q10358460,en,literal,Refinor,http://www.w3.org/2001/XMLSchema#dateTime,literal,1994-03-01T00:00:00Z,uri,http://www.wikidata.org/entity/Q414,literal,,literal,,literal,,literal,,literal,,,,,,,,,,,,,,,,,wd:Q414
19,uri,http://www.wikidata.org/entity/Q421023,en,literal,Organization of Ibero-American States,http://www.w3.org/2001/XMLSchema#dateTime,literal,1949-01-01T00:00:00Z,uri,http://www.wikidata.org/entity/Q155,literal,,literal,,literal,,literal,http://www.wikidata.org/entity/Q5740815,literal,,es,literal,"Organización de Estados Iberoamericanos para la Educación, la Ciencia y la Cultura",,,,,,,,,,,,,wd:Q414
20,uri,http://www.wikidata.org/entity/Q7896057,en,literal,University of Palermo,http://www.w3.org/2001/XMLSchema#dateTime,literal,1986-01-01T00:00:00Z,uri,http://www.wikidata.org/entity/Q414,literal,,literal,,literal,,literal,,literal,,,,,,,,,,,,,,,,,wd:Q414
21,uri,http://www.wikidata.org/entity/Q6979265,en,literal,National University of Patagonia San Juan Bosco,http://www.w3.org/2001/XMLSchema#dateTime,literal,1980-01-01T00:00:00Z,uri,http://www.wikidata.org/entity/Q414,literal,,literal,,literal,,literal,,literal,,,,,,,,,,,,,,,,,wd:Q414
22,uri,http://www.wikidata.org/entity/Q20983518,en,literal,VENG,http://www.w3.org/2001/XMLSchema#dateTime,literal,1998-10-19T00:00:00Z,uri,http://www.wikidata.org/entity/Q414,literal,http://www.wikidata.org/entity/Q3477363,literal,,literal,,literal,http://www.wikidata.org/entity/Q1486,literal,,,,,,,,,,,,,,,,,wd:Q414
23,uri,http://www.wikidata.org/entity/Q2918415,en,literal,Codere,http://www.w3.org/2001/XMLSchema#dateTime,literal,1980-01-01T00:00:00Z,uri,http://www.wikidata.org/entity/Q233,literal,"http://www.wikidata.org/entity/Q664702, http://www.wikidata.org/entity/Q1506462",literal,,literal,,literal,http://www.wikidata.org/entity/Q2807,literal,http://www.wikidata.org/entity/Q82059,it,literal,Codere Scommesse S.R.L,,,,,,,,,,,,,wd:Q414
24,uri,http://www.wikidata.org/entity/Q1798938,en,literal,La Martina,http://www.w3.org/2001/XMLSchema#dateTime,literal,1985-01-01T00:00:00Z,uri,http://www.wikidata.org/entity/Q414,literal,http://www.wikidata.org/entity/Q126793,literal,,literal,,literal,http://www.wikidata.org/entity/Q1486,literal,,,,,,,,,,,,,,,,,wd:Q414
25,uri,http://www.wikidata.org/entity/Q2918415,en,literal,Codere,http://www.w3.org/2001/XMLSchema#dateTime,literal,1980-01-01T00:00:00Z,uri,http://www.wikidata.org/entity/Q414,literal,"http://www.wikidata.org/entity/Q664702, http://www.wikidata.org/entity/Q1506462",literal,,literal,,literal,http://www.wikidata.org/entity/Q2807,literal,http://www.wikidata.org/entity/Q82059,es,literal,Codere S.A.,,,,,,,,,,,,,wd:Q414
26,uri,http://www.wikidata.org/entity/Q421023,en,literal,Organization of Ibero-American States,http://www.w3.org/2001/XMLSchema#dateTime,literal,1949-01-01T00:00:00Z,uri,http://www.wikidata.org/entity/Q792,literal,,literal,,literal,,literal,http://www.wikidata.org/entity/Q5740815,literal,,pt,literal,"Organização de Estados Ibero-Americanos para a Educação, a Ciência e a Cultura",,,,,,,,,,,,,wd:Q414
27,uri,http://www.wikidata.org/entity/Q98669478,en,literal,Microomnibus 45 S.A.C.I.F.,http://www.w3.org/2001/XMLSchema#dateTime,literal,1929-08-15T00:00:00Z,uri,http://www.wikidata.org/entity/Q414,literal,,literal,,literal,,literal,http://www.wikidata.org/entity/Q2291654,literal,,,,,,,,,,,,,,,,,wd:Q414
28,uri,http://www.wikidata.org/entity/Q106643870,en,literal,Non Stop Producciones,http://www.w3.org/2001/XMLSchema#dateTime,literal,1989-01-01T00:00:00Z,uri,http://www.wikidata.org/entity/Q414,literal,http://www.wikidata.org/entity/Q289,literal,,literal,,literal,,literal,,,,,,,,,,,,,,,,,wd:Q414
29,uri,http://www.wikidata.org/entity/Q22905362,en,literal,Flow,http://www.w3.org/2001/XMLSchema#dateTime,literal,1981-08-29T00:00:00Z,uri,http://www.wikidata.org/entity/Q414,literal,http://www.wikidata.org/entity/Q11033,literal,,literal,,literal,http://www.wikidata.org/entity/Q1486,literal,,,,,,,,,,,,,,,,,wd:Q414
30,uri,http://www.wikidata.org/entity/Q5886381,en,literal,Grupo Plaza,http://www.w3.org/2001/XMLSchema#dateTime,literal,1959-01-01T00:00:00Z,uri,http://www.wikidata.org/entity/Q414,literal,,literal,,literal,,literal,,literal,,,,,,,,,,,,,,,,,wd:Q414
31,uri,http://www.wikidata.org/entity/Q2884322,en,literal,Ugi's,http://www.w3.org/2001/XMLSchema#dateTime,literal,1980-01-01T00:00:00Z,uri,http://www.wikidata.org/entity/Q414,literal,http://www.wikidata.org/entity/Q81799,literal,,literal,,literal,http://www.wikidata.org/entity/Q1486,literal,,,,,,,,,,,,,,,,,wd:Q414
32,uri,http://www.wikidata.org/entity/Q2918415,en,literal,Codere,http://www.w3.org/2001/XMLSchema#dateTime,literal,1980-01-01T00:00:00Z,uri,http://www.wikidata.org/entity/Q29,literal,"http://www.wikidata.org/entity/Q664702, http://www.wikidata.org/entity/Q1506462",literal,,literal,,literal,http://www.wikidata.org/entity/Q2807,literal,http://www.wikidata.org/entity/Q82059,es,literal,Codere S.A.,,,,,,,,,,,,,wd:Q414
33,uri,http://www.wikidata.org/entity/Q6034719,en,literal,Musimundo,http://www.w3.org/2001/XMLSchema#dateTime,literal,1952-01-01T00:00:00Z,uri,http://www.wikidata.org/entity/Q414,literal,,literal,,literal,,literal,,literal,,,,,,,,,,,,,,,,,wd:Q414
34,uri,http://www.wikidata.org/entity/Q2883376,en,literal,Bank of the Argentine Nation,http://www.w3.org/2001/XMLSchema#dateTime,literal,1891-10-18T00:00:00Z,uri,http://www.wikidata.org/entity/Q414,literal,"http://www.wikidata.org/entity/Q57774188, http://www.wikidata.org/entity/Q806718",literal,,literal,,literal,http://www.wikidata.org/entity/Q1486,literal,,,,,,,,,,,,,,,,,wd:Q414
35,uri,http://www.wikidata.org/entity/Q421023,en,literal,Organization of Ibero-American States,http://www.w3.org/2001/XMLSchema#dateTime,literal,1949-01-01T00:00:00Z,uri,http://www.wikidata.org/entity/Q800,literal,,literal,,literal,,literal,http://www.wikidata.org/entity/Q5740815,literal,,pt,literal,"Organização de Estados Ibero-Americanos para a Educação, a Ciência e a Cultura",,,,,,,,,,,,,wd:Q414
36,uri,http://www.wikidata.org/entity/Q9055890,en,literal,Parque de España,http://www.w3.org/2001/XMLSchema#dateTime,literal,1992-01-01T00:00:00Z,uri,http://www.wikidata.org/entity/Q414,literal,,literal,,literal,,literal,,literal,,,,,,,,,,,,,,,,,wd:Q414
37,uri,http://www.wikidata.org/entity/Q2840261,en,literal,La Nueva Provincia,http://www.w3.org/2001/XMLSchema#dateTime,literal,1898-08-01T00:00:00Z,uri,http://www.wikidata.org/entity/Q414,literal,,literal,,literal,,literal,http://www.wikidata.org/entity/Q54108,literal,,,,,,,,,,,,,,,,,wd:Q414
38,uri,http://www.wikidata.org/entity/Q2918415,en,literal,Codere,http://www.w3.org/2001/XMLSchema#dateTime,literal,1980-01-01T00:00:00Z,uri,http://www.wikidata.org/entity/Q38,literal,"http://www.wikidata.org/entity/Q664702, http://www.wikidata.org/entity/Q1506462",literal,,literal,,literal,http://www.wikidata.org/entity/Q2807,literal,http://www.wikidata.org/entity/Q82059,es,literal,Codere S.A.,,,,,,,,,,,,,wd:Q414
39,uri,http://www.wikidata.org/entity/Q5831749,en,literal,EPEC,http://www.w3.org/2001/XMLSchema#dateTime,literal,1952-12-31T00:00:00Z,uri,http://www.wikidata.org/entity/Q414,literal,,literal,,literal,,literal,http://www.wikidata.org/entity/Q44210,literal,,,,,,,,,,,,,,,,,wd:Q414
40,uri,http://www.wikidata.org/entity/Q6979257,en,literal,National University of La Pampa,http://www.w3.org/2001/XMLSchema#dateTime,literal,1973-01-01T00:00:00Z,uri,http://www.wikidata.org/entity/Q414,literal,,literal,,literal,,literal,,literal,,,,,,,,,,,,,,,,,wd:Q414
41,uri,http://www.wikidata.org/entity/Q9080641,en,literal,Supermarket La Proveeduría,http://www.w3.org/2001/XMLSchema#dateTime,literal,1983-01-01T00:00:00Z,uri,http://www.wikidata.org/entity/Q414,literal,,literal,,literal,,literal,,literal,,,,,,,,,,,,,,,,,wd:Q414
42,uri,http://www.wikidata.org/entity/Q5401467,en,literal,Frávega,http://www.w3.org/2001/XMLSchema#dateTime,literal,1910-01-01T00:00:00Z,uri,http://www.wikidata.org/entity/Q414,literal,,literal,,literal,,literal,,literal,,,,,,,,,,,,,,,,,wd:Q414
43,uri,http://www.wikidata.org/entity/Q2882078,en,literal,Patagonia Bank,http://www.w3.org/2001/XMLSchema#dateTime,literal,1976-01-01T00:00:00Z,uri,http://www.wikidata.org/entity/Q414,literal,"http://www.wikidata.org/entity/Q1416657, http://www.wikidata.org/entity/Q837171, http://www.wikidata.org/entity/Q806718",literal,,literal,,literal,http://www.wikidata.org/entity/Q1486,literal,,,,,,,,,,,,,,,,,wd:Q414
44,uri,http://www.wikidata.org/entity/Q421023,en,literal,Organization of Ibero-American States,http://www.w3.org/2001/XMLSchema#dateTime,literal,1949-01-01T00:00:00Z,uri,http://www.wikidata.org/entity/Q804,literal,,literal,,literal,,literal,http://www.wikidata.org/entity/Q5740815,literal,,pt,literal,"Organização de Estados Ibero-Americanos para a Educação, a Ciência e a Cultura",,,,,,,,,,,,,wd:Q414
45,uri,http://www.wikidata.org/entity/Q2918415,en,literal,Codere,http://www.w3.org/2001/XMLSchema#dateTime,literal,1980-01-01T00:00:00Z,uri,http://www.wikidata.org/entity/Q96,literal,"http://www.wikidata.org/entity/Q664702, http://www.wikidata.org/entity/Q1506462",literal,,literal,,literal,http://www.wikidata.org/entity/Q2807,literal,http://www.wikidata.org/entity/Q82059,it,literal,Codere Scommesse S.R.L,,,,,,,,,,,,,wd:Q414
46,uri,http://www.wikidata.org/entity/Q778813,en,literal,El Cronista,http://www.w3.org/2001/XMLSchema#dateTime,literal,1908-01-01T00:00:00Z,uri,http://www.wikidata.org/entity/Q414,literal,,literal,,literal,,literal,http://www.wikidata.org/entity/Q1486,literal,,,,,,,,,,,,,,,,,wd:Q414
47,uri,http://www.wikidata.org/entity/Q830515,en,literal,Télam,http://www.w3.org/2001/XMLSchema#dateTime,literal,1945-01-01T00:00:00Z,uri,http://www.wikidata.org/entity/Q414,literal,http://www.wikidata.org/entity/Q11030,literal,,literal,,literal,http://www.wikidata.org/entity/Q1486,literal,,,,,,,,,,,,,,,,,wd:Q414
48,uri,http://www.wikidata.org/entity/Q5576619,en,literal,National University of Central Buenos Aires,http://www.w3.org/2001/XMLSchema#dateTime,literal,1974-01-01T00:00:00Z,uri,http://www.wikidata.org/entity/Q414,literal,,literal,,literal,,literal,,literal,,,,,,,,,,,,,,,,,wd:Q414
49,uri,http://www.wikidata.org/entity/Q100233006,en,literal,Bank of the Province of Neuquén,http://www.w3.org/2001/XMLSchema#dateTime,literal,1960-10-03T00:00:00Z,uri,http://www.wikidata.org/entity/Q414,literal,"http://www.wikidata.org/entity/Q837171, http://www.wikidata.org/entity/Q806718",literal,,literal,,literal,http://www.wikidata.org/entity/Q44239,literal,,,,,,,,,,,,,,,,,wd:Q414
50,uri,http://www.wikidata.org/entity/Q421023,en,literal,Organization of Ibero-American States,http://www.w3.org/2001/XMLSchema#dateTime,literal,1949-01-01T00:00:00Z,uri,http://www.wikidata.org/entity/Q811,literal,,literal,,literal,,literal,http://www.wikidata.org/entity/Q5740815,literal,,pt,literal,"Organização de Estados Ibero-Americanos para a Educação, a Ciência e a Cultura",,,,,,,,,,,,,wd:Q414
51,uri,http://www.wikidata.org/entity/Q2838220,en,literal,Clarín Group,http://www.w3.org/2001/XMLSchema#dateTime,literal,1998-12-01T00:00:00Z,uri,http://www.wikidata.org/entity/Q414,literal,http://www.wikidata.org/entity/Q11033,literal,,literal,,literal,http://www.wikidata.org/entity/Q1486,literal,,,,,http://www.w3.org/2001/XMLSchema#decimal,literal,7000,,,,,,,,,,wd:Q414
52,uri,http://www.wikidata.org/entity/Q63386205,en,literal,HopFrog,,,,uri,http://www.wikidata.org/entity/Q414,literal,http://www.wikidata.org/entity/Q941594,literal,,literal,,literal,,literal,,,,,,,,,,,,,,,,,wd:Q414
53,uri,http://www.wikidata.org/entity/Q3385268,en,literal,Banco Santander,http://www.w3.org/2001/XMLSchema#dateTime,literal,1968-01-01T00:00:00Z,uri,http://www.wikidata.org/entity/Q414,literal,,literal,,literal,,literal,http://www.wikidata.org/entity/Q1486,literal,,,,,,,,,,,,,,,,,wd:Q414
54,uri,http://www.wikidata.org/entity/Q16592259,en,literal,Lo-Fi Records,http://www.w3.org/2001/XMLSchema#dateTime,literal,2000-01-01T00:00:00Z,uri,http://www.wikidata.org/entity/Q414,literal,,literal,,literal,,literal,http://www.wikidata.org/entity/Q44210,literal,,,,,,,,,,,,,,,,,wd:Q414
55,uri,http://www.wikidata.org/entity/Q5875270,en,literal,Garbarino,http://www.w3.org/2001/XMLSchema#dateTime,literal,1951-01-01T00:00:00Z,uri,http://www.wikidata.org/entity/Q414,literal,,literal,,literal,,literal,http://www.wikidata.org/entity/Q3786437,literal,,,,,,,,,,,,,,,,,wd:Q414
56,uri,http://www.wikidata.org/entity/Q104715135,en,literal,El Economista,http://www.w3.org/2001/XMLSchema#dateTime,literal,1951-01-01T00:00:00Z,uri,http://www.wikidata.org/entity/Q414,literal,,literal,,literal,,literal,http://www.wikidata.org/entity/Q1486,literal,,,,,,,,,,,,,,,,,wd:Q414
57,uri,http://www.wikidata.org/entity/Q97947684,en,literal,Proyecto Petrel S.A.,http://www.w3.org/2001/XMLSchema#dateTime,literal,2005-01-01T00:00:00Z,uri,http://www.wikidata.org/entity/Q414,literal,http://www.wikidata.org/entity/Q765633,literal,,literal,,literal,http://www.wikidata.org/entity/Q1027041,literal,,,,,,,,,,,,,,,,,wd:Q414
58,uri,http://www.wikidata.org/entity/Q62122746,en,literal,Bonafide,,,,uri,http://www.wikidata.org/entity/Q414,literal,,literal,,literal,,literal,,literal,,,,,,,,,,,,,,,,,wd:Q414
59,uri,http://www.wikidata.org/entity/Q9322755,en,literal,Rosamonte,http://www.w3.org/2001/XMLSchema#dateTime,literal,1936-01-01T00:00:00Z,uri,http://www.wikidata.org/entity/Q414,literal,"http://www.wikidata.org/entity/Q4899370, http://www.wikidata.org/entity/Q540912",literal,,literal,,literal,http://www.wikidata.org/entity/Q2859097,literal,,,,,,,,,,,,,,,,,wd:Q414
60,uri,http://www.wikidata.org/entity/Q421023,en,literal,Organization of Ibero-American States,http://www.w3.org/2001/XMLSchema#dateTime,literal,1949-01-01T00:00:00Z,uri,http://www.wikidata.org/entity/Q414,literal,,literal,,literal,,literal,http://www.wikidata.org/entity/Q5740815,literal,,es,literal,"Organización de Estados Iberoamericanos para la Educación, la Ciencia y la Cultura",,,,,,,,,,,,,wd:Q414
61,uri,http://www.wikidata.org/entity/Q20015548,en,literal,Iton Gadol,http://www.w3.org/2001/XMLSchema#dateTime,literal,2001-01-01T00:00:00Z,uri,http://www.wikidata.org/entity/Q414,literal,,literal,,literal,,literal,http://www.wikidata.org/entity/Q1486,literal,,,,,,,,,,,,,,,,,wd:Q414
62,uri,http://www.wikidata.org/entity/Q2335199,en,literal,Macro Bank,http://www.w3.org/2001/XMLSchema#dateTime,literal,1976-01-01T00:00:00Z,uri,http://www.wikidata.org/entity/Q414,literal,"http://www.wikidata.org/entity/Q1416657, http://www.wikidata.org/entity/Q837171, http://www.wikidata.org/entity/Q806718",literal,,literal,,literal,http://www.wikidata.org/entity/Q1486,literal,,,,,http://www.w3.org/2001/XMLSchema#decimal,literal,7268,,,,,,,,,,wd:Q414
63,uri,http://www.wikidata.org/entity/Q67520227,en,literal,Workers' Politics,http://www.w3.org/2001/XMLSchema#dateTime,literal,1964-03-01T00:00:00Z,uri,http://www.wikidata.org/entity/Q414,literal,,literal,,literal,,literal,http://www.wikidata.org/entity/Q1486,literal,,,,,,,,,,,,,,,,,wd:Q414
64,uri,http://www.wikidata.org/entity/Q6135985,en,literal,La Anónima,http://www.w3.org/2001/XMLSchema#dateTime,literal,1908-01-01T00:00:00Z,uri,http://www.wikidata.org/entity/Q414,literal,http://www.wikidata.org/entity/Q126793,literal,,literal,,literal,http://www.wikidata.org/entity/Q615244,literal,,,,,,,,,,,,,,,,,wd:Q414
65,uri,http://www.wikidata.org/entity/Q102047194,en,literal,Kentucky,http://www.w3.org/2001/XMLSchema#dateTime,literal,1942-01-01T00:00:00Z,uri,http://www.wikidata.org/entity/Q414,literal,http://www.wikidata.org/entity/Q81799,literal,,literal,,literal,,literal,,,,,,,,,,,,,,,,,wd:Q414
66,uri,http://www.wikidata.org/entity/Q17385240,en,literal,Unión Platense S.R.L.,http://www.w3.org/2001/XMLSchema#dateTime,literal,1938-01-01T00:00:00Z,uri,http://www.wikidata.org/entity/Q414,literal,,literal,,literal,,literal,http://www.wikidata.org/entity/Q44059,literal,,,,,,,,,,,,,,,,,wd:Q414
67,uri,http://www.wikidata.org/entity/Q2918415,en,literal,Codere,http://www.w3.org/2001/XMLSchema#dateTime,literal,1980-01-01T00:00:00Z,uri,http://www.wikidata.org/entity/Q739,literal,"http://www.wikidata.org/entity/Q664702, http://www.wikidata.org/entity/Q1506462",literal,,literal,,literal,http://www.wikidata.org/entity/Q2807,literal,http://www.wikidata.org/entity/Q82059,es,literal,Codere S.A.,,,,,,,,,,,,,wd:Q414
68,uri,http://www.wikidata.org/entity/Q421023,en,literal,Organization of Ibero-American States,http://www.w3.org/2001/XMLSchema#dateTime,literal,1949-01-01T00:00:00Z,uri,http://www.wikidata.org/entity/Q29,literal,,literal,,literal,,literal,http://www.wikidata.org/entity/Q5740815,literal,,es,literal,"Organización de Estados Iberoamericanos para la Educación, la Ciencia y la Cultura",,,,,,,,,,,,,wd:Q414
69,uri,http://www.wikidata.org/entity/Q421023,en,literal,Organization of Ibero-American States,http://www.w3.org/2001/XMLSchema#dateTime,literal,1949-01-01T00:00:00Z,uri,http://www.wikidata.org/entity/Q419,literal,,literal,,literal,,literal,http://www.wikidata.org/entity/Q5740815,literal,,es,literal,"Organización de Estados Iberoamericanos para la Educación, la Ciencia y la Cultura",,,,,,,,,,,,,wd:Q414
70,uri,http://www.wikidata.org/entity/Q2876788,en,literal,BBVA Argentina,http://www.w3.org/2001/XMLSchema#dateTime,literal,1886-10-14T00:00:00Z,uri,http://www.wikidata.org/entity/Q414,literal,http://www.wikidata.org/entity/Q837171,literal,,literal,,literal,http://www.wikidata.org/entity/Q1486,literal,,,,,,,,,,,,,,,,,wd:Q414
71,uri,http://www.wikidata.org/entity/Q752556,en,literal,INVAP,http://www.w3.org/2001/XMLSchema#dateTime,literal,1976-01-01T00:00:00Z,uri,http://www.wikidata.org/entity/Q414,literal,,literal,,literal,,literal,http://www.wikidata.org/entity/Q47772,literal,,,,,,,,,,,,,,,,,wd:Q414
72,uri,http://www.wikidata.org/entity/Q7553274,en,literal,Sodimac,http://www.w3.org/2001/XMLSchema#dateTime,literal,1952-01-01T00:00:00Z,uri,http://www.wikidata.org/entity/Q155,literal,http://www.wikidata.org/entity/Q26643,literal,,literal,,literal,http://www.wikidata.org/entity/Q2887,literal,,,,,,,,,,,,,,,,,wd:Q414
73,uri,http://www.wikidata.org/entity/Q56377600,en,literal,Súper Liga Americana de Rugby,http://www.w3.org/2001/XMLSchema#dateTime,literal,2020-01-01T00:00:00Z,uri,http://www.wikidata.org/entity/Q155,literal,,literal,,literal,,literal,,literal,,,,,,,,,,,,,,,,,wd:Q414
74,uri,http://www.wikidata.org/entity/Q2876788,en,literal,BBVA Argentina,http://www.w3.org/2001/XMLSchema#dateTime,literal,1886-10-14T00:00:00Z,uri,http://www.wikidata.org/entity/Q30,literal,http://www.wikidata.org/entity/Q837171,literal,,literal,,literal,http://www.wikidata.org/entity/Q1486,literal,,,,,,,,,,,,,,,,,wd:Q414
75,uri,http://www.wikidata.org/entity/Q855988,en,literal,Super Rugby,http://www.w3.org/2001/XMLSchema#dateTime,literal,1996-01-01T00:00:00Z,uri,http://www.wikidata.org/entity/Q664,literal,,literal,,literal,,literal,,literal,,,,,,,,,,,,,,,,,wd:Q414
76,uri,http://www.wikidata.org/entity/Q113027866,en,literal,Sony Music Argentina,,,,uri,http://www.wikidata.org/entity/Q414,literal,,literal,,literal,,literal,,literal,,,,,,,,,,,,,,,,,wd:Q414
77,uri,http://www.wikidata.org/entity/Q421023,en,literal,Organization of Ibero-American States,http://www.w3.org/2001/XMLSchema#dateTime,literal,1949-01-01T00:00:00Z,uri,http://www.wikidata.org/entity/Q717,literal,,literal,,literal,,literal,http://www.wikidata.org/entity/Q5740815,literal,,es,literal,"Organización de Estados Iberoamericanos para la Educación, la Ciencia y la Cultura",,,,,,,,,,,,,wd:Q414
78,uri,http://www.wikidata.org/entity/Q5718035,en,literal,Supervielle,http://www.w3.org/2001/XMLSchema#dateTime,literal,1887-01-01T00:00:00Z,uri,http://www.wikidata.org/entity/Q414,literal,"http://www.wikidata.org/entity/Q1416657, http://www.wikidata.org/entity/Q837171, http://www.wikidata.org/entity/Q806718",literal,,literal,,literal,http://www.wikidata.org/entity/Q1486,literal,,,,,,,,,,,,,,,,,wd:Q414
79,uri,http://www.wikidata.org/entity/Q6979278,en,literal,National University of Tres de Febrero,http://www.w3.org/2001/XMLSchema#dateTime,literal,1995-01-01T00:00:00Z,uri,http://www.wikidata.org/entity/Q414,literal,,literal,,literal,,literal,,literal,,,,,,,,,,,,,,,,,wd:Q414
80,uri,http://www.wikidata.org/entity/Q1053372,en,literal,Cencosud,http://www.w3.org/2001/XMLSchema#dateTime,literal,1960-01-01T00:00:00Z,uri,http://www.wikidata.org/entity/Q414,literal,http://www.wikidata.org/entity/Q126793,literal,,literal,,literal,"http://www.wikidata.org/entity/Q14484, http://www.wikidata.org/entity/Q2887",literal,,,,,,,,,,,,,,,,,wd:Q414
81,uri,http://www.wikidata.org/entity/Q6135978,en,literal,Supermercados Disco,http://www.w3.org/2001/XMLSchema#dateTime,literal,1961-01-01T00:00:00Z,uri,http://www.wikidata.org/entity/Q414,literal,http://www.wikidata.org/entity/Q126793,literal,,literal,,literal,http://www.wikidata.org/entity/Q44210,literal,,,,,,,,,,,,,,,,,wd:Q414
82,uri,http://www.wikidata.org/entity/Q380022,en,literal,Grupo Arcor,http://www.w3.org/2001/XMLSchema#dateTime,literal,1951-01-01T00:00:00Z,uri,http://www.wikidata.org/entity/Q414,literal,"http://www.wikidata.org/entity/Q540912, http://www.wikidata.org/entity/Q396622",literal,,literal,,literal,http://www.wikidata.org/entity/Q671062,literal,,,,,http://www.w3.org/2001/XMLSchema#decimal,literal,19700,,,,,,,,,,wd:Q414
83,uri,http://www.wikidata.org/entity/Q98561757,en,literal,El Ciudadano (Rosario),http://www.w3.org/2001/XMLSchema#dateTime,literal,1998-01-01T00:00:00Z,uri,http://www.wikidata.org/entity/Q414,literal,,literal,,literal,,literal,,literal,,,,,,,,,,,,,,,,,wd:Q414
84,uri,http://www.wikidata.org/entity/Q265866,en,literal,Universidad Nacional del Litoral,http://www.w3.org/2001/XMLSchema#dateTime,literal,1889-10-16T00:00:00Z,uri,http://www.wikidata.org/entity/Q414,literal,,literal,,literal,,literal,,literal,,,,,,,,,,,,,,,,,wd:Q414
85,uri,http://www.wikidata.org/entity/Q5918049,en,literal,Instituto de Botánica del Nordeste,http://www.w3.org/2001/XMLSchema#dateTime,literal,1977-01-01T00:00:00Z,uri,http://www.wikidata.org/entity/Q414,literal,,literal,,literal,,literal,,literal,,es,literal,Instituto de Botánica del Nordeste,,,,,,,,,,,,,wd:Q414
86,uri,http://www.wikidata.org/entity/Q6156577,en,literal,National University of Avellaneda,http://www.w3.org/2001/XMLSchema#dateTime,literal,2010-06-18T00:00:00Z,uri,http://www.wikidata.org/entity/Q414,literal,,literal,,literal,,literal,,literal,,,,,,,,,,,,,,,,,wd:Q414
87,uri,http://www.wikidata.org/entity/Q2918415,en,literal,Codere,http://www.w3.org/2001/XMLSchema#dateTime,literal,1980-01-01T00:00:00Z,uri,http://www.wikidata.org/entity/Q804,literal,"http://www.wikidata.org/entity/Q664702, http://www.wikidata.org/entity/Q1506462",literal,,literal,,literal,http://www.wikidata.org/entity/Q2807,literal,http://www.wikidata.org/entity/Q82059,it,literal,Codere Scommesse S.R.L,,,,,,,,,,,,,wd:Q414
88,uri,http://www.wikidata.org/entity/Q5885724,en,literal,Grido Helado,http://www.w3.org/2001/XMLSchema#dateTime,literal,2000-01-01T00:00:00Z,uri,http://www.wikidata.org/entity/Q414,literal,http://www.wikidata.org/entity/Q185217,literal,,literal,,literal,,literal,,,,,,,,,,,,,,,,,wd:Q414
89,uri,http://www.wikidata.org/entity/Q5975004,en,literal,Libros del Zorzal,http://www.w3.org/2001/XMLSchema#dateTime,literal,2000-01-01T00:00:00Z,uri,http://www.wikidata.org/entity/Q414,literal,,literal,,literal,,literal,http://www.wikidata.org/entity/Q1486,literal,,,,,,,,,,,,,,,,,wd:Q414
90,uri,http://www.wikidata.org/entity/Q5771250,en,literal,CTI Movil,http://www.w3.org/2001/XMLSchema#dateTime,literal,2008-01-01T00:00:00Z,uri,http://www.wikidata.org/entity/Q414,literal,http://www.wikidata.org/entity/Q418,literal,http://www.wikidata.org/entity/Q42596895,literal,,literal,http://www.wikidata.org/entity/Q1486,literal,,,,,,,,,,,,,,,,,wd:Q414
91,uri,http://www.wikidata.org/entity/Q421023,en,literal,Organization of Ibero-American States,http://www.w3.org/2001/XMLSchema#dateTime,literal,1949-01-01T00:00:00Z,uri,http://www.wikidata.org/entity/Q983,literal,,literal,,literal,,literal,http://www.wikidata.org/entity/Q5740815,literal,,pt,literal,"Organização de Estados Ibero-Americanos para a Educação, a Ciência e a Cultura",,,,,,,,,,,,,wd:Q414
92,uri,http://www.wikidata.org/entity/Q1736398,en,literal,Catholic University of Cordoba,http://www.w3.org/2001/XMLSchema#dateTime,literal,1956-01-01T00:00:00Z,uri,http://www.wikidata.org/entity/Q414,literal,,literal,,literal,,literal,http://www.wikidata.org/entity/Q44210,literal,,,,,,,,,,,,,,,,,wd:Q414
93,uri,http://www.wikidata.org/entity/Q112846158,en,literal,Cont.ar,http://www.w3.org/2001/XMLSchema#dateTime,literal,2018-05-17T00:00:00Z,uri,http://www.wikidata.org/entity/Q414,literal,,literal,,literal,,literal,,literal,,,,,,,,,,,,,,,,,wd:Q414
94,uri,http://www.wikidata.org/entity/Q5858872,en,literal,Interamerican Open University,http://www.w3.org/2001/XMLSchema#dateTime,literal,1995-01-01T00:00:00Z,uri,http://www.wikidata.org/entity/Q414,literal,,literal,,literal,,literal,,literal,,,,,,,,,,,,,,,,,wd:Q414
95,uri,http://www.wikidata.org/entity/Q28823999,en,literal,Freddo,http://www.w3.org/2001/XMLSchema#dateTime,literal,1969-01-01T00:00:00Z,uri,http://www.wikidata.org/entity/Q414,literal,,literal,,literal,,literal,http://www.wikidata.org/entity/Q1486,literal,,,,,,,,,,,,,,,,,wd:Q414
96,uri,http://www.wikidata.org/entity/Q421023,en,literal,Organization of Ibero-American States,http://www.w3.org/2001/XMLSchema#dateTime,literal,1949-01-01T00:00:00Z,uri,http://www.wikidata.org/entity/Q1183,literal,,literal,,literal,,literal,http://www.wikidata.org/entity/Q5740815,literal,,es,literal,"Organización de Estados Iberoamericanos para la Educación, la Ciencia y la Cultura",,,,,,,,,,,,,wd:Q414
97,uri,http://www.wikidata.org/entity/Q690146,en,literal,National University of Misiones,http://www.w3.org/2001/XMLSchema#dateTime,literal,1973-01-01T00:00:00Z,uri,http://www.wikidata.org/entity/Q414,literal,,literal,,literal,,literal,,literal,,,,,,,,,,,,,,,,,wd:Q414
98,uri,http://www.wikidata.org/entity/Q1209139,en,literal,Diario Popular,http://www.w3.org/2001/XMLSchema#dateTime,literal,1974-01-01T00:00:00Z,uri,http://www.wikidata.org/entity/Q414,literal,,literal,,literal,,literal,http://www.wikidata.org/entity/Q1486,literal,,,,,,,,,,,,,,,,,wd:Q414
99,uri,http://www.wikidata.org/entity/Q98515337,en,literal,El Sureño,http://www.w3.org/2001/XMLSchema#dateTime,literal,1991-06-14T00:00:00Z,uri,http://www.wikidata.org/entity/Q414,literal,,literal,,literal,,literal,http://www.wikidata.org/entity/Q1005221,literal,,,,,,,,,,,,,,,,,wd:Q414
100,uri,http://www.wikidata.org/entity/Q6085235,en,literal,Workers' Press,http://www.w3.org/2001/XMLSchema#dateTime,literal,1982-12-14T00:00:00Z,uri,http://www.wikidata.org/entity/Q414,literal,,literal,,literal,,literal,http://www.wikidata.org/entity/Q1486,literal,,,,,,,,,,,,,,,,,wd:Q414
101,uri,http://www.wikidata.org/entity/Q2918415,en,literal,Codere,http://www.w3.org/2001/XMLSchema#dateTime,literal,1980-01-01T00:00:00Z,uri,http://www.wikidata.org/entity/Q38,literal,"http://www.wikidata.org/entity/Q664702, http://www.wikidata.org/entity/Q1506462",literal,,literal,,literal,http://www.wikidata.org/entity/Q2807,literal,http://www.wikidata.org/entity/Q82059,it,literal,Codere Scommesse S.R.L,,,,,,,,,,,,,wd:Q414
102,uri,http://www.wikidata.org/entity/Q4810370,en,literal,La Capital,http://www.w3.org/2001/XMLSchema#dateTime,literal,1867-01-01T00:00:00Z,uri,http://www.wikidata.org/entity/Q414,literal,,literal,,literal,,literal,http://www.wikidata.org/entity/Q52535,literal,,,,,,,,,,,,,,,,,wd:Q414
103,uri,http://www.wikidata.org/entity/Q9091048,en,literal,Grupo América,http://www.w3.org/2001/XMLSchema#dateTime,literal,1983-01-01T00:00:00Z,uri,http://www.wikidata.org/entity/Q414,literal,http://www.wikidata.org/entity/Q11033,literal,,literal,http://www.wikidata.org/entity/Q5798765,literal,http://www.wikidata.org/entity/Q44237,literal,,,,,,,,,,,,,,,,,wd:Q414
104,uri,http://www.wikidata.org/entity/Q17619857,en,literal,AMC Networks International Latin America,http://www.w3.org/2001/XMLSchema#dateTime,literal,2014-01-01T00:00:00Z,uri,http://www.wikidata.org/entity/Q414,literal,,literal,,literal,,literal,"http://www.wikidata.org/entity/Q8652, http://www.wikidata.org/entity/Q1486",literal,,,,,,,,,,,,,,,,,wd:Q414
105,uri,http://www.wikidata.org/entity/Q5657839,en,literal,Trenes Argentinos Infraestructura,http://www.w3.org/2001/XMLSchema#dateTime,literal,2008-01-01T00:00:00Z,uri,http://www.wikidata.org/entity/Q414,literal,http://www.wikidata.org/entity/Q3565868,literal,,literal,,literal,http://www.wikidata.org/entity/Q1486,literal,http://www.wikidata.org/entity/Q19619342,,,,,,,,,,,,,,,,wd:Q414
106,uri,http://www.wikidata.org/entity/Q100375843,en,literal,Popart Discos,http://www.w3.org/2001/XMLSchema#dateTime,literal,2000-01-01T00:00:00Z,uri,http://www.wikidata.org/entity/Q414,literal,,literal,,literal,,literal,,literal,,,,,,,,,,,,,,,,,wd:Q414
107,uri,http://www.wikidata.org/entity/Q421023,en,literal,Organization of Ibero-American States,http://www.w3.org/2001/XMLSchema#dateTime,literal,1949-01-01T00:00:00Z,uri,http://www.wikidata.org/entity/Q792,literal,,literal,,literal,,literal,http://www.wikidata.org/entity/Q5740815,literal,,es,literal,"Organización de Estados Iberoamericanos para la Educación, la Ciencia y la Cultura",,,,,,,,,,,,,wd:Q414
108,uri,http://www.wikidata.org/entity/Q421023,en,literal,Organization of Ibero-American States,http://www.w3.org/2001/XMLSchema#dateTime,literal,1949-01-01T00:00:00Z,uri,http://www.wikidata.org/entity/Q298,literal,,literal,,literal,,literal,http://www.wikidata.org/entity/Q5740815,literal,,pt,literal,"Organização de Estados Ibero-Americanos para a Educação, a Ciência e a Cultura",,,,,,,,,,,,,wd:Q414
109,uri,http://www.wikidata.org/entity/Q7553274,en,literal,Sodimac,http://www.w3.org/2001/XMLSchema#dateTime,literal,1952-01-01T00:00:00Z,uri,http://www.wikidata.org/entity/Q77,literal,http://www.wikidata.org/entity/Q26643,literal,,literal,,literal,http://www.wikidata.org/entity/Q2887,literal,,,,,,,,,,,,,,,,,wd:Q414
110,uri,http://www.wikidata.org/entity/Q17619857,en,literal,AMC Networks International Latin America,http://www.w3.org/2001/XMLSchema#dateTime,literal,2014-01-01T00:00:00Z,uri,http://www.wikidata.org/entity/Q30,literal,,literal,,literal,,literal,"http://www.wikidata.org/entity/Q8652, http://www.wikidata.org/entity/Q1486",literal,,,,,,,,,,,,,,,,,wd:Q414
111,uri,http://www.wikidata.org/entity/Q56377600,en,literal,Súper Liga Americana de Rugby,http://www.w3.org/2001/XMLSchema#dateTime,literal,2020-01-01T00:00:00Z,uri,http://www.wikidata.org/entity/Q77,literal,,literal,,literal,,literal,,literal,,,,,,,,,,,,,,,,,wd:Q414
112,uri,http://www.wikidata.org/entity/Q3393926,en,literal,El Día,http://www.w3.org/2001/XMLSchema#dateTime,literal,1884-01-01T00:00:00Z,uri,http://www.wikidata.org/entity/Q414,literal,,literal,,literal,,literal,http://www.wikidata.org/entity/Q44059,literal,,,,,,,,,,,,,,,,,wd:Q414
113,uri,http://www.wikidata.org/entity/Q421023,en,literal,Organization of Ibero-American States,http://www.w3.org/2001/XMLSchema#dateTime,literal,1949-01-01T00:00:00Z,uri,http://www.wikidata.org/entity/Q750,literal,,literal,,literal,,literal,http://www.wikidata.org/entity/Q5740815,literal,,pt,literal,"Organização de Estados Ibero-Americanos para a Educação, a Ciência e a Cultura",,,,,,,,,,,,,wd:Q414
114,uri,http://www.wikidata.org/entity/Q5962678,en,literal,La Capital de Mar del Plata,,,,uri,http://www.wikidata.org/entity/Q414,literal,,literal,,literal,,literal,http://www.wikidata.org/entity/Q52607,literal,,,,,,,,,,,,,,,,,wd:Q414
115,uri,http://www.wikidata.org/entity/Q6118237,,literal,Q6118237,http://www.w3.org/2001/XMLSchema#dateTime,literal,2011-10-16T00:00:00Z,uri,http://www.wikidata.org/entity/Q414,literal,,literal,,literal,,literal,http://www.wikidata.org/entity/Q44241,literal,,,,,,,,,,,,,,,,,wd:Q414
116,uri,http://www.wikidata.org/entity/Q4819957,en,literal,La Gaceta,http://www.w3.org/2001/XMLSchema#dateTime,literal,1912-01-01T00:00:00Z,uri,http://www.wikidata.org/entity/Q414,literal,,literal,,literal,,literal,http://www.wikidata.org/entity/Q44255,literal,,,,,,,,,,,,,,,,,wd:Q414
117,uri,http://www.wikidata.org/entity/Q110454268,en,literal,Cooperativa Obrera,http://www.w3.org/2001/XMLSchema#dateTime,literal,1920-01-01T00:00:00Z,uri,http://www.wikidata.org/entity/Q414,literal,http://www.wikidata.org/entity/Q540912,literal,,literal,,literal,,literal,,,,,,,,,,,,,,,,,wd:Q414
118,uri,http://www.wikidata.org/entity/Q18419538,en,literal,Ecobici,http://www.w3.org/2001/XMLSchema#dateTime,literal,2010-01-01T00:00:00Z,uri,http://www.wikidata.org/entity/Q414,literal,,literal,,literal,,literal,,literal,,,,,,,,,,,,,,,,,wd:Q414
119,uri,http://www.wikidata.org/entity/Q421023,en,literal,Organization of Ibero-American States,http://www.w3.org/2001/XMLSchema#dateTime,literal,1949-01-01T00:00:00Z,uri,http://www.wikidata.org/entity/Q800,literal,,literal,,literal,,literal,http://www.wikidata.org/entity/Q5740815,literal,,es,literal,"Organización de Estados Iberoamericanos para la Educación, la Ciencia y la Cultura",,,,,,,,,,,,,wd:Q414
120,uri,http://www.wikidata.org/entity/Q16635133,en,literal,Sociedad Argentina de Botánica,,,,uri,http://www.wikidata.org/entity/Q414,literal,,literal,,literal,,literal,,literal,,,,,,,,,,,,,,,,,wd:Q414
121,uri,http://www.wikidata.org/entity/Q2882676,en,literal,Banchero,http://www.w3.org/2001/XMLSchema#dateTime,literal,1893-01-01T00:00:00Z,uri,http://www.wikidata.org/entity/Q414,literal,,literal,,literal,,literal,http://www.wikidata.org/entity/Q5713301,literal,,,,,,,,,,,,,,,,,wd:Q414
122,uri,http://www.wikidata.org/entity/Q30919076,en,literal,CINE.AR Play,,,,uri,http://www.wikidata.org/entity/Q414,literal,http://www.wikidata.org/entity/Q173799,literal,,literal,,literal,,literal,,,,,,,,,,,,,,,,,wd:Q414
123,uri,http://www.wikidata.org/entity/Q421023,en,literal,Organization of Ibero-American States,http://www.w3.org/2001/XMLSchema#dateTime,literal,1949-01-01T00:00:00Z,uri,http://www.wikidata.org/entity/Q804,literal,,literal,,literal,,literal,http://www.wikidata.org/entity/Q5740815,literal,,es,literal,"Organización de Estados Iberoamericanos para la Educación, la Ciencia y la Cultura",,,,,,,,,,,,,wd:Q414
124,uri,http://www.wikidata.org/entity/Q3030794,en,literal,Energía Argentina,http://www.w3.org/2001/XMLSchema#dateTime,literal,2004-01-01T00:00:00Z,uri,http://www.wikidata.org/entity/Q414,literal,http://www.wikidata.org/entity/Q862571,literal,,literal,,literal,http://www.wikidata.org/entity/Q1486,literal,,,,,,,,,,,,,,,,,wd:Q414
125,uri,http://www.wikidata.org/entity/Q918208,en,literal,Ternium,http://www.w3.org/2001/XMLSchema#dateTime,literal,2005-01-01T00:00:00Z,uri,http://www.wikidata.org/entity/Q414,literal,http://www.wikidata.org/entity/Q2285982,literal,,literal,,literal,http://www.wikidata.org/entity/Q1486,literal,,,,,http://www.w3.org/2001/XMLSchema#decimal,literal,16600,,,,,,,,,,wd:Q414
126,uri,http://www.wikidata.org/entity/Q5191494,en,literal,Crónica,http://www.w3.org/2001/XMLSchema#dateTime,literal,1963-01-01T00:00:00Z,uri,http://www.wikidata.org/entity/Q414,literal,,literal,,literal,,literal,http://www.wikidata.org/entity/Q1486,literal,,,,,,,,,,,,,,,,,wd:Q414
127,uri,http://www.wikidata.org/entity/Q2918415,en,literal,Codere,http://www.w3.org/2001/XMLSchema#dateTime,literal,1980-01-01T00:00:00Z,uri,http://www.wikidata.org/entity/Q739,literal,"http://www.wikidata.org/entity/Q664702, http://www.wikidata.org/entity/Q1506462",literal,,literal,,literal,http://www.wikidata.org/entity/Q2807,literal,http://www.wikidata.org/entity/Q82059,it,literal,Codere Scommesse S.R.L,,,,,,,,,,,,,wd:Q414
128,uri,http://www.wikidata.org/entity/Q4856209,en,literal,Bank of the Province of Buenos Aires,http://www.w3.org/2001/XMLSchema#dateTime,literal,1822-09-06T00:00:00Z,uri,http://www.wikidata.org/entity/Q414,literal,"http://www.wikidata.org/entity/Q837171, http://www.wikidata.org/entity/Q806718",literal,,literal,,literal,,literal,,,,,,,,,,,,,,,,,wd:Q414
129,uri,http://www.wikidata.org/entity/Q112020394,en,literal,Hemisferio Films,http://www.w3.org/2001/XMLSchema#dateTime,literal,2012-01-01T00:00:00Z,uri,http://www.wikidata.org/entity/Q414,literal,http://www.wikidata.org/entity/Q932586,literal,,literal,,literal,,literal,,,,,,,,,,,,,,,,,wd:Q414
130,uri,http://www.wikidata.org/entity/Q6046871,en,literal,New Bank of Santa Fe,http://www.w3.org/2001/XMLSchema#dateTime,literal,1874-06-05T00:00:00Z,uri,http://www.wikidata.org/entity/Q414,literal,"http://www.wikidata.org/entity/Q837171, http://www.wikidata.org/entity/Q806718",literal,,literal,,literal,http://www.wikidata.org/entity/Q44244,literal,,,,,,,,,,,,,,,,,wd:Q414
131,uri,http://www.wikidata.org/entity/Q421023,en,literal,Organization of Ibero-American States,http://www.w3.org/2001/XMLSchema#dateTime,literal,1949-01-01T00:00:00Z,uri,http://www.wikidata.org/entity/Q811,literal,,literal,,literal,,literal,http://www.wikidata.org/entity/Q5740815,literal,,es,literal,"Organización de Estados Iberoamericanos para la Educación, la Ciencia y la Cultura",,,,,,,,,,,,,wd:Q414
132,uri,http://www.wikidata.org/entity/Q112020394,en,literal,Hemisferio Films,http://www.w3.org/2001/XMLSchema#dateTime,literal,2012-01-01T00:00:00Z,uri,http://www.wikidata.org/entity/Q30,literal,http://www.wikidata.org/entity/Q932586,literal,,literal,,literal,,literal,,,,,,,,,,,,,,,,,wd:Q414
133,uri,http://www.wikidata.org/entity/Q6317539,en,literal,National University of Entre Ríos,http://www.w3.org/2001/XMLSchema#dateTime,literal,1973-01-01T00:00:00Z,uri,http://www.wikidata.org/entity/Q414,literal,,literal,,literal,,literal,http://www.wikidata.org/entity/Q727464,literal,,,,,,,,,,,,,,,,,wd:Q414
134,uri,http://www.wikidata.org/entity/Q5805259,en,literal,Diario Diagonales,,,,uri,http://www.wikidata.org/entity/Q414,literal,,literal,,literal,,literal,http://www.wikidata.org/entity/Q44059,literal,,,,,,,,,,,,,,,,,wd:Q414
135,uri,http://www.wikidata.org/entity/Q7512944,en,literal,Signia,http://www.w3.org/2001/XMLSchema#dateTime,literal,1999-01-01T00:00:00Z,uri,http://www.wikidata.org/entity/Q414,literal,"http://www.wikidata.org/entity/Q59677346, http://www.wikidata.org/entity/Q607081",literal,,literal,,literal,http://www.wikidata.org/entity/Q1486,literal,,,,,,,,,,,,,,,,,wd:Q414
136,uri,http://www.wikidata.org/entity/Q5271856,en,literal,Diario Norte,http://www.w3.org/2001/XMLSchema#dateTime,literal,1968-07-01T00:00:00Z,uri,http://www.wikidata.org/entity/Q414,literal,,literal,,literal,,literal,http://www.wikidata.org/entity/Q44206,literal,,,,,,,,,,,,,,,,,wd:Q414
137,uri,http://www.wikidata.org/entity/Q6973624,en,literal,National Institute of Cinema and Audiovisual Arts,http://www.w3.org/2001/XMLSchema#dateTime,literal,1968-01-01T00:00:00Z,uri,http://www.wikidata.org/entity/Q414,literal,,literal,,literal,,literal,,literal,,,,,,,,,,,,,,,,,wd:Q414
138,uri,http://www.wikidata.org/entity/Q9091578,en,literal,National University of Santiago del Estero,http://www.w3.org/2001/XMLSchema#dateTime,literal,1973-01-01T00:00:00Z,uri,http://www.wikidata.org/entity/Q414,literal,,literal,,literal,,literal,,literal,,,,,,,,,,,,,,,,,wd:Q414
139,uri,http://www.wikidata.org/entity/Q9088220,,literal,Q9088220,http://www.w3.org/2001/XMLSchema#dateTime,literal,1991-01-01T00:00:00Z,uri,http://www.wikidata.org/entity/Q414,literal,,literal,,literal,,literal,,literal,,,,,,,,,,,,,,,,,wd:Q414
140,uri,http://www.wikidata.org/entity/Q421023,en,literal,Organization of Ibero-American States,http://www.w3.org/2001/XMLSchema#dateTime,literal,1949-01-01T00:00:00Z,uri,http://www.wikidata.org/entity/Q77,literal,,literal,,literal,,literal,http://www.wikidata.org/entity/Q5740815,literal,,pt,literal,"Organização de Estados Ibero-Americanos para a Educação, a Ciência e a Cultura",,,,,,,,,,,,,wd:Q414
141,uri,http://www.wikidata.org/entity/Q1507630,en,literal,La Nación,http://www.w3.org/2001/XMLSchema#dateTime,literal,1870-01-04T00:00:00Z,uri,http://www.wikidata.org/entity/Q414,literal,,literal,,literal,,literal,http://www.wikidata.org/entity/Q1486,literal,,,,,,,,,,,,,,,,,wd:Q414
142,uri,http://www.wikidata.org/entity/Q7553274,en,literal,Sodimac,http://www.w3.org/2001/XMLSchema#dateTime,literal,1952-01-01T00:00:00Z,uri,http://www.wikidata.org/entity/Q96,literal,http://www.wikidata.org/entity/Q26643,literal,,literal,,literal,http://www.wikidata.org/entity/Q2887,literal,,,,,,,,,,,,,,,,,wd:Q414
143,uri,http://www.wikidata.org/entity/Q421023,en,literal,Organization of Ibero-American States,http://www.w3.org/2001/XMLSchema#dateTime,literal,1949-01-01T00:00:00Z,uri,http://www.wikidata.org/entity/Q228,literal,,literal,,literal,,literal,http://www.wikidata.org/entity/Q5740815,literal,,pt,literal,"Organização de Estados Ibero-Americanos para a Educação, a Ciência e a Cultura",,,,,,,,,,,,,wd:Q414
144,uri,http://www.wikidata.org/entity/Q4036566,en,literal,Correo Oficial de la Republica Argentina,http://www.w3.org/2001/XMLSchema#dateTime,literal,1748-01-01T00:00:00Z,uri,http://www.wikidata.org/entity/Q414,literal,http://www.wikidata.org/entity/Q49845,literal,,literal,,literal,http://www.wikidata.org/entity/Q1486,literal,,,,,,,,,,,,,,,,,wd:Q414
145,uri,http://www.wikidata.org/entity/Q5255905,en,literal,Universidad Nacional de Rosario,http://www.w3.org/2001/XMLSchema#dateTime,literal,1968-11-29T00:00:00Z,uri,http://www.wikidata.org/entity/Q414,literal,,literal,,literal,,literal,,literal,,es,literal,Universidad Nacional de Rosario,,,,,,,,,,,,,wd:Q414
146,uri,http://www.wikidata.org/entity/Q2900869,en,literal,Havanna,http://www.w3.org/2001/XMLSchema#dateTime,literal,1948-01-01T00:00:00Z,uri,http://www.wikidata.org/entity/Q414,literal,"http://www.wikidata.org/entity/Q56254772, http://www.wikidata.org/entity/Q540912, http://www.wikidata.org/entity/Q171141",literal,,literal,,literal,http://www.wikidata.org/entity/Q52607,literal,,es,literal,Havanna Holding S.A.,,,,http://www.w3.org/2001/XMLSchema#decimal,literal,139815118,http://www.w3.org/2001/XMLSchema#decimal,literal,2974690524,http://www.w3.org/2001/XMLSchema#decimal,literal,1573635438,wd:Q414
147,uri,http://www.wikidata.org/entity/Q6979284,en,literal,National University of Tucumán,http://www.w3.org/2001/XMLSchema#dateTime,literal,1914-05-25T00:00:00Z,uri,http://www.wikidata.org/entity/Q414,literal,,literal,,literal,,literal,,literal,,,,,,,,,,,,,,,,,wd:Q414
148,uri,http://www.wikidata.org/entity/Q2843192,en,literal,Edenor,http://www.w3.org/2001/XMLSchema#dateTime,literal,1992-01-01T00:00:00Z,uri,http://www.wikidata.org/entity/Q414,literal,http://www.wikidata.org/entity/Q1951366,literal,,literal,,literal,http://www.wikidata.org/entity/Q1486,literal,,,,,,,,,,,,,,,,,wd:Q414
149,uri,http://www.wikidata.org/entity/Q5717952,en,literal,Galicia Bank,http://www.w3.org/2001/XMLSchema#dateTime,literal,1905-01-01T00:00:00Z,uri,http://www.wikidata.org/entity/Q414,literal,"http://www.wikidata.org/entity/Q1416657, http://www.wikidata.org/entity/Q837171, http://www.wikidata.org/entity/Q806718",literal,,literal,,literal,http://www.wikidata.org/entity/Q10972183,literal,,,,,,,,,,,,,,,,,wd:Q414
150,uri,http://www.wikidata.org/entity/Q100562100,en,literal,Marolio,,,,uri,http://www.wikidata.org/entity/Q414,literal,http://www.wikidata.org/entity/Q540912,literal,,literal,,literal,http://www.wikidata.org/entity/Q9018883,literal,,,,,,,,,,,,,,,,,wd:Q414
151,uri,http://www.wikidata.org/entity/Q4315122,en,literal,Universidad Nacional del Comahue,http://www.w3.org/2001/XMLSchema#dateTime,literal,1972-01-01T00:00:00Z,uri,http://www.wikidata.org/entity/Q414,literal,,literal,,literal,,literal,http://www.wikidata.org/entity/Q44239,literal,,,,,,,,,,,,,,,,,wd:Q414
152,uri,http://www.wikidata.org/entity/Q5778964,,literal,Q5778964,http://www.w3.org/2001/XMLSchema#dateTime,literal,1939-10-02T00:00:00Z,uri,http://www.wikidata.org/entity/Q414,literal,,literal,,literal,,literal,,literal,,,,,,,,,,,,,,,,,wd:Q414
153,uri,http://www.wikidata.org/entity/Q421023,en,literal,Organization of Ibero-American States,http://www.w3.org/2001/XMLSchema#dateTime,literal,1949-01-01T00:00:00Z,uri,http://www.wikidata.org/entity/Q774,literal,,literal,,literal,,literal,http://www.wikidata.org/entity/Q5740815,literal,,pt,literal,"Organização de Estados Ibero-Americanos para a Educação, a Ciência e a Cultura",,,,,,,,,,,,,wd:Q414
154,uri,http://www.wikidata.org/entity/Q5821557,en,literal,El Constructor,,,,uri,http://www.wikidata.org/entity/Q414,literal,,literal,,literal,,literal,,literal,,,,,,,,,,,,,,,,,wd:Q414
155,uri,http://www.wikidata.org/entity/Q6979266,en,literal,National University of Salta,http://www.w3.org/2001/XMLSchema#dateTime,literal,1972-01-01T00:00:00Z,uri,http://www.wikidata.org/entity/Q414,literal,,literal,,literal,,literal,,literal,,,,,,,,,,,,,,,,,wd:Q414
156,uri,http://www.wikidata.org/entity/Q1076209,en,literal,Universidad Nacional de Cuyo,http://www.w3.org/2001/XMLSchema#dateTime,literal,1939-01-01T00:00:00Z,uri,http://www.wikidata.org/entity/Q414,literal,,literal,,literal,,literal,http://www.wikidata.org/entity/Q44237,literal,,,,,,,,,,,,,,,,,wd:Q414
157,uri,http://www.wikidata.org/entity/Q421023,en,literal,Organization of Ibero-American States,http://www.w3.org/2001/XMLSchema#dateTime,literal,1949-01-01T00:00:00Z,uri,http://www.wikidata.org/entity/Q45,literal,,literal,,literal,,literal,http://www.wikidata.org/entity/Q5740815,literal,,es,literal,"Organización de Estados Iberoamericanos para la Educación, la Ciencia y la Cultura",,,,,,,,,,,,,wd:Q414
158,uri,http://www.wikidata.org/entity/Q56604109,en,literal,Patios de Cafayate,http://www.w3.org/2001/XMLSchema#dateTime,literal,1740-01-01T00:00:00Z,uri,http://www.wikidata.org/entity/Q414,literal,,literal,,literal,,literal,,literal,,,,,,,,,,,,,,,,,wd:Q414
159,uri,http://www.wikidata.org/entity/Q5351521,en,literal,El Litoral,http://www.w3.org/2001/XMLSchema#dateTime,literal,1918-01-01T00:00:00Z,uri,http://www.wikidata.org/entity/Q414,literal,,literal,,literal,,literal,,literal,,,,,,,,,,,,,,,,,wd:Q414
160,uri,http://www.wikidata.org/entity/Q421023,en,literal,Organization of Ibero-American States,http://www.w3.org/2001/XMLSchema#dateTime,literal,1949-01-01T00:00:00Z,uri,http://www.wikidata.org/entity/Q733,literal,,literal,,literal,,literal,http://www.wikidata.org/entity/Q5740815,literal,,es,literal,"Organización de Estados Iberoamericanos para la Educación, la Ciencia y la Cultura",,,,,,,,,,,,,wd:Q414
161,uri,http://www.wikidata.org/entity/Q4856204,en,literal,Bank of the City of Buenos Aires,http://www.w3.org/2001/XMLSchema#dateTime,literal,1878-05-23T00:00:00Z,uri,http://www.wikidata.org/entity/Q414,literal,"http://www.wikidata.org/entity/Q1416657, http://www.wikidata.org/entity/Q837171, http://www.wikidata.org/entity/Q806718",literal,,literal,,literal,http://www.wikidata.org/entity/Q1486,literal,,,,,,,,,,,,,,,,,wd:Q414
162,uri,http://www.wikidata.org/entity/Q421023,en,literal,Organization of Ibero-American States,http://www.w3.org/2001/XMLSchema#dateTime,literal,1949-01-01T00:00:00Z,uri,http://www.wikidata.org/entity/Q155,literal,,literal,,literal,,literal,http://www.wikidata.org/entity/Q5740815,literal,,pt,literal,"Organização de Estados Ibero-Americanos para a Educação, a Ciência e a Cultura",,,,,,,,,,,,,wd:Q414
163,uri,http://www.wikidata.org/entity/Q421023,en,literal,Organization of Ibero-American States,http://www.w3.org/2001/XMLSchema#dateTime,literal,1949-01-01T00:00:00Z,uri,http://www.wikidata.org/entity/Q739,literal,,literal,,literal,,literal,http://www.wikidata.org/entity/Q5740815,literal,,es,literal,"Organización de Estados Iberoamericanos para la Educación, la Ciencia y la Cultura",,,,,,,,,,,,,wd:Q414
164,uri,http://www.wikidata.org/entity/Q1570489,en,literal,National University of Córdoba,http://www.w3.org/2001/XMLSchema#dateTime,literal,1613-01-01T00:00:00Z,uri,http://www.wikidata.org/entity/Q414,literal,,literal,,literal,,literal,,literal,,,,,,,,,,,,,,,,,wd:Q414
165,uri,http://www.wikidata.org/entity/Q62131749,en,literal,Axion,,,,uri,http://www.wikidata.org/entity/Q77,literal,,literal,,literal,,literal,,literal,,,,,,,,,,,,,,,,,wd:Q414
166,uri,http://www.wikidata.org/entity/Q101429880,en,literal,Adecoagro,http://www.w3.org/2001/XMLSchema#dateTime,literal,2002-01-01T00:00:00Z,uri,http://www.wikidata.org/entity/Q414,literal,"http://www.wikidata.org/entity/Q13554450, http://www.wikidata.org/entity/Q396622",literal,,literal,,literal,,literal,,,,,,,,,,,,,,,,,wd:Q414
167,uri,http://www.wikidata.org/entity/Q421023,en,literal,Organization of Ibero-American States,http://www.w3.org/2001/XMLSchema#dateTime,literal,1949-01-01T00:00:00Z,uri,http://www.wikidata.org/entity/Q736,literal,,literal,,literal,,literal,http://www.wikidata.org/entity/Q5740815,literal,,es,literal,"Organización de Estados Iberoamericanos para la Educación, la Ciencia y la Cultura",,,,,,,,,,,,,wd:Q414
168,uri,http://www.wikidata.org/entity/Q98563931,en,literal,El Ciudadano (Mendoza),,,,uri,http://www.wikidata.org/entity/Q414,literal,,literal,,literal,,literal,,literal,,,,,,,,,,,,,,,,,wd:Q414
169,uri,http://www.wikidata.org/entity/Q5805308,,literal,Q5805308,http://www.w3.org/2001/XMLSchema#dateTime,literal,1897-03-06T00:00:00Z,uri,http://www.wikidata.org/entity/Q414,literal,,literal,,literal,,literal,,literal,,,,,,,,,,,,,,,,,wd:Q414
170,uri,http://www.wikidata.org/entity/Q20819472,en,literal,Diario La Voz del Pueblo,http://www.w3.org/2001/XMLSchema#dateTime,literal,1902-09-14T00:00:00Z,uri,http://www.wikidata.org/entity/Q414,literal,,literal,,literal,,literal,,literal,,,,,,,,,,,,,,,,,wd:Q414
171,uri,http://www.wikidata.org/entity/Q7553274,en,literal,Sodimac,http://www.w3.org/2001/XMLSchema#dateTime,literal,1952-01-01T00:00:00Z,uri,http://www.wikidata.org/entity/Q414,literal,http://www.wikidata.org/entity/Q26643,literal,,literal,,literal,http://www.wikidata.org/entity/Q2887,literal,,,,,,,,,,,,,,,,,wd:Q414
172,uri,http://www.wikidata.org/entity/Q56377600,en,literal,Súper Liga Americana de Rugby,http://www.w3.org/2001/XMLSchema#dateTime,literal,2020-01-01T00:00:00Z,uri,http://www.wikidata.org/entity/Q414,literal,,literal,,literal,,literal,,literal,,,,,,,,,,,,,,,,,wd:Q414
173,uri,http://www.wikidata.org/entity/Q29017875,en,literal,Norwegian Air Argentina,http://www.w3.org/2001/XMLSchema#dateTime,literal,2017-01-25T00:00:00Z,uri,http://www.wikidata.org/entity/Q414,literal,,literal,http://www.wikidata.org/entity/Q59474,literal,,literal,http://www.wikidata.org/entity/Q1486,literal,,,,,,,,,,,,,,,,,wd:Q414
174,uri,http://www.wikidata.org/entity/Q5856076,en,literal,Farmacity,http://www.w3.org/2001/XMLSchema#dateTime,literal,1997-01-01T00:00:00Z,uri,http://www.wikidata.org/entity/Q414,literal,,literal,,literal,,literal,http://www.wikidata.org/entity/Q790487,literal,,,,,,,,,,,,,,,,,wd:Q414
175,uri,http://www.wikidata.org/entity/Q2838738,en,literal,Pampa Energía,http://www.w3.org/2001/XMLSchema#dateTime,literal,2005-01-01T00:00:00Z,uri,http://www.wikidata.org/entity/Q414,literal,http://www.wikidata.org/entity/Q1341477,literal,,literal,,literal,http://www.wikidata.org/entity/Q1486,literal,,,,,,,,,,,,,,,,,wd:Q414
176,uri,http://www.wikidata.org/entity/Q2037048,en,literal,Techint,http://www.w3.org/2001/XMLSchema#dateTime,literal,1945-01-01T00:00:00Z,uri,http://www.wikidata.org/entity/Q414,literal,http://www.wikidata.org/entity/Q11467,literal,,literal,,literal,"http://www.wikidata.org/entity/Q1486, http://www.wikidata.org/entity/Q490",literal,,,,,http://www.w3.org/2001/XMLSchema#decimal,literal,59196,,,,,,,,,,wd:Q414
177,uri,http://www.wikidata.org/entity/Q421023,en,literal,Organization of Ibero-American States,http://www.w3.org/2001/XMLSchema#dateTime,literal,1949-01-01T00:00:00Z,uri,http://www.wikidata.org/entity/Q298,literal,,literal,,literal,,literal,http://www.wikidata.org/entity/Q5740815,literal,,es,literal,"Organización de Estados Iberoamericanos para la Educación, la Ciencia y la Cultura",,,,,,,,,,,,,wd:Q414
178,uri,http://www.wikidata.org/entity/Q5331091,en,literal,Easy,http://www.w3.org/2001/XMLSchema#dateTime,literal,1993-01-01T00:00:00Z,uri,http://www.wikidata.org/entity/Q414,literal,http://www.wikidata.org/entity/Q126793,literal,,literal,,literal,http://www.wikidata.org/entity/Q2887,literal,,,,,,,,,,,,,,,,,wd:Q414
179,uri,http://www.wikidata.org/entity/Q7553274,en,literal,Sodimac,http://www.w3.org/2001/XMLSchema#dateTime,literal,1952-01-01T00:00:00Z,uri,http://www.wikidata.org/entity/Q419,literal,http://www.wikidata.org/entity/Q26643,literal,,literal,,literal,http://www.wikidata.org/entity/Q2887,literal,,,,,,,,,,,,,,,,,wd:Q414
180,uri,http://www.wikidata.org/entity/Q16489444,en,literal,BIND Industrial Bank,http://www.w3.org/2001/XMLSchema#dateTime,literal,1928-01-01T00:00:00Z,uri,http://www.wikidata.org/entity/Q414,literal,"http://www.wikidata.org/entity/Q837171, http://www.wikidata.org/entity/Q806718",literal,,literal,,literal,http://www.wikidata.org/entity/Q1486,literal,,,,,,,,,,,,,,,,,wd:Q414
181,uri,http://www.wikidata.org/entity/Q421023,en,literal,Organization of Ibero-American States,http://www.w3.org/2001/XMLSchema#dateTime,literal,1949-01-01T00:00:00Z,uri,http://www.wikidata.org/entity/Q750,literal,,literal,,literal,,literal,http://www.wikidata.org/entity/Q5740815,literal,,es,literal,"Organización de Estados Iberoamericanos para la Educación, la Ciencia y la Cultura",,,,,,,,,,,,,wd:Q414
182,uri,http://www.wikidata.org/entity/Q5669256,en,literal,Allende & Brea,,,,uri,http://www.wikidata.org/entity/Q414,literal,,literal,,literal,,literal,,literal,,,,,,,,,,,,,,,,,wd:Q414
183,uri,http://www.wikidata.org/entity/Q29388093,en,literal,Grupo Octubre,http://www.w3.org/2001/XMLSchema#dateTime,literal,2006-01-01T00:00:00Z,uri,http://www.wikidata.org/entity/Q414,literal,,literal,,literal,,literal,http://www.wikidata.org/entity/Q1486,literal,,es,literal,Grupo Octubre S.A.,,,,,,,,,,,,,wd:Q414
184,uri,http://www.wikidata.org/entity/Q2918415,en,literal,Codere,http://www.w3.org/2001/XMLSchema#dateTime,literal,1980-01-01T00:00:00Z,uri,http://www.wikidata.org/entity/Q233,literal,"http://www.wikidata.org/entity/Q664702, http://www.wikidata.org/entity/Q1506462",literal,,literal,,literal,http://www.wikidata.org/entity/Q2807,literal,http://www.wikidata.org/entity/Q82059,es,literal,Codere S.A.,,,,,,,,,,,,,wd:Q414
185,uri,http://www.wikidata.org/entity/Q105745052,en,literal,Barbacube,http://www.w3.org/2001/XMLSchema#dateTime,literal,2013-01-01T00:00:00Z,uri,http://www.wikidata.org/entity/Q414,literal,http://www.wikidata.org/entity/Q941594,literal,,literal,,literal,http://www.wikidata.org/entity/Q1486,literal,,,,,,,,,,,,,,,,,wd:Q414
186,uri,http://www.wikidata.org/entity/Q5805375,en,literal,Diario de Cuyo,http://www.w3.org/2001/XMLSchema#dateTime,literal,1947-07-05T00:00:00Z,uri,http://www.wikidata.org/entity/Q414,literal,,literal,,literal,,literal,http://www.wikidata.org/entity/Q44241,literal,,,,,,,,,,,,,,,,,wd:Q414
187,uri,http://www.wikidata.org/entity/Q5733950,en,literal,National University of General San Martín,http://www.w3.org/2001/XMLSchema#dateTime,literal,1994-01-01T00:00:00Z,uri,http://www.wikidata.org/entity/Q414,literal,,literal,,literal,,literal,,literal,,,,,,,,,,,,,,,,,wd:Q414
188,uri,http://www.wikidata.org/entity/Q6116255,en,literal,Trenes Argentinos Operaciones,http://www.w3.org/2001/XMLSchema#dateTime,literal,2008-01-01T00:00:00Z,uri,http://www.wikidata.org/entity/Q414,literal,http://www.wikidata.org/entity/Q3565868,literal,,literal,,literal,http://www.wikidata.org/entity/Q1486,literal,http://www.wikidata.org/entity/Q19619342,,,,,,,,,,,,,,,,wd:Q414
189,uri,http://www.wikidata.org/entity/Q96324237,en,literal,Huerta Tipográfica,http://www.w3.org/2001/XMLSchema#dateTime,literal,2009-01-01T00:00:00Z,uri,http://www.wikidata.org/entity/Q414,literal,,literal,,literal,,literal,,literal,,,,,,,,,,,,,,,,,wd:Q414
190,uri,http://www.wikidata.org/entity/Q2037048,en,literal,Techint,http://www.w3.org/2001/XMLSchema#dateTime,literal,1945-01-01T00:00:00Z,uri,http://www.wikidata.org/entity/Q38,literal,http://www.wikidata.org/entity/Q11467,literal,,literal,,literal,"http://www.wikidata.org/entity/Q1486, http://www.wikidata.org/entity/Q490",literal,,,,,http://www.w3.org/2001/XMLSchema#decimal,literal,59196,,,,,,,,,,wd:Q414
191,uri,http://www.wikidata.org/entity/Q1053372,en,literal,Cencosud,http://www.w3.org/2001/XMLSchema#dateTime,literal,1960-01-01T00:00:00Z,uri,http://www.wikidata.org/entity/Q298,literal,http://www.wikidata.org/entity/Q126793,literal,,literal,,literal,"http://www.wikidata.org/entity/Q14484, http://www.wikidata.org/entity/Q2887",literal,,,,,,,,,,,,,,,,,wd:Q414
192,uri,http://www.wikidata.org/entity/Q194223,en,literal,University of Buenos Aires,http://www.w3.org/2001/XMLSchema#dateTime,literal,1821-01-01T00:00:00Z,uri,http://www.wikidata.org/entity/Q414,literal,,literal,,literal,,literal,,literal,,,,,,,,,,,,,,,,,wd:Q414
193,uri,http://www.wikidata.org/entity/Q96324237,en,literal,Huerta Tipográfica,http://www.w3.org/2001/XMLSchema#dateTime,literal,2009-01-01T00:00:00Z,uri,http://www.wikidata.org/entity/Q183,literal,,literal,,literal,,literal,,literal,,,,,,,,,,,,,,,,,wd:Q414
194,uri,http://www.wikidata.org/entity/Q855988,en,literal,Super Rugby,http://www.w3.org/2001/XMLSchema#dateTime,literal,1996-01-01T00:00:00Z,uri,http://www.wikidata.org/entity/Q258,literal,,literal,,literal,,literal,,literal,,,,,,,,,,,,,,,,,wd:Q414
195,uri,http://www.wikidata.org/entity/Q421023,en,literal,Organization of Ibero-American States,http://www.w3.org/2001/XMLSchema#dateTime,literal,1949-01-01T00:00:00Z,uri,http://www.wikidata.org/entity/Q414,literal,,literal,,literal,,literal,http://www.wikidata.org/entity/Q5740815,literal,,pt,literal,"Organização de Estados Ibero-Americanos para a Educação, a Ciência e a Cultura",,,,,,,,,,,,,wd:Q414
196,uri,http://www.wikidata.org/entity/Q5888023,en,literal,Pizzeria Guerrín,http://www.w3.org/2001/XMLSchema#dateTime,literal,1932-01-01T00:00:00Z,uri,http://www.wikidata.org/entity/Q414,literal,,literal,,literal,,literal,,literal,,,,,,,,,,,,,,,,,wd:Q414
197,uri,http://www.wikidata.org/entity/Q5175411,en,literal,Coto supermarkets,http://www.w3.org/2001/XMLSchema#dateTime,literal,1972-01-01T00:00:00Z,uri,http://www.wikidata.org/entity/Q414,literal,,literal,,literal,,literal,http://www.wikidata.org/entity/Q1486,literal,,,,,,,,,,,,,,,,,wd:Q414
198,uri,http://www.wikidata.org/entity/Q2745397,en,literal,Olé,http://www.w3.org/2001/XMLSchema#dateTime,literal,1996-01-01T00:00:00Z,uri,http://www.wikidata.org/entity/Q414,literal,,literal,,literal,,literal,http://www.wikidata.org/entity/Q1486,literal,,,,,,,,,,,,,,,,,wd:Q414
199,uri,http://www.wikidata.org/entity/Q4854086,en,literal,Banco Credicoop,http://www.w3.org/2001/XMLSchema#dateTime,literal,1979-01-01T00:00:00Z,uri,http://www.wikidata.org/entity/Q414,literal,"http://www.wikidata.org/entity/Q1416657, http://www.wikidata.org/entity/Q837171, http://www.wikidata.org/entity/Q806718",literal,,literal,,literal,http://www.wikidata.org/entity/Q1486,literal,,,,,,,,,,,,,,,,,wd:Q414
200,uri,http://www.wikidata.org/entity/Q5805350,,literal,Q5805350,http://www.w3.org/2001/XMLSchema#dateTime,literal,1993-01-15T00:00:00Z,uri,http://www.wikidata.org/entity/Q414,literal,,literal,,literal,,literal,http://www.wikidata.org/entity/Q44237,literal,,,,,,,,,,,,,,,,,wd:Q414
201,uri,http://www.wikidata.org/entity/Q429592,en,literal,Río Negro,http://www.w3.org/2001/XMLSchema#dateTime,literal,1912-01-01T00:00:00Z,uri,http://www.wikidata.org/entity/Q414,literal,,literal,,literal,,literal,http://www.wikidata.org/entity/Q52506,literal,,,,,,,,,,,,,,,,,wd:Q414
202,uri,http://www.wikidata.org/entity/Q878108,en,literal,Clarín,http://www.w3.org/2001/XMLSchema#dateTime,literal,1945-08-28T00:00:00Z,uri,http://www.wikidata.org/entity/Q414,literal,,literal,,literal,,literal,http://www.wikidata.org/entity/Q1486,literal,,,,,,,,,,,,,,,,,wd:Q414
203,uri,http://www.wikidata.org/entity/Q5821730,en,literal,Diario Parana Digital,http://www.w3.org/2001/XMLSchema#dateTime,literal,1914-01-01T00:00:00Z,uri,http://www.wikidata.org/entity/Q414,literal,,literal,,literal,,literal,http://www.wikidata.org/entity/Q44213,literal,,,,,,,,,,,,,,,,,wd:Q414
204,uri,http://www.wikidata.org/entity/Q855988,en,literal,Super Rugby,http://www.w3.org/2001/XMLSchema#dateTime,literal,1996-01-01T00:00:00Z,uri,http://www.wikidata.org/entity/Q408,literal,,literal,,literal,,literal,,literal,,,,,,,,,,,,,,,,,wd:Q414
205,uri,http://www.wikidata.org/entity/Q2918415,en,literal,Codere,http://www.w3.org/2001/XMLSchema#dateTime,literal,1980-01-01T00:00:00Z,uri,http://www.wikidata.org/entity/Q96,literal,"http://www.wikidata.org/entity/Q664702, http://www.wikidata.org/entity/Q1506462",literal,,literal,,literal,http://www.wikidata.org/entity/Q2807,literal,http://www.wikidata.org/entity/Q82059,es,literal,Codere S.A.,,,,,,,,,,,,,wd:Q414
206,uri,http://www.wikidata.org/entity/Q784171,en,literal,National University of La Plata,http://www.w3.org/2001/XMLSchema#dateTime,literal,1897-01-01T00:00:00Z,uri,http://www.wikidata.org/entity/Q414,literal,,literal,,literal,http://www.wikidata.org/entity/Q10873617,literal,,literal,,,,,http://www.w3.org/2001/XMLSchema#decimal,literal,10900,,,,,,,,,,wd:Q414
207,uri,http://www.wikidata.org/entity/Q2070637,en,literal,Perfil,http://www.w3.org/2001/XMLSchema#dateTime,literal,1998-01-01T00:00:00Z,uri,http://www.wikidata.org/entity/Q414,literal,,literal,,literal,,literal,http://www.wikidata.org/entity/Q1486,literal,,,,,,,,,,,,,,,,,wd:Q414
208,uri,http://www.wikidata.org/entity/Q421023,en,literal,Organization of Ibero-American States,http://www.w3.org/2001/XMLSchema#dateTime,literal,1949-01-01T00:00:00Z,uri,http://www.wikidata.org/entity/Q77,literal,,literal,,literal,,literal,http://www.wikidata.org/entity/Q5740815,literal,,es,literal,"Organización de Estados Iberoamericanos para la Educación, la Ciencia y la Cultura",,,,,,,,,,,,,wd:Q414
209,uri,http://www.wikidata.org/entity/Q421023,en,literal,Organization of Ibero-American States,http://www.w3.org/2001/XMLSchema#dateTime,literal,1949-01-01T00:00:00Z,uri,http://www.wikidata.org/entity/Q29,literal,,literal,,literal,,literal,http://www.wikidata.org/entity/Q5740815,literal,,pt,literal,"Organização de Estados Ibero-Americanos para a Educação, a Ciência e a Cultura",,,,,,,,,,,,,wd:Q414
210,uri,http://www.wikidata.org/entity/Q56377600,en,literal,Súper Liga Americana de Rugby,http://www.w3.org/2001/XMLSchema#dateTime,literal,2020-01-01T00:00:00Z,uri,http://www.wikidata.org/entity/Q733,literal,,literal,,literal,,literal,,literal,,,,,,,,,,,,,,,,,wd:Q414
211,uri,http://www.wikidata.org/entity/Q855988,en,literal,Super Rugby,http://www.w3.org/2001/XMLSchema#dateTime,literal,1996-01-01T00:00:00Z,uri,http://www.wikidata.org/entity/Q414,literal,,literal,,literal,,literal,,literal,,,,,,,,,,,,,,,,,wd:Q414
212,uri,http://www.wikidata.org/entity/Q421023,en,literal,Organization of Ibero-American States,http://www.w3.org/2001/XMLSchema#dateTime,literal,1949-01-01T00:00:00Z,uri,http://www.wikidata.org/entity/Q419,literal,,literal,,literal,,literal,http://www.wikidata.org/entity/Q5740815,literal,,pt,literal,"Organização de Estados Ibero-Americanos para a Educação, a Ciência e a Cultura",,,,,,,,,,,,,wd:Q414
213,uri,http://www.wikidata.org/entity/Q421023,en,literal,Organization of Ibero-American States,http://www.w3.org/2001/XMLSchema#dateTime,literal,1949-01-01T00:00:00Z,uri,http://www.wikidata.org/entity/Q228,literal,,literal,,literal,,literal,http://www.wikidata.org/entity/Q5740815,literal,,es,literal,"Organización de Estados Iberoamericanos para la Educación, la Ciencia y la Cultura",,,,,,,,,,,,,wd:Q414
214,uri,http://www.wikidata.org/entity/Q109133703,en,literal,Maximus Gaming Hardware,http://www.w3.org/2001/XMLSchema#dateTime,literal,2017-01-01T00:00:00Z,uri,http://www.wikidata.org/entity/Q414,literal,"http://www.wikidata.org/entity/Q581105, http://www.wikidata.org/entity/Q484847, http://www.wikidata.org/entity/Q11661",literal,,literal,,literal,http://www.wikidata.org/entity/Q1486,literal,,es,literal,Grupo Maximus S.R.L.,,,,,,,,,,,,,wd:Q414
215,uri,http://www.wikidata.org/entity/Q56377600,en,literal,Súper Liga Americana de Rugby,http://www.w3.org/2001/XMLSchema#dateTime,literal,2020-01-01T00:00:00Z,uri,http://www.wikidata.org/entity/Q739,literal,,literal,,literal,,literal,,literal,,,,,,,,,,,,,,,,,wd:Q414
216,uri,http://www.wikidata.org/entity/Q421023,en,literal,Organization of Ibero-American States,http://www.w3.org/2001/XMLSchema#dateTime,literal,1949-01-01T00:00:00Z,uri,http://www.wikidata.org/entity/Q717,literal,,literal,,literal,,literal,http://www.wikidata.org/entity/Q5740815,literal,,pt,literal,"Organização de Estados Ibero-Americanos para a Educação, a Ciência e a Cultura",,,,,,,,,,,,,wd:Q414
217,uri,http://www.wikidata.org/entity/Q9091583,en,literal,National University of Villa María,http://www.w3.org/2001/XMLSchema#dateTime,literal,1994-01-01T00:00:00Z,uri,http://www.wikidata.org/entity/Q414,literal,,literal,,literal,,literal,,literal,,,,,,,,,,,,,,,,,wd:Q414
218,uri,http://www.wikidata.org/entity/Q107288844,en,literal,Games Station,http://www.w3.org/2001/XMLSchema#dateTime,literal,2015-01-01T00:00:00Z,uri,http://www.wikidata.org/entity/Q414,literal,http://www.wikidata.org/entity/Q941594,literal,,literal,,literal,http://www.wikidata.org/entity/Q2917260,literal,,,,,,,,,,,,,,,,,wd:Q414
219,uri,http://www.wikidata.org/entity/Q6979260,en,literal,National University of Mar del Plata,http://www.w3.org/2001/XMLSchema#dateTime,literal,1962-01-01T00:00:00Z,uri,http://www.wikidata.org/entity/Q414,literal,,literal,,literal,,literal,,literal,,,,,,,,,,,,,,,,,wd:Q414
220,uri,http://www.wikidata.org/entity/Q5331091,en,literal,Easy,http://www.w3.org/2001/XMLSchema#dateTime,literal,1993-01-01T00:00:00Z,uri,http://www.wikidata.org/entity/Q739,literal,http://www.wikidata.org/entity/Q126793,literal,,literal,,literal,http://www.wikidata.org/entity/Q2887,literal,,,,,,,,,,,,,,,,,wd:Q414
221,uri,http://www.wikidata.org/entity/Q4820037,en,literal,Pol-ka Producciones,http://www.w3.org/2001/XMLSchema#dateTime,literal,1994-01-01T00:00:00Z,uri,http://www.wikidata.org/entity/Q414,literal,http://www.wikidata.org/entity/Q590870,literal,,literal,,literal,http://www.wikidata.org/entity/Q1486,literal,,es,literal,Pol-ka Producciones,,,,,,,,,,,,,wd:Q414
222,uri,http://www.wikidata.org/entity/Q421023,en,literal,Organization of Ibero-American States,http://www.w3.org/2001/XMLSchema#dateTime,literal,1949-01-01T00:00:00Z,uri,http://www.wikidata.org/entity/Q774,literal,,literal,,literal,,literal,http://www.wikidata.org/entity/Q5740815,literal,,es,literal,"Organización de Estados Iberoamericanos para la Educación, la Ciencia y la Cultura",,,,,,,,,,,,,wd:Q414
223,uri,http://www.wikidata.org/entity/Q5858167,en,literal,Vea,http://www.w3.org/2001/XMLSchema#dateTime,literal,1974-01-01T00:00:00Z,uri,http://www.wikidata.org/entity/Q414,literal,,literal,,literal,,literal,http://www.wikidata.org/entity/Q44237,literal,,,,,,,,,,,,,,,,,wd:Q414
224,uri,http://www.wikidata.org/entity/Q54257504,en,literal,"MPForce, Inc.",http://www.w3.org/2001/XMLSchema#dateTime,literal,2015-10-01T00:00:00Z,uri,http://www.wikidata.org/entity/Q414,literal,http://www.wikidata.org/entity/Q941594,literal,,literal,,literal,http://www.wikidata.org/entity/Q1486,literal,,,,,,,,,,,,,,,,,wd:Q414
225,uri,http://www.wikidata.org/entity/Q112973406,en,literal,Bloodious Games,,,,uri,http://www.wikidata.org/entity/Q414,literal,http://www.wikidata.org/entity/Q941594,literal,,literal,,literal,,literal,,,,,,,,,,,,,,,,,wd:Q414
226,uri,http://www.wikidata.org/entity/Q7553274,en,literal,Sodimac,http://www.w3.org/2001/XMLSchema#dateTime,literal,1952-01-01T00:00:00Z,uri,http://www.wikidata.org/entity/Q298,literal,http://www.wikidata.org/entity/Q26643,literal,,literal,,literal,http://www.wikidata.org/entity/Q2887,literal,,,,,,,,,,,,,,,,,wd:Q414
227,uri,http://www.wikidata.org/entity/Q56377600,en,literal,Súper Liga Americana de Rugby,http://www.w3.org/2001/XMLSchema#dateTime,literal,2020-01-01T00:00:00Z,uri,http://www.wikidata.org/entity/Q298,literal,,literal,,literal,,literal,,literal,,,,,,,,,,,,,,,,,wd:Q414
228,uri,http://www.wikidata.org/entity/Q109933148,en,literal,Colorshop,http://www.w3.org/2001/XMLSchema#dateTime,literal,1999-01-01T00:00:00Z,uri,http://www.wikidata.org/entity/Q414,literal,,literal,,literal,,literal,,literal,,,,,,,,,,,,,,,,,wd:Q414
229,uri,http://www.wikidata.org/entity/Q5478553,en,literal,Grupo Indalo,http://www.w3.org/2001/XMLSchema#dateTime,literal,1999-01-01T00:00:00Z,uri,http://www.wikidata.org/entity/Q414,literal,,literal,,literal,,literal,http://www.wikidata.org/entity/Q221921,literal,,es,literal,Grupo Indalo S.A.,http://www.w3.org/2001/XMLSchema#decimal,literal,18,,,,,,,,,,wd:Q414
230,uri,http://www.wikidata.org/entity/Q421023,en,literal,Organization of Ibero-American States,http://www.w3.org/2001/XMLSchema#dateTime,literal,1949-01-01T00:00:00Z,uri,http://www.wikidata.org/entity/Q241,literal,,literal,,literal,,literal,http://www.wikidata.org/entity/Q5740815,literal,,es,literal,"Organización de Estados Iberoamericanos para la Educación, la Ciencia y la Cultura",,,,,,,,,,,,,wd:Q414
231,uri,http://www.wikidata.org/entity/Q85749233,en,literal,Brubank,,,,uri,http://www.wikidata.org/entity/Q414,literal,http://www.wikidata.org/entity/Q837171,literal,,literal,,literal,,literal,,,,,,,,,,,,,,,,,wd:Q414
232,uri,http://www.wikidata.org/entity/Q421023,en,literal,Organization of Ibero-American States,http://www.w3.org/2001/XMLSchema#dateTime,literal,1949-01-01T00:00:00Z,uri,http://www.wikidata.org/entity/Q1183,literal,,literal,,literal,,literal,http://www.wikidata.org/entity/Q5740815,literal,,pt,literal,"Organização de Estados Ibero-Americanos para a Educação, a Ciência e a Cultura",,,,,,,,,,,,,wd:Q414
233,uri,http://www.wikidata.org/entity/Q5331091,en,literal,Easy,http://www.w3.org/2001/XMLSchema#dateTime,literal,1993-01-01T00:00:00Z,uri,http://www.wikidata.org/entity/Q298,literal,http://www.wikidata.org/entity/Q126793,literal,,literal,,literal,http://www.wikidata.org/entity/Q2887,literal,,,,,,,,,,,,,,,,,wd:Q414
234,uri,http://www.wikidata.org/entity/Q421023,en,literal,Organization of Ibero-American States,http://www.w3.org/2001/XMLSchema#dateTime,literal,1949-01-01T00:00:00Z,uri,http://www.wikidata.org/entity/Q45,literal,,literal,,literal,,literal,http://www.wikidata.org/entity/Q5740815,literal,,pt,literal,"Organização de Estados Ibero-Americanos para a Educação, a Ciência e a Cultura",,,,,,,,,,,,,wd:Q414
235,uri,http://www.wikidata.org/entity/Q421023,en,literal,Organization of Ibero-American States,http://www.w3.org/2001/XMLSchema#dateTime,literal,1949-01-01T00:00:00Z,uri,http://www.wikidata.org/entity/Q783,literal,,literal,,literal,,literal,http://www.wikidata.org/entity/Q5740815,literal,,es,literal,"Organización de Estados Iberoamericanos para la Educación, la Ciencia y la Cultura",,,,,,,,,,,,,wd:Q414
236,uri,http://www.wikidata.org/entity/Q10933021,en,literal,Telecom Personal,http://www.w3.org/2001/XMLSchema#dateTime,literal,1995-01-01T00:00:00Z,uri,http://www.wikidata.org/entity/Q414,literal,http://www.wikidata.org/entity/Q25245117,literal,,literal,,literal,http://www.wikidata.org/entity/Q5713298,literal,,,,,,,,,,,,,,,,,wd:Q414
237,uri,http://www.wikidata.org/entity/Q88894180,en,literal,KagariSoft,,,,uri,http://www.wikidata.org/entity/Q414,literal,http://www.wikidata.org/entity/Q941594,literal,,literal,,literal,,literal,,,,,,,,,,,,,,,,,wd:Q414
238,uri,http://www.wikidata.org/entity/Q2918415,en,literal,Codere,http://www.w3.org/2001/XMLSchema#dateTime,literal,1980-01-01T00:00:00Z,uri,http://www.wikidata.org/entity/Q414,literal,"http://www.wikidata.org/entity/Q664702, http://www.wikidata.org/entity/Q1506462",literal,,literal,,literal,http://www.wikidata.org/entity/Q2807,literal,http://www.wikidata.org/entity/Q82059,it,literal,Codere Scommesse S.R.L,,,,,,,,,,,,,wd:Q414
239,uri,http://www.wikidata.org/entity/Q421023,en,literal,Organization of Ibero-American States,http://www.w3.org/2001/XMLSchema#dateTime,literal,1949-01-01T00:00:00Z,uri,http://www.wikidata.org/entity/Q733,literal,,literal,,literal,,literal,http://www.wikidata.org/entity/Q5740815,literal,,pt,literal,"Organização de Estados Ibero-Americanos para a Educação, a Ciência e a Cultura",,,,,,,,,,,,,wd:Q414
240,uri,http://www.wikidata.org/entity/Q5261681,en,literal,National University of the Northeast,http://www.w3.org/2001/XMLSchema#dateTime,literal,1956-01-01T00:00:00Z,uri,http://www.wikidata.org/entity/Q414,literal,,literal,,literal,,literal,,literal,,,,,,,,,,,,,,,,,wd:Q414
241,uri,http://www.wikidata.org/entity/Q421023,en,literal,Organization of Ibero-American States,http://www.w3.org/2001/XMLSchema#dateTime,literal,1949-01-01T00:00:00Z,uri,http://www.wikidata.org/entity/Q96,literal,,literal,,literal,,literal,http://www.wikidata.org/entity/Q5740815,literal,,es,literal,"Organización de Estados Iberoamericanos para la Educación, la Ciencia y la Cultura",,,,,,,,,,,,,wd:Q414
242,uri,http://www.wikidata.org/entity/Q7883673,en,literal,Underground contenidos,http://www.w3.org/2001/XMLSchema#dateTime,literal,2006-01-01T00:00:00Z,uri,http://www.wikidata.org/entity/Q414,literal,http://www.wikidata.org/entity/Q289,literal,,literal,,literal,http://www.wikidata.org/entity/Q1018128,literal,,,,,,,,,,,,,,,,,wd:Q414
243,uri,http://www.wikidata.org/entity/Q421023,en,literal,Organization of Ibero-American States,http://www.w3.org/2001/XMLSchema#dateTime,literal,1949-01-01T00:00:00Z,uri,http://www.wikidata.org/entity/Q786,literal,,literal,,literal,,literal,http://www.wikidata.org/entity/Q5740815,literal,,es,literal,"Organización de Estados Iberoamericanos para la Educación, la Ciencia y la Cultura",,,,,,,,,,,,,wd:Q414
244,uri,http://www.wikidata.org/entity/Q3115667,en,literal,University of the Salvador,http://www.w3.org/2001/XMLSchema#dateTime,literal,1958-01-01T00:00:00Z,uri,http://www.wikidata.org/entity/Q414,literal,,literal,,literal,,literal,,literal,,,,,,,,,,,,,,,,,wd:Q414
245,uri,http://www.wikidata.org/entity/Q421023,en,literal,Organization of Ibero-American States,http://www.w3.org/2001/XMLSchema#dateTime,literal,1949-01-01T00:00:00Z,uri,http://www.wikidata.org/entity/Q739,literal,,literal,,literal,,literal,http://www.wikidata.org/entity/Q5740815,literal,,pt,literal,"Organização de Estados Ibero-Americanos para a Educação, a Ciência e a Cultura",,,,,,,,,,,,,wd:Q414
246,uri,http://www.wikidata.org/entity/Q6100413,en,literal,Rapipago,http://www.w3.org/2001/XMLSchema#dateTime,literal,1996-01-01T00:00:00Z,uri,http://www.wikidata.org/entity/Q414,literal,,literal,,literal,,literal,,literal,,,,,,,,,,,,,,,,,wd:Q414
247,uri,http://www.wikidata.org/entity/Q2918415,en,literal,Codere,http://www.w3.org/2001/XMLSchema#dateTime,literal,1980-01-01T00:00:00Z,uri,http://www.wikidata.org/entity/Q804,literal,"http://www.wikidata.org/entity/Q664702, http://www.wikidata.org/entity/Q1506462",literal,,literal,,literal,http://www.wikidata.org/entity/Q2807,literal,http://www.wikidata.org/entity/Q82059,es,literal,Codere S.A.,,,,,,,,,,,,,wd:Q414
248,uri,http://www.wikidata.org/entity/Q19870761,en,literal,Jaguares,http://www.w3.org/2001/XMLSchema#dateTime,literal,2015-01-01T00:00:00Z,uri,http://www.wikidata.org/entity/Q414,literal,,literal,,literal,,literal,,literal,,,,,,,,,,,,,,,,,wd:Q414
249,uri,http://www.wikidata.org/entity/Q421023,en,literal,Organization of Ibero-American States,http://www.w3.org/2001/XMLSchema#dateTime,literal,1949-01-01T00:00:00Z,uri,http://www.wikidata.org/entity/Q736,literal,,literal,,literal,,literal,http://www.wikidata.org/entity/Q5740815,literal,,pt,literal,"Organização de Estados Ibero-Americanos para a Educação, a Ciência e a Cultura",,,,,,,,,,,,,wd:Q414
250,uri,http://www.wikidata.org/entity/Q6316549,en,literal,National University of Lomas de Zamora,http://www.w3.org/2001/XMLSchema#dateTime,literal,1972-01-01T00:00:00Z,uri,http://www.wikidata.org/entity/Q414,literal,,literal,,literal,,literal,,literal,,,,,,,,,,,,,,,,,wd:Q414
251,uri,http://www.wikidata.org/entity/Q2918415,en,literal,Codere,http://www.w3.org/2001/XMLSchema#dateTime,literal,1980-01-01T00:00:00Z,uri,http://www.wikidata.org/entity/Q29,literal,"http://www.wikidata.org/entity/Q664702, http://www.wikidata.org/entity/Q1506462",literal,,literal,,literal,http://www.wikidata.org/entity/Q2807,literal,http://www.wikidata.org/entity/Q82059,it,literal,Codere Scommesse S.R.L,,,,,,,,,,,,,wd:Q414
252,uri,http://www.wikidata.org/entity/Q17709270,en,literal,ARSAT,http://www.w3.org/2001/XMLSchema#dateTime,literal,2006-04-26T00:00:00Z,uri,http://www.wikidata.org/entity/Q414,literal,http://www.wikidata.org/entity/Q418,literal,,literal,,literal,http://www.wikidata.org/entity/Q8246187,literal,,,,,,,,,,,,,,,,,wd:Q414
253,uri,http://www.wikidata.org/entity/Q16540032,en,literal,Cafe Martínez,http://www.w3.org/2001/XMLSchema#dateTime,literal,1933-01-01T00:00:00Z,uri,http://www.wikidata.org/entity/Q414,literal,http://www.wikidata.org/entity/Q171141,literal,,literal,,literal,http://www.wikidata.org/entity/Q1486,literal,,,,,,,,,,,,,,,,,wd:Q414
254,uri,http://www.wikidata.org/entity/Q105716072,en,literal,Diario Armenia,http://www.w3.org/2001/XMLSchema#dateTime,literal,1931-04-24T00:00:00Z,uri,http://www.wikidata.org/entity/Q414,literal,,literal,,literal,,literal,http://www.wikidata.org/entity/Q1486,literal,,,,,,,,,,,,,,,,,wd:Q414
255,uri,http://www.wikidata.org/entity/Q4823399,en,literal,Austral University,http://www.w3.org/2001/XMLSchema#dateTime,literal,1978-01-01T00:00:00Z,uri,http://www.wikidata.org/entity/Q414,literal,,literal,,literal,,literal,,literal,,,,,,,,,,,,,,,,,wd:Q414
