,business.type,business.value,businessLabel.xml:lang,businessLabel.type,businessLabel.value,origindate.datatype,origindate.type,origindate.value,country.type,country.value,industries.type,industries.value,ceos.type,ceos.value,chairs.type,chairs.value,hqs.type,hqs.value,groups.type,groups.value,officialname.xml:lang,officialname.type,officialname.value,country
0,uri,http://www.wikidata.org/entity/Q421023,en,literal,Organization of Ibero-American States,http://www.w3.org/2001/XMLSchema#dateTime,literal,1949-01-01T00:00:00Z,uri,http://www.wikidata.org/entity/Q792,literal,,literal,,literal,,literal,http://www.wikidata.org/entity/Q5740815,literal,,es,literal,"Organización de Estados Iberoamericanos para la Educación, la Ciencia y la Cultura",wd:Q419
1,uri,http://www.wikidata.org/entity/Q421023,en,literal,Organization of Ibero-American States,http://www.w3.org/2001/XMLSchema#dateTime,literal,1949-01-01T00:00:00Z,uri,http://www.wikidata.org/entity/Q298,literal,,literal,,literal,,literal,http://www.wikidata.org/entity/Q5740815,literal,,pt,literal,"Organização de Estados Ibero-Americanos para a Educação, a Ciência e a Cultura",wd:Q419
2,uri,http://www.wikidata.org/entity/Q7553274,en,literal,Sodimac,http://www.w3.org/2001/XMLSchema#dateTime,literal,1952-01-01T00:00:00Z,uri,http://www.wikidata.org/entity/Q77,literal,http://www.wikidata.org/entity/Q26643,literal,,literal,,literal,http://www.wikidata.org/entity/Q2887,literal,,,,,wd:Q419
3,uri,http://www.wikidata.org/entity/Q7203672,en,literal,Plaza Vea,http://www.w3.org/2001/XMLSchema#dateTime,literal,2003-01-01T00:00:00Z,uri,http://www.wikidata.org/entity/Q419,literal,http://www.wikidata.org/entity/Q126793,literal,,literal,,literal,http://www.wikidata.org/entity/Q2868,literal,,,,,wd:Q419
4,uri,http://www.wikidata.org/entity/Q113104834,en,literal,Bamtang Games,http://www.w3.org/2001/XMLSchema#dateTime,literal,2002-01-01T00:00:00Z,uri,http://www.wikidata.org/entity/Q419,literal,http://www.wikidata.org/entity/Q941594,literal,,literal,,literal,http://www.wikidata.org/entity/Q2868,literal,,,,,wd:Q419
5,uri,http://www.wikidata.org/entity/Q421023,en,literal,Organization of Ibero-American States,http://www.w3.org/2001/XMLSchema#dateTime,literal,1949-01-01T00:00:00Z,uri,http://www.wikidata.org/entity/Q750,literal,,literal,,literal,,literal,http://www.wikidata.org/entity/Q5740815,literal,,pt,literal,"Organização de Estados Ibero-Americanos para a Educação, a Ciência e a Cultura",wd:Q419
6,uri,http://www.wikidata.org/entity/Q421023,en,literal,Organization of Ibero-American States,http://www.w3.org/2001/XMLSchema#dateTime,literal,1949-01-01T00:00:00Z,uri,http://www.wikidata.org/entity/Q800,literal,,literal,,literal,,literal,http://www.wikidata.org/entity/Q5740815,literal,,es,literal,"Organización de Estados Iberoamericanos para la Educación, la Ciencia y la Cultura",wd:Q419
7,uri,http://www.wikidata.org/entity/Q5202348,en,literal,University of Piura,http://www.w3.org/2001/XMLSchema#dateTime,literal,1969-04-07T00:00:00Z,uri,http://www.wikidata.org/entity/Q419,literal,,literal,,literal,,literal,http://www.wikidata.org/entity/Q223966,literal,,,,,wd:Q419
8,uri,http://www.wikidata.org/entity/Q421023,en,literal,Organization of Ibero-American States,http://www.w3.org/2001/XMLSchema#dateTime,literal,1949-01-01T00:00:00Z,uri,http://www.wikidata.org/entity/Q804,literal,,literal,,literal,,literal,http://www.wikidata.org/entity/Q5740815,literal,,es,literal,"Organización de Estados Iberoamericanos para la Educación, la Ciencia y la Cultura",wd:Q419
9,uri,http://www.wikidata.org/entity/Q421023,en,literal,Organization of Ibero-American States,http://www.w3.org/2001/XMLSchema#dateTime,literal,1949-01-01T00:00:00Z,uri,http://www.wikidata.org/entity/Q811,literal,,literal,,literal,,literal,http://www.wikidata.org/entity/Q5740815,literal,,es,literal,"Organización de Estados Iberoamericanos para la Educación, la Ciencia y la Cultura",wd:Q419
10,uri,http://www.wikidata.org/entity/Q6156563,en,literal,Universidad Nacional Hermilio Valdizán,http://www.w3.org/2001/XMLSchema#dateTime,literal,1964-02-21T00:00:00Z,uri,http://www.wikidata.org/entity/Q419,literal,,literal,,literal,,literal,,literal,,,,,wd:Q419
11,uri,http://www.wikidata.org/entity/Q421023,en,literal,Organization of Ibero-American States,http://www.w3.org/2001/XMLSchema#dateTime,literal,1949-01-01T00:00:00Z,uri,http://www.wikidata.org/entity/Q77,literal,,literal,,literal,,literal,http://www.wikidata.org/entity/Q5740815,literal,,pt,literal,"Organização de Estados Ibero-Americanos para a Educação, a Ciência e a Cultura",wd:Q419
12,uri,http://www.wikidata.org/entity/Q7553274,en,literal,Sodimac,http://www.w3.org/2001/XMLSchema#dateTime,literal,1952-01-01T00:00:00Z,uri,http://www.wikidata.org/entity/Q96,literal,http://www.wikidata.org/entity/Q26643,literal,,literal,,literal,http://www.wikidata.org/entity/Q2887,literal,,,,,wd:Q419
13,uri,http://www.wikidata.org/entity/Q421023,en,literal,Organization of Ibero-American States,http://www.w3.org/2001/XMLSchema#dateTime,literal,1949-01-01T00:00:00Z,uri,http://www.wikidata.org/entity/Q228,literal,,literal,,literal,,literal,http://www.wikidata.org/entity/Q5740815,literal,,pt,literal,"Organização de Estados Ibero-Americanos para a Educação, a Ciência e a Cultura",wd:Q419
14,uri,http://www.wikidata.org/entity/Q6025478,en,literal,Movistar del Perú,http://www.w3.org/2001/XMLSchema#dateTime,literal,1920-01-01T00:00:00Z,uri,http://www.wikidata.org/entity/Q419,literal,"http://www.wikidata.org/entity/Q56598901, http://www.wikidata.org/entity/Q25245117",literal,,literal,,literal,http://www.wikidata.org/entity/Q2868,literal,,,,,wd:Q419
15,uri,http://www.wikidata.org/entity/Q5203166,en,literal,D'Onofrio,http://www.w3.org/2001/XMLSchema#dateTime,literal,1924-01-01T00:00:00Z,uri,http://www.wikidata.org/entity/Q419,literal,http://www.wikidata.org/entity/Q540912,literal,,literal,,literal,http://www.wikidata.org/entity/Q2868,literal,,,,,wd:Q419
16,uri,http://www.wikidata.org/entity/Q110314939,en,literal,Cruz del Sur,http://www.w3.org/2001/XMLSchema#dateTime,literal,1960-01-01T00:00:00Z,uri,http://www.wikidata.org/entity/Q419,literal,http://www.wikidata.org/entity/Q7590,literal,,literal,,literal,http://www.wikidata.org/entity/Q2868,literal,,,,,wd:Q419
17,uri,http://www.wikidata.org/entity/Q421023,en,literal,Organization of Ibero-American States,http://www.w3.org/2001/XMLSchema#dateTime,literal,1949-01-01T00:00:00Z,uri,http://www.wikidata.org/entity/Q774,literal,,literal,,literal,,literal,http://www.wikidata.org/entity/Q5740815,literal,,pt,literal,"Organização de Estados Ibero-Americanos para a Educação, a Ciência e a Cultura",wd:Q419
18,uri,http://www.wikidata.org/entity/Q4854124,en,literal,Credit Bank of Peru,http://www.w3.org/2001/XMLSchema#dateTime,literal,2000-01-01T00:00:00Z,uri,http://www.wikidata.org/entity/Q419,literal,"http://www.wikidata.org/entity/Q837171, http://www.wikidata.org/entity/Q806718",literal,,literal,,literal,http://www.wikidata.org/entity/Q2868,literal,,,,,wd:Q419
19,uri,http://www.wikidata.org/entity/Q6156418,en,literal,Universidad Científica del Perú,,,,uri,http://www.wikidata.org/entity/Q419,literal,,literal,,literal,,literal,http://www.wikidata.org/entity/Q193289,literal,,,,,wd:Q419
20,uri,http://www.wikidata.org/entity/Q17626095,en,literal,Promart,http://www.w3.org/2001/XMLSchema#dateTime,literal,2011-01-01T00:00:00Z,uri,http://www.wikidata.org/entity/Q419,literal,http://www.wikidata.org/entity/Q126793,literal,,literal,,literal,http://www.wikidata.org/entity/Q2868,literal,,,,,wd:Q419
21,uri,http://www.wikidata.org/entity/Q4846176,en,literal,Perú.21,http://www.w3.org/2001/XMLSchema#dateTime,literal,2002-01-01T00:00:00Z,uri,http://www.wikidata.org/entity/Q419,literal,,literal,,literal,,literal,,literal,,,,,wd:Q419
22,uri,http://www.wikidata.org/entity/Q421023,en,literal,Organization of Ibero-American States,http://www.w3.org/2001/XMLSchema#dateTime,literal,1949-01-01T00:00:00Z,uri,http://www.wikidata.org/entity/Q241,literal,,literal,,literal,,literal,http://www.wikidata.org/entity/Q5740815,literal,,pt,literal,"Organização de Estados Ibero-Americanos para a Educação, a Ciência e a Cultura",wd:Q419
23,uri,http://www.wikidata.org/entity/Q2636927,en,literal,Universidad del Pacifico,http://www.w3.org/2001/XMLSchema#dateTime,literal,1962-01-01T00:00:00Z,uri,http://www.wikidata.org/entity/Q419,literal,,literal,,literal,,literal,,literal,,,,,wd:Q419
24,uri,http://www.wikidata.org/entity/Q107281614,en,literal,Planetario S.A.C,http://www.w3.org/2001/XMLSchema#dateTime,literal,2014-01-01T00:00:00Z,uri,http://www.wikidata.org/entity/Q419,literal,,literal,,literal,,literal,,literal,,,,,wd:Q419
25,uri,http://www.wikidata.org/entity/Q421023,en,literal,Organization of Ibero-American States,http://www.w3.org/2001/XMLSchema#dateTime,literal,1949-01-01T00:00:00Z,uri,http://www.wikidata.org/entity/Q783,literal,,literal,,literal,,literal,http://www.wikidata.org/entity/Q5740815,literal,,pt,literal,"Organização de Estados Ibero-Americanos para a Educação, a Ciência e a Cultura",wd:Q419
26,uri,http://www.wikidata.org/entity/Q21041561,,literal,Q21041561,,,,uri,http://www.wikidata.org/entity/Q419,literal,,literal,,literal,,literal,http://www.wikidata.org/entity/Q2868,literal,,,,,wd:Q419
27,uri,http://www.wikidata.org/entity/Q421023,en,literal,Organization of Ibero-American States,http://www.w3.org/2001/XMLSchema#dateTime,literal,1949-01-01T00:00:00Z,uri,http://www.wikidata.org/entity/Q983,literal,,literal,,literal,,literal,http://www.wikidata.org/entity/Q5740815,literal,,es,literal,"Organización de Estados Iberoamericanos para la Educación, la Ciencia y la Cultura",wd:Q419
28,uri,http://www.wikidata.org/entity/Q806187,en,literal,International Bank (Ecuador),http://www.w3.org/2001/XMLSchema#dateTime,literal,1973-01-01T00:00:00Z,uri,http://www.wikidata.org/entity/Q419,literal,"http://www.wikidata.org/entity/Q1416657, http://www.wikidata.org/entity/Q837171, http://www.wikidata.org/entity/Q806718",literal,,literal,,literal,http://www.wikidata.org/entity/Q2900,literal,,,,,wd:Q419
29,uri,http://www.wikidata.org/entity/Q421023,en,literal,Organization of Ibero-American States,http://www.w3.org/2001/XMLSchema#dateTime,literal,1949-01-01T00:00:00Z,uri,http://www.wikidata.org/entity/Q96,literal,,literal,,literal,,literal,http://www.wikidata.org/entity/Q5740815,literal,,pt,literal,"Organização de Estados Ibero-Americanos para a Educação, a Ciência e a Cultura",wd:Q419
30,uri,http://www.wikidata.org/entity/Q421023,en,literal,Organization of Ibero-American States,http://www.w3.org/2001/XMLSchema#dateTime,literal,1949-01-01T00:00:00Z,uri,http://www.wikidata.org/entity/Q786,literal,,literal,,literal,,literal,http://www.wikidata.org/entity/Q5740815,literal,,pt,literal,"Organização de Estados Ibero-Americanos para a Educação, a Ciência e a Cultura",wd:Q419
31,uri,http://www.wikidata.org/entity/Q108032471,,literal,Q108032471,http://www.w3.org/2001/XMLSchema#dateTime,literal,1977-01-01T00:00:00Z,uri,http://www.wikidata.org/entity/Q419,literal,,literal,,literal,,literal,,literal,,,,,wd:Q419
32,uri,http://www.wikidata.org/entity/Q62332638,en,literal,Primax Peru,,,,uri,http://www.wikidata.org/entity/Q419,literal,,literal,,literal,,literal,,literal,,,,,wd:Q419
33,uri,http://www.wikidata.org/entity/Q2506390,en,literal,Petroperú,http://www.w3.org/2001/XMLSchema#dateTime,literal,1969-01-01T00:00:00Z,uri,http://www.wikidata.org/entity/Q419,literal,http://www.wikidata.org/entity/Q862571,literal,,literal,,literal,http://www.wikidata.org/entity/Q2868,literal,,,,,wd:Q419
34,uri,http://www.wikidata.org/entity/Q107417297,en,literal,Warner Music Perú,,,,uri,http://www.wikidata.org/entity/Q419,literal,,literal,,literal,,literal,,literal,,,,,wd:Q419
35,uri,http://www.wikidata.org/entity/Q19521863,en,literal,Serpost,,,,uri,http://www.wikidata.org/entity/Q419,literal,http://www.wikidata.org/entity/Q49845,literal,,literal,,literal,http://www.wikidata.org/entity/Q19953840,literal,,,,,wd:Q419
36,uri,http://www.wikidata.org/entity/Q421023,en,literal,Organization of Ibero-American States,http://www.w3.org/2001/XMLSchema#dateTime,literal,1949-01-01T00:00:00Z,uri,http://www.wikidata.org/entity/Q155,literal,,literal,,literal,,literal,http://www.wikidata.org/entity/Q5740815,literal,,es,literal,"Organización de Estados Iberoamericanos para la Educación, la Ciencia y la Cultura",wd:Q419
37,uri,http://www.wikidata.org/entity/Q5873006,en,literal,GV Productions,,,,uri,http://www.wikidata.org/entity/Q419,literal,http://www.wikidata.org/entity/Q289,literal,,literal,,literal,http://www.wikidata.org/entity/Q2723652,literal,,,,,wd:Q419
38,uri,http://www.wikidata.org/entity/Q1145155,en,literal,LATAM Peru,http://www.w3.org/2001/XMLSchema#dateTime,literal,1998-01-01T00:00:00Z,uri,http://www.wikidata.org/entity/Q419,literal,,literal,,literal,,literal,http://www.wikidata.org/entity/Q2868,literal,,,,,wd:Q419
39,uri,http://www.wikidata.org/entity/Q421023,en,literal,Organization of Ibero-American States,http://www.w3.org/2001/XMLSchema#dateTime,literal,1949-01-01T00:00:00Z,uri,http://www.wikidata.org/entity/Q792,literal,,literal,,literal,,literal,http://www.wikidata.org/entity/Q5740815,literal,,pt,literal,"Organização de Estados Ibero-Americanos para a Educação, a Ciência e a Cultura",wd:Q419
40,uri,http://www.wikidata.org/entity/Q113587356,en,literal,FluyezCambios,,,,uri,http://www.wikidata.org/entity/Q419,literal,"http://www.wikidata.org/entity/Q100269062, http://www.wikidata.org/entity/Q16319025, http://www.wikidata.org/entity/Q5195006",literal,,literal,,literal,,literal,,en,literal,Fluyez Digital Investments S.A.C,wd:Q419
41,uri,http://www.wikidata.org/entity/Q78799744,en,literal,EFE,http://www.w3.org/2001/XMLSchema#dateTime,literal,1961-01-01T00:00:00Z,uri,http://www.wikidata.org/entity/Q419,literal,http://www.wikidata.org/entity/Q507619,literal,,literal,,literal,,literal,,,,,wd:Q419
42,uri,http://www.wikidata.org/entity/Q9091571,en,literal,National University Toribio Rodríguez de Mendoza,http://www.w3.org/2001/XMLSchema#dateTime,literal,2001-01-01T00:00:00Z,uri,http://www.wikidata.org/entity/Q419,literal,,literal,,literal,,literal,,literal,,,,,wd:Q419
43,uri,http://www.wikidata.org/entity/Q113462033,en,literal,Tree Nursery of Chimbote,,,,uri,http://www.wikidata.org/entity/Q419,literal,,literal,,literal,,literal,,literal,,,,,wd:Q419
44,uri,http://www.wikidata.org/entity/Q421023,en,literal,Organization of Ibero-American States,http://www.w3.org/2001/XMLSchema#dateTime,literal,1949-01-01T00:00:00Z,uri,http://www.wikidata.org/entity/Q800,literal,,literal,,literal,,literal,http://www.wikidata.org/entity/Q5740815,literal,,pt,literal,"Organização de Estados Ibero-Americanos para a Educação, a Ciência e a Cultura",wd:Q419
45,uri,http://www.wikidata.org/entity/Q5558589,en,literal,Mibanco,,,,uri,http://www.wikidata.org/entity/Q419,literal,,literal,,literal,,literal,http://www.wikidata.org/entity/Q2868,literal,,,,,wd:Q419
46,uri,http://www.wikidata.org/entity/Q2835558,en,literal,Interbank,http://www.w3.org/2001/XMLSchema#dateTime,literal,1897-01-01T00:00:00Z,uri,http://www.wikidata.org/entity/Q419,literal,"http://www.wikidata.org/entity/Q1416657, http://www.wikidata.org/entity/Q837171, http://www.wikidata.org/entity/Q806718",literal,,literal,,literal,http://www.wikidata.org/entity/Q5818145,literal,,,,,wd:Q419
47,uri,http://www.wikidata.org/entity/Q421023,en,literal,Organization of Ibero-American States,http://www.w3.org/2001/XMLSchema#dateTime,literal,1949-01-01T00:00:00Z,uri,http://www.wikidata.org/entity/Q804,literal,,literal,,literal,,literal,http://www.wikidata.org/entity/Q5740815,literal,,pt,literal,"Organização de Estados Ibero-Americanos para a Educação, a Ciência e a Cultura",wd:Q419
48,uri,http://www.wikidata.org/entity/Q29995781,en,literal,Institut Français d'Études Andines,http://www.w3.org/2001/XMLSchema#dateTime,literal,1948-01-01T00:00:00Z,uri,http://www.wikidata.org/entity/Q419,literal,,literal,,literal,,literal,http://www.wikidata.org/entity/Q2868,literal,http://www.wikidata.org/entity/Q3456788,,,,wd:Q419
49,uri,http://www.wikidata.org/entity/Q270145,en,literal,National University of San Marcos,http://www.w3.org/2001/XMLSchema#dateTime,literal,1551-05-12T00:00:00Z,uri,http://www.wikidata.org/entity/Q419,literal,,literal,,literal,,literal,,literal,,,,,wd:Q419
50,uri,http://www.wikidata.org/entity/Q5708560,en,literal,Britain-Peruvian cultural association,,,,uri,http://www.wikidata.org/entity/Q419,literal,,literal,,literal,,literal,,literal,,,,,wd:Q419
51,uri,http://www.wikidata.org/entity/Q421023,en,literal,Organization of Ibero-American States,http://www.w3.org/2001/XMLSchema#dateTime,literal,1949-01-01T00:00:00Z,uri,http://www.wikidata.org/entity/Q811,literal,,literal,,literal,,literal,http://www.wikidata.org/entity/Q5740815,literal,,pt,literal,"Organização de Estados Ibero-Americanos para a Educação, a Ciência e a Cultura",wd:Q419
52,uri,http://www.wikidata.org/entity/Q421023,en,literal,Organization of Ibero-American States,http://www.w3.org/2001/XMLSchema#dateTime,literal,1949-01-01T00:00:00Z,uri,http://www.wikidata.org/entity/Q414,literal,,literal,,literal,,literal,http://www.wikidata.org/entity/Q5740815,literal,,es,literal,"Organización de Estados Iberoamericanos para la Educación, la Ciencia y la Cultura",wd:Q419
53,uri,http://www.wikidata.org/entity/Q5055311,en,literal,Cayetano Heredia University,http://www.w3.org/2001/XMLSchema#dateTime,literal,1961-09-25T00:00:00Z,uri,http://www.wikidata.org/entity/Q419,literal,,literal,,literal,,literal,,literal,,,,,wd:Q419
54,uri,http://www.wikidata.org/entity/Q421023,en,literal,Organization of Ibero-American States,http://www.w3.org/2001/XMLSchema#dateTime,literal,1949-01-01T00:00:00Z,uri,http://www.wikidata.org/entity/Q29,literal,,literal,,literal,,literal,http://www.wikidata.org/entity/Q5740815,literal,,es,literal,"Organización de Estados Iberoamericanos para la Educación, la Ciencia y la Cultura",wd:Q419
55,uri,http://www.wikidata.org/entity/Q421023,en,literal,Organization of Ibero-American States,http://www.w3.org/2001/XMLSchema#dateTime,literal,1949-01-01T00:00:00Z,uri,http://www.wikidata.org/entity/Q419,literal,,literal,,literal,,literal,http://www.wikidata.org/entity/Q5740815,literal,,es,literal,"Organización de Estados Iberoamericanos para la Educación, la Ciencia y la Cultura",wd:Q419
56,uri,http://www.wikidata.org/entity/Q1330217,en,literal,La República,http://www.w3.org/2001/XMLSchema#dateTime,literal,1981-11-16T00:00:00Z,uri,http://www.wikidata.org/entity/Q419,literal,,literal,,literal,,literal,http://www.wikidata.org/entity/Q2868,literal,,,,,wd:Q419
57,uri,http://www.wikidata.org/entity/Q97300559,en,literal,El Tiempo,http://www.w3.org/2001/XMLSchema#dateTime,literal,1916-01-09T00:00:00Z,uri,http://www.wikidata.org/entity/Q419,literal,,literal,,literal,,literal,,literal,,,,,wd:Q419
58,uri,http://www.wikidata.org/entity/Q7553274,en,literal,Sodimac,http://www.w3.org/2001/XMLSchema#dateTime,literal,1952-01-01T00:00:00Z,uri,http://www.wikidata.org/entity/Q155,literal,http://www.wikidata.org/entity/Q26643,literal,,literal,,literal,http://www.wikidata.org/entity/Q2887,literal,,,,,wd:Q419
59,uri,http://www.wikidata.org/entity/Q4033029,en,literal,Andina,http://www.w3.org/2001/XMLSchema#dateTime,literal,1981-01-01T00:00:00Z,uri,http://www.wikidata.org/entity/Q419,literal,,literal,,literal,,literal,http://www.wikidata.org/entity/Q2868,literal,,,,,wd:Q419
60,uri,http://www.wikidata.org/entity/Q421023,en,literal,Organization of Ibero-American States,http://www.w3.org/2001/XMLSchema#dateTime,literal,1949-01-01T00:00:00Z,uri,http://www.wikidata.org/entity/Q717,literal,,literal,,literal,,literal,http://www.wikidata.org/entity/Q5740815,literal,,es,literal,"Organización de Estados Iberoamericanos para la Educación, la Ciencia y la Cultura",wd:Q419
61,uri,http://www.wikidata.org/entity/Q110312632,en,literal,Civa,http://www.w3.org/2001/XMLSchema#dateTime,literal,1971-01-01T00:00:00Z,uri,http://www.wikidata.org/entity/Q419,literal,http://www.wikidata.org/entity/Q7590,literal,,literal,,literal,http://www.wikidata.org/entity/Q2482813,literal,,es,literal,Turismo Civa,wd:Q419
62,uri,http://www.wikidata.org/entity/Q71089253,en,literal,Grupo Chaski,http://www.w3.org/2001/XMLSchema#dateTime,literal,1982-01-01T00:00:00Z,uri,http://www.wikidata.org/entity/Q419,literal,,literal,,literal,,literal,http://www.wikidata.org/entity/Q2321093,literal,,,,,wd:Q419
63,uri,http://www.wikidata.org/entity/Q17624435,en,literal,Pardos Chicken,http://www.w3.org/2001/XMLSchema#dateTime,literal,1986-01-01T00:00:00Z,uri,http://www.wikidata.org/entity/Q419,literal,http://www.wikidata.org/entity/Q41958,literal,,literal,,literal,,literal,,,,,wd:Q419
64,uri,http://www.wikidata.org/entity/Q62299262,en,literal,Pecsa,,,,uri,http://www.wikidata.org/entity/Q419,literal,,literal,,literal,,literal,,literal,,,,,wd:Q419
65,uri,http://www.wikidata.org/entity/Q5064993,en,literal,Cerro Verde,http://www.w3.org/2001/XMLSchema#dateTime,literal,1970-01-01T00:00:00Z,uri,http://www.wikidata.org/entity/Q419,literal,http://www.wikidata.org/entity/Q44497,literal,,literal,,literal,http://www.wikidata.org/entity/Q159273,literal,http://www.wikidata.org/entity/Q3592982,,,,wd:Q419
66,uri,http://www.wikidata.org/entity/Q5202363,en,literal,Peruvian University of Applied Sciences,http://www.w3.org/2001/XMLSchema#dateTime,literal,1994-01-01T00:00:00Z,uri,http://www.wikidata.org/entity/Q419,literal,,literal,,literal,,literal,,literal,,,,,wd:Q419
67,uri,http://www.wikidata.org/entity/Q421023,en,literal,Organization of Ibero-American States,http://www.w3.org/2001/XMLSchema#dateTime,literal,1949-01-01T00:00:00Z,uri,http://www.wikidata.org/entity/Q983,literal,,literal,,literal,,literal,http://www.wikidata.org/entity/Q5740815,literal,,pt,literal,"Organização de Estados Ibero-Americanos para a Educação, a Ciência e a Cultura",wd:Q419
68,uri,http://www.wikidata.org/entity/Q6156603,en,literal,"National University of Altiplano, Puno",http://www.w3.org/2001/XMLSchema#dateTime,literal,1856-08-29T00:00:00Z,uri,http://www.wikidata.org/entity/Q419,literal,,literal,,literal,,literal,http://www.wikidata.org/entity/Q232842,literal,,es,literal,Universidad Nacional del Altiplano de Puno,wd:Q419
69,uri,http://www.wikidata.org/entity/Q421023,en,literal,Organization of Ibero-American States,http://www.w3.org/2001/XMLSchema#dateTime,literal,1949-01-01T00:00:00Z,uri,http://www.wikidata.org/entity/Q1183,literal,,literal,,literal,,literal,http://www.wikidata.org/entity/Q5740815,literal,,es,literal,"Organización de Estados Iberoamericanos para la Educación, la Ciencia y la Cultura",wd:Q419
70,uri,http://www.wikidata.org/entity/Q4835089,en,literal,BBVA Peru,http://www.w3.org/2001/XMLSchema#dateTime,literal,1951-01-01T00:00:00Z,uri,http://www.wikidata.org/entity/Q419,literal,http://www.wikidata.org/entity/Q43015,literal,,literal,,literal,http://www.wikidata.org/entity/Q2868,literal,,,,,wd:Q419
71,uri,http://www.wikidata.org/entity/Q101071381,en,literal,Planta Madre Producciones,,,,uri,http://www.wikidata.org/entity/Q419,literal,,literal,,literal,,literal,,literal,,,,,wd:Q419
72,uri,http://www.wikidata.org/entity/Q421023,en,literal,Organization of Ibero-American States,http://www.w3.org/2001/XMLSchema#dateTime,literal,1949-01-01T00:00:00Z,uri,http://www.wikidata.org/entity/Q45,literal,,literal,,literal,,literal,http://www.wikidata.org/entity/Q5740815,literal,,es,literal,"Organización de Estados Iberoamericanos para la Educación, la Ciencia y la Cultura",wd:Q419
73,uri,http://www.wikidata.org/entity/Q421023,en,literal,Organization of Ibero-American States,http://www.w3.org/2001/XMLSchema#dateTime,literal,1949-01-01T00:00:00Z,uri,http://www.wikidata.org/entity/Q733,literal,,literal,,literal,,literal,http://www.wikidata.org/entity/Q5740815,literal,,es,literal,"Organización de Estados Iberoamericanos para la Educación, la Ciencia y la Cultura",wd:Q419
74,uri,http://www.wikidata.org/entity/Q5805253,en,literal,Diario Correo,http://www.w3.org/2001/XMLSchema#dateTime,literal,1962-01-01T00:00:00Z,uri,http://www.wikidata.org/entity/Q419,literal,,literal,,literal,,literal,http://www.wikidata.org/entity/Q2868,literal,,,,,wd:Q419
75,uri,http://www.wikidata.org/entity/Q421023,en,literal,Organization of Ibero-American States,http://www.w3.org/2001/XMLSchema#dateTime,literal,1949-01-01T00:00:00Z,uri,http://www.wikidata.org/entity/Q155,literal,,literal,,literal,,literal,http://www.wikidata.org/entity/Q5740815,literal,,pt,literal,"Organização de Estados Ibero-Americanos para a Educação, a Ciência e a Cultura",wd:Q419
76,uri,http://www.wikidata.org/entity/Q5766542,en,literal,China Wok Buffet,http://www.w3.org/2001/XMLSchema#dateTime,literal,1999-01-01T00:00:00Z,uri,http://www.wikidata.org/entity/Q30,literal,http://www.wikidata.org/entity/Q171141,literal,,literal,,literal,http://www.wikidata.org/entity/Q2868,literal,,,,,wd:Q419
77,uri,http://www.wikidata.org/entity/Q421023,en,literal,Organization of Ibero-American States,http://www.w3.org/2001/XMLSchema#dateTime,literal,1949-01-01T00:00:00Z,uri,http://www.wikidata.org/entity/Q739,literal,,literal,,literal,,literal,http://www.wikidata.org/entity/Q5740815,literal,,es,literal,"Organización de Estados Iberoamericanos para la Educación, la Ciencia y la Cultura",wd:Q419
78,uri,http://www.wikidata.org/entity/Q109588071,en,literal,LEAP Game Studios,,,,uri,http://www.wikidata.org/entity/Q419,literal,http://www.wikidata.org/entity/Q941594,literal,,literal,,literal,http://www.wikidata.org/entity/Q2868,literal,,,,,wd:Q419
79,uri,http://www.wikidata.org/entity/Q421023,en,literal,Organization of Ibero-American States,http://www.w3.org/2001/XMLSchema#dateTime,literal,1949-01-01T00:00:00Z,uri,http://www.wikidata.org/entity/Q736,literal,,literal,,literal,,literal,http://www.wikidata.org/entity/Q5740815,literal,,es,literal,"Organización de Estados Iberoamericanos para la Educación, la Ciencia y la Cultura",wd:Q419
80,uri,http://www.wikidata.org/entity/Q5766542,en,literal,China Wok Buffet,http://www.w3.org/2001/XMLSchema#dateTime,literal,1999-01-01T00:00:00Z,uri,http://www.wikidata.org/entity/Q419,literal,http://www.wikidata.org/entity/Q171141,literal,,literal,,literal,http://www.wikidata.org/entity/Q2868,literal,,,,,wd:Q419
81,uri,http://www.wikidata.org/entity/Q4846176,en,literal,Perú.21,http://www.w3.org/2001/XMLSchema#dateTime,literal,2002-08-21T00:00:00Z,uri,http://www.wikidata.org/entity/Q419,literal,,literal,,literal,,literal,,literal,,,,,wd:Q419
82,uri,http://www.wikidata.org/entity/Q6156429,en,literal,Universidad Continental,http://www.w3.org/2001/XMLSchema#dateTime,literal,1998-06-30T00:00:00Z,uri,http://www.wikidata.org/entity/Q419,literal,,literal,,literal,,literal,,literal,,,,,wd:Q419
83,uri,http://www.wikidata.org/entity/Q7553274,en,literal,Sodimac,http://www.w3.org/2001/XMLSchema#dateTime,literal,1952-01-01T00:00:00Z,uri,http://www.wikidata.org/entity/Q414,literal,http://www.wikidata.org/entity/Q26643,literal,,literal,,literal,http://www.wikidata.org/entity/Q2887,literal,,,,,wd:Q419
84,uri,http://www.wikidata.org/entity/Q421023,en,literal,Organization of Ibero-American States,http://www.w3.org/2001/XMLSchema#dateTime,literal,1949-01-01T00:00:00Z,uri,http://www.wikidata.org/entity/Q298,literal,,literal,,literal,,literal,http://www.wikidata.org/entity/Q5740815,literal,,es,literal,"Organización de Estados Iberoamericanos para la Educación, la Ciencia y la Cultura",wd:Q419
85,uri,http://www.wikidata.org/entity/Q7553274,en,literal,Sodimac,http://www.w3.org/2001/XMLSchema#dateTime,literal,1952-01-01T00:00:00Z,uri,http://www.wikidata.org/entity/Q419,literal,http://www.wikidata.org/entity/Q26643,literal,,literal,,literal,http://www.wikidata.org/entity/Q2887,literal,,,,,wd:Q419
86,uri,http://www.wikidata.org/entity/Q421023,en,literal,Organization of Ibero-American States,http://www.w3.org/2001/XMLSchema#dateTime,literal,1949-01-01T00:00:00Z,uri,http://www.wikidata.org/entity/Q750,literal,,literal,,literal,,literal,http://www.wikidata.org/entity/Q5740815,literal,,es,literal,"Organización de Estados Iberoamericanos para la Educación, la Ciencia y la Cultura",wd:Q419
87,uri,http://www.wikidata.org/entity/Q110768415,en,literal,Derrama Magisterial,http://www.w3.org/2001/XMLSchema#dateTime,literal,1965-12-10T00:00:00Z,uri,http://www.wikidata.org/entity/Q419,literal,,literal,,literal,,literal,http://www.wikidata.org/entity/Q2723643,literal,,,,,wd:Q419
88,uri,http://www.wikidata.org/entity/Q6025470,en,literal,Movistar TV (Peru),http://www.w3.org/2001/XMLSchema#dateTime,literal,1993-01-01T00:00:00Z,uri,http://www.wikidata.org/entity/Q419,literal,"http://www.wikidata.org/entity/Q723685, http://www.wikidata.org/entity/Q721830, http://www.wikidata.org/entity/Q209588, http://www.wikidata.org/entity/Q184452",literal,,literal,,literal,http://www.wikidata.org/entity/Q2868,literal,,,,,wd:Q419
89,uri,http://www.wikidata.org/entity/Q111018584,en,literal,Buh Records,http://www.w3.org/2001/XMLSchema#dateTime,literal,2004-01-01T00:00:00Z,uri,http://www.wikidata.org/entity/Q419,literal,,literal,,literal,,literal,,literal,,,,,wd:Q419
90,uri,http://www.wikidata.org/entity/Q1634051,en,literal,National University of Trujillo,http://www.w3.org/2001/XMLSchema#dateTime,literal,1824-01-01T00:00:00Z,uri,http://www.wikidata.org/entity/Q419,literal,,literal,,literal,,literal,,literal,,,,,wd:Q419
91,uri,http://www.wikidata.org/entity/Q200601,en,literal,Pontifical Catholic University of Peru,http://www.w3.org/2001/XMLSchema#dateTime,literal,1917-01-01T00:00:00Z,uri,http://www.wikidata.org/entity/Q419,literal,,literal,,literal,,literal,http://www.wikidata.org/entity/Q2868,literal,,,,,wd:Q419
92,uri,http://www.wikidata.org/entity/Q10997748,en,literal,Inkafarma,http://www.w3.org/2001/XMLSchema#dateTime,literal,1996-08-12T00:00:00Z,uri,http://www.wikidata.org/entity/Q419,literal,,literal,,literal,,literal,http://www.wikidata.org/entity/Q2868,literal,,,,,wd:Q419
93,uri,http://www.wikidata.org/entity/Q421023,en,literal,Organization of Ibero-American States,http://www.w3.org/2001/XMLSchema#dateTime,literal,1949-01-01T00:00:00Z,uri,http://www.wikidata.org/entity/Q414,literal,,literal,,literal,,literal,http://www.wikidata.org/entity/Q5740815,literal,,pt,literal,"Organização de Estados Ibero-Americanos para a Educação, a Ciência e a Cultura",wd:Q419
94,uri,http://www.wikidata.org/entity/Q111475264,,literal,Q111475264,,,,uri,http://www.wikidata.org/entity/Q419,literal,,literal,,literal,,literal,http://www.wikidata.org/entity/Q2868,literal,,,,,wd:Q419
95,uri,http://www.wikidata.org/entity/Q62563126,en,literal,Boticas y Salud,http://www.w3.org/2001/XMLSchema#dateTime,literal,1998-01-01T00:00:00Z,uri,http://www.wikidata.org/entity/Q419,literal,,literal,,literal,,literal,,literal,,,,,wd:Q419
96,uri,http://www.wikidata.org/entity/Q1324020,en,literal,El Comercio,http://www.w3.org/2001/XMLSchema#dateTime,literal,1839-05-04T00:00:00Z,uri,http://www.wikidata.org/entity/Q419,literal,,literal,,literal,,literal,http://www.wikidata.org/entity/Q2868,literal,,,,,wd:Q419
97,uri,http://www.wikidata.org/entity/Q421023,en,literal,Organization of Ibero-American States,http://www.w3.org/2001/XMLSchema#dateTime,literal,1949-01-01T00:00:00Z,uri,http://www.wikidata.org/entity/Q77,literal,,literal,,literal,,literal,http://www.wikidata.org/entity/Q5740815,literal,,es,literal,"Organización de Estados Iberoamericanos para la Educación, la Ciencia y la Cultura",wd:Q419
98,uri,http://www.wikidata.org/entity/Q421023,en,literal,Organization of Ibero-American States,http://www.w3.org/2001/XMLSchema#dateTime,literal,1949-01-01T00:00:00Z,uri,http://www.wikidata.org/entity/Q29,literal,,literal,,literal,,literal,http://www.wikidata.org/entity/Q5740815,literal,,pt,literal,"Organização de Estados Ibero-Americanos para a Educação, a Ciência e a Cultura",wd:Q419
99,uri,http://www.wikidata.org/entity/Q421023,en,literal,Organization of Ibero-American States,http://www.w3.org/2001/XMLSchema#dateTime,literal,1949-01-01T00:00:00Z,uri,http://www.wikidata.org/entity/Q419,literal,,literal,,literal,,literal,http://www.wikidata.org/entity/Q5740815,literal,,pt,literal,"Organização de Estados Ibero-Americanos para a Educação, a Ciência e a Cultura",wd:Q419
100,uri,http://www.wikidata.org/entity/Q421023,en,literal,Organization of Ibero-American States,http://www.w3.org/2001/XMLSchema#dateTime,literal,1949-01-01T00:00:00Z,uri,http://www.wikidata.org/entity/Q228,literal,,literal,,literal,,literal,http://www.wikidata.org/entity/Q5740815,literal,,es,literal,"Organización de Estados Iberoamericanos para la Educación, la Ciencia y la Cultura",wd:Q419
101,uri,http://www.wikidata.org/entity/Q7390294,en,literal,SIDERPERU,http://www.w3.org/2001/XMLSchema#dateTime,literal,1956-01-01T00:00:00Z,uri,http://www.wikidata.org/entity/Q419,literal,,literal,,literal,,literal,http://www.wikidata.org/entity/Q518431,literal,,,,,wd:Q419
102,uri,http://www.wikidata.org/entity/Q421023,en,literal,Organization of Ibero-American States,http://www.w3.org/2001/XMLSchema#dateTime,literal,1949-01-01T00:00:00Z,uri,http://www.wikidata.org/entity/Q717,literal,,literal,,literal,,literal,http://www.wikidata.org/entity/Q5740815,literal,,pt,literal,"Organização de Estados Ibero-Americanos para a Educação, a Ciência e a Cultura",wd:Q419
103,uri,http://www.wikidata.org/entity/Q421023,en,literal,Organization of Ibero-American States,http://www.w3.org/2001/XMLSchema#dateTime,literal,1949-01-01T00:00:00Z,uri,http://www.wikidata.org/entity/Q774,literal,,literal,,literal,,literal,http://www.wikidata.org/entity/Q5740815,literal,,es,literal,"Organización de Estados Iberoamericanos para la Educación, la Ciencia y la Cultura",wd:Q419
104,uri,http://www.wikidata.org/entity/Q7553274,en,literal,Sodimac,http://www.w3.org/2001/XMLSchema#dateTime,literal,1952-01-01T00:00:00Z,uri,http://www.wikidata.org/entity/Q298,literal,http://www.wikidata.org/entity/Q26643,literal,,literal,,literal,http://www.wikidata.org/entity/Q2887,literal,,,,,wd:Q419
105,uri,http://www.wikidata.org/entity/Q421023,en,literal,Organization of Ibero-American States,http://www.w3.org/2001/XMLSchema#dateTime,literal,1949-01-01T00:00:00Z,uri,http://www.wikidata.org/entity/Q241,literal,,literal,,literal,,literal,http://www.wikidata.org/entity/Q5740815,literal,,es,literal,"Organización de Estados Iberoamericanos para la Educación, la Ciencia y la Cultura",wd:Q419
106,uri,http://www.wikidata.org/entity/Q421023,en,literal,Organization of Ibero-American States,http://www.w3.org/2001/XMLSchema#dateTime,literal,1949-01-01T00:00:00Z,uri,http://www.wikidata.org/entity/Q1183,literal,,literal,,literal,,literal,http://www.wikidata.org/entity/Q5740815,literal,,pt,literal,"Organização de Estados Ibero-Americanos para a Educação, a Ciência e a Cultura",wd:Q419
107,uri,http://www.wikidata.org/entity/Q3438435,en,literal,University of San Martín de Porres,http://www.w3.org/2001/XMLSchema#dateTime,literal,1962-05-17T00:00:00Z,uri,http://www.wikidata.org/entity/Q419,literal,,literal,,literal,,literal,,literal,,,,,wd:Q419
108,uri,http://www.wikidata.org/entity/Q421023,en,literal,Organization of Ibero-American States,http://www.w3.org/2001/XMLSchema#dateTime,literal,1949-01-01T00:00:00Z,uri,http://www.wikidata.org/entity/Q45,literal,,literal,,literal,,literal,http://www.wikidata.org/entity/Q5740815,literal,,pt,literal,"Organização de Estados Ibero-Americanos para a Educação, a Ciência e a Cultura",wd:Q419
109,uri,http://www.wikidata.org/entity/Q421023,en,literal,Organization of Ibero-American States,http://www.w3.org/2001/XMLSchema#dateTime,literal,1949-01-01T00:00:00Z,uri,http://www.wikidata.org/entity/Q783,literal,,literal,,literal,,literal,http://www.wikidata.org/entity/Q5740815,literal,,es,literal,"Organización de Estados Iberoamericanos para la Educación, la Ciencia y la Cultura",wd:Q419
110,uri,http://www.wikidata.org/entity/Q421023,en,literal,Organization of Ibero-American States,http://www.w3.org/2001/XMLSchema#dateTime,literal,1949-01-01T00:00:00Z,uri,http://www.wikidata.org/entity/Q733,literal,,literal,,literal,,literal,http://www.wikidata.org/entity/Q5740815,literal,,pt,literal,"Organização de Estados Ibero-Americanos para a Educação, a Ciência e a Cultura",wd:Q419
111,uri,http://www.wikidata.org/entity/Q111475491,en,literal,Peisa,http://www.w3.org/2001/XMLSchema#dateTime,literal,1968-12-09T00:00:00Z,uri,http://www.wikidata.org/entity/Q419,literal,,literal,,literal,,literal,,literal,,,,,wd:Q419
112,uri,http://www.wikidata.org/entity/Q421023,en,literal,Organization of Ibero-American States,http://www.w3.org/2001/XMLSchema#dateTime,literal,1949-01-01T00:00:00Z,uri,http://www.wikidata.org/entity/Q96,literal,,literal,,literal,,literal,http://www.wikidata.org/entity/Q5740815,literal,,es,literal,"Organización de Estados Iberoamericanos para la Educación, la Ciencia y la Cultura",wd:Q419
113,uri,http://www.wikidata.org/entity/Q421023,en,literal,Organization of Ibero-American States,http://www.w3.org/2001/XMLSchema#dateTime,literal,1949-01-01T00:00:00Z,uri,http://www.wikidata.org/entity/Q786,literal,,literal,,literal,,literal,http://www.wikidata.org/entity/Q5740815,literal,,es,literal,"Organización de Estados Iberoamericanos para la Educación, la Ciencia y la Cultura",wd:Q419
114,uri,http://www.wikidata.org/entity/Q421023,en,literal,Organization of Ibero-American States,http://www.w3.org/2001/XMLSchema#dateTime,literal,1949-01-01T00:00:00Z,uri,http://www.wikidata.org/entity/Q739,literal,,literal,,literal,,literal,http://www.wikidata.org/entity/Q5740815,literal,,pt,literal,"Organização de Estados Ibero-Americanos para a Educação, a Ciência e a Cultura",wd:Q419
115,uri,http://www.wikidata.org/entity/Q421023,en,literal,Organization of Ibero-American States,http://www.w3.org/2001/XMLSchema#dateTime,literal,1949-01-01T00:00:00Z,uri,http://www.wikidata.org/entity/Q736,literal,,literal,,literal,,literal,http://www.wikidata.org/entity/Q5740815,literal,,pt,literal,"Organização de Estados Ibero-Americanos para a Educação, a Ciência e a Cultura",wd:Q419
116,uri,http://www.wikidata.org/entity/Q1117071,en,literal,Antenor Orrego Private University,http://www.w3.org/2001/XMLSchema#dateTime,literal,1988-01-01T00:00:00Z,uri,http://www.wikidata.org/entity/Q419,literal,,literal,,literal,,literal,,literal,,,,,wd:Q419
117,uri,http://www.wikidata.org/entity/Q29675,en,literal,University of Lima,http://www.w3.org/2001/XMLSchema#dateTime,literal,1962-04-25T00:00:00Z,uri,http://www.wikidata.org/entity/Q419,literal,,literal,,literal,,literal,,literal,,,,,wd:Q419
118,uri,http://www.wikidata.org/entity/Q603023,en,literal,CD Universidad César Vallejo,http://www.w3.org/2001/XMLSchema#dateTime,literal,1996-01-01T00:00:00Z,uri,http://www.wikidata.org/entity/Q419,literal,,literal,,literal,,literal,http://www.wikidata.org/entity/Q214173,literal,,,,,wd:Q419
119,uri,http://www.wikidata.org/entity/Q62564998,en,literal,Mifarma Perú,,,,uri,http://www.wikidata.org/entity/Q419,literal,,literal,,literal,,literal,,literal,,,,,wd:Q419
120,uri,http://www.wikidata.org/entity/Q1949576,en,literal,El Peruano,http://www.w3.org/2001/XMLSchema#dateTime,literal,1825-01-01T00:00:00Z,uri,http://www.wikidata.org/entity/Q419,literal,,literal,,literal,,literal,http://www.wikidata.org/entity/Q2868,literal,,,,,wd:Q419
