,business.type,business.value,businessLabel.xml:lang,businessLabel.type,businessLabel.value,origindate.datatype,origindate.type,origindate.value,country.type,country.value,industries.type,industries.value,ceos.type,ceos.value,chairs.type,chairs.value,hqs.type,hqs.value,groups.type,groups.value,officialname.xml:lang,officialname.type,officialname.value,employees.datatype,employees.type,employees.value,profit.datatype,profit.type,profit.value,assets.datatype,assets.type,assets.value,country
0,uri,http://www.wikidata.org/entity/Q18485899,en,literal,Sport Zone,http://www.w3.org/2001/XMLSchema#dateTime,literal,1997-01-01T00:00:00Z,uri,http://www.wikidata.org/entity/Q45,literal,,literal,,literal,,literal,,literal,,,,,,,,,,,,,,wd:Q45
1,uri,http://www.wikidata.org/entity/Q537886,en,literal,Portuguese Investment Bank,http://www.w3.org/2001/XMLSchema#dateTime,literal,1981-10-06T00:00:00Z,uri,http://www.wikidata.org/entity/Q45,literal,http://www.wikidata.org/entity/Q806718,literal,,literal,,literal,http://www.wikidata.org/entity/Q36433,literal,,,,,,,,,,,,,,wd:Q45
2,uri,http://www.wikidata.org/entity/Q421023,en,literal,Organization of Ibero-American States,http://www.w3.org/2001/XMLSchema#dateTime,literal,1949-01-01T00:00:00Z,uri,http://www.wikidata.org/entity/Q241,literal,,literal,,literal,,literal,http://www.wikidata.org/entity/Q5740815,literal,,pt,literal,"Organização de Estados Ibero-Americanos para a Educação, a Ciência e a Cultura",,,,,,,,,,wd:Q45
3,uri,http://www.wikidata.org/entity/Q111955747,en,literal,LX Filmes,,,,uri,http://www.wikidata.org/entity/Q45,literal,,literal,,literal,,literal,http://www.wikidata.org/entity/Q995188,literal,,,,,,,,,,,,,,wd:Q45
4,uri,http://www.wikidata.org/entity/Q421023,en,literal,Organization of Ibero-American States,http://www.w3.org/2001/XMLSchema#dateTime,literal,1949-01-01T00:00:00Z,uri,http://www.wikidata.org/entity/Q783,literal,,literal,,literal,,literal,http://www.wikidata.org/entity/Q5740815,literal,,pt,literal,"Organização de Estados Ibero-Americanos para a Educação, a Ciência e a Cultura",,,,,,,,,,wd:Q45
5,uri,http://www.wikidata.org/entity/Q639033,en,literal,Record,http://www.w3.org/2001/XMLSchema#dateTime,literal,1948-01-01T00:00:00Z,uri,http://www.wikidata.org/entity/Q45,literal,,literal,,literal,,literal,,literal,,,,,,,,,,,,,,wd:Q45
6,uri,http://www.wikidata.org/entity/Q62530421,en,literal,Prio,,,,uri,http://www.wikidata.org/entity/Q45,literal,,literal,,literal,,literal,,literal,,,,,,,,,,,,,,wd:Q45
7,uri,http://www.wikidata.org/entity/Q80368270,en,literal,Seixas Pharmacy,,,,uri,http://www.wikidata.org/entity/Q45,literal,,literal,,literal,,literal,,literal,,,,,,,,,,,,,,wd:Q45
8,uri,http://www.wikidata.org/entity/Q1492739,en,literal,Galp Energia,http://www.w3.org/2001/XMLSchema#dateTime,literal,1999-01-01T00:00:00Z,uri,http://www.wikidata.org/entity/Q45,literal,http://www.wikidata.org/entity/Q862571,literal,,literal,,literal,http://www.wikidata.org/entity/Q597,literal,,,,,,,,,,,,,,wd:Q45
9,uri,http://www.wikidata.org/entity/Q421023,en,literal,Organization of Ibero-American States,http://www.w3.org/2001/XMLSchema#dateTime,literal,1949-01-01T00:00:00Z,uri,http://www.wikidata.org/entity/Q983,literal,,literal,,literal,,literal,http://www.wikidata.org/entity/Q5740815,literal,,es,literal,"Organización de Estados Iberoamericanos para la Educación, la Ciencia y la Cultura",,,,,,,,,,wd:Q45
10,uri,http://www.wikidata.org/entity/Q421023,en,literal,Organization of Ibero-American States,http://www.w3.org/2001/XMLSchema#dateTime,literal,1949-01-01T00:00:00Z,uri,http://www.wikidata.org/entity/Q96,literal,,literal,,literal,,literal,http://www.wikidata.org/entity/Q5740815,literal,,pt,literal,"Organização de Estados Ibero-Americanos para a Educação, a Ciência e a Cultura",,,,,,,,,,wd:Q45
11,uri,http://www.wikidata.org/entity/Q421023,en,literal,Organization of Ibero-American States,http://www.w3.org/2001/XMLSchema#dateTime,literal,1949-01-01T00:00:00Z,uri,http://www.wikidata.org/entity/Q786,literal,,literal,,literal,,literal,http://www.wikidata.org/entity/Q5740815,literal,,pt,literal,"Organização de Estados Ibero-Americanos para a Educação, a Ciência e a Cultura",,,,,,,,,,wd:Q45
12,uri,http://www.wikidata.org/entity/Q1805857,en,literal,RS (Part of RS Group plc),http://www.w3.org/2001/XMLSchema#dateTime,literal,1937-01-01T00:00:00Z,uri,http://www.wikidata.org/entity/Q145,literal,,literal,,literal,,literal,http://www.wikidata.org/entity/Q994925,literal,,,,,http://www.w3.org/2001/XMLSchema#decimal,literal,380,,,,,,,wd:Q45
13,uri,http://www.wikidata.org/entity/Q100772991,en,literal,Golden Gate Grand Café,http://www.w3.org/2001/XMLSchema#dateTime,literal,1841-01-01T00:00:00Z,uri,http://www.wikidata.org/entity/Q45,literal,,literal,,literal,,literal,,literal,,,,,,,,,,,,,,wd:Q45
14,uri,http://www.wikidata.org/entity/Q56642929,en,literal,Colinatrum,,,,uri,http://www.wikidata.org/entity/Q45,literal,,literal,,literal,,literal,,literal,,,,,,,,,,,,,,wd:Q45
15,uri,http://www.wikidata.org/entity/Q421023,en,literal,Organization of Ibero-American States,http://www.w3.org/2001/XMLSchema#dateTime,literal,1949-01-01T00:00:00Z,uri,http://www.wikidata.org/entity/Q155,literal,,literal,,literal,,literal,http://www.wikidata.org/entity/Q5740815,literal,,es,literal,"Organización de Estados Iberoamericanos para la Educación, la Ciencia y la Cultura",,,,,,,,,,wd:Q45
16,uri,http://www.wikidata.org/entity/Q110628123,en,literal,Hilton Porto Gaia,http://www.w3.org/2001/XMLSchema#dateTime,literal,2021-09-20T00:00:00Z,uri,http://www.wikidata.org/entity/Q45,literal,,literal,,literal,,literal,,literal,,en,literal,Hilton Porto Gaia,,,,,,,,,,wd:Q45
17,uri,http://www.wikidata.org/entity/Q104248052,,literal,Q104248052,,,,uri,http://www.wikidata.org/entity/Q45,literal,,literal,,literal,,literal,,literal,,,,,,,,,,,,,,wd:Q45
18,uri,http://www.wikidata.org/entity/Q114102189,en,literal,Celeiro (bio market),http://www.w3.org/2001/XMLSchema#dateTime,literal,1974-01-01T00:00:00Z,uri,http://www.wikidata.org/entity/Q45,literal,http://www.wikidata.org/entity/Q18043413,literal,,literal,,literal,http://www.wikidata.org/entity/Q597,literal,,,,,,,,,,,,,,wd:Q45
19,uri,http://www.wikidata.org/entity/Q421023,en,literal,Organization of Ibero-American States,http://www.w3.org/2001/XMLSchema#dateTime,literal,1949-01-01T00:00:00Z,uri,http://www.wikidata.org/entity/Q792,literal,,literal,,literal,,literal,http://www.wikidata.org/entity/Q5740815,literal,,pt,literal,"Organização de Estados Ibero-Americanos para a Educação, a Ciência e a Cultura",,,,,,,,,,wd:Q45
20,uri,http://www.wikidata.org/entity/Q806190,en,literal,Banco Nacional Ultramarino,http://www.w3.org/2001/XMLSchema#dateTime,literal,1864-01-01T00:00:00Z,uri,http://www.wikidata.org/entity/Q45,literal,"http://www.wikidata.org/entity/Q29584334, http://www.wikidata.org/entity/Q1416657",literal,,literal,,literal,http://www.wikidata.org/entity/Q14773,literal,,,,,,,,,,,,,,wd:Q45
21,uri,http://www.wikidata.org/entity/Q16271808,,literal,Q16271808,http://www.w3.org/2001/XMLSchema#dateTime,literal,2001-01-01T00:00:00Z,uri,http://www.wikidata.org/entity/Q45,literal,,literal,,literal,,literal,,literal,,,,,,,,,,,,,,wd:Q45
22,uri,http://www.wikidata.org/entity/Q41171373,en,literal,ALDI Nord,http://www.w3.org/2001/XMLSchema#dateTime,literal,1960-01-01T00:00:00Z,uri,http://www.wikidata.org/entity/Q142,literal,http://www.wikidata.org/entity/Q126793,literal,,literal,,literal,http://www.wikidata.org/entity/Q2066,literal,http://www.wikidata.org/entity/Q125054,,,,,,,,,,,,,wd:Q45
23,uri,http://www.wikidata.org/entity/Q1805857,en,literal,RS (Part of RS Group plc),http://www.w3.org/2001/XMLSchema#dateTime,literal,1937-01-01T00:00:00Z,uri,http://www.wikidata.org/entity/Q79918,literal,,literal,,literal,,literal,http://www.wikidata.org/entity/Q994925,literal,,,,,http://www.w3.org/2001/XMLSchema#decimal,literal,380,,,,,,,wd:Q45
24,uri,http://www.wikidata.org/entity/Q1550912,en,literal,GMV Innovating Solutions,http://www.w3.org/2001/XMLSchema#dateTime,literal,1984-01-01T00:00:00Z,uri,http://www.wikidata.org/entity/Q142,literal,"http://www.wikidata.org/entity/Q5268834, http://www.wikidata.org/entity/Q3510521, http://www.wikidata.org/entity/Q3477363, http://www.wikidata.org/entity/Q2729047, http://www.wikidata.org/entity/Q508378, http://www.wikidata.org/entity/Q190117",literal,"http://www.wikidata.org/entity/Q26637897, http://www.wikidata.org/entity/Q26638506",literal,http://www.wikidata.org/entity/Q26639858,literal,http://www.wikidata.org/entity/Q910410,literal,,es,literal,GMV Innovating Solutions,http://www.w3.org/2001/XMLSchema#decimal,literal,2176,http://www.w3.org/2001/XMLSchema#decimal,literal,6308317.74,,,,wd:Q45
25,uri,http://www.wikidata.org/entity/Q421023,en,literal,Organization of Ibero-American States,http://www.w3.org/2001/XMLSchema#dateTime,literal,1949-01-01T00:00:00Z,uri,http://www.wikidata.org/entity/Q800,literal,,literal,,literal,,literal,http://www.wikidata.org/entity/Q5740815,literal,,pt,literal,"Organização de Estados Ibero-Americanos para a Educação, a Ciência e a Cultura",,,,,,,,,,wd:Q45
26,uri,http://www.wikidata.org/entity/Q1129197,en,literal,Global Media Group,http://www.w3.org/2001/XMLSchema#dateTime,literal,2005-01-01T00:00:00Z,uri,http://www.wikidata.org/entity/Q45,literal,http://www.wikidata.org/entity/Q872,literal,,literal,,literal,http://www.wikidata.org/entity/Q597,literal,,,,,,,,,,,,,,wd:Q45
27,uri,http://www.wikidata.org/entity/Q3042224,en,literal,Minipreço,,,,uri,http://www.wikidata.org/entity/Q45,literal,http://www.wikidata.org/entity/Q126793,literal,,literal,,literal,http://www.wikidata.org/entity/Q45,literal,,,,,,,,,,,,,,wd:Q45
28,uri,http://www.wikidata.org/entity/Q984153,en,literal,Diário Económico,http://www.w3.org/2001/XMLSchema#dateTime,literal,1989-01-01T00:00:00Z,uri,http://www.wikidata.org/entity/Q45,literal,,literal,,literal,,literal,http://www.wikidata.org/entity/Q597,literal,,,,,,,,,,,,,,wd:Q45
29,uri,http://www.wikidata.org/entity/Q113951278,en,literal,A Padaria Portuguesa,http://www.w3.org/2001/XMLSchema#dateTime,literal,2010-01-01T00:00:00Z,uri,http://www.wikidata.org/entity/Q45,literal,http://www.wikidata.org/entity/Q63869263,literal,,literal,,literal,http://www.wikidata.org/entity/Q597,literal,,,,,,,,,,,,,,wd:Q45
30,uri,http://www.wikidata.org/entity/Q421023,en,literal,Organization of Ibero-American States,http://www.w3.org/2001/XMLSchema#dateTime,literal,1949-01-01T00:00:00Z,uri,http://www.wikidata.org/entity/Q804,literal,,literal,,literal,,literal,http://www.wikidata.org/entity/Q5740815,literal,,pt,literal,"Organização de Estados Ibero-Americanos para a Educação, a Ciência e a Cultura",,,,,,,,,,wd:Q45
31,uri,http://www.wikidata.org/entity/Q1550912,en,literal,GMV Innovating Solutions,http://www.w3.org/2001/XMLSchema#dateTime,literal,1984-01-01T00:00:00Z,uri,http://www.wikidata.org/entity/Q145,literal,"http://www.wikidata.org/entity/Q5268834, http://www.wikidata.org/entity/Q3510521, http://www.wikidata.org/entity/Q3477363, http://www.wikidata.org/entity/Q2729047, http://www.wikidata.org/entity/Q508378, http://www.wikidata.org/entity/Q190117",literal,"http://www.wikidata.org/entity/Q26637897, http://www.wikidata.org/entity/Q26638506",literal,http://www.wikidata.org/entity/Q26639858,literal,http://www.wikidata.org/entity/Q910410,literal,,es,literal,GMV Innovating Solutions,http://www.w3.org/2001/XMLSchema#decimal,literal,2176,http://www.w3.org/2001/XMLSchema#decimal,literal,6308317.74,,,,wd:Q45
32,uri,http://www.wikidata.org/entity/Q109245704,en,literal,Serrote Publishing,,,,uri,http://www.wikidata.org/entity/Q45,literal,http://www.wikidata.org/entity/Q3972943,literal,,literal,,literal,http://www.wikidata.org/entity/Q49344139,literal,,,,,,,,,,,,,,wd:Q45
33,uri,http://www.wikidata.org/entity/Q1024518,en,literal,"CTT Correios de Portugal, S.A.",http://www.w3.org/2001/XMLSchema#dateTime,literal,1520-11-16T00:00:00Z,uri,http://www.wikidata.org/entity/Q45,literal,http://www.wikidata.org/entity/Q49845,literal,,literal,,literal,http://www.wikidata.org/entity/Q597,literal,,,,,,,,,,,,,,wd:Q45
34,uri,http://www.wikidata.org/entity/Q421023,en,literal,Organization of Ibero-American States,http://www.w3.org/2001/XMLSchema#dateTime,literal,1949-01-01T00:00:00Z,uri,http://www.wikidata.org/entity/Q811,literal,,literal,,literal,,literal,http://www.wikidata.org/entity/Q5740815,literal,,pt,literal,"Organização de Estados Ibero-Americanos para a Educação, a Ciência e a Cultura",,,,,,,,,,wd:Q45
35,uri,http://www.wikidata.org/entity/Q29673,en,literal,University of Minho,http://www.w3.org/2001/XMLSchema#dateTime,literal,1973-08-11T00:00:00Z,uri,http://www.wikidata.org/entity/Q45,literal,,literal,,literal,,literal,,literal,http://www.wikidata.org/entity/Q109496576,,,,,,,,,,,,,wd:Q45
36,uri,http://www.wikidata.org/entity/Q3562042,en,literal,Vodafone Portugal,http://www.w3.org/2001/XMLSchema#dateTime,literal,1992-01-01T00:00:00Z,uri,http://www.wikidata.org/entity/Q45,literal,"http://www.wikidata.org/entity/Q56598901, http://www.wikidata.org/entity/Q25245117",literal,,literal,,literal,http://www.wikidata.org/entity/Q597,literal,,,,,,,,,,,,,,wd:Q45
37,uri,http://www.wikidata.org/entity/Q842108,en,literal,Euronext,http://www.w3.org/2001/XMLSchema#dateTime,literal,2000-09-22T00:00:00Z,uri,http://www.wikidata.org/entity/Q142,literal,"http://www.wikidata.org/entity/Q112166008, http://www.wikidata.org/entity/Q837171",literal,http://www.wikidata.org/entity/Q33290562,literal,,literal,"http://www.wikidata.org/entity/Q53865133, http://www.wikidata.org/entity/Q90",literal,,nl,literal,Euronext N.V.,http://www.w3.org/2001/XMLSchema#decimal,literal,2129,,,,,,,wd:Q45
38,uri,http://www.wikidata.org/entity/Q25420839,en,literal,Design Centre Nini Andrade Silva,http://www.w3.org/2001/XMLSchema#dateTime,literal,2015-10-22T00:00:00Z,uri,http://www.wikidata.org/entity/Q45,literal,,literal,,literal,,literal,,literal,,,,,,,,,,,,,,wd:Q45
39,uri,http://www.wikidata.org/entity/Q421023,en,literal,Organization of Ibero-American States,http://www.w3.org/2001/XMLSchema#dateTime,literal,1949-01-01T00:00:00Z,uri,http://www.wikidata.org/entity/Q414,literal,,literal,,literal,,literal,http://www.wikidata.org/entity/Q5740815,literal,,es,literal,"Organización de Estados Iberoamericanos para la Educación, la Ciencia y la Cultura",,,,,,,,,,wd:Q45
40,uri,http://www.wikidata.org/entity/Q421023,en,literal,Organization of Ibero-American States,http://www.w3.org/2001/XMLSchema#dateTime,literal,1949-01-01T00:00:00Z,uri,http://www.wikidata.org/entity/Q29,literal,,literal,,literal,,literal,http://www.wikidata.org/entity/Q5740815,literal,,es,literal,"Organización de Estados Iberoamericanos para la Educación, la Ciencia y la Cultura",,,,,,,,,,wd:Q45
41,uri,http://www.wikidata.org/entity/Q846725,en,literal,University of Beira Interior,http://www.w3.org/2001/XMLSchema#dateTime,literal,1979-01-01T00:00:00Z,uri,http://www.wikidata.org/entity/Q45,literal,,literal,,literal,,literal,,literal,,,,,,,,,,,,,,wd:Q45
42,uri,http://www.wikidata.org/entity/Q421023,en,literal,Organization of Ibero-American States,http://www.w3.org/2001/XMLSchema#dateTime,literal,1949-01-01T00:00:00Z,uri,http://www.wikidata.org/entity/Q419,literal,,literal,,literal,,literal,http://www.wikidata.org/entity/Q5740815,literal,,es,literal,"Organización de Estados Iberoamericanos para la Educación, la Ciencia y la Cultura",,,,,,,,,,wd:Q45
43,uri,http://www.wikidata.org/entity/Q113599655,en,literal,Global Citizen Solutions,http://www.w3.org/2001/XMLSchema#dateTime,literal,2017-01-01T00:00:00Z,uri,http://www.wikidata.org/entity/Q45,literal,http://www.wikidata.org/entity/Q837171,literal,,literal,,literal,,literal,,,,,,,,,,,,,,wd:Q45
44,uri,http://www.wikidata.org/entity/Q421023,en,literal,Organization of Ibero-American States,http://www.w3.org/2001/XMLSchema#dateTime,literal,1949-01-01T00:00:00Z,uri,http://www.wikidata.org/entity/Q717,literal,,literal,,literal,,literal,http://www.wikidata.org/entity/Q5740815,literal,,es,literal,"Organización de Estados Iberoamericanos para la Educación, la Ciencia y la Cultura",,,,,,,,,,wd:Q45
45,uri,http://www.wikidata.org/entity/Q1805857,en,literal,RS (Part of RS Group plc),http://www.w3.org/2001/XMLSchema#dateTime,literal,1937-01-01T00:00:00Z,uri,http://www.wikidata.org/entity/Q183,literal,,literal,,literal,,literal,http://www.wikidata.org/entity/Q994925,literal,,,,,http://www.w3.org/2001/XMLSchema#decimal,literal,380,,,,,,,wd:Q45
46,uri,http://www.wikidata.org/entity/Q1143588,en,literal,Lusa news agency,http://www.w3.org/2001/XMLSchema#dateTime,literal,1986-12-12T00:00:00Z,uri,http://www.wikidata.org/entity/Q45,literal,http://www.wikidata.org/entity/Q192283,literal,,literal,,literal,http://www.wikidata.org/entity/Q597,literal,,,,,,,,,,,,,,wd:Q45
47,uri,http://www.wikidata.org/entity/Q107580110,en,literal,Pé na Água,,,,uri,http://www.wikidata.org/entity/Q45,literal,,literal,,literal,,literal,,literal,,,,,,,,,,,,,,wd:Q45
48,uri,http://www.wikidata.org/entity/Q10302635,en,literal,Polytechnic Institute of Bragança,http://www.w3.org/2001/XMLSchema#dateTime,literal,1983-01-01T00:00:00Z,uri,http://www.wikidata.org/entity/Q45,literal,,literal,,literal,,literal,,literal,,,,,,,,,,,,,,wd:Q45
49,uri,http://www.wikidata.org/entity/Q10302678,en,literal,Instituto Superior Miguel Torga,http://www.w3.org/2001/XMLSchema#dateTime,literal,1937-01-01T00:00:00Z,uri,http://www.wikidata.org/entity/Q45,literal,,literal,,literal,,literal,,literal,,pt,literal,Instituto Superior Miguel Torga,,,,,,,,,,wd:Q45
50,uri,http://www.wikidata.org/entity/Q10267615,en,literal,Diário de Notícias,http://www.w3.org/2001/XMLSchema#dateTime,literal,1876-10-11T00:00:00Z,uri,http://www.wikidata.org/entity/Q45,literal,,literal,,literal,,literal,http://www.wikidata.org/entity/Q99658778,literal,,,,,,,,,,,,,,wd:Q45
51,uri,http://www.wikidata.org/entity/Q1026044,en,literal,Caixa Geral de Depósitos,http://www.w3.org/2001/XMLSchema#dateTime,literal,1876-01-01T00:00:00Z,uri,http://www.wikidata.org/entity/Q45,literal,"http://www.wikidata.org/entity/Q29584334, http://www.wikidata.org/entity/Q1416657, http://www.wikidata.org/entity/Q837171, http://www.wikidata.org/entity/Q806718",literal,,literal,,literal,http://www.wikidata.org/entity/Q104119937,literal,,,,,,,,,,,,,,wd:Q45
52,uri,http://www.wikidata.org/entity/Q421023,en,literal,Organization of Ibero-American States,http://www.w3.org/2001/XMLSchema#dateTime,literal,1949-01-01T00:00:00Z,uri,http://www.wikidata.org/entity/Q983,literal,,literal,,literal,,literal,http://www.wikidata.org/entity/Q5740815,literal,,pt,literal,"Organização de Estados Ibero-Americanos para a Educação, a Ciência e a Cultura",,,,,,,,,,wd:Q45
53,uri,http://www.wikidata.org/entity/Q111908506,en,literal,GEOSAT,,,,uri,http://www.wikidata.org/entity/Q45,literal,http://www.wikidata.org/entity/Q2729047,literal,,literal,,literal,,literal,,,,,,,,,,,,,,wd:Q45
54,uri,http://www.wikidata.org/entity/Q421023,en,literal,Organization of Ibero-American States,http://www.w3.org/2001/XMLSchema#dateTime,literal,1949-01-01T00:00:00Z,uri,http://www.wikidata.org/entity/Q1183,literal,,literal,,literal,,literal,http://www.wikidata.org/entity/Q5740815,literal,,es,literal,"Organización de Estados Iberoamericanos para la Educación, la Ciencia y la Cultura",,,,,,,,,,wd:Q45
55,uri,http://www.wikidata.org/entity/Q80116485,en,literal,Landka,http://www.w3.org/2001/XMLSchema#dateTime,literal,2010-01-01T00:00:00Z,uri,http://www.wikidata.org/entity/Q45,literal,"http://www.wikidata.org/entity/Q2085381, http://www.wikidata.org/entity/Q1068473, http://www.wikidata.org/entity/Q941594, http://www.wikidata.org/entity/Q880371",literal,,literal,,literal,,literal,,,,,,,,,,,,,,wd:Q45
56,uri,http://www.wikidata.org/entity/Q421023,en,literal,Organization of Ibero-American States,http://www.w3.org/2001/XMLSchema#dateTime,literal,1949-01-01T00:00:00Z,uri,http://www.wikidata.org/entity/Q45,literal,,literal,,literal,,literal,http://www.wikidata.org/entity/Q5740815,literal,,es,literal,"Organización de Estados Iberoamericanos para la Educación, la Ciencia y la Cultura",,,,,,,,,,wd:Q45
57,uri,http://www.wikidata.org/entity/Q1231835,en,literal,Diário As Beiras,http://www.w3.org/2001/XMLSchema#dateTime,literal,1986-01-01T00:00:00Z,uri,http://www.wikidata.org/entity/Q45,literal,,literal,,literal,,literal,,literal,,,,,,,,,,,,,,wd:Q45
58,uri,http://www.wikidata.org/entity/Q421023,en,literal,Organization of Ibero-American States,http://www.w3.org/2001/XMLSchema#dateTime,literal,1949-01-01T00:00:00Z,uri,http://www.wikidata.org/entity/Q733,literal,,literal,,literal,,literal,http://www.wikidata.org/entity/Q5740815,literal,,es,literal,"Organización de Estados Iberoamericanos para la Educación, la Ciencia y la Cultura",,,,,,,,,,wd:Q45
59,uri,http://www.wikidata.org/entity/Q60182464,en,literal,Tuhkana Swimwear,http://www.w3.org/2001/XMLSchema#dateTime,literal,2015-01-01T00:00:00Z,uri,http://www.wikidata.org/entity/Q30,literal,"http://www.wikidata.org/entity/Q7223116, http://www.wikidata.org/entity/Q11460",literal,,literal,,literal,,literal,,,,,,,,,,,,,,wd:Q45
60,uri,http://www.wikidata.org/entity/Q1550912,en,literal,GMV Innovating Solutions,http://www.w3.org/2001/XMLSchema#dateTime,literal,1984-01-01T00:00:00Z,uri,http://www.wikidata.org/entity/Q30,literal,"http://www.wikidata.org/entity/Q5268834, http://www.wikidata.org/entity/Q3510521, http://www.wikidata.org/entity/Q3477363, http://www.wikidata.org/entity/Q2729047, http://www.wikidata.org/entity/Q508378, http://www.wikidata.org/entity/Q190117",literal,"http://www.wikidata.org/entity/Q26637897, http://www.wikidata.org/entity/Q26638506",literal,http://www.wikidata.org/entity/Q26639858,literal,http://www.wikidata.org/entity/Q910410,literal,,es,literal,GMV Innovating Solutions,http://www.w3.org/2001/XMLSchema#decimal,literal,2176,http://www.w3.org/2001/XMLSchema#decimal,literal,6308317.74,,,,wd:Q45
61,uri,http://www.wikidata.org/entity/Q41171373,en,literal,ALDI Nord,http://www.w3.org/2001/XMLSchema#dateTime,literal,1960-01-01T00:00:00Z,uri,http://www.wikidata.org/entity/Q31,literal,http://www.wikidata.org/entity/Q126793,literal,,literal,,literal,http://www.wikidata.org/entity/Q2066,literal,http://www.wikidata.org/entity/Q125054,,,,,,,,,,,,,wd:Q45
62,uri,http://www.wikidata.org/entity/Q421023,en,literal,Organization of Ibero-American States,http://www.w3.org/2001/XMLSchema#dateTime,literal,1949-01-01T00:00:00Z,uri,http://www.wikidata.org/entity/Q155,literal,,literal,,literal,,literal,http://www.wikidata.org/entity/Q5740815,literal,,pt,literal,"Organização de Estados Ibero-Americanos para a Educação, a Ciência e a Cultura",,,,,,,,,,wd:Q45
63,uri,http://www.wikidata.org/entity/Q1805857,en,literal,RS (Part of RS Group plc),http://www.w3.org/2001/XMLSchema#dateTime,literal,1937-01-01T00:00:00Z,uri,http://www.wikidata.org/entity/Q45,literal,,literal,,literal,,literal,http://www.wikidata.org/entity/Q994925,literal,,,,,http://www.w3.org/2001/XMLSchema#decimal,literal,380,,,,,,,wd:Q45
64,uri,http://www.wikidata.org/entity/Q107566718,en,literal,Atelier Central,http://www.w3.org/2001/XMLSchema#dateTime,literal,1996-01-01T00:00:00Z,uri,http://www.wikidata.org/entity/Q45,literal,,literal,,literal,,literal,http://www.wikidata.org/entity/Q597,literal,,,,,,,,,,,,,,wd:Q45
65,uri,http://www.wikidata.org/entity/Q421023,en,literal,Organization of Ibero-American States,http://www.w3.org/2001/XMLSchema#dateTime,literal,1949-01-01T00:00:00Z,uri,http://www.wikidata.org/entity/Q739,literal,,literal,,literal,,literal,http://www.wikidata.org/entity/Q5740815,literal,,es,literal,"Organización de Estados Iberoamericanos para la Educación, la Ciencia y la Cultura",,,,,,,,,,wd:Q45
66,uri,http://www.wikidata.org/entity/Q421023,en,literal,Organization of Ibero-American States,http://www.w3.org/2001/XMLSchema#dateTime,literal,1949-01-01T00:00:00Z,uri,http://www.wikidata.org/entity/Q736,literal,,literal,,literal,,literal,http://www.wikidata.org/entity/Q5740815,literal,,es,literal,"Organización de Estados Iberoamericanos para la Educación, la Ciencia y la Cultura",,,,,,,,,,wd:Q45
67,uri,http://www.wikidata.org/entity/Q41171373,en,literal,ALDI Nord,http://www.w3.org/2001/XMLSchema#dateTime,literal,1960-01-01T00:00:00Z,uri,http://www.wikidata.org/entity/Q183,literal,http://www.wikidata.org/entity/Q126793,literal,,literal,,literal,http://www.wikidata.org/entity/Q2066,literal,http://www.wikidata.org/entity/Q125054,,,,,,,,,,,,,wd:Q45
68,uri,http://www.wikidata.org/entity/Q41171373,en,literal,ALDI Nord,http://www.w3.org/2001/XMLSchema#dateTime,literal,1960-01-01T00:00:00Z,uri,http://www.wikidata.org/entity/Q29,literal,http://www.wikidata.org/entity/Q126793,literal,,literal,,literal,http://www.wikidata.org/entity/Q2066,literal,http://www.wikidata.org/entity/Q125054,,,,,,,,,,,,,wd:Q45
69,uri,http://www.wikidata.org/entity/Q1550912,en,literal,GMV Innovating Solutions,http://www.w3.org/2001/XMLSchema#dateTime,literal,1984-01-01T00:00:00Z,uri,http://www.wikidata.org/entity/Q183,literal,"http://www.wikidata.org/entity/Q5268834, http://www.wikidata.org/entity/Q3510521, http://www.wikidata.org/entity/Q3477363, http://www.wikidata.org/entity/Q2729047, http://www.wikidata.org/entity/Q508378, http://www.wikidata.org/entity/Q190117",literal,"http://www.wikidata.org/entity/Q26637897, http://www.wikidata.org/entity/Q26638506",literal,http://www.wikidata.org/entity/Q26639858,literal,http://www.wikidata.org/entity/Q910410,literal,,es,literal,GMV Innovating Solutions,http://www.w3.org/2001/XMLSchema#decimal,literal,2176,http://www.w3.org/2001/XMLSchema#decimal,literal,6308317.74,,,,wd:Q45
70,uri,http://www.wikidata.org/entity/Q1550912,en,literal,GMV Innovating Solutions,http://www.w3.org/2001/XMLSchema#dateTime,literal,1984-01-01T00:00:00Z,uri,http://www.wikidata.org/entity/Q29,literal,"http://www.wikidata.org/entity/Q5268834, http://www.wikidata.org/entity/Q3510521, http://www.wikidata.org/entity/Q3477363, http://www.wikidata.org/entity/Q2729047, http://www.wikidata.org/entity/Q508378, http://www.wikidata.org/entity/Q190117",literal,"http://www.wikidata.org/entity/Q26637897, http://www.wikidata.org/entity/Q26638506",literal,http://www.wikidata.org/entity/Q26639858,literal,http://www.wikidata.org/entity/Q910410,literal,,es,literal,GMV Innovating Solutions,http://www.w3.org/2001/XMLSchema#decimal,literal,2176,http://www.w3.org/2001/XMLSchema#decimal,literal,6308317.74,,,,wd:Q45
71,uri,http://www.wikidata.org/entity/Q1408210,en,literal,Fertagus,http://www.w3.org/2001/XMLSchema#dateTime,literal,1999-01-01T00:00:00Z,uri,http://www.wikidata.org/entity/Q45,literal,,literal,,literal,,literal,http://www.wikidata.org/entity/Q328015,literal,,,,,,,,,,,,,,wd:Q45
72,uri,http://www.wikidata.org/entity/Q5099111,en,literal,Chilltime,http://www.w3.org/2001/XMLSchema#dateTime,literal,2007-02-01T00:00:00Z,uri,http://www.wikidata.org/entity/Q45,literal,,literal,,literal,,literal,http://www.wikidata.org/entity/Q926700,literal,,,,,,,,,,,,,,wd:Q45
73,uri,http://www.wikidata.org/entity/Q41171373,en,literal,ALDI Nord,http://www.w3.org/2001/XMLSchema#dateTime,literal,1960-01-01T00:00:00Z,uri,http://www.wikidata.org/entity/Q35,literal,http://www.wikidata.org/entity/Q126793,literal,,literal,,literal,http://www.wikidata.org/entity/Q2066,literal,http://www.wikidata.org/entity/Q125054,,,,,,,,,,,,,wd:Q45
74,uri,http://www.wikidata.org/entity/Q1862842,en,literal,Redes Energéticas Nacionais,http://www.w3.org/2001/XMLSchema#dateTime,literal,1994-01-01T00:00:00Z,uri,http://www.wikidata.org/entity/Q45,literal,http://www.wikidata.org/entity/Q112046,literal,,literal,,literal,http://www.wikidata.org/entity/Q597,literal,,,,,http://www.w3.org/2001/XMLSchema#decimal,literal,641,,,,,,,wd:Q45
75,uri,http://www.wikidata.org/entity/Q41171373,en,literal,ALDI Nord,http://www.w3.org/2001/XMLSchema#dateTime,literal,1960-01-01T00:00:00Z,uri,http://www.wikidata.org/entity/Q32,literal,http://www.wikidata.org/entity/Q126793,literal,,literal,,literal,http://www.wikidata.org/entity/Q2066,literal,http://www.wikidata.org/entity/Q125054,,,,,,,,,,,,,wd:Q45
76,uri,http://www.wikidata.org/entity/Q842108,en,literal,Euronext,http://www.w3.org/2001/XMLSchema#dateTime,literal,2000-09-22T00:00:00Z,uri,http://www.wikidata.org/entity/Q20,literal,"http://www.wikidata.org/entity/Q112166008, http://www.wikidata.org/entity/Q837171",literal,http://www.wikidata.org/entity/Q33290562,literal,,literal,"http://www.wikidata.org/entity/Q53865133, http://www.wikidata.org/entity/Q90",literal,,nl,literal,Euronext N.V.,http://www.w3.org/2001/XMLSchema#decimal,literal,2129,,,,,,,wd:Q45
77,uri,http://www.wikidata.org/entity/Q3306167,en,literal,MEO,http://www.w3.org/2001/XMLSchema#dateTime,literal,2007-06-01T00:00:00Z,uri,http://www.wikidata.org/entity/Q45,literal,,literal,,literal,,literal,http://www.wikidata.org/entity/Q597,literal,,,,,,,,,,,,,,wd:Q45
78,uri,http://www.wikidata.org/entity/Q842108,en,literal,Euronext,http://www.w3.org/2001/XMLSchema#dateTime,literal,2000-09-22T00:00:00Z,uri,http://www.wikidata.org/entity/Q27,literal,"http://www.wikidata.org/entity/Q112166008, http://www.wikidata.org/entity/Q837171",literal,http://www.wikidata.org/entity/Q33290562,literal,,literal,"http://www.wikidata.org/entity/Q53865133, http://www.wikidata.org/entity/Q90",literal,,nl,literal,Euronext N.V.,http://www.w3.org/2001/XMLSchema#decimal,literal,2129,,,,,,,wd:Q45
79,uri,http://www.wikidata.org/entity/Q41171373,en,literal,ALDI Nord,http://www.w3.org/2001/XMLSchema#dateTime,literal,1960-01-01T00:00:00Z,uri,http://www.wikidata.org/entity/Q36,literal,http://www.wikidata.org/entity/Q126793,literal,,literal,,literal,http://www.wikidata.org/entity/Q2066,literal,http://www.wikidata.org/entity/Q125054,,,,,,,,,,,,,wd:Q45
80,uri,http://www.wikidata.org/entity/Q1550912,en,literal,GMV Innovating Solutions,http://www.w3.org/2001/XMLSchema#dateTime,literal,1984-01-01T00:00:00Z,uri,http://www.wikidata.org/entity/Q36,literal,"http://www.wikidata.org/entity/Q5268834, http://www.wikidata.org/entity/Q3510521, http://www.wikidata.org/entity/Q3477363, http://www.wikidata.org/entity/Q2729047, http://www.wikidata.org/entity/Q508378, http://www.wikidata.org/entity/Q190117",literal,"http://www.wikidata.org/entity/Q26637897, http://www.wikidata.org/entity/Q26638506",literal,http://www.wikidata.org/entity/Q26639858,literal,http://www.wikidata.org/entity/Q910410,literal,,es,literal,GMV Innovating Solutions,http://www.w3.org/2001/XMLSchema#decimal,literal,2176,http://www.w3.org/2001/XMLSchema#decimal,literal,6308317.74,,,,wd:Q45
81,uri,http://www.wikidata.org/entity/Q421023,en,literal,Organization of Ibero-American States,http://www.w3.org/2001/XMLSchema#dateTime,literal,1949-01-01T00:00:00Z,uri,http://www.wikidata.org/entity/Q298,literal,,literal,,literal,,literal,http://www.wikidata.org/entity/Q5740815,literal,,es,literal,"Organización de Estados Iberoamericanos para la Educación, la Ciencia y la Cultura",,,,,,,,,,wd:Q45
82,uri,http://www.wikidata.org/entity/Q2886844,en,literal,ISCTE – Lisbon University Institute,http://www.w3.org/2001/XMLSchema#dateTime,literal,1972-01-01T00:00:00Z,uri,http://www.wikidata.org/entity/Q45,literal,,literal,,literal,,literal,http://www.wikidata.org/entity/Q597,literal,,,,,,,,,,,,,,wd:Q45
83,uri,http://www.wikidata.org/entity/Q421023,en,literal,Organization of Ibero-American States,http://www.w3.org/2001/XMLSchema#dateTime,literal,1949-01-01T00:00:00Z,uri,http://www.wikidata.org/entity/Q750,literal,,literal,,literal,,literal,http://www.wikidata.org/entity/Q5740815,literal,,es,literal,"Organización de Estados Iberoamericanos para la Educación, la Ciencia y la Cultura",,,,,,,,,,wd:Q45
84,uri,http://www.wikidata.org/entity/Q107413625,,literal,Q107413625,http://www.w3.org/2001/XMLSchema#dateTime,literal,1855-01-01T00:00:00Z,uri,http://www.wikidata.org/entity/Q45,literal,,literal,,literal,,literal,,literal,,,,,,,,,,,,,,wd:Q45
85,uri,http://www.wikidata.org/entity/Q1341222,en,literal,Energias de Portugal,http://www.w3.org/2001/XMLSchema#dateTime,literal,1976-01-01T00:00:00Z,uri,http://www.wikidata.org/entity/Q45,literal,http://www.wikidata.org/entity/Q1326624,literal,,literal,,literal,http://www.wikidata.org/entity/Q597,literal,,,,,,,,,,,,,,wd:Q45
86,uri,http://www.wikidata.org/entity/Q842108,en,literal,Euronext,http://www.w3.org/2001/XMLSchema#dateTime,literal,2000-09-22T00:00:00Z,uri,http://www.wikidata.org/entity/Q31,literal,"http://www.wikidata.org/entity/Q112166008, http://www.wikidata.org/entity/Q837171",literal,http://www.wikidata.org/entity/Q33290562,literal,,literal,"http://www.wikidata.org/entity/Q53865133, http://www.wikidata.org/entity/Q90",literal,,nl,literal,Euronext N.V.,http://www.w3.org/2001/XMLSchema#decimal,literal,2129,,,,,,,wd:Q45
87,uri,http://www.wikidata.org/entity/Q82497138,en,literal,Probely,http://www.w3.org/2001/XMLSchema#dateTime,literal,2016-01-01T00:00:00Z,uri,http://www.wikidata.org/entity/Q45,literal,,literal,,literal,,literal,,literal,,,,,,,,,,,,,,wd:Q45
88,uri,http://www.wikidata.org/entity/Q64845961,en,literal,Conrad Algarve,http://www.w3.org/2001/XMLSchema#dateTime,literal,2012-09-26T00:00:00Z,uri,http://www.wikidata.org/entity/Q45,literal,,literal,,literal,,literal,,literal,,en,literal,Conrad Algarve,,,,,,,,,,wd:Q45
89,uri,http://www.wikidata.org/entity/Q842108,en,literal,Euronext,http://www.w3.org/2001/XMLSchema#dateTime,literal,2000-09-22T00:00:00Z,uri,http://www.wikidata.org/entity/Q35,literal,"http://www.wikidata.org/entity/Q112166008, http://www.wikidata.org/entity/Q837171",literal,http://www.wikidata.org/entity/Q33290562,literal,,literal,"http://www.wikidata.org/entity/Q53865133, http://www.wikidata.org/entity/Q90",literal,,nl,literal,Euronext N.V.,http://www.w3.org/2001/XMLSchema#decimal,literal,2129,,,,,,,wd:Q45
90,uri,http://www.wikidata.org/entity/Q41171373,en,literal,ALDI Nord,http://www.w3.org/2001/XMLSchema#dateTime,literal,1960-01-01T00:00:00Z,uri,http://www.wikidata.org/entity/Q45,literal,http://www.wikidata.org/entity/Q126793,literal,,literal,,literal,http://www.wikidata.org/entity/Q2066,literal,http://www.wikidata.org/entity/Q125054,,,,,,,,,,,,,wd:Q45
91,uri,http://www.wikidata.org/entity/Q60182464,en,literal,Tuhkana Swimwear,http://www.w3.org/2001/XMLSchema#dateTime,literal,2015-01-01T00:00:00Z,uri,http://www.wikidata.org/entity/Q45,literal,"http://www.wikidata.org/entity/Q7223116, http://www.wikidata.org/entity/Q11460",literal,,literal,,literal,,literal,,,,,,,,,,,,,,wd:Q45
92,uri,http://www.wikidata.org/entity/Q1550912,en,literal,GMV Innovating Solutions,http://www.w3.org/2001/XMLSchema#dateTime,literal,1984-01-01T00:00:00Z,uri,http://www.wikidata.org/entity/Q45,literal,"http://www.wikidata.org/entity/Q5268834, http://www.wikidata.org/entity/Q3510521, http://www.wikidata.org/entity/Q3477363, http://www.wikidata.org/entity/Q2729047, http://www.wikidata.org/entity/Q508378, http://www.wikidata.org/entity/Q190117",literal,"http://www.wikidata.org/entity/Q26637897, http://www.wikidata.org/entity/Q26638506",literal,http://www.wikidata.org/entity/Q26639858,literal,http://www.wikidata.org/entity/Q910410,literal,,es,literal,GMV Innovating Solutions,http://www.w3.org/2001/XMLSchema#decimal,literal,2176,http://www.w3.org/2001/XMLSchema#decimal,literal,6308317.74,,,,wd:Q45
93,uri,http://www.wikidata.org/entity/Q842108,en,literal,Euronext,http://www.w3.org/2001/XMLSchema#dateTime,literal,2000-09-22T00:00:00Z,uri,http://www.wikidata.org/entity/Q38,literal,"http://www.wikidata.org/entity/Q112166008, http://www.wikidata.org/entity/Q837171",literal,http://www.wikidata.org/entity/Q33290562,literal,,literal,"http://www.wikidata.org/entity/Q53865133, http://www.wikidata.org/entity/Q90",literal,,nl,literal,Euronext N.V.,http://www.w3.org/2001/XMLSchema#decimal,literal,2129,,,,,,,wd:Q45
94,uri,http://www.wikidata.org/entity/Q28678830,,literal,Q28678830,http://www.w3.org/2001/XMLSchema#dateTime,literal,2011-01-01T00:00:00Z,uri,http://www.wikidata.org/entity/Q45,literal,,literal,,literal,,literal,,literal,,,,,,,,,,,,,,wd:Q45
95,uri,http://www.wikidata.org/entity/Q1045108,en,literal,Carris,http://www.w3.org/2001/XMLSchema#dateTime,literal,1872-01-01T00:00:00Z,uri,http://www.wikidata.org/entity/Q45,literal,,literal,,literal,,literal,http://www.wikidata.org/entity/Q597,literal,,,,,,,,,,,,,,wd:Q45
96,uri,http://www.wikidata.org/entity/Q604296,en,literal,Hard Club,,,,uri,http://www.wikidata.org/entity/Q45,literal,,literal,,literal,,literal,,literal,,,,,,,,,,,,,,wd:Q45
97,uri,http://www.wikidata.org/entity/Q1550912,en,literal,GMV Innovating Solutions,http://www.w3.org/2001/XMLSchema#dateTime,literal,1984-01-01T00:00:00Z,uri,http://www.wikidata.org/entity/Q739,literal,"http://www.wikidata.org/entity/Q5268834, http://www.wikidata.org/entity/Q3510521, http://www.wikidata.org/entity/Q3477363, http://www.wikidata.org/entity/Q2729047, http://www.wikidata.org/entity/Q508378, http://www.wikidata.org/entity/Q190117",literal,"http://www.wikidata.org/entity/Q26637897, http://www.wikidata.org/entity/Q26638506",literal,http://www.wikidata.org/entity/Q26639858,literal,http://www.wikidata.org/entity/Q910410,literal,,es,literal,GMV Innovating Solutions,http://www.w3.org/2001/XMLSchema#decimal,literal,2176,http://www.w3.org/2001/XMLSchema#decimal,literal,6308317.74,,,,wd:Q45
98,uri,http://www.wikidata.org/entity/Q421023,en,literal,Organization of Ibero-American States,http://www.w3.org/2001/XMLSchema#dateTime,literal,1949-01-01T00:00:00Z,uri,http://www.wikidata.org/entity/Q414,literal,,literal,,literal,,literal,http://www.wikidata.org/entity/Q5740815,literal,,pt,literal,"Organização de Estados Ibero-Americanos para a Educação, a Ciência e a Cultura",,,,,,,,,,wd:Q45
99,uri,http://www.wikidata.org/entity/Q41171373,en,literal,ALDI Nord,http://www.w3.org/2001/XMLSchema#dateTime,literal,1960-01-01T00:00:00Z,uri,http://www.wikidata.org/entity/Q55,literal,http://www.wikidata.org/entity/Q126793,literal,,literal,,literal,http://www.wikidata.org/entity/Q2066,literal,http://www.wikidata.org/entity/Q125054,,,,,,,,,,,,,wd:Q45
100,uri,http://www.wikidata.org/entity/Q109728449,en,literal,Tuong Tuong Company,http://www.w3.org/2001/XMLSchema#dateTime,literal,2013-01-01T00:00:00Z,uri,http://www.wikidata.org/entity/Q45,literal,"http://www.wikidata.org/entity/Q484847, http://www.wikidata.org/entity/Q193424, http://www.wikidata.org/entity/Q126793",literal,http://www.wikidata.org/entity/Q98107725,literal,,literal,,literal,,,,,,,,,,,,,,wd:Q45
101,uri,http://www.wikidata.org/entity/Q51882883,en,literal,MO,http://www.w3.org/2001/XMLSchema#dateTime,literal,2013-01-01T00:00:00Z,uri,http://www.wikidata.org/entity/Q45,literal,http://www.wikidata.org/entity/Q11828862,literal,,literal,,literal,,literal,,,,,,,,,,,,,,wd:Q45
102,uri,http://www.wikidata.org/entity/Q10302641,en,literal,Polytechnic Institute of Viseu,http://www.w3.org/2001/XMLSchema#dateTime,literal,1979-01-01T00:00:00Z,uri,http://www.wikidata.org/entity/Q45,literal,,literal,,literal,,literal,,literal,,,,,,,,,,,,,,wd:Q45
103,uri,http://www.wikidata.org/entity/Q56424321,en,literal,Universal Music Portugal,,,,uri,http://www.wikidata.org/entity/Q45,literal,,literal,,literal,,literal,http://www.wikidata.org/entity/Q597,literal,,pt,literal,"Universal Music Portugal, S.A.",,,,,,,,,,wd:Q45
104,uri,http://www.wikidata.org/entity/Q18285439,en,literal,Warner Music Portugal,,,,uri,http://www.wikidata.org/entity/Q45,literal,,literal,,literal,,literal,,literal,,,,,,,,,,,,,,wd:Q45
105,uri,http://www.wikidata.org/entity/Q421023,en,literal,Organization of Ibero-American States,http://www.w3.org/2001/XMLSchema#dateTime,literal,1949-01-01T00:00:00Z,uri,http://www.wikidata.org/entity/Q77,literal,,literal,,literal,,literal,http://www.wikidata.org/entity/Q5740815,literal,,es,literal,"Organización de Estados Iberoamericanos para la Educación, la Ciencia y la Cultura",,,,,,,,,,wd:Q45
106,uri,http://www.wikidata.org/entity/Q421023,en,literal,Organization of Ibero-American States,http://www.w3.org/2001/XMLSchema#dateTime,literal,1949-01-01T00:00:00Z,uri,http://www.wikidata.org/entity/Q29,literal,,literal,,literal,,literal,http://www.wikidata.org/entity/Q5740815,literal,,pt,literal,"Organização de Estados Ibero-Americanos para a Educação, a Ciência e a Cultura",,,,,,,,,,wd:Q45
107,uri,http://www.wikidata.org/entity/Q48861271,en,literal,Vidisco – Comércio e Indústria de Som S.A.,http://www.w3.org/2001/XMLSchema#dateTime,literal,1998-01-01T00:00:00Z,uri,http://www.wikidata.org/entity/Q45,literal,,literal,,literal,,literal,,literal,,pt,literal,Vidisco – Comércio e Indústria de Som S.A.,,,,,,,,,,wd:Q45
108,uri,http://www.wikidata.org/entity/Q421023,en,literal,Organization of Ibero-American States,http://www.w3.org/2001/XMLSchema#dateTime,literal,1949-01-01T00:00:00Z,uri,http://www.wikidata.org/entity/Q419,literal,,literal,,literal,,literal,http://www.wikidata.org/entity/Q5740815,literal,,pt,literal,"Organização de Estados Ibero-Americanos para a Educação, a Ciência e a Cultura",,,,,,,,,,wd:Q45
109,uri,http://www.wikidata.org/entity/Q421023,en,literal,Organization of Ibero-American States,http://www.w3.org/2001/XMLSchema#dateTime,literal,1949-01-01T00:00:00Z,uri,http://www.wikidata.org/entity/Q228,literal,,literal,,literal,,literal,http://www.wikidata.org/entity/Q5740815,literal,,es,literal,"Organización de Estados Iberoamericanos para la Educación, la Ciencia y la Cultura",,,,,,,,,,wd:Q45
110,uri,http://www.wikidata.org/entity/Q7064377,en,literal,Novabase,http://www.w3.org/2001/XMLSchema#dateTime,literal,1989-01-01T00:00:00Z,uri,http://www.wikidata.org/entity/Q45,literal,http://www.wikidata.org/entity/Q1481411,literal,,literal,,literal,http://www.wikidata.org/entity/Q597,literal,,,,,,,,,,,,,,wd:Q45
111,uri,http://www.wikidata.org/entity/Q7691894,en,literal,Teatro Animação de Setúbal,,,,uri,http://www.wikidata.org/entity/Q45,literal,,literal,,literal,,literal,,literal,,,,,,,,,,,,,,wd:Q45
112,uri,http://www.wikidata.org/entity/Q10262017,en,literal,Agricultural Credit Group,,,,uri,http://www.wikidata.org/entity/Q45,literal,"http://www.wikidata.org/entity/Q1416657, http://www.wikidata.org/entity/Q837171, http://www.wikidata.org/entity/Q806718",literal,,literal,,literal,http://www.wikidata.org/entity/Q597,literal,,,,,,,,,,,,,,wd:Q45
113,uri,http://www.wikidata.org/entity/Q14176903,en,literal,"Center for Social Studies, University of Coimbra",http://www.w3.org/2001/XMLSchema#dateTime,literal,1978-01-01T00:00:00Z,uri,http://www.wikidata.org/entity/Q45,literal,,literal,,literal,,literal,http://www.wikidata.org/entity/Q45412,literal,http://www.wikidata.org/entity/Q368643,pt,literal,Centro de Estudos Sociais da Universidade de Coimbra,,,,,,,,,,wd:Q45
114,uri,http://www.wikidata.org/entity/Q421023,en,literal,Organization of Ibero-American States,http://www.w3.org/2001/XMLSchema#dateTime,literal,1949-01-01T00:00:00Z,uri,http://www.wikidata.org/entity/Q717,literal,,literal,,literal,,literal,http://www.wikidata.org/entity/Q5740815,literal,,pt,literal,"Organização de Estados Ibero-Americanos para a Educação, a Ciência e a Cultura",,,,,,,,,,wd:Q45
115,uri,http://www.wikidata.org/entity/Q842108,en,literal,Euronext,http://www.w3.org/2001/XMLSchema#dateTime,literal,2000-09-22T00:00:00Z,uri,http://www.wikidata.org/entity/Q45,literal,"http://www.wikidata.org/entity/Q112166008, http://www.wikidata.org/entity/Q837171",literal,http://www.wikidata.org/entity/Q33290562,literal,,literal,"http://www.wikidata.org/entity/Q53865133, http://www.wikidata.org/entity/Q90",literal,,nl,literal,Euronext N.V.,http://www.w3.org/2001/XMLSchema#decimal,literal,2129,,,,,,,wd:Q45
116,uri,http://www.wikidata.org/entity/Q9581725,en,literal,ActivoBank,http://www.w3.org/2001/XMLSchema#dateTime,literal,1994-01-01T00:00:00Z,uri,http://www.wikidata.org/entity/Q45,literal,"http://www.wikidata.org/entity/Q1416657, http://www.wikidata.org/entity/Q837171, http://www.wikidata.org/entity/Q806718",literal,,literal,,literal,http://www.wikidata.org/entity/Q597,literal,,,,,,,,,,,,,,wd:Q45
117,uri,http://www.wikidata.org/entity/Q18485169,en,literal,Solverde,http://www.w3.org/2001/XMLSchema#dateTime,literal,1972-04-12T00:00:00Z,uri,http://www.wikidata.org/entity/Q45,literal,,literal,,literal,,literal,,literal,,,,,http://www.w3.org/2001/XMLSchema#decimal,literal,1056,,,,,,,wd:Q45
118,uri,http://www.wikidata.org/entity/Q2035375,en,literal,Sonae,http://www.w3.org/2001/XMLSchema#dateTime,literal,1959-01-01T00:00:00Z,uri,http://www.wikidata.org/entity/Q45,literal,http://www.wikidata.org/entity/Q126793,literal,,literal,,literal,http://www.wikidata.org/entity/Q990403,literal,,,,,http://www.w3.org/2001/XMLSchema#decimal,literal,43300,,,,,,,wd:Q45
119,uri,http://www.wikidata.org/entity/Q100775659,en,literal,Venda Velha,,,,uri,http://www.wikidata.org/entity/Q45,literal,,literal,,literal,,literal,,literal,,,,,,,,,,,,,,wd:Q45
120,uri,http://www.wikidata.org/entity/Q64845961,en,literal,Conrad Algarve,http://www.w3.org/2001/XMLSchema#dateTime,literal,2012-09-26T00:00:00Z,uri,http://www.wikidata.org/entity/Q45,literal,,literal,,literal,,literal,,literal,,pt,literal,Conrad Algarve,,,,,,,,,,wd:Q45
121,uri,http://www.wikidata.org/entity/Q114959895,en,literal,Inductiva Research Labs,,,,uri,http://www.wikidata.org/entity/Q45,literal,,literal,,literal,,literal,http://www.wikidata.org/entity/Q597,literal,,,,,,,,,,,,,,wd:Q45
122,uri,http://www.wikidata.org/entity/Q421023,en,literal,Organization of Ibero-American States,http://www.w3.org/2001/XMLSchema#dateTime,literal,1949-01-01T00:00:00Z,uri,http://www.wikidata.org/entity/Q774,literal,,literal,,literal,,literal,http://www.wikidata.org/entity/Q5740815,literal,,es,literal,"Organización de Estados Iberoamericanos para la Educación, la Ciencia y la Cultura",,,,,,,,,,wd:Q45
123,uri,http://www.wikidata.org/entity/Q842108,en,literal,Euronext,http://www.w3.org/2001/XMLSchema#dateTime,literal,2000-09-22T00:00:00Z,uri,http://www.wikidata.org/entity/Q55,literal,"http://www.wikidata.org/entity/Q112166008, http://www.wikidata.org/entity/Q837171",literal,http://www.wikidata.org/entity/Q33290562,literal,,literal,"http://www.wikidata.org/entity/Q53865133, http://www.wikidata.org/entity/Q90",literal,,nl,literal,Euronext N.V.,http://www.w3.org/2001/XMLSchema#decimal,literal,2129,,,,,,,wd:Q45
124,uri,http://www.wikidata.org/entity/Q1550912,en,literal,GMV Innovating Solutions,http://www.w3.org/2001/XMLSchema#dateTime,literal,1984-01-01T00:00:00Z,uri,http://www.wikidata.org/entity/Q218,literal,"http://www.wikidata.org/entity/Q5268834, http://www.wikidata.org/entity/Q3510521, http://www.wikidata.org/entity/Q3477363, http://www.wikidata.org/entity/Q2729047, http://www.wikidata.org/entity/Q508378, http://www.wikidata.org/entity/Q190117",literal,"http://www.wikidata.org/entity/Q26637897, http://www.wikidata.org/entity/Q26638506",literal,http://www.wikidata.org/entity/Q26639858,literal,http://www.wikidata.org/entity/Q910410,literal,,es,literal,GMV Innovating Solutions,http://www.w3.org/2001/XMLSchema#decimal,literal,2176,http://www.w3.org/2001/XMLSchema#decimal,literal,6308317.74,,,,wd:Q45
125,uri,http://www.wikidata.org/entity/Q8063259,en,literal,Cinemas NOS,http://www.w3.org/2001/XMLSchema#dateTime,literal,1953-01-01T00:00:00Z,uri,http://www.wikidata.org/entity/Q45,literal,http://www.wikidata.org/entity/Q1415356,literal,,literal,,literal,http://www.wikidata.org/entity/Q597,literal,,,,,,,,,,,,,,wd:Q45
126,uri,http://www.wikidata.org/entity/Q106775903,en,literal,ZOV,,,,uri,http://www.wikidata.org/entity/Q45,literal,"http://www.wikidata.org/entity/Q106776480, http://www.wikidata.org/entity/Q22920017",literal,,literal,,literal,,literal,,,,,,,,,,,,,,wd:Q45
127,uri,http://www.wikidata.org/entity/Q2105426,en,literal,Altice Portugal,http://www.w3.org/2001/XMLSchema#dateTime,literal,1994-01-01T00:00:00Z,uri,http://www.wikidata.org/entity/Q45,literal,http://www.wikidata.org/entity/Q25245117,literal,,literal,,literal,http://www.wikidata.org/entity/Q597,literal,,,,,,,,,,,,,,wd:Q45
128,uri,http://www.wikidata.org/entity/Q421023,en,literal,Organization of Ibero-American States,http://www.w3.org/2001/XMLSchema#dateTime,literal,1949-01-01T00:00:00Z,uri,http://www.wikidata.org/entity/Q241,literal,,literal,,literal,,literal,http://www.wikidata.org/entity/Q5740815,literal,,es,literal,"Organización de Estados Iberoamericanos para la Educación, la Ciencia y la Cultura",,,,,,,,,,wd:Q45
129,uri,http://www.wikidata.org/entity/Q111137471,en,literal,Grupo Chiado,,,,uri,http://www.wikidata.org/entity/Q45,literal,,literal,,literal,,literal,http://www.wikidata.org/entity/Q597,literal,,,,,,,,,,,,,,wd:Q45
130,uri,http://www.wikidata.org/entity/Q421023,en,literal,Organization of Ibero-American States,http://www.w3.org/2001/XMLSchema#dateTime,literal,1949-01-01T00:00:00Z,uri,http://www.wikidata.org/entity/Q1183,literal,,literal,,literal,,literal,http://www.wikidata.org/entity/Q5740815,literal,,pt,literal,"Organização de Estados Ibero-Americanos para a Educação, a Ciência e a Cultura",,,,,,,,,,wd:Q45
131,uri,http://www.wikidata.org/entity/Q421023,en,literal,Organization of Ibero-American States,http://www.w3.org/2001/XMLSchema#dateTime,literal,1949-01-01T00:00:00Z,uri,http://www.wikidata.org/entity/Q45,literal,,literal,,literal,,literal,http://www.wikidata.org/entity/Q5740815,literal,,pt,literal,"Organização de Estados Ibero-Americanos para a Educação, a Ciência e a Cultura",,,,,,,,,,wd:Q45
132,uri,http://www.wikidata.org/entity/Q421023,en,literal,Organization of Ibero-American States,http://www.w3.org/2001/XMLSchema#dateTime,literal,1949-01-01T00:00:00Z,uri,http://www.wikidata.org/entity/Q783,literal,,literal,,literal,,literal,http://www.wikidata.org/entity/Q5740815,literal,,es,literal,"Organización de Estados Iberoamericanos para la Educación, la Ciencia y la Cultura",,,,,,,,,,wd:Q45
133,uri,http://www.wikidata.org/entity/Q1946091,en,literal,Montepio,http://www.w3.org/2001/XMLSchema#dateTime,literal,1840-01-01T00:00:00Z,uri,http://www.wikidata.org/entity/Q45,literal,"http://www.wikidata.org/entity/Q1416657, http://www.wikidata.org/entity/Q837171, http://www.wikidata.org/entity/Q806718",literal,,literal,,literal,http://www.wikidata.org/entity/Q597,literal,,,,,,,,,,,,,,wd:Q45
134,uri,http://www.wikidata.org/entity/Q421023,en,literal,Organization of Ibero-American States,http://www.w3.org/2001/XMLSchema#dateTime,literal,1949-01-01T00:00:00Z,uri,http://www.wikidata.org/entity/Q733,literal,,literal,,literal,,literal,http://www.wikidata.org/entity/Q5740815,literal,,pt,literal,"Organização de Estados Ibero-Americanos para a Educação, a Ciência e a Cultura",,,,,,,,,,wd:Q45
135,uri,http://www.wikidata.org/entity/Q421023,en,literal,Organization of Ibero-American States,http://www.w3.org/2001/XMLSchema#dateTime,literal,1949-01-01T00:00:00Z,uri,http://www.wikidata.org/entity/Q96,literal,,literal,,literal,,literal,http://www.wikidata.org/entity/Q5740815,literal,,es,literal,"Organización de Estados Iberoamericanos para la Educación, la Ciencia y la Cultura",,,,,,,,,,wd:Q45
136,uri,http://www.wikidata.org/entity/Q421023,en,literal,Organization of Ibero-American States,http://www.w3.org/2001/XMLSchema#dateTime,literal,1949-01-01T00:00:00Z,uri,http://www.wikidata.org/entity/Q786,literal,,literal,,literal,,literal,http://www.wikidata.org/entity/Q5740815,literal,,es,literal,"Organización de Estados Iberoamericanos para la Educación, la Ciencia y la Cultura",,,,,,,,,,wd:Q45
137,uri,http://www.wikidata.org/entity/Q421023,en,literal,Organization of Ibero-American States,http://www.w3.org/2001/XMLSchema#dateTime,literal,1949-01-01T00:00:00Z,uri,http://www.wikidata.org/entity/Q739,literal,,literal,,literal,,literal,http://www.wikidata.org/entity/Q5740815,literal,,pt,literal,"Organização de Estados Ibero-Americanos para a Educação, a Ciência e a Cultura",,,,,,,,,,wd:Q45
138,uri,http://www.wikidata.org/entity/Q421023,en,literal,Organization of Ibero-American States,http://www.w3.org/2001/XMLSchema#dateTime,literal,1949-01-01T00:00:00Z,uri,http://www.wikidata.org/entity/Q736,literal,,literal,,literal,,literal,http://www.wikidata.org/entity/Q5740815,literal,,pt,literal,"Organização de Estados Ibero-Americanos para a Educação, a Ciência e a Cultura",,,,,,,,,,wd:Q45
139,uri,http://www.wikidata.org/entity/Q1972136,en,literal,University of Algarve,http://www.w3.org/2001/XMLSchema#dateTime,literal,1976-01-01T00:00:00Z,uri,http://www.wikidata.org/entity/Q45,literal,,literal,,literal,,literal,,literal,,,,,,,,,,,,,,wd:Q45
140,uri,http://www.wikidata.org/entity/Q1866547,en,literal,Livraria Bertrand,http://www.w3.org/2001/XMLSchema#dateTime,literal,1732-01-01T00:00:00Z,uri,http://www.wikidata.org/entity/Q45,literal,,literal,,literal,,literal,http://www.wikidata.org/entity/Q601430,literal,,,,,,,,,,,,,,wd:Q45
141,uri,http://www.wikidata.org/entity/Q377705,en,literal,Mercadona,http://www.w3.org/2001/XMLSchema#dateTime,literal,1977-01-18T00:00:00Z,uri,http://www.wikidata.org/entity/Q29,literal,http://www.wikidata.org/entity/Q126793,literal,,literal,,literal,"http://www.wikidata.org/entity/Q1109227, http://www.wikidata.org/entity/Q191135",literal,,,,,http://www.w3.org/2001/XMLSchema#decimal,literal,85800,,,,http://www.w3.org/2001/XMLSchema#decimal,literal,8194637000,wd:Q45
142,uri,http://www.wikidata.org/entity/Q3391585,en,literal,Universidade Aberta de Portugal,http://www.w3.org/2001/XMLSchema#dateTime,literal,1988-01-01T00:00:00Z,uri,http://www.wikidata.org/entity/Q45,literal,,literal,,literal,,literal,,literal,,,,,,,,,,,,,,wd:Q45
143,uri,http://www.wikidata.org/entity/Q109277006,en,literal,Printer Portuguesa,http://www.w3.org/2001/XMLSchema#dateTime,literal,1972-01-01T00:00:00Z,uri,http://www.wikidata.org/entity/Q45,literal,http://www.wikidata.org/entity/Q2085381,literal,,literal,,literal,http://www.wikidata.org/entity/Q49363786,literal,,,,,,,,,,,,,,wd:Q45
144,uri,http://www.wikidata.org/entity/Q78625562,en,literal,Semogue,,,,uri,http://www.wikidata.org/entity/Q45,literal,,literal,,literal,,literal,,literal,,,,,,,,,,,,,,wd:Q45
145,uri,http://www.wikidata.org/entity/Q421023,en,literal,Organization of Ibero-American States,http://www.w3.org/2001/XMLSchema#dateTime,literal,1949-01-01T00:00:00Z,uri,http://www.wikidata.org/entity/Q792,literal,,literal,,literal,,literal,http://www.wikidata.org/entity/Q5740815,literal,,es,literal,"Organización de Estados Iberoamericanos para la Educación, la Ciencia y la Cultura",,,,,,,,,,wd:Q45
146,uri,http://www.wikidata.org/entity/Q421023,en,literal,Organization of Ibero-American States,http://www.w3.org/2001/XMLSchema#dateTime,literal,1949-01-01T00:00:00Z,uri,http://www.wikidata.org/entity/Q298,literal,,literal,,literal,,literal,http://www.wikidata.org/entity/Q5740815,literal,,pt,literal,"Organização de Estados Ibero-Americanos para a Educação, a Ciência e a Cultura",,,,,,,,,,wd:Q45
147,uri,http://www.wikidata.org/entity/Q421023,en,literal,Organization of Ibero-American States,http://www.w3.org/2001/XMLSchema#dateTime,literal,1949-01-01T00:00:00Z,uri,http://www.wikidata.org/entity/Q750,literal,,literal,,literal,,literal,http://www.wikidata.org/entity/Q5740815,literal,,pt,literal,"Organização de Estados Ibero-Americanos para a Educação, a Ciência e a Cultura",,,,,,,,,,wd:Q45
148,uri,http://www.wikidata.org/entity/Q118581,en,literal,Portuguese Commercial Bank,http://www.w3.org/2001/XMLSchema#dateTime,literal,1985-01-01T00:00:00Z,uri,http://www.wikidata.org/entity/Q45,literal,"http://www.wikidata.org/entity/Q1416657, http://www.wikidata.org/entity/Q837171, http://www.wikidata.org/entity/Q806718",literal,,literal,,literal,http://www.wikidata.org/entity/Q36433,literal,,,,,,,,,,,,,,wd:Q45
149,uri,http://www.wikidata.org/entity/Q7171485,en,literal,Pestana Group,http://www.w3.org/2001/XMLSchema#dateTime,literal,1972-01-01T00:00:00Z,uri,http://www.wikidata.org/entity/Q45,literal,,literal,,literal,,literal,http://www.wikidata.org/entity/Q25444,literal,,,,,,,,,,,,,,wd:Q45
150,uri,http://www.wikidata.org/entity/Q107298935,en,literal,daTerra,,,,uri,http://www.wikidata.org/entity/Q45,literal,,literal,,literal,,literal,,literal,,,,,,,,,,,,,,wd:Q45
151,uri,http://www.wikidata.org/entity/Q3958126,en,literal,SMTUC,http://www.w3.org/2001/XMLSchema#dateTime,literal,1947-01-01T00:00:00Z,uri,http://www.wikidata.org/entity/Q45,literal,,literal,,literal,,literal,http://www.wikidata.org/entity/Q45412,literal,,,,,,,,,,,,,,wd:Q45
152,uri,http://www.wikidata.org/entity/Q421023,en,literal,Organization of Ibero-American States,http://www.w3.org/2001/XMLSchema#dateTime,literal,1949-01-01T00:00:00Z,uri,http://www.wikidata.org/entity/Q800,literal,,literal,,literal,,literal,http://www.wikidata.org/entity/Q5740815,literal,,es,literal,"Organización de Estados Iberoamericanos para la Educación, la Ciencia y la Cultura",,,,,,,,,,wd:Q45
153,uri,http://www.wikidata.org/entity/Q421023,en,literal,Organization of Ibero-American States,http://www.w3.org/2001/XMLSchema#dateTime,literal,1949-01-01T00:00:00Z,uri,http://www.wikidata.org/entity/Q804,literal,,literal,,literal,,literal,http://www.wikidata.org/entity/Q5740815,literal,,es,literal,"Organización de Estados Iberoamericanos para la Educación, la Ciencia y la Cultura",,,,,,,,,,wd:Q45
154,uri,http://www.wikidata.org/entity/Q30337468,en,literal,DoubleTree by Hilton Lisbon - Fontana Park,,,,uri,http://www.wikidata.org/entity/Q45,literal,,literal,,literal,,literal,,literal,,en,literal,DoubleTree by Hilton Lisbon - Fontana Park,,,,,,,,,,wd:Q45
155,uri,http://www.wikidata.org/entity/Q377705,en,literal,Mercadona,http://www.w3.org/2001/XMLSchema#dateTime,literal,1977-01-18T00:00:00Z,uri,http://www.wikidata.org/entity/Q45,literal,http://www.wikidata.org/entity/Q126793,literal,,literal,,literal,"http://www.wikidata.org/entity/Q1109227, http://www.wikidata.org/entity/Q191135",literal,,,,,http://www.w3.org/2001/XMLSchema#decimal,literal,85800,,,,http://www.w3.org/2001/XMLSchema#decimal,literal,8194637000,wd:Q45
156,uri,http://www.wikidata.org/entity/Q1979891,en,literal,NOVA University Lisbon,http://www.w3.org/2001/XMLSchema#dateTime,literal,1973-01-01T00:00:00Z,uri,http://www.wikidata.org/entity/Q45,literal,,literal,,literal,,literal,,literal,http://www.wikidata.org/entity/Q109496576,,,,,,,,,,,,,wd:Q45
157,uri,http://www.wikidata.org/entity/Q1122926,en,literal,University of Lisbon,http://www.w3.org/2001/XMLSchema#dateTime,literal,1911-01-01T00:00:00Z,uri,http://www.wikidata.org/entity/Q45,literal,,literal,,literal,,literal,http://www.wikidata.org/entity/Q597,literal,,,,,,,,,,,,,,wd:Q45
158,uri,http://www.wikidata.org/entity/Q421023,en,literal,Organization of Ibero-American States,http://www.w3.org/2001/XMLSchema#dateTime,literal,1949-01-01T00:00:00Z,uri,http://www.wikidata.org/entity/Q811,literal,,literal,,literal,,literal,http://www.wikidata.org/entity/Q5740815,literal,,es,literal,"Organización de Estados Iberoamericanos para la Educación, la Ciencia y la Cultura",,,,,,,,,,wd:Q45
159,uri,http://www.wikidata.org/entity/Q368643,en,literal,University of Coimbra,http://www.w3.org/2001/XMLSchema#dateTime,literal,1290-01-01T00:00:00Z,uri,http://www.wikidata.org/entity/Q45,literal,,literal,,literal,,literal,http://www.wikidata.org/entity/Q45412,literal,,,,,,,,,,,,,,wd:Q45
160,uri,http://www.wikidata.org/entity/Q100775233,en,literal,GRUTA Café Restaurante,,,,uri,http://www.wikidata.org/entity/Q45,literal,,literal,,literal,,literal,,literal,,,,,,,,,,,,,,wd:Q45
161,uri,http://www.wikidata.org/entity/Q24293126,en,literal,Grupo Impala,,,,uri,http://www.wikidata.org/entity/Q45,literal,,literal,,literal,,literal,,literal,,,,,,,,,,,,,,wd:Q45
162,uri,http://www.wikidata.org/entity/Q88891804,en,literal,Residencial Ponto Grande,,,,uri,http://www.wikidata.org/entity/Q45,literal,,literal,,literal,,literal,,literal,,,,,,,,,,,,,,wd:Q45
163,uri,http://www.wikidata.org/entity/Q421023,en,literal,Organization of Ibero-American States,http://www.w3.org/2001/XMLSchema#dateTime,literal,1949-01-01T00:00:00Z,uri,http://www.wikidata.org/entity/Q77,literal,,literal,,literal,,literal,http://www.wikidata.org/entity/Q5740815,literal,,pt,literal,"Organização de Estados Ibero-Americanos para a Educação, a Ciência e a Cultura",,,,,,,,,,wd:Q45
164,uri,http://www.wikidata.org/entity/Q421023,en,literal,Organization of Ibero-American States,http://www.w3.org/2001/XMLSchema#dateTime,literal,1949-01-01T00:00:00Z,uri,http://www.wikidata.org/entity/Q228,literal,,literal,,literal,,literal,http://www.wikidata.org/entity/Q5740815,literal,,pt,literal,"Organização de Estados Ibero-Americanos para a Educação, a Ciência e a Cultura",,,,,,,,,,wd:Q45
165,uri,http://www.wikidata.org/entity/Q2205178,en,literal,Azores Airlines,http://www.w3.org/2001/XMLSchema#dateTime,literal,1998-01-01T00:00:00Z,uri,http://www.wikidata.org/entity/Q45,literal,,literal,,literal,,literal,http://www.wikidata.org/entity/Q208149,literal,,,,,,,,,,,,,,wd:Q45
166,uri,http://www.wikidata.org/entity/Q62391722,en,literal,Multiópticas,,,,uri,http://www.wikidata.org/entity/Q45,literal,,literal,,literal,,literal,,literal,,,,,,,,,,,,,,wd:Q45
167,uri,http://www.wikidata.org/entity/Q686182,en,literal,The Navigator Company,http://www.w3.org/2001/XMLSchema#dateTime,literal,2001-01-01T00:00:00Z,uri,http://www.wikidata.org/entity/Q45,literal,http://www.wikidata.org/entity/Q2283886,literal,,literal,,literal,http://www.wikidata.org/entity/Q173699,literal,,,,,,,,,,,,,,wd:Q45
168,uri,http://www.wikidata.org/entity/Q81123,en,literal,Comboios de Portugal,http://www.w3.org/2001/XMLSchema#dateTime,literal,1997-01-01T00:00:00Z,uri,http://www.wikidata.org/entity/Q45,literal,http://www.wikidata.org/entity/Q3565868,literal,,literal,,literal,http://www.wikidata.org/entity/Q597,literal,,,,,,,,,,,,,,wd:Q45
169,uri,http://www.wikidata.org/entity/Q104539100,en,literal,NDISCOVER,http://www.w3.org/2001/XMLSchema#dateTime,literal,2011-01-01T00:00:00Z,uri,http://www.wikidata.org/entity/Q45,literal,,literal,,literal,,literal,http://www.wikidata.org/entity/Q597,literal,,,,,,,,,,,,,,wd:Q45
170,uri,http://www.wikidata.org/entity/Q109012157,en,literal,Alves Bandeira,,,,uri,http://www.wikidata.org/entity/Q45,literal,,literal,,literal,,literal,http://www.wikidata.org/entity/Q2257440,literal,,,,,,,,,,,,,,wd:Q45
171,uri,http://www.wikidata.org/entity/Q4782260,en,literal,Aptoide,http://www.w3.org/2001/XMLSchema#dateTime,literal,2009-11-17T00:00:00Z,uri,http://www.wikidata.org/entity/Q45,literal,,literal,,literal,,literal,http://www.wikidata.org/entity/Q597,literal,,,,,,,,,,,,,,wd:Q45
172,uri,http://www.wikidata.org/entity/Q113599655,en,literal,Global Citizen Solutions,http://www.w3.org/2001/XMLSchema#dateTime,literal,2017-01-01T00:00:00Z,uri,http://www.wikidata.org/entity/Q145,literal,http://www.wikidata.org/entity/Q837171,literal,,literal,,literal,,literal,,,,,,,,,,,,,,wd:Q45
173,uri,http://www.wikidata.org/entity/Q421023,en,literal,Organization of Ibero-American States,http://www.w3.org/2001/XMLSchema#dateTime,literal,1949-01-01T00:00:00Z,uri,http://www.wikidata.org/entity/Q774,literal,,literal,,literal,,literal,http://www.wikidata.org/entity/Q5740815,literal,,pt,literal,"Organização de Estados Ibero-Americanos para a Educação, a Ciência e a Cultura",,,,,,,,,,wd:Q45
