,business.type,business.value,businessLabel.xml:lang,businessLabel.type,businessLabel.value,country.type,country.value,industries.type,industries.value,ceos.type,ceos.value,chairs.type,chairs.value,hqs.type,hqs.value,groups.type,groups.value,officialname.xml:lang,officialname.type,officialname.value,origindate.datatype,origindate.type,origindate.value,employees.datatype,employees.type,employees.value,markcap.datatype,markcap.type,markcap.value,country
0,uri,http://www.wikidata.org/entity/Q79302853,en,literal,Mokena Restaurant,uri,http://www.wikidata.org/entity/Q664,literal,,literal,,literal,,literal,,literal,,,,,,,,,,,,,,wd:Q664
1,uri,http://www.wikidata.org/entity/Q7752980,en,literal,New Zealand Opera,uri,http://www.wikidata.org/entity/Q664,literal,,literal,,literal,,literal,http://www.wikidata.org/entity/Q3365637,literal,,en,literal,New Zealand Opera,http://www.w3.org/2001/XMLSchema#dateTime,literal,2000-01-01T00:00:00Z,,,,,,,wd:Q664
2,uri,http://www.wikidata.org/entity/Q110295215,en,literal,Bed Bath & Beyond,uri,http://www.wikidata.org/entity/Q664,literal,,literal,,literal,,literal,,literal,,,,,,,,,,,,,,wd:Q664
3,uri,http://www.wikidata.org/entity/Q17103499,en,literal,MedicAlert,uri,http://www.wikidata.org/entity/Q189,literal,http://www.wikidata.org/entity/Q870895,literal,,literal,,literal,http://www.wikidata.org/entity/Q1011205,literal,,,,,http://www.w3.org/2001/XMLSchema#dateTime,literal,1956-01-01T00:00:00Z,http://www.w3.org/2001/XMLSchema#decimal,literal,18,,,,wd:Q664
4,uri,http://www.wikidata.org/entity/Q17103499,en,literal,MedicAlert,uri,http://www.wikidata.org/entity/Q229,literal,http://www.wikidata.org/entity/Q870895,literal,,literal,,literal,http://www.wikidata.org/entity/Q1011205,literal,,,,,http://www.w3.org/2001/XMLSchema#dateTime,literal,1956-01-01T00:00:00Z,http://www.w3.org/2001/XMLSchema#decimal,literal,21,,,,wd:Q664
5,uri,http://www.wikidata.org/entity/Q111018588,en,literal,Bento Bowl,uri,http://www.wikidata.org/entity/Q664,literal,,literal,,literal,,literal,http://www.wikidata.org/entity/Q37100,literal,,,,,http://www.w3.org/2001/XMLSchema#dateTime,literal,2001-01-01T00:00:00Z,,,,,,,wd:Q664
6,uri,http://www.wikidata.org/entity/Q17103499,en,literal,MedicAlert,uri,http://www.wikidata.org/entity/Q145,literal,http://www.wikidata.org/entity/Q870895,literal,,literal,,literal,http://www.wikidata.org/entity/Q1011205,literal,,,,,http://www.w3.org/2001/XMLSchema#dateTime,literal,1956-01-01T00:00:00Z,http://www.w3.org/2001/XMLSchema#decimal,literal,22,,,,wd:Q664
7,uri,http://www.wikidata.org/entity/Q6819305,en,literal,Meridian Energy,uri,http://www.wikidata.org/entity/Q664,literal,http://www.wikidata.org/entity/Q2356921,literal,,literal,,literal,http://www.wikidata.org/entity/Q23661,literal,,en,literal,MERIDIAN ENERGY LIMITED,,,,,,,http://www.w3.org/2001/XMLSchema#decimal,literal,11512548796,wd:Q664
8,uri,http://www.wikidata.org/entity/Q111080173,en,literal,Early Settler,uri,http://www.wikidata.org/entity/Q664,literal,,literal,,literal,,literal,,literal,,,,,http://www.w3.org/2001/XMLSchema#dateTime,literal,1985-01-01T00:00:00Z,,,,,,,wd:Q664
9,uri,http://www.wikidata.org/entity/Q17103499,en,literal,MedicAlert,uri,http://www.wikidata.org/entity/Q833,literal,http://www.wikidata.org/entity/Q870895,literal,,literal,,literal,http://www.wikidata.org/entity/Q1011205,literal,,,,,http://www.w3.org/2001/XMLSchema#dateTime,literal,1956-01-01T00:00:00Z,http://www.w3.org/2001/XMLSchema#decimal,literal,22,,,,wd:Q664
10,uri,http://www.wikidata.org/entity/Q6167713,en,literal,Jaycar,uri,http://www.wikidata.org/entity/Q408,literal,http://www.wikidata.org/entity/Q126793,literal,,literal,,literal,"http://www.wikidata.org/entity/Q7384866, http://www.wikidata.org/entity/Q1461374",literal,,,,,http://www.w3.org/2001/XMLSchema#dateTime,literal,1981-01-01T00:00:00Z,,,,,,,wd:Q664
11,uri,http://www.wikidata.org/entity/Q111018938,en,literal,BedsRus,uri,http://www.wikidata.org/entity/Q664,literal,,literal,,literal,,literal,,literal,,,,,,,,,,,,,,wd:Q664
12,uri,http://www.wikidata.org/entity/Q17103499,en,literal,MedicAlert,uri,http://www.wikidata.org/entity/Q16,literal,http://www.wikidata.org/entity/Q870895,literal,,literal,,literal,http://www.wikidata.org/entity/Q1011205,literal,,,,,http://www.w3.org/2001/XMLSchema#dateTime,literal,1956-01-01T00:00:00Z,http://www.w3.org/2001/XMLSchema#decimal,literal,27,,,,wd:Q664
13,uri,http://www.wikidata.org/entity/Q30598508,en,literal,Garage,uri,http://www.wikidata.org/entity/Q664,literal,,literal,,literal,,literal,,literal,,,,,http://www.w3.org/2001/XMLSchema#dateTime,literal,2015-01-01T00:00:00Z,,,,,,,wd:Q664
14,uri,http://www.wikidata.org/entity/Q110190653,en,literal,Briscoes Homeware,uri,http://www.wikidata.org/entity/Q664,literal,,literal,,literal,,literal,http://www.wikidata.org/entity/Q6912960,literal,,en,literal,Briscoes (New Zealand) Limited,,,,,,,,,,wd:Q664
15,uri,http://www.wikidata.org/entity/Q107297544,en,literal,Coupland's Bakeries,uri,http://www.wikidata.org/entity/Q664,literal,,literal,,literal,,literal,http://www.wikidata.org/entity/Q5904115,literal,,,,,http://www.w3.org/2001/XMLSchema#dateTime,literal,1971-01-01T00:00:00Z,,,,,,,wd:Q664
16,uri,http://www.wikidata.org/entity/Q609093,en,literal,Royal Society Te Apārangi,uri,http://www.wikidata.org/entity/Q664,literal,,literal,,literal,,literal,http://www.wikidata.org/entity/Q23661,literal,,en,literal,New Zealand Institute,http://www.w3.org/2001/XMLSchema#dateTime,literal,1867-01-01T00:00:00Z,,,,,,,wd:Q664
17,uri,http://www.wikidata.org/entity/Q5604585,en,literal,Greenstone TV,uri,http://www.wikidata.org/entity/Q664,literal,,literal,,literal,,literal,http://www.wikidata.org/entity/Q37100,literal,,,,,http://www.w3.org/2001/XMLSchema#dateTime,literal,1994-01-01T00:00:00Z,,,,,,,wd:Q664
18,uri,http://www.wikidata.org/entity/Q17103499,en,literal,MedicAlert,uri,http://www.wikidata.org/entity/Q258,literal,http://www.wikidata.org/entity/Q870895,literal,,literal,,literal,http://www.wikidata.org/entity/Q1011205,literal,,,,,http://www.w3.org/2001/XMLSchema#dateTime,literal,1956-01-01T00:00:00Z,http://www.w3.org/2001/XMLSchema#decimal,literal,27,,,,wd:Q664
19,uri,http://www.wikidata.org/entity/Q114353224,en,literal,National Mini Storage,uri,http://www.wikidata.org/entity/Q664,literal,,literal,,literal,,literal,,literal,,,,,,,,,,,,,,wd:Q664
20,uri,http://www.wikidata.org/entity/Q107064571,en,literal,noissue,uri,http://www.wikidata.org/entity/Q664,literal,,literal,,literal,,literal,,literal,,,,,,,,,,,,,,wd:Q664
21,uri,http://www.wikidata.org/entity/Q97609908,en,literal,Exploring New Zealand,uri,http://www.wikidata.org/entity/Q664,literal,,literal,,literal,,literal,,literal,,,,,,,,,,,,,,wd:Q664
22,uri,http://www.wikidata.org/entity/Q110191269,en,literal,Living & Giving,uri,http://www.wikidata.org/entity/Q664,literal,,literal,,literal,,literal,http://www.wikidata.org/entity/Q6912960,literal,,en,literal,Living & Giving Limited,,,,,,,,,,wd:Q664
23,uri,http://www.wikidata.org/entity/Q4849261,en,literal,Bakers Delight,uri,http://www.wikidata.org/entity/Q16,literal,http://www.wikidata.org/entity/Q126793,literal,,literal,,literal,http://www.wikidata.org/entity/Q2934668,literal,,,,,http://www.w3.org/2001/XMLSchema#dateTime,literal,1980-01-01T00:00:00Z,,,,,,,wd:Q664
24,uri,http://www.wikidata.org/entity/Q21178908,en,literal,National Storage,uri,http://www.wikidata.org/entity/Q408,literal,http://www.wikidata.org/entity/Q401404,literal,,literal,,literal,http://www.wikidata.org/entity/Q34932,literal,,en,literal,NATIONAL STORAGE REIT,http://www.w3.org/2001/XMLSchema#dateTime,literal,2000-01-01T00:00:00Z,,,,http://www.w3.org/2001/XMLSchema#decimal,literal,2840016597,wd:Q664
25,uri,http://www.wikidata.org/entity/Q107283297,en,literal,Moore Wilson's,uri,http://www.wikidata.org/entity/Q664,literal,,literal,,literal,,literal,http://www.wikidata.org/entity/Q7690766,literal,,,,,http://www.w3.org/2001/XMLSchema#dateTime,literal,1918-01-01T00:00:00Z,,,,,,,wd:Q664
26,uri,http://www.wikidata.org/entity/Q108450092,en,literal,Counties Energy,uri,http://www.wikidata.org/entity/Q664,literal,http://www.wikidata.org/entity/Q844861,literal,,literal,,literal,,literal,,,,,,,,,,,,,,wd:Q664
27,uri,http://www.wikidata.org/entity/Q17103499,en,literal,MedicAlert,uri,http://www.wikidata.org/entity/Q408,literal,http://www.wikidata.org/entity/Q870895,literal,,literal,,literal,http://www.wikidata.org/entity/Q1011205,literal,,,,,http://www.w3.org/2001/XMLSchema#dateTime,literal,1956-01-01T00:00:00Z,http://www.w3.org/2001/XMLSchema#decimal,literal,27,,,,wd:Q664
28,uri,http://www.wikidata.org/entity/Q112876081,en,literal,Sony Music Entertainment New Zealand,uri,http://www.wikidata.org/entity/Q664,literal,,literal,,literal,,literal,,literal,,,,,,,,,,,,,,wd:Q664
29,uri,http://www.wikidata.org/entity/Q7919575,en,literal,Vend,uri,http://www.wikidata.org/entity/Q664,literal,,literal,,literal,,literal,http://www.wikidata.org/entity/Q37100,literal,,,,,http://www.w3.org/2001/XMLSchema#dateTime,literal,2010-01-01T00:00:00Z,,,,,,,wd:Q664
30,uri,http://www.wikidata.org/entity/Q107105690,en,literal,Hāpai Productions,uri,http://www.wikidata.org/entity/Q664,literal,,literal,,literal,,literal,,literal,,,,,http://www.w3.org/2001/XMLSchema#dateTime,literal,2013-07-22T00:00:00Z,,,,,,,wd:Q664
31,uri,http://www.wikidata.org/entity/Q17103499,en,literal,MedicAlert,uri,http://www.wikidata.org/entity/Q30,literal,http://www.wikidata.org/entity/Q870895,literal,,literal,,literal,http://www.wikidata.org/entity/Q1011205,literal,,,,,http://www.w3.org/2001/XMLSchema#dateTime,literal,1956-01-01T00:00:00Z,http://www.w3.org/2001/XMLSchema#decimal,literal,27,,,,wd:Q664
32,uri,http://www.wikidata.org/entity/Q4849261,en,literal,Bakers Delight,uri,http://www.wikidata.org/entity/Q408,literal,http://www.wikidata.org/entity/Q126793,literal,,literal,,literal,http://www.wikidata.org/entity/Q2934668,literal,,,,,http://www.w3.org/2001/XMLSchema#dateTime,literal,1980-01-01T00:00:00Z,,,,,,,wd:Q664
33,uri,http://www.wikidata.org/entity/Q110299434,en,literal,Postie,uri,http://www.wikidata.org/entity/Q664,literal,,literal,,literal,,literal,,literal,,,,,,,,,,,,,,wd:Q664
34,uri,http://www.wikidata.org/entity/Q23461804,en,literal,My Food Bag,uri,http://www.wikidata.org/entity/Q664,literal,http://www.wikidata.org/entity/Q126793,literal,,literal,,literal,http://www.wikidata.org/entity/Q37100,literal,,en,literal,MY FOOD BAG GROUP LIMITED,,,,,,,http://www.w3.org/2001/XMLSchema#decimal,literal,315168781,wd:Q664
35,uri,http://www.wikidata.org/entity/Q110295342,en,literal,Liquorland,uri,http://www.wikidata.org/entity/Q664,literal,http://www.wikidata.org/entity/Q126793,literal,,literal,,literal,,literal,,,,,,,,,,,,,,wd:Q664
36,uri,http://www.wikidata.org/entity/Q1201513,en,literal,University of Otago,uri,http://www.wikidata.org/entity/Q664,literal,,literal,,literal,,literal,http://www.wikidata.org/entity/Q133073,literal,,,,,http://www.w3.org/2001/XMLSchema#dateTime,literal,1869-01-01T00:00:00Z,http://www.w3.org/2001/XMLSchema#decimal,literal,3996,,,,wd:Q664
37,uri,http://www.wikidata.org/entity/Q114353097,en,literal,Storage King,uri,http://www.wikidata.org/entity/Q664,literal,,literal,,literal,,literal,,literal,,,,,,,,,,,,,,wd:Q664
38,uri,http://www.wikidata.org/entity/Q7019845,en,literal,Newstalk ZB,uri,http://www.wikidata.org/entity/Q664,literal,,literal,,literal,,literal,,literal,,,,,,,,,,,,,,wd:Q664
39,uri,http://www.wikidata.org/entity/Q17103499,en,literal,MedicAlert,uri,http://www.wikidata.org/entity/Q229,literal,http://www.wikidata.org/entity/Q870895,literal,,literal,,literal,http://www.wikidata.org/entity/Q1011205,literal,,,,,http://www.w3.org/2001/XMLSchema#dateTime,literal,1956-01-01T00:00:00Z,http://www.w3.org/2001/XMLSchema#decimal,literal,23,,,,wd:Q664
40,uri,http://www.wikidata.org/entity/Q17103499,en,literal,MedicAlert,uri,http://www.wikidata.org/entity/Q16,literal,http://www.wikidata.org/entity/Q870895,literal,,literal,,literal,http://www.wikidata.org/entity/Q1011205,literal,,,,,http://www.w3.org/2001/XMLSchema#dateTime,literal,1956-01-01T00:00:00Z,http://www.w3.org/2001/XMLSchema#decimal,literal,22,,,,wd:Q664
41,uri,http://www.wikidata.org/entity/Q7571607,en,literal,Sovereign Limited,uri,http://www.wikidata.org/entity/Q664,literal,"http://www.wikidata.org/entity/Q1416657, http://www.wikidata.org/entity/Q837171, http://www.wikidata.org/entity/Q626608, http://www.wikidata.org/entity/Q334911",literal,,literal,,literal,http://www.wikidata.org/entity/Q37100,literal,,,,,http://www.w3.org/2001/XMLSchema#dateTime,literal,1989-01-01T00:00:00Z,,,,,,,wd:Q664
42,uri,http://www.wikidata.org/entity/Q4943790,en,literal,Boost Mobile,uri,http://www.wikidata.org/entity/Q408,literal,"http://www.wikidata.org/entity/Q56598901, http://www.wikidata.org/entity/Q25245117",literal,,literal,,literal,"http://www.wikidata.org/entity/Q49219, http://www.wikidata.org/entity/Q3130",literal,,,,,http://www.w3.org/2001/XMLSchema#dateTime,literal,2000-08-01T00:00:00Z,,,,,,,wd:Q664
43,uri,http://www.wikidata.org/entity/Q7537617,en,literal,SkyBus,uri,http://www.wikidata.org/entity/Q664,literal,,literal,,literal,,literal,http://www.wikidata.org/entity/Q733738,literal,,,,,http://www.w3.org/2001/XMLSchema#dateTime,literal,1978-01-01T00:00:00Z,,,,,,,wd:Q664
44,uri,http://www.wikidata.org/entity/Q1048626,en,literal,Lincoln University,uri,http://www.wikidata.org/entity/Q664,literal,,literal,,literal,,literal,,literal,,en,literal,Lincoln College,http://www.w3.org/2001/XMLSchema#dateTime,literal,1878-01-01T00:00:00Z,,,,,,,wd:Q664
45,uri,http://www.wikidata.org/entity/Q17103499,en,literal,MedicAlert,uri,http://www.wikidata.org/entity/Q258,literal,http://www.wikidata.org/entity/Q870895,literal,,literal,,literal,http://www.wikidata.org/entity/Q1011205,literal,,,,,http://www.w3.org/2001/XMLSchema#dateTime,literal,1956-01-01T00:00:00Z,http://www.w3.org/2001/XMLSchema#decimal,literal,22,,,,wd:Q664
46,uri,http://www.wikidata.org/entity/Q110221600,en,literal,Torpedo7,uri,http://www.wikidata.org/entity/Q664,literal,,literal,,literal,,literal,,literal,,,,,http://www.w3.org/2001/XMLSchema#dateTime,literal,2004-01-01T00:00:00Z,,,,,,,wd:Q664
47,uri,http://www.wikidata.org/entity/Q2414358,en,literal,The Southland Times,uri,http://www.wikidata.org/entity/Q664,literal,,literal,,literal,,literal,http://www.wikidata.org/entity/Q31805,literal,,,,,http://www.w3.org/2001/XMLSchema#dateTime,literal,1862-01-01T00:00:00Z,,,,,,,wd:Q664
48,uri,http://www.wikidata.org/entity/Q107064571,en,literal,noissue,uri,http://www.wikidata.org/entity/Q145,literal,,literal,,literal,,literal,,literal,,,,,,,,,,,,,,wd:Q664
49,uri,http://www.wikidata.org/entity/Q28053246,en,literal,Hilton Auckland,uri,http://www.wikidata.org/entity/Q664,literal,,literal,,literal,,literal,,literal,,en,literal,Hilton Auckland,http://www.w3.org/2001/XMLSchema#dateTime,literal,2001-01-01T00:00:00Z,,,,,,,wd:Q664
50,uri,http://www.wikidata.org/entity/Q99443943,en,literal,EPIC Westport,uri,http://www.wikidata.org/entity/Q664,literal,,literal,,literal,,literal,,literal,,,,,http://www.w3.org/2001/XMLSchema#dateTime,literal,2016-01-01T00:00:00Z,,,,,,,wd:Q664
51,uri,http://www.wikidata.org/entity/Q4943790,en,literal,Boost Mobile,uri,http://www.wikidata.org/entity/Q30,literal,"http://www.wikidata.org/entity/Q56598901, http://www.wikidata.org/entity/Q25245117",literal,,literal,,literal,"http://www.wikidata.org/entity/Q49219, http://www.wikidata.org/entity/Q3130",literal,,,,,http://www.w3.org/2001/XMLSchema#dateTime,literal,2000-08-01T00:00:00Z,,,,,,,wd:Q664
52,uri,http://www.wikidata.org/entity/Q110923243,en,literal,Peaches & Cream,uri,http://www.wikidata.org/entity/Q664,literal,,literal,,literal,,literal,,literal,,,,,,,,,,,,,,wd:Q664
53,uri,http://www.wikidata.org/entity/Q5564872,en,literal,Gisborne Herald,uri,http://www.wikidata.org/entity/Q664,literal,,literal,,literal,,literal,,literal,,,,,http://www.w3.org/2001/XMLSchema#dateTime,literal,1874-01-01T00:00:00Z,,,,,,,wd:Q664
54,uri,http://www.wikidata.org/entity/Q7059634,en,literal,Northpower,uri,http://www.wikidata.org/entity/Q664,literal,http://www.wikidata.org/entity/Q844861,literal,,literal,,literal,http://www.wikidata.org/entity/Q744239,literal,,,,,http://www.w3.org/2001/XMLSchema#dateTime,literal,1920-01-01T00:00:00Z,,,,,,,wd:Q664
55,uri,http://www.wikidata.org/entity/Q17103499,en,literal,MedicAlert,uri,http://www.wikidata.org/entity/Q408,literal,http://www.wikidata.org/entity/Q870895,literal,,literal,,literal,http://www.wikidata.org/entity/Q1011205,literal,,,,,http://www.w3.org/2001/XMLSchema#dateTime,literal,1956-01-01T00:00:00Z,http://www.w3.org/2001/XMLSchema#decimal,literal,22,,,,wd:Q664
56,uri,http://www.wikidata.org/entity/Q3310113,en,literal,JB Hi-Fi,uri,http://www.wikidata.org/entity/Q664,literal,http://www.wikidata.org/entity/Q126793,literal,,literal,,literal,http://www.wikidata.org/entity/Q3141,literal,,en,literal,JB HI-FI LIMITED,http://www.w3.org/2001/XMLSchema#dateTime,literal,1974-01-01T00:00:00Z,,,,http://www.w3.org/2001/XMLSchema#decimal,literal,5771740609,wd:Q664
57,uri,http://www.wikidata.org/entity/Q17067645,en,literal,Te Herenga Waka University Press,uri,http://www.wikidata.org/entity/Q664,literal,,literal,,literal,,literal,http://www.wikidata.org/entity/Q23661,literal,http://www.wikidata.org/entity/Q1150437,en,literal,Victoria University Press,http://www.w3.org/2001/XMLSchema#dateTime,literal,1970-01-01T00:00:00Z,,,,,,,wd:Q664
58,uri,http://www.wikidata.org/entity/Q17103499,en,literal,MedicAlert,uri,http://www.wikidata.org/entity/Q189,literal,http://www.wikidata.org/entity/Q870895,literal,,literal,,literal,http://www.wikidata.org/entity/Q1011205,literal,,,,,http://www.w3.org/2001/XMLSchema#dateTime,literal,1956-01-01T00:00:00Z,http://www.w3.org/2001/XMLSchema#decimal,literal,27,,,,wd:Q664
59,uri,http://www.wikidata.org/entity/Q23177553,en,literal,House of Travel,uri,http://www.wikidata.org/entity/Q664,literal,http://www.wikidata.org/entity/Q49389,literal,,literal,,literal,http://www.wikidata.org/entity/Q37100,literal,,,,,http://www.w3.org/2001/XMLSchema#dateTime,literal,1987-01-01T00:00:00Z,,,,,,,wd:Q664
60,uri,http://www.wikidata.org/entity/Q4045612,en,literal,OTOY,uri,http://www.wikidata.org/entity/Q30,literal,,literal,http://www.wikidata.org/entity/Q107615005,literal,,literal,http://www.wikidata.org/entity/Q65,literal,,,,,http://www.w3.org/2001/XMLSchema#dateTime,literal,2002-01-01T00:00:00Z,,,,,,,wd:Q664
61,uri,http://www.wikidata.org/entity/Q15222331,en,literal,Gus Fisher Gallery,uri,http://www.wikidata.org/entity/Q664,literal,,literal,,literal,,literal,,literal,,,,,http://www.w3.org/2001/XMLSchema#dateTime,literal,2001-01-01T00:00:00Z,,,,,,,wd:Q664
62,uri,http://www.wikidata.org/entity/Q432475,en,literal,University of Canterbury,uri,http://www.wikidata.org/entity/Q664,literal,,literal,,literal,,literal,,literal,,,,,http://www.w3.org/2001/XMLSchema#dateTime,literal,1873-01-01T00:00:00Z,,,,,,,wd:Q664
63,uri,http://www.wikidata.org/entity/Q17103499,en,literal,MedicAlert,uri,http://www.wikidata.org/entity/Q30,literal,http://www.wikidata.org/entity/Q870895,literal,,literal,,literal,http://www.wikidata.org/entity/Q1011205,literal,,,,,http://www.w3.org/2001/XMLSchema#dateTime,literal,1956-01-01T00:00:00Z,http://www.w3.org/2001/XMLSchema#decimal,literal,22,,,,wd:Q664
64,uri,http://www.wikidata.org/entity/Q112010082,en,literal,311 Motel Riccarton,uri,http://www.wikidata.org/entity/Q664,literal,,literal,,literal,,literal,,literal,,,,,,,,,,,,,,wd:Q664
65,uri,http://www.wikidata.org/entity/Q1048626,en,literal,Lincoln University,uri,http://www.wikidata.org/entity/Q664,literal,,literal,,literal,,literal,,literal,,en,literal,Canterbury Agricultural College,http://www.w3.org/2001/XMLSchema#dateTime,literal,1878-01-01T00:00:00Z,,,,,,,wd:Q664
66,uri,http://www.wikidata.org/entity/Q17103499,en,literal,MedicAlert,uri,http://www.wikidata.org/entity/Q954,literal,http://www.wikidata.org/entity/Q870895,literal,,literal,,literal,http://www.wikidata.org/entity/Q1011205,literal,,,,,http://www.w3.org/2001/XMLSchema#dateTime,literal,1956-01-01T00:00:00Z,http://www.w3.org/2001/XMLSchema#decimal,literal,21,,,,wd:Q664
67,uri,http://www.wikidata.org/entity/Q95947430,en,literal,Oderings,uri,http://www.wikidata.org/entity/Q664,literal,,literal,,literal,,literal,http://www.wikidata.org/entity/Q79990,literal,,,,,http://www.w3.org/2001/XMLSchema#dateTime,literal,1929-01-01T00:00:00Z,,,,,,,wd:Q664
68,uri,http://www.wikidata.org/entity/Q17103499,en,literal,MedicAlert,uri,http://www.wikidata.org/entity/Q30,literal,http://www.wikidata.org/entity/Q870895,literal,,literal,,literal,http://www.wikidata.org/entity/Q1011205,literal,,,,,http://www.w3.org/2001/XMLSchema#dateTime,literal,1956-01-01T00:00:00Z,http://www.w3.org/2001/XMLSchema#decimal,literal,21,,,,wd:Q664
69,uri,http://www.wikidata.org/entity/Q7960008,en,literal,Waikato Times,uri,http://www.wikidata.org/entity/Q664,literal,,literal,,literal,,literal,,literal,,,,,http://www.w3.org/2001/XMLSchema#dateTime,literal,1872-01-01T00:00:00Z,,,,,,,wd:Q664
70,uri,http://www.wikidata.org/entity/Q28182690,en,literal,Top Energy,uri,http://www.wikidata.org/entity/Q664,literal,http://www.wikidata.org/entity/Q844861,literal,,literal,,literal,http://www.wikidata.org/entity/Q1185949,literal,,,,,http://www.w3.org/2001/XMLSchema#dateTime,literal,1935-01-01T00:00:00Z,,,,,,,wd:Q664
71,uri,http://www.wikidata.org/entity/Q111015152,en,literal,Mad Butcher,uri,http://www.wikidata.org/entity/Q664,literal,,literal,,literal,,literal,,literal,,,,,,,,,,,,,,wd:Q664
72,uri,http://www.wikidata.org/entity/Q100283020,en,literal,Qrious,uri,http://www.wikidata.org/entity/Q664,literal,,literal,,literal,,literal,http://www.wikidata.org/entity/Q37100,literal,,,,,,,,,,,,,,wd:Q664
73,uri,http://www.wikidata.org/entity/Q1144511,en,literal,New Zealand Post,uri,http://www.wikidata.org/entity/Q664,literal,http://www.wikidata.org/entity/Q57616250,literal,,literal,,literal,http://www.wikidata.org/entity/Q23661,literal,,,,,http://www.w3.org/2001/XMLSchema#dateTime,literal,1987-02-24T00:00:00Z,,,,,,,wd:Q664
74,uri,http://www.wikidata.org/entity/Q59821480,en,literal,A44,uri,http://www.wikidata.org/entity/Q664,literal,http://www.wikidata.org/entity/Q941594,literal,,literal,,literal,,literal,,,,,http://www.w3.org/2001/XMLSchema#dateTime,literal,2013-09-30T00:00:00Z,,,,,,,wd:Q664
75,uri,http://www.wikidata.org/entity/Q1494550,en,literal,Reserve Bank of New Zealand,uri,http://www.wikidata.org/entity/Q664,literal,,literal,,literal,http://www.wikidata.org/entity/Q16151548,literal,http://www.wikidata.org/entity/Q23661,literal,,en,literal,Reserve Bank of New Zealand,http://www.w3.org/2001/XMLSchema#dateTime,literal,1934-01-01T00:00:00Z,,,,,,,wd:Q664
76,uri,http://www.wikidata.org/entity/Q26715541,en,literal,Dinosaur Polo Club,uri,http://www.wikidata.org/entity/Q664,literal,http://www.wikidata.org/entity/Q941594,literal,,literal,,literal,,literal,,,,,,,,,,,,,,wd:Q664
77,uri,http://www.wikidata.org/entity/Q111015122,en,literal,The Bottle-O,uri,http://www.wikidata.org/entity/Q664,literal,,literal,,literal,,literal,,literal,,,,,,,,,,,,,,wd:Q664
78,uri,http://www.wikidata.org/entity/Q28180792,en,literal,2 Cheap Cars,uri,http://www.wikidata.org/entity/Q664,literal,,literal,,literal,,literal,http://www.wikidata.org/entity/Q37100,literal,,,,,http://www.w3.org/2001/XMLSchema#dateTime,literal,2011-01-01T00:00:00Z,,,,,,,wd:Q664
79,uri,http://www.wikidata.org/entity/Q109783503,en,literal,JOLT,uri,http://www.wikidata.org/entity/Q664,literal,,literal,,literal,,literal,,literal,,,,,,,,,,,,,,wd:Q664
80,uri,http://www.wikidata.org/entity/Q17103499,en,literal,MedicAlert,uri,http://www.wikidata.org/entity/Q145,literal,http://www.wikidata.org/entity/Q870895,literal,,literal,,literal,http://www.wikidata.org/entity/Q1011205,literal,,,,,http://www.w3.org/2001/XMLSchema#dateTime,literal,1956-01-01T00:00:00Z,http://www.w3.org/2001/XMLSchema#decimal,literal,18,,,,wd:Q664
81,uri,http://www.wikidata.org/entity/Q111018464,en,literal,St Pierre's Sushi,uri,http://www.wikidata.org/entity/Q664,literal,,literal,,literal,,literal,http://www.wikidata.org/entity/Q37100,literal,,,,,http://www.w3.org/2001/XMLSchema#dateTime,literal,1993-01-01T00:00:00Z,,,,,,,wd:Q664
82,uri,http://www.wikidata.org/entity/Q17103499,en,literal,MedicAlert,uri,http://www.wikidata.org/entity/Q954,literal,http://www.wikidata.org/entity/Q870895,literal,,literal,,literal,http://www.wikidata.org/entity/Q1011205,literal,,,,,http://www.w3.org/2001/XMLSchema#dateTime,literal,1956-01-01T00:00:00Z,http://www.w3.org/2001/XMLSchema#decimal,literal,27,,,,wd:Q664
83,uri,http://www.wikidata.org/entity/Q2571614,en,literal,Meteorological Service of New Zealand,uri,http://www.wikidata.org/entity/Q664,literal,,literal,,literal,,literal,http://www.wikidata.org/entity/Q23661,literal,,,,,http://www.w3.org/2001/XMLSchema#dateTime,literal,1992-01-01T00:00:00Z,http://www.w3.org/2001/XMLSchema#decimal,literal,216,,,,wd:Q664
84,uri,http://www.wikidata.org/entity/Q1199207,en,literal,The New Zealand Herald,uri,http://www.wikidata.org/entity/Q664,literal,,literal,,literal,,literal,http://www.wikidata.org/entity/Q37100,literal,,,,,http://www.w3.org/2001/XMLSchema#dateTime,literal,1863-01-01T00:00:00Z,,,,,,,wd:Q664
85,uri,http://www.wikidata.org/entity/Q17103499,en,literal,MedicAlert,uri,http://www.wikidata.org/entity/Q833,literal,http://www.wikidata.org/entity/Q870895,literal,,literal,,literal,http://www.wikidata.org/entity/Q1011205,literal,,,,,http://www.w3.org/2001/XMLSchema#dateTime,literal,1956-01-01T00:00:00Z,http://www.w3.org/2001/XMLSchema#decimal,literal,18,,,,wd:Q664
86,uri,http://www.wikidata.org/entity/Q107417306,en,literal,Warner Music New Zealand,uri,http://www.wikidata.org/entity/Q664,literal,,literal,,literal,,literal,,literal,,,,,,,,,,,,,,wd:Q664
87,uri,http://www.wikidata.org/entity/Q110524077,en,literal,Bin Inn,uri,http://www.wikidata.org/entity/Q664,literal,,literal,,literal,,literal,,literal,,,,,http://www.w3.org/2001/XMLSchema#dateTime,literal,1988-01-01T00:00:00Z,,,,,,,wd:Q664
88,uri,http://www.wikidata.org/entity/Q7884722,en,literal,Unichem,uri,http://www.wikidata.org/entity/Q664,literal,,literal,,literal,,literal,,literal,,,,,,,,,,,,,,wd:Q664
89,uri,http://www.wikidata.org/entity/Q73784427,en,literal,Auckland University of Technology Library,uri,http://www.wikidata.org/entity/Q664,literal,,literal,,literal,,literal,,literal,http://www.wikidata.org/entity/Q758659,,,,,,,,,,,,,wd:Q664
90,uri,http://www.wikidata.org/entity/Q1048626,en,literal,Lincoln University,uri,http://www.wikidata.org/entity/Q664,literal,,literal,,literal,,literal,,literal,,mi,literal,Te Whare Wānaka o Aotearoa,http://www.w3.org/2001/XMLSchema#dateTime,literal,1878-01-01T00:00:00Z,,,,,,,wd:Q664
91,uri,http://www.wikidata.org/entity/Q7388985,en,literal,SBS Bank,uri,http://www.wikidata.org/entity/Q664,literal,http://www.wikidata.org/entity/Q22687,literal,,literal,,literal,,literal,,,,,http://www.w3.org/2001/XMLSchema#dateTime,literal,1869-03-23T00:00:00Z,,,,,,,wd:Q664
92,uri,http://www.wikidata.org/entity/Q17103499,en,literal,MedicAlert,uri,http://www.wikidata.org/entity/Q189,literal,http://www.wikidata.org/entity/Q870895,literal,,literal,,literal,http://www.wikidata.org/entity/Q1011205,literal,,,,,http://www.w3.org/2001/XMLSchema#dateTime,literal,1956-01-01T00:00:00Z,http://www.w3.org/2001/XMLSchema#decimal,literal,21,,,,wd:Q664
93,uri,http://www.wikidata.org/entity/Q17103499,en,literal,MedicAlert,uri,http://www.wikidata.org/entity/Q16,literal,http://www.wikidata.org/entity/Q870895,literal,,literal,,literal,http://www.wikidata.org/entity/Q1011205,literal,,,,,http://www.w3.org/2001/XMLSchema#dateTime,literal,1956-01-01T00:00:00Z,http://www.w3.org/2001/XMLSchema#decimal,literal,23,,,,wd:Q664
94,uri,http://www.wikidata.org/entity/Q609093,en,literal,Royal Society Te Apārangi,uri,http://www.wikidata.org/entity/Q664,literal,,literal,,literal,,literal,http://www.wikidata.org/entity/Q23661,literal,,en,literal,Royal Society of New Zealand,http://www.w3.org/2001/XMLSchema#dateTime,literal,1867-01-01T00:00:00Z,,,,,,,wd:Q664
95,uri,http://www.wikidata.org/entity/Q113807417,en,literal,kiwEV,uri,http://www.wikidata.org/entity/Q664,literal,,literal,,literal,,literal,,literal,,,,,,,,,,,,,,wd:Q664
96,uri,http://www.wikidata.org/entity/Q5176845,en,literal,Countdown,uri,http://www.wikidata.org/entity/Q664,literal,http://www.wikidata.org/entity/Q126793,literal,,literal,,literal,http://www.wikidata.org/entity/Q37100,literal,,,,,http://www.w3.org/2001/XMLSchema#dateTime,literal,1981-01-01T00:00:00Z,,,,,,,wd:Q664
97,uri,http://www.wikidata.org/entity/Q110205329,en,literal,Noel Leeming,uri,http://www.wikidata.org/entity/Q664,literal,,literal,,literal,,literal,,literal,,,,,,,,,,,,,,wd:Q664
98,uri,http://www.wikidata.org/entity/Q107105834,en,literal,Agaram Productions,uri,http://www.wikidata.org/entity/Q664,literal,,literal,,literal,,literal,,literal,,,,,,,,,,,,,,wd:Q664
99,uri,http://www.wikidata.org/entity/Q5430190,en,literal,Stuff Limited,uri,http://www.wikidata.org/entity/Q664,literal,http://www.wikidata.org/entity/Q3972943,literal,,literal,,literal,http://www.wikidata.org/entity/Q47037646,literal,,en,literal,Stuff Limited,http://www.w3.org/2001/XMLSchema#dateTime,literal,2003-06-30T00:00:00Z,,,,,,,wd:Q664
100,uri,http://www.wikidata.org/entity/Q6167713,en,literal,Jaycar,uri,http://www.wikidata.org/entity/Q664,literal,http://www.wikidata.org/entity/Q126793,literal,,literal,,literal,"http://www.wikidata.org/entity/Q7384866, http://www.wikidata.org/entity/Q1461374",literal,,,,,http://www.w3.org/2001/XMLSchema#dateTime,literal,1981-01-01T00:00:00Z,,,,,,,wd:Q664
101,uri,http://www.wikidata.org/entity/Q112010091,en,literal,Riccarton Mall Motel,uri,http://www.wikidata.org/entity/Q664,literal,,literal,,literal,,literal,,literal,,,,,,,,,,,,,,wd:Q664
102,uri,http://www.wikidata.org/entity/Q17103499,en,literal,MedicAlert,uri,http://www.wikidata.org/entity/Q258,literal,http://www.wikidata.org/entity/Q870895,literal,,literal,,literal,http://www.wikidata.org/entity/Q1011205,literal,,,,,http://www.w3.org/2001/XMLSchema#dateTime,literal,1956-01-01T00:00:00Z,http://www.w3.org/2001/XMLSchema#decimal,literal,23,,,,wd:Q664
103,uri,http://www.wikidata.org/entity/Q639797,en,literal,Hurricanes,uri,http://www.wikidata.org/entity/Q664,literal,,literal,,literal,,literal,http://www.wikidata.org/entity/Q23661,literal,,,,,http://www.w3.org/2001/XMLSchema#dateTime,literal,1996-01-01T00:00:00Z,,,,,,,wd:Q664
104,uri,http://www.wikidata.org/entity/Q105872959,en,literal,ChargeNet NZ,uri,http://www.wikidata.org/entity/Q664,literal,,literal,,literal,,literal,http://www.wikidata.org/entity/Q37100,literal,,,,,http://www.w3.org/2001/XMLSchema#dateTime,literal,2015-01-01T00:00:00Z,,,,,,,wd:Q664
105,uri,http://www.wikidata.org/entity/Q111645463,en,literal,Lovoir Day Spa Christchurch,uri,http://www.wikidata.org/entity/Q664,literal,,literal,,literal,,literal,,literal,,,,,,,,,,,,,,wd:Q664
106,uri,http://www.wikidata.org/entity/Q204296,en,literal,Air New Zealand,uri,http://www.wikidata.org/entity/Q664,literal,http://www.wikidata.org/entity/Q1757562,literal,http://www.wikidata.org/entity/Q74370310,literal,,literal,http://www.wikidata.org/entity/Q37100,literal,,en,literal,AIR NEW ZEALAND LIMITED,http://www.w3.org/2001/XMLSchema#dateTime,literal,1940-01-01T00:00:00Z,,,,http://www.w3.org/2001/XMLSchema#decimal,literal,1790936544,wd:Q664
107,uri,http://www.wikidata.org/entity/Q5435806,en,literal,Farmers Trading Company,uri,http://www.wikidata.org/entity/Q664,literal,http://www.wikidata.org/entity/Q126793,literal,,literal,,literal,http://www.wikidata.org/entity/Q37100,literal,,,,,,,,,,,,,,wd:Q664
108,uri,http://www.wikidata.org/entity/Q109929910,en,literal,Balancing Monkey Games,uri,http://www.wikidata.org/entity/Q664,literal,http://www.wikidata.org/entity/Q941594,literal,,literal,,literal,http://www.wikidata.org/entity/Q133073,literal,,,,,http://www.w3.org/2001/XMLSchema#dateTime,literal,2017-01-01T00:00:00Z,,,,,,,wd:Q664
109,uri,http://www.wikidata.org/entity/Q108403182,en,literal,Network Waitaki,uri,http://www.wikidata.org/entity/Q664,literal,,literal,,literal,,literal,http://www.wikidata.org/entity/Q4782,literal,,,,,,,,,,,,,,wd:Q664
110,uri,http://www.wikidata.org/entity/Q17103499,en,literal,MedicAlert,uri,http://www.wikidata.org/entity/Q408,literal,http://www.wikidata.org/entity/Q870895,literal,,literal,,literal,http://www.wikidata.org/entity/Q1011205,literal,,,,,http://www.w3.org/2001/XMLSchema#dateTime,literal,1956-01-01T00:00:00Z,http://www.w3.org/2001/XMLSchema#decimal,literal,23,,,,wd:Q664
111,uri,http://www.wikidata.org/entity/Q21178908,en,literal,National Storage,uri,http://www.wikidata.org/entity/Q664,literal,http://www.wikidata.org/entity/Q401404,literal,,literal,,literal,http://www.wikidata.org/entity/Q34932,literal,,en,literal,NATIONAL STORAGE REIT,http://www.w3.org/2001/XMLSchema#dateTime,literal,2000-01-01T00:00:00Z,,,,http://www.w3.org/2001/XMLSchema#decimal,literal,2840016597,wd:Q664
112,uri,http://www.wikidata.org/entity/Q6818611,en,literal,Mercury Energy,uri,http://www.wikidata.org/entity/Q664,literal,http://www.wikidata.org/entity/Q383973,literal,,literal,,literal,http://www.wikidata.org/entity/Q37100,literal,,en,literal,MERCURY NZ LIMITED,http://www.w3.org/2001/XMLSchema#dateTime,literal,1999-04-01T00:00:00Z,,,,http://www.w3.org/2001/XMLSchema#decimal,literal,7656131243,wd:Q664
113,uri,http://www.wikidata.org/entity/Q110619267,en,literal,Chipmunks Playland & Café,uri,http://www.wikidata.org/entity/Q408,literal,,literal,,literal,,literal,,literal,,,,,,,,,,,,,,wd:Q664
114,uri,http://www.wikidata.org/entity/Q17103499,en,literal,MedicAlert,uri,http://www.wikidata.org/entity/Q664,literal,http://www.wikidata.org/entity/Q870895,literal,,literal,,literal,http://www.wikidata.org/entity/Q1011205,literal,,,,,http://www.w3.org/2001/XMLSchema#dateTime,literal,1956-01-01T00:00:00Z,http://www.w3.org/2001/XMLSchema#decimal,literal,27,,,,wd:Q664
115,uri,http://www.wikidata.org/entity/Q17103499,en,literal,MedicAlert,uri,http://www.wikidata.org/entity/Q30,literal,http://www.wikidata.org/entity/Q870895,literal,,literal,,literal,http://www.wikidata.org/entity/Q1011205,literal,,,,,http://www.w3.org/2001/XMLSchema#dateTime,literal,1956-01-01T00:00:00Z,http://www.w3.org/2001/XMLSchema#decimal,literal,23,,,,wd:Q664
116,uri,http://www.wikidata.org/entity/Q110298660,en,literal,The Baby Factory,uri,http://www.wikidata.org/entity/Q664,literal,,literal,,literal,,literal,,literal,,,,,,,,,,,,,,wd:Q664
117,uri,http://www.wikidata.org/entity/Q17103499,en,literal,MedicAlert,uri,http://www.wikidata.org/entity/Q954,literal,http://www.wikidata.org/entity/Q870895,literal,,literal,,literal,http://www.wikidata.org/entity/Q1011205,literal,,,,,http://www.w3.org/2001/XMLSchema#dateTime,literal,1956-01-01T00:00:00Z,http://www.w3.org/2001/XMLSchema#decimal,literal,22,,,,wd:Q664
118,uri,http://www.wikidata.org/entity/Q946370,en,literal,Fonterra,uri,http://www.wikidata.org/entity/Q664,literal,http://www.wikidata.org/entity/Q64698773,literal,,literal,,literal,http://www.wikidata.org/entity/Q37100,literal,,,,,http://www.w3.org/2001/XMLSchema#dateTime,literal,2001-10-16T00:00:00Z,,,,,,,wd:Q664
119,uri,http://www.wikidata.org/entity/Q110288070,en,literal,TAB,uri,http://www.wikidata.org/entity/Q664,literal,,literal,,literal,,literal,,literal,,,,,,,,,,,,,,wd:Q664
120,uri,http://www.wikidata.org/entity/Q110190372,en,literal,Rebel Sport,uri,http://www.wikidata.org/entity/Q664,literal,,literal,,literal,,literal,http://www.wikidata.org/entity/Q6912960,literal,,,,,http://www.w3.org/2001/XMLSchema#dateTime,literal,1996-01-01T00:00:00Z,,,,,,,wd:Q664
121,uri,http://www.wikidata.org/entity/Q855988,en,literal,Super Rugby,uri,http://www.wikidata.org/entity/Q258,literal,,literal,,literal,,literal,,literal,,,,,http://www.w3.org/2001/XMLSchema#dateTime,literal,1996-01-01T00:00:00Z,,,,,,,wd:Q664
122,uri,http://www.wikidata.org/entity/Q4849261,en,literal,Bakers Delight,uri,http://www.wikidata.org/entity/Q664,literal,http://www.wikidata.org/entity/Q126793,literal,,literal,,literal,http://www.wikidata.org/entity/Q2934668,literal,,,,,http://www.w3.org/2001/XMLSchema#dateTime,literal,1980-01-01T00:00:00Z,,,,,,,wd:Q664
123,uri,http://www.wikidata.org/entity/Q1128439,en,literal,Contact Energy,uri,http://www.wikidata.org/entity/Q664,literal,http://www.wikidata.org/entity/Q2356921,literal,,literal,,literal,http://www.wikidata.org/entity/Q23661,literal,,en,literal,CONTACT ENERGY LIMITED,http://www.w3.org/2001/XMLSchema#dateTime,literal,1996-01-01T00:00:00Z,,,,http://www.w3.org/2001/XMLSchema#decimal,literal,5874430384,wd:Q664
124,uri,http://www.wikidata.org/entity/Q110628692,en,literal,LifeCovered,uri,http://www.wikidata.org/entity/Q664,literal,http://www.wikidata.org/entity/Q285759,literal,,literal,,literal,http://www.wikidata.org/entity/Q200028,literal,,,,,http://www.w3.org/2001/XMLSchema#dateTime,literal,2018-04-12T00:00:00Z,,,,,,,wd:Q664
125,uri,http://www.wikidata.org/entity/Q17103499,en,literal,MedicAlert,uri,http://www.wikidata.org/entity/Q16,literal,http://www.wikidata.org/entity/Q870895,literal,,literal,,literal,http://www.wikidata.org/entity/Q1011205,literal,,,,,http://www.w3.org/2001/XMLSchema#dateTime,literal,1956-01-01T00:00:00Z,http://www.w3.org/2001/XMLSchema#decimal,literal,18,,,,wd:Q664
126,uri,http://www.wikidata.org/entity/Q111019114,en,literal,Bivouac Outdoor,uri,http://www.wikidata.org/entity/Q664,literal,,literal,,literal,,literal,,literal,,,,,,,,,,,,,,wd:Q664
127,uri,http://www.wikidata.org/entity/Q4633463,en,literal,2degrees,uri,http://www.wikidata.org/entity/Q664,literal,"http://www.wikidata.org/entity/Q56598901, http://www.wikidata.org/entity/Q25245117",literal,,literal,,literal,http://www.wikidata.org/entity/Q37100,literal,,,,,http://www.w3.org/2001/XMLSchema#dateTime,literal,2009-01-01T00:00:00Z,,,,,,,wd:Q664
128,uri,http://www.wikidata.org/entity/Q6045736,en,literal,InterCity,uri,http://www.wikidata.org/entity/Q664,literal,,literal,,literal,,literal,http://www.wikidata.org/entity/Q37100,literal,,,,,http://www.w3.org/2001/XMLSchema#dateTime,literal,1991-01-01T00:00:00Z,,,,,,,wd:Q664
129,uri,http://www.wikidata.org/entity/Q855988,en,literal,Super Rugby,uri,http://www.wikidata.org/entity/Q408,literal,,literal,,literal,,literal,,literal,,,,,http://www.w3.org/2001/XMLSchema#dateTime,literal,1996-01-01T00:00:00Z,,,,,,,wd:Q664
130,uri,http://www.wikidata.org/entity/Q17103499,en,literal,MedicAlert,uri,http://www.wikidata.org/entity/Q258,literal,http://www.wikidata.org/entity/Q870895,literal,,literal,,literal,http://www.wikidata.org/entity/Q1011205,literal,,,,,http://www.w3.org/2001/XMLSchema#dateTime,literal,1956-01-01T00:00:00Z,http://www.w3.org/2001/XMLSchema#decimal,literal,18,,,,wd:Q664
131,uri,http://www.wikidata.org/entity/Q109549554,en,literal,Livestyl,uri,http://www.wikidata.org/entity/Q664,literal,,literal,,literal,,literal,http://www.wikidata.org/entity/Q664,literal,,,,,http://www.w3.org/2001/XMLSchema#dateTime,literal,2021-01-01T00:00:00Z,,,,,,,wd:Q664
132,uri,http://www.wikidata.org/entity/Q4943790,en,literal,Boost Mobile,uri,http://www.wikidata.org/entity/Q664,literal,"http://www.wikidata.org/entity/Q56598901, http://www.wikidata.org/entity/Q25245117",literal,,literal,,literal,"http://www.wikidata.org/entity/Q49219, http://www.wikidata.org/entity/Q3130",literal,,,,,http://www.w3.org/2001/XMLSchema#dateTime,literal,2000-08-01T00:00:00Z,,,,,,,wd:Q664
133,uri,http://www.wikidata.org/entity/Q855988,en,literal,Super Rugby,uri,http://www.wikidata.org/entity/Q414,literal,,literal,,literal,,literal,,literal,,,,,http://www.w3.org/2001/XMLSchema#dateTime,literal,1996-01-01T00:00:00Z,,,,,,,wd:Q664
134,uri,http://www.wikidata.org/entity/Q110205200,en,literal,The Warehouse,uri,http://www.wikidata.org/entity/Q664,literal,,literal,,literal,,literal,,literal,,,,,,,,,,,,,,wd:Q664
135,uri,http://www.wikidata.org/entity/Q806687,en,literal,Bank of New Zealand,uri,http://www.wikidata.org/entity/Q664,literal,"http://www.wikidata.org/entity/Q837171, http://www.wikidata.org/entity/Q806718",literal,,literal,,literal,http://www.wikidata.org/entity/Q37100,literal,,,,,http://www.w3.org/2001/XMLSchema#dateTime,literal,1861-07-29T00:00:00Z,http://www.w3.org/2001/XMLSchema#decimal,literal,840,,,,wd:Q664
136,uri,http://www.wikidata.org/entity/Q107086246,en,literal,Te Rēhia Theatre,uri,http://www.wikidata.org/entity/Q664,literal,,literal,,literal,,literal,,literal,,,,,http://www.w3.org/2001/XMLSchema#dateTime,literal,2012-08-07T00:00:00Z,,,,,,,wd:Q664
137,uri,http://www.wikidata.org/entity/Q17103499,en,literal,MedicAlert,uri,http://www.wikidata.org/entity/Q408,literal,http://www.wikidata.org/entity/Q870895,literal,,literal,,literal,http://www.wikidata.org/entity/Q1011205,literal,,,,,http://www.w3.org/2001/XMLSchema#dateTime,literal,1956-01-01T00:00:00Z,http://www.w3.org/2001/XMLSchema#decimal,literal,18,,,,wd:Q664
138,uri,http://www.wikidata.org/entity/Q110288298,en,literal,99 Bikes,uri,http://www.wikidata.org/entity/Q408,literal,,literal,,literal,,literal,http://www.wikidata.org/entity/Q4950813,literal,,,,,,,,,,,,,,wd:Q664
139,uri,http://www.wikidata.org/entity/Q17067645,en,literal,Te Herenga Waka University Press,uri,http://www.wikidata.org/entity/Q664,literal,,literal,,literal,,literal,http://www.wikidata.org/entity/Q23661,literal,http://www.wikidata.org/entity/Q1150437,en,literal,Te Herenga Waka University Press,http://www.w3.org/2001/XMLSchema#dateTime,literal,1970-01-01T00:00:00Z,,,,,,,wd:Q664
140,uri,http://www.wikidata.org/entity/Q17103499,en,literal,MedicAlert,uri,http://www.wikidata.org/entity/Q189,literal,http://www.wikidata.org/entity/Q870895,literal,,literal,,literal,http://www.wikidata.org/entity/Q1011205,literal,,,,,http://www.w3.org/2001/XMLSchema#dateTime,literal,1956-01-01T00:00:00Z,http://www.w3.org/2001/XMLSchema#decimal,literal,23,,,,wd:Q664
141,uri,http://www.wikidata.org/entity/Q6421682,en,literal,Kmart Australia,uri,http://www.wikidata.org/entity/Q408,literal,http://www.wikidata.org/entity/Q126793,literal,,literal,,literal,http://www.wikidata.org/entity/Q3141,literal,,,,,http://www.w3.org/2001/XMLSchema#dateTime,literal,1969-01-01T00:00:00Z,,,,,,,wd:Q664
142,uri,http://www.wikidata.org/entity/Q48782120,en,literal,Chemist Warehouse,uri,http://www.wikidata.org/entity/Q408,literal,http://www.wikidata.org/entity/Q126793,literal,,literal,,literal,http://www.wikidata.org/entity/Q3141,literal,,,,,http://www.w3.org/2001/XMLSchema#dateTime,literal,2000-01-01T00:00:00Z,,,,,,,wd:Q664
143,uri,http://www.wikidata.org/entity/Q74243823,en,literal,College of Nurses Aotearoa New Zealand,uri,http://www.wikidata.org/entity/Q664,literal,,literal,,literal,,literal,,literal,,,,,http://www.w3.org/2001/XMLSchema#dateTime,literal,1982-01-01T00:00:00Z,,,,,,,wd:Q664
144,uri,http://www.wikidata.org/entity/Q4045612,en,literal,OTOY,uri,http://www.wikidata.org/entity/Q664,literal,,literal,http://www.wikidata.org/entity/Q107615005,literal,,literal,http://www.wikidata.org/entity/Q65,literal,,,,,http://www.w3.org/2001/XMLSchema#dateTime,literal,2002-01-01T00:00:00Z,,,,,,,wd:Q664
145,uri,http://www.wikidata.org/entity/Q57663125,en,literal,Cryptopia,uri,http://www.wikidata.org/entity/Q664,literal,,literal,,literal,,literal,,literal,,,,,http://www.w3.org/2001/XMLSchema#dateTime,literal,2014-01-01T00:00:00Z,,,,,,,wd:Q664
146,uri,http://www.wikidata.org/entity/Q18348448,en,literal,Harmoney,uri,http://www.wikidata.org/entity/Q664,literal,http://www.wikidata.org/entity/Q253613,literal,,literal,,literal,http://www.wikidata.org/entity/Q37100,literal,,,,,http://www.w3.org/2001/XMLSchema#dateTime,literal,2013-01-01T00:00:00Z,,,,,,,wd:Q664
147,uri,http://www.wikidata.org/entity/Q4699076,en,literal,Airways New Zealand,uri,http://www.wikidata.org/entity/Q664,literal,,literal,,literal,,literal,http://www.wikidata.org/entity/Q23661,literal,,,,,http://www.w3.org/2001/XMLSchema#dateTime,literal,1987-01-01T00:00:00Z,,,,,,,wd:Q664
148,uri,http://www.wikidata.org/entity/Q7835339,en,literal,Transpower New Zealand,uri,http://www.wikidata.org/entity/Q664,literal,http://www.wikidata.org/entity/Q112046,literal,,literal,,literal,http://www.wikidata.org/entity/Q23661,literal,,,,,http://www.w3.org/2001/XMLSchema#dateTime,literal,1994-01-01T00:00:00Z,,,,,,,wd:Q664
149,uri,http://www.wikidata.org/entity/Q108569458,en,literal,Dynasty Sport,uri,http://www.wikidata.org/entity/Q664,literal,http://www.wikidata.org/entity/Q1505660,literal,,literal,,literal,http://www.wikidata.org/entity/Q37100,literal,,,,,,,,,,,,,,wd:Q664
150,uri,http://www.wikidata.org/entity/Q17103499,en,literal,MedicAlert,uri,http://www.wikidata.org/entity/Q664,literal,http://www.wikidata.org/entity/Q870895,literal,,literal,,literal,http://www.wikidata.org/entity/Q1011205,literal,,,,,http://www.w3.org/2001/XMLSchema#dateTime,literal,1956-01-01T00:00:00Z,http://www.w3.org/2001/XMLSchema#decimal,literal,22,,,,wd:Q664
151,uri,http://www.wikidata.org/entity/Q17103499,en,literal,MedicAlert,uri,http://www.wikidata.org/entity/Q30,literal,http://www.wikidata.org/entity/Q870895,literal,,literal,,literal,http://www.wikidata.org/entity/Q1011205,literal,,,,,http://www.w3.org/2001/XMLSchema#dateTime,literal,1956-01-01T00:00:00Z,http://www.w3.org/2001/XMLSchema#decimal,literal,18,,,,wd:Q664
152,uri,http://www.wikidata.org/entity/Q100272682,en,literal,Coffee Culture,uri,http://www.wikidata.org/entity/Q664,literal,,literal,,literal,,literal,,literal,,,,,,,,,,,,,,wd:Q664
153,uri,http://www.wikidata.org/entity/Q17103499,en,literal,MedicAlert,uri,http://www.wikidata.org/entity/Q145,literal,http://www.wikidata.org/entity/Q870895,literal,,literal,,literal,http://www.wikidata.org/entity/Q1011205,literal,,,,,http://www.w3.org/2001/XMLSchema#dateTime,literal,1956-01-01T00:00:00Z,http://www.w3.org/2001/XMLSchema#decimal,literal,27,,,,wd:Q664
154,uri,http://www.wikidata.org/entity/Q106610545,en,literal,Flightless,uri,http://www.wikidata.org/entity/Q664,literal,http://www.wikidata.org/entity/Q941594,literal,,literal,,literal,http://www.wikidata.org/entity/Q833634,literal,,,,,http://www.w3.org/2001/XMLSchema#dateTime,literal,2005-01-01T00:00:00Z,,,,,,,wd:Q664
155,uri,http://www.wikidata.org/entity/Q111645643,en,literal,"Lovoir Beauty Salon & Day Spa Christchurch, Avonhead",uri,http://www.wikidata.org/entity/Q664,literal,,literal,,literal,,literal,,literal,,,,,,,,,,,,,,wd:Q664
156,uri,http://www.wikidata.org/entity/Q17103499,en,literal,MedicAlert,uri,http://www.wikidata.org/entity/Q833,literal,http://www.wikidata.org/entity/Q870895,literal,,literal,,literal,http://www.wikidata.org/entity/Q1011205,literal,,,,,http://www.w3.org/2001/XMLSchema#dateTime,literal,1956-01-01T00:00:00Z,http://www.w3.org/2001/XMLSchema#decimal,literal,27,,,,wd:Q664
157,uri,http://www.wikidata.org/entity/Q107294730,en,literal,Masterworks Gallery,uri,http://www.wikidata.org/entity/Q664,literal,,literal,,literal,,literal,,literal,,,,,,,,,,,,,,wd:Q664
158,uri,http://www.wikidata.org/entity/Q7012488,en,literal,New World,uri,http://www.wikidata.org/entity/Q664,literal,http://www.wikidata.org/entity/Q126793,literal,,literal,,literal,http://www.wikidata.org/entity/Q23661,literal,,,,,http://www.w3.org/2001/XMLSchema#dateTime,literal,1963-01-01T00:00:00Z,,,,,,,wd:Q664
159,uri,http://www.wikidata.org/entity/Q65118874,en,literal,Cobb & Co.,uri,http://www.wikidata.org/entity/Q664,literal,http://www.wikidata.org/entity/Q11707,literal,,literal,,literal,,literal,,,,,http://www.w3.org/2001/XMLSchema#dateTime,literal,1973-01-01T00:00:00Z,,,,,,,wd:Q664
160,uri,http://www.wikidata.org/entity/Q4984311,en,literal,Buddle Findlay,uri,http://www.wikidata.org/entity/Q664,literal,,literal,,literal,,literal,,literal,,,,,http://www.w3.org/2001/XMLSchema#dateTime,literal,1895-01-01T00:00:00Z,,,,,,,wd:Q664
161,uri,http://www.wikidata.org/entity/Q95975802,en,literal,Living Cell Technologies,uri,http://www.wikidata.org/entity/Q664,literal,,literal,,literal,,literal,http://www.wikidata.org/entity/Q986198,literal,,en,literal,Living Cell Technologies,http://www.w3.org/2001/XMLSchema#dateTime,literal,1999-01-01T00:00:00Z,,,,http://www.w3.org/2001/XMLSchema#decimal,literal,5710810,wd:Q664
162,uri,http://www.wikidata.org/entity/Q110770711,en,literal,Poppies Martinborough,uri,http://www.wikidata.org/entity/Q664,literal,,literal,,literal,,literal,,literal,,,,,,,,,,,,,,wd:Q664
163,uri,http://www.wikidata.org/entity/Q3788105,en,literal,KiwiRail,uri,http://www.wikidata.org/entity/Q664,literal,http://www.wikidata.org/entity/Q3565868,literal,,literal,,literal,http://www.wikidata.org/entity/Q23661,literal,,,,,http://www.w3.org/2001/XMLSchema#dateTime,literal,2008-01-01T00:00:00Z,,,,,,,wd:Q664
164,uri,http://www.wikidata.org/entity/Q106688891,en,literal,Viva La Dirt League,uri,http://www.wikidata.org/entity/Q664,literal,,literal,,literal,,literal,,literal,,,,,,,,,,,,,,wd:Q664
165,uri,http://www.wikidata.org/entity/Q109783503,en,literal,JOLT,uri,http://www.wikidata.org/entity/Q408,literal,,literal,,literal,,literal,,literal,,,,,,,,,,,,,,wd:Q664
166,uri,http://www.wikidata.org/entity/Q5272121,en,literal,Wairarapa Times-Age,uri,http://www.wikidata.org/entity/Q664,literal,,literal,,literal,,literal,,literal,,,,,http://www.w3.org/2001/XMLSchema#dateTime,literal,1878-01-01T00:00:00Z,,,,,,,wd:Q664
167,uri,http://www.wikidata.org/entity/Q7996279,en,literal,Whitestone Cheese,uri,http://www.wikidata.org/entity/Q664,literal,http://www.wikidata.org/entity/Q10943,literal,,literal,,literal,,literal,,,,,http://www.w3.org/2001/XMLSchema#dateTime,literal,1987-01-01T00:00:00Z,,,,,,,wd:Q664
168,uri,http://www.wikidata.org/entity/Q6882394,en,literal,Mitre 10,uri,http://www.wikidata.org/entity/Q664,literal,,literal,,literal,,literal,http://www.wikidata.org/entity/Q37100,literal,,,,,http://www.w3.org/2001/XMLSchema#dateTime,literal,1974-06-01T00:00:00Z,,,,,,,wd:Q664
169,uri,http://www.wikidata.org/entity/Q110922616,en,literal,npd,uri,http://www.wikidata.org/entity/Q664,literal,,literal,,literal,,literal,,literal,,,,,,,,,,,,,,wd:Q664
170,uri,http://www.wikidata.org/entity/Q17103499,en,literal,MedicAlert,uri,http://www.wikidata.org/entity/Q229,literal,http://www.wikidata.org/entity/Q870895,literal,,literal,,literal,http://www.wikidata.org/entity/Q1011205,literal,,,,,http://www.w3.org/2001/XMLSchema#dateTime,literal,1956-01-01T00:00:00Z,http://www.w3.org/2001/XMLSchema#decimal,literal,18,,,,wd:Q664
171,uri,http://www.wikidata.org/entity/Q95923071,en,literal,Toyworld,uri,http://www.wikidata.org/entity/Q664,literal,,literal,,literal,,literal,,literal,,,,,http://www.w3.org/2001/XMLSchema#dateTime,literal,1976-01-01T00:00:00Z,,,,,,,wd:Q664
172,uri,http://www.wikidata.org/entity/Q1549526,en,literal,Spark New Zealand,uri,http://www.wikidata.org/entity/Q664,literal,"http://www.wikidata.org/entity/Q56598901, http://www.wikidata.org/entity/Q25245117",literal,,literal,,literal,http://www.wikidata.org/entity/Q37100,literal,,en,literal,SPARK NEW ZEALAND LIMITED,http://www.w3.org/2001/XMLSchema#dateTime,literal,1987-01-01T00:00:00Z,http://www.w3.org/2001/XMLSchema#decimal,literal,5092,http://www.w3.org/2001/XMLSchema#decimal,literal,7982438174,wd:Q664
173,uri,http://www.wikidata.org/entity/Q111017798,en,literal,Henry's,uri,http://www.wikidata.org/entity/Q664,literal,,literal,,literal,,literal,,literal,,,,,,,,,,,,,,wd:Q664
174,uri,http://www.wikidata.org/entity/Q7015506,en,literal,New Zealand Mint,uri,http://www.wikidata.org/entity/Q664,literal,,literal,,literal,,literal,,literal,,,,,,,,,,,,,,wd:Q664
175,uri,http://www.wikidata.org/entity/Q107105446,en,literal,Meetinghouse Records,uri,http://www.wikidata.org/entity/Q664,literal,,literal,,literal,,literal,,literal,,,,,http://www.w3.org/2001/XMLSchema#dateTime,literal,2018-01-01T00:00:00Z,,,,,,,wd:Q664
176,uri,http://www.wikidata.org/entity/Q113313384,en,literal,Corys Electrical,uri,http://www.wikidata.org/entity/Q664,literal,,literal,,literal,,literal,,literal,,,,,,,,,,,,,,wd:Q664
177,uri,http://www.wikidata.org/entity/Q17103499,en,literal,MedicAlert,uri,http://www.wikidata.org/entity/Q189,literal,http://www.wikidata.org/entity/Q870895,literal,,literal,,literal,http://www.wikidata.org/entity/Q1011205,literal,,,,,http://www.w3.org/2001/XMLSchema#dateTime,literal,1956-01-01T00:00:00Z,http://www.w3.org/2001/XMLSchema#decimal,literal,22,,,,wd:Q664
178,uri,http://www.wikidata.org/entity/Q4040441,en,literal,Harvey Norman,uri,http://www.wikidata.org/entity/Q664,literal,http://www.wikidata.org/entity/Q126793,literal,,literal,,literal,http://www.wikidata.org/entity/Q3130,literal,,en,literal,HARVEY NORMAN HOLDINGS LIMITED,http://www.w3.org/2001/XMLSchema#dateTime,literal,1982-01-01T00:00:00Z,,,,http://www.w3.org/2001/XMLSchema#decimal,literal,6416934268,wd:Q664
179,uri,http://www.wikidata.org/entity/Q7754602,en,literal,The Oamaru Mail,uri,http://www.wikidata.org/entity/Q664,literal,,literal,,literal,,literal,http://www.wikidata.org/entity/Q4782,literal,,,,,http://www.w3.org/2001/XMLSchema#dateTime,literal,1876-01-01T00:00:00Z,,,,,,,wd:Q664
180,uri,http://www.wikidata.org/entity/Q111080173,en,literal,Early Settler,uri,http://www.wikidata.org/entity/Q408,literal,,literal,,literal,,literal,,literal,,,,,http://www.w3.org/2001/XMLSchema#dateTime,literal,1985-01-01T00:00:00Z,,,,,,,wd:Q664
181,uri,http://www.wikidata.org/entity/Q107064571,en,literal,noissue,uri,http://www.wikidata.org/entity/Q16,literal,,literal,,literal,,literal,,literal,,,,,,,,,,,,,,wd:Q664
182,uri,http://www.wikidata.org/entity/Q111427512,en,literal,Doyle Sails,uri,http://www.wikidata.org/entity/Q664,literal,,literal,,literal,,literal,,literal,,,,,http://www.w3.org/2001/XMLSchema#dateTime,literal,2001-01-01T00:00:00Z,,,,,,,wd:Q664
183,uri,http://www.wikidata.org/entity/Q17103499,en,literal,MedicAlert,uri,http://www.wikidata.org/entity/Q664,literal,http://www.wikidata.org/entity/Q870895,literal,,literal,,literal,http://www.wikidata.org/entity/Q1011205,literal,,,,,http://www.w3.org/2001/XMLSchema#dateTime,literal,1956-01-01T00:00:00Z,http://www.w3.org/2001/XMLSchema#decimal,literal,21,,,,wd:Q664
184,uri,http://www.wikidata.org/entity/Q104865291,en,literal,Smiths City,uri,http://www.wikidata.org/entity/Q664,literal,http://www.wikidata.org/entity/Q126793,literal,,literal,,literal,,literal,,,,,,,,,,,,,,wd:Q664
185,uri,http://www.wikidata.org/entity/Q113313306,en,literal,J. A. Russell,uri,http://www.wikidata.org/entity/Q664,literal,,literal,,literal,,literal,,literal,,,,,,,,,,,,,,wd:Q664
186,uri,http://www.wikidata.org/entity/Q98536208,en,literal,Commodore Hotel,uri,http://www.wikidata.org/entity/Q664,literal,,literal,,literal,,literal,,literal,,,,,,,,,,,,,,wd:Q664
187,uri,http://www.wikidata.org/entity/Q109626935,en,literal,Baby Bunting,uri,http://www.wikidata.org/entity/Q664,literal,,literal,,literal,,literal,,literal,,en,literal,Baby Bunting Group Limited,http://www.w3.org/2001/XMLSchema#dateTime,literal,1979-01-01T00:00:00Z,,,,http://www.w3.org/2001/XMLSchema#decimal,literal,768059931,wd:Q664
188,uri,http://www.wikidata.org/entity/Q7948949,en,literal,WEL Networks,uri,http://www.wikidata.org/entity/Q664,literal,http://www.wikidata.org/entity/Q844861,literal,,literal,,literal,http://www.wikidata.org/entity/Q200028,literal,,,,,,,,,,,,,,wd:Q664
189,uri,http://www.wikidata.org/entity/Q6420869,en,literal,Klim Type Foundry,uri,http://www.wikidata.org/entity/Q664,literal,,literal,,literal,,literal,,literal,,,,,,,,,,,,,,wd:Q664
190,uri,http://www.wikidata.org/entity/Q24190006,en,literal,Unison Networks,uri,http://www.wikidata.org/entity/Q664,literal,http://www.wikidata.org/entity/Q844861,literal,,literal,,literal,http://www.wikidata.org/entity/Q1015690,literal,,,,,http://www.w3.org/2001/XMLSchema#dateTime,literal,1924-01-01T00:00:00Z,,,,,,,wd:Q664
191,uri,http://www.wikidata.org/entity/Q107064571,en,literal,noissue,uri,http://www.wikidata.org/entity/Q408,literal,,literal,,literal,,literal,,literal,,,,,,,,,,,,,,wd:Q664
192,uri,http://www.wikidata.org/entity/Q115215489,en,literal,PAK'nSAVE Fuel,uri,http://www.wikidata.org/entity/Q664,literal,,literal,,literal,,literal,,literal,,,,,,,,,,,,,,wd:Q664
193,uri,http://www.wikidata.org/entity/Q55636134,en,literal,Tranzit Group,uri,http://www.wikidata.org/entity/Q664,literal,http://www.wikidata.org/entity/Q7590,literal,,literal,,literal,http://www.wikidata.org/entity/Q1223916,literal,,,,,http://www.w3.org/2001/XMLSchema#dateTime,literal,1924-01-01T00:00:00Z,,,,,,,wd:Q664
194,uri,http://www.wikidata.org/entity/Q4045612,en,literal,OTOY,uri,http://www.wikidata.org/entity/Q55,literal,,literal,http://www.wikidata.org/entity/Q107615005,literal,,literal,http://www.wikidata.org/entity/Q65,literal,,,,,http://www.w3.org/2001/XMLSchema#dateTime,literal,2002-01-01T00:00:00Z,,,,,,,wd:Q664
195,uri,http://www.wikidata.org/entity/Q110299350,en,literal,Animates,uri,http://www.wikidata.org/entity/Q664,literal,,literal,,literal,,literal,,literal,,,,,,,,,,,,,,wd:Q664
196,uri,http://www.wikidata.org/entity/Q7831908,en,literal,TradeMe,uri,http://www.wikidata.org/entity/Q664,literal,,literal,,literal,,literal,,literal,,,,,http://www.w3.org/2001/XMLSchema#dateTime,literal,1999-01-01T00:00:00Z,,,,,,,wd:Q664
197,uri,http://www.wikidata.org/entity/Q107064571,en,literal,noissue,uri,http://www.wikidata.org/entity/Q30,literal,,literal,,literal,,literal,,literal,,,,,,,,,,,,,,wd:Q664
198,uri,http://www.wikidata.org/entity/Q17103499,en,literal,MedicAlert,uri,http://www.wikidata.org/entity/Q954,literal,http://www.wikidata.org/entity/Q870895,literal,,literal,,literal,http://www.wikidata.org/entity/Q1011205,literal,,,,,http://www.w3.org/2001/XMLSchema#dateTime,literal,1956-01-01T00:00:00Z,http://www.w3.org/2001/XMLSchema#decimal,literal,23,,,,wd:Q664
199,uri,http://www.wikidata.org/entity/Q113656951,en,literal,New Zealand College of Midwives,uri,http://www.wikidata.org/entity/Q664,literal,,literal,,literal,,literal,http://www.wikidata.org/entity/Q79990,literal,,,,,http://www.w3.org/2001/XMLSchema#dateTime,literal,1990-01-01T00:00:00Z,,,,,,,wd:Q664
200,uri,http://www.wikidata.org/entity/Q7015226,en,literal,New Zealand Association of Scientists,uri,http://www.wikidata.org/entity/Q664,literal,,literal,,literal,,literal,,literal,,en,literal,New Zealand Association Of Scientists Incorporated,http://www.w3.org/2001/XMLSchema#dateTime,literal,1941-01-01T00:00:00Z,,,,,,,wd:Q664
201,uri,http://www.wikidata.org/entity/Q107582426,en,literal,GO Rentals,uri,http://www.wikidata.org/entity/Q664,literal,http://www.wikidata.org/entity/Q291240,literal,,literal,,literal,http://www.wikidata.org/entity/Q37100,literal,,,,,http://www.w3.org/2001/XMLSchema#dateTime,literal,1997-01-01T00:00:00Z,,,,,,,wd:Q664
202,uri,http://www.wikidata.org/entity/Q113580688,en,literal,International Institute of Modern Letters,uri,http://www.wikidata.org/entity/Q664,literal,,literal,,literal,,literal,http://www.wikidata.org/entity/Q23661,literal,http://www.wikidata.org/entity/Q1150437,,,,http://www.w3.org/2001/XMLSchema#dateTime,literal,2001-01-01T00:00:00Z,,,,,,,wd:Q664
203,uri,http://www.wikidata.org/entity/Q57017144,en,literal,REDFOX™ Game Studio Limited,uri,http://www.wikidata.org/entity/Q664,literal,http://www.wikidata.org/entity/Q941594,literal,,literal,,literal,http://www.wikidata.org/entity/Q37100,literal,,,,,http://www.w3.org/2001/XMLSchema#dateTime,literal,2016-02-01T00:00:00Z,,,,,,,wd:Q664
204,uri,http://www.wikidata.org/entity/Q7939291,en,literal,Vodafone New Zealand,uri,http://www.wikidata.org/entity/Q664,literal,"http://www.wikidata.org/entity/Q56598901, http://www.wikidata.org/entity/Q25245117",literal,,literal,,literal,http://www.wikidata.org/entity/Q37100,literal,,,,,http://www.w3.org/2001/XMLSchema#dateTime,literal,1998-01-01T00:00:00Z,http://www.w3.org/2001/XMLSchema#decimal,literal,3000,,,,wd:Q664
205,uri,http://www.wikidata.org/entity/Q94836910,en,literal,ANZCO Foods,uri,http://www.wikidata.org/entity/Q664,literal,http://www.wikidata.org/entity/Q80962,literal,,literal,,literal,http://www.wikidata.org/entity/Q79990,literal,,,,,http://www.w3.org/2001/XMLSchema#dateTime,literal,1995-08-17T00:00:00Z,,,,,,,wd:Q664
206,uri,http://www.wikidata.org/entity/Q84909706,en,literal,Crimson Education,uri,http://www.wikidata.org/entity/Q664,literal,"http://www.wikidata.org/entity/Q5341276, http://www.wikidata.org/entity/Q1068473",literal,,literal,,literal,,literal,,,,,http://www.w3.org/2001/XMLSchema#dateTime,literal,2013-01-01T00:00:00Z,,,,,,,wd:Q664
207,uri,http://www.wikidata.org/entity/Q539507,en,literal,Icebreaker,uri,http://www.wikidata.org/entity/Q664,literal,http://www.wikidata.org/entity/Q11460,literal,,literal,,literal,http://www.wikidata.org/entity/Q37100,literal,,,,,http://www.w3.org/2001/XMLSchema#dateTime,literal,1994-01-01T00:00:00Z,,,,,,,wd:Q664
208,uri,http://www.wikidata.org/entity/Q17056760,en,literal,Playmarket,uri,http://www.wikidata.org/entity/Q664,literal,,literal,,literal,,literal,http://www.wikidata.org/entity/Q23661,literal,,,,,http://www.w3.org/2001/XMLSchema#dateTime,literal,1973-01-01T00:00:00Z,,,,,,,wd:Q664
209,uri,http://www.wikidata.org/entity/Q246946,en,literal,Fletcher Building,uri,http://www.wikidata.org/entity/Q664,literal,http://www.wikidata.org/entity/Q385378,literal,,literal,,literal,http://www.wikidata.org/entity/Q758634,literal,,en,literal,FLETCHER BUILDING LIMITED,http://www.w3.org/2001/XMLSchema#dateTime,literal,2001-01-01T00:00:00Z,http://www.w3.org/2001/XMLSchema#decimal,literal,18600,http://www.w3.org/2001/XMLSchema#decimal,literal,5472865587,wd:Q664
210,uri,http://www.wikidata.org/entity/Q94207821,en,literal,Sportsfuel Supplements,uri,http://www.wikidata.org/entity/Q664,literal,http://www.wikidata.org/entity/Q126793,literal,,literal,,literal,http://www.wikidata.org/entity/Q200028,literal,,,,,http://www.w3.org/2001/XMLSchema#dateTime,literal,2006-01-01T00:00:00Z,,,,,,,wd:Q664
211,uri,http://www.wikidata.org/entity/Q7236675,en,literal,Powerco,uri,http://www.wikidata.org/entity/Q664,literal,http://www.wikidata.org/entity/Q844861,literal,,literal,,literal,http://www.wikidata.org/entity/Q212984,literal,,,,,http://www.w3.org/2001/XMLSchema#dateTime,literal,1999-01-01T00:00:00Z,,,,,,,wd:Q664
212,uri,http://www.wikidata.org/entity/Q17103499,en,literal,MedicAlert,uri,http://www.wikidata.org/entity/Q145,literal,http://www.wikidata.org/entity/Q870895,literal,,literal,,literal,http://www.wikidata.org/entity/Q1011205,literal,,,,,http://www.w3.org/2001/XMLSchema#dateTime,literal,1956-01-01T00:00:00Z,http://www.w3.org/2001/XMLSchema#decimal,literal,21,,,,wd:Q664
213,uri,http://www.wikidata.org/entity/Q114353097,en,literal,Storage King,uri,http://www.wikidata.org/entity/Q408,literal,,literal,,literal,,literal,,literal,,,,,,,,,,,,,,wd:Q664
214,uri,http://www.wikidata.org/entity/Q111017590,en,literal,Bargain Chemist,uri,http://www.wikidata.org/entity/Q664,literal,,literal,,literal,,literal,,literal,,,,,http://www.w3.org/2001/XMLSchema#dateTime,literal,2018-03-01T00:00:00Z,,,,,,,wd:Q664
215,uri,http://www.wikidata.org/entity/Q17103499,en,literal,MedicAlert,uri,http://www.wikidata.org/entity/Q833,literal,http://www.wikidata.org/entity/Q870895,literal,,literal,,literal,http://www.wikidata.org/entity/Q1011205,literal,,,,,http://www.w3.org/2001/XMLSchema#dateTime,literal,1956-01-01T00:00:00Z,http://www.w3.org/2001/XMLSchema#decimal,literal,21,,,,wd:Q664
216,uri,http://www.wikidata.org/entity/Q7994237,en,literal,Whitcoulls,uri,http://www.wikidata.org/entity/Q664,literal,http://www.wikidata.org/entity/Q126793,literal,,literal,,literal,,literal,,,,,http://www.w3.org/2001/XMLSchema#dateTime,literal,1971-01-01T00:00:00Z,,,,,,,wd:Q664
217,uri,http://www.wikidata.org/entity/Q7537617,en,literal,SkyBus,uri,http://www.wikidata.org/entity/Q408,literal,,literal,,literal,,literal,http://www.wikidata.org/entity/Q733738,literal,,,,,http://www.w3.org/2001/XMLSchema#dateTime,literal,1978-01-01T00:00:00Z,,,,,,,wd:Q664
218,uri,http://www.wikidata.org/entity/Q113289213,en,literal,OpenLoop,uri,http://www.wikidata.org/entity/Q664,literal,,literal,,literal,,literal,,literal,,,,,,,,,,,,,,wd:Q664
219,uri,http://www.wikidata.org/entity/Q7917807,en,literal,Vector Limited,uri,http://www.wikidata.org/entity/Q664,literal,http://www.wikidata.org/entity/Q2151621,literal,,literal,,literal,http://www.wikidata.org/entity/Q37100,literal,,,,,http://www.w3.org/2001/XMLSchema#dateTime,literal,1999-01-01T00:00:00Z,,,,,,,wd:Q664
220,uri,http://www.wikidata.org/entity/Q110437236,en,literal,Paper Plus,uri,http://www.wikidata.org/entity/Q664,literal,,literal,,literal,,literal,,literal,,,,,,,,,,,,,,wd:Q664
221,uri,http://www.wikidata.org/entity/Q7769287,en,literal,The Timaru Herald,uri,http://www.wikidata.org/entity/Q664,literal,,literal,,literal,,literal,http://www.wikidata.org/entity/Q1016574,literal,,,,,http://www.w3.org/2001/XMLSchema#dateTime,literal,1864-01-01T00:00:00Z,,,,,,,wd:Q664
222,uri,http://www.wikidata.org/entity/Q2456640,en,literal,Manawa Energy,uri,http://www.wikidata.org/entity/Q664,literal,http://www.wikidata.org/entity/Q2151621,literal,,literal,,literal,http://www.wikidata.org/entity/Q207756,literal,,,,,http://www.w3.org/2001/XMLSchema#dateTime,literal,1993-01-01T00:00:00Z,,,,,,,wd:Q664
223,uri,http://www.wikidata.org/entity/Q17103499,en,literal,MedicAlert,uri,http://www.wikidata.org/entity/Q229,literal,http://www.wikidata.org/entity/Q870895,literal,,literal,,literal,http://www.wikidata.org/entity/Q1011205,literal,,,,,http://www.w3.org/2001/XMLSchema#dateTime,literal,1956-01-01T00:00:00Z,http://www.w3.org/2001/XMLSchema#decimal,literal,27,,,,wd:Q664
224,uri,http://www.wikidata.org/entity/Q1134606,en,literal,Massey University,uri,http://www.wikidata.org/entity/Q664,literal,,literal,,literal,,literal,,literal,,,,,http://www.w3.org/2001/XMLSchema#dateTime,literal,1927-01-01T00:00:00Z,,,,,,,wd:Q664
225,uri,http://www.wikidata.org/entity/Q112038718,en,literal,Super Liquor,uri,http://www.wikidata.org/entity/Q664,literal,http://www.wikidata.org/entity/Q126793,literal,,literal,,literal,,literal,,,,,,,,,,,,,,wd:Q664
226,uri,http://www.wikidata.org/entity/Q17103499,en,literal,MedicAlert,uri,http://www.wikidata.org/entity/Q664,literal,http://www.wikidata.org/entity/Q870895,literal,,literal,,literal,http://www.wikidata.org/entity/Q1011205,literal,,,,,http://www.w3.org/2001/XMLSchema#dateTime,literal,1956-01-01T00:00:00Z,http://www.w3.org/2001/XMLSchema#decimal,literal,23,,,,wd:Q664
227,uri,http://www.wikidata.org/entity/Q3310113,en,literal,JB Hi-Fi,uri,http://www.wikidata.org/entity/Q408,literal,http://www.wikidata.org/entity/Q126793,literal,,literal,,literal,http://www.wikidata.org/entity/Q3141,literal,,en,literal,JB HI-FI LIMITED,http://www.w3.org/2001/XMLSchema#dateTime,literal,1974-01-01T00:00:00Z,,,,http://www.w3.org/2001/XMLSchema#decimal,literal,5771740609,wd:Q664
228,uri,http://www.wikidata.org/entity/Q17103499,en,literal,MedicAlert,uri,http://www.wikidata.org/entity/Q954,literal,http://www.wikidata.org/entity/Q870895,literal,,literal,,literal,http://www.wikidata.org/entity/Q1011205,literal,,,,,http://www.w3.org/2001/XMLSchema#dateTime,literal,1956-01-01T00:00:00Z,http://www.w3.org/2001/XMLSchema#decimal,literal,18,,,,wd:Q664
229,uri,http://www.wikidata.org/entity/Q2413590,en,literal,The Press,uri,http://www.wikidata.org/entity/Q664,literal,,literal,,literal,,literal,http://www.wikidata.org/entity/Q79990,literal,,,,,http://www.w3.org/2001/XMLSchema#dateTime,literal,1861-01-01T00:00:00Z,,,,,,,wd:Q664
230,uri,http://www.wikidata.org/entity/Q110619267,en,literal,Chipmunks Playland & Café,uri,http://www.wikidata.org/entity/Q664,literal,,literal,,literal,,literal,,literal,,,,,,,,,,,,,,wd:Q664
231,uri,http://www.wikidata.org/entity/Q110923303,en,literal,CityFitness,uri,http://www.wikidata.org/entity/Q664,literal,,literal,,literal,,literal,,literal,,,,,,,,,,,,,,wd:Q664
232,uri,http://www.wikidata.org/entity/Q60174436,en,literal,Dry Cactus,uri,http://www.wikidata.org/entity/Q664,literal,http://www.wikidata.org/entity/Q941594,literal,,literal,,literal,http://www.wikidata.org/entity/Q2046047,literal,,,,,,,,,,,,,,wd:Q664
233,uri,http://www.wikidata.org/entity/Q77286354,en,literal,Hilton Lake Taupo,uri,http://www.wikidata.org/entity/Q664,literal,,literal,,literal,,literal,,literal,,en,literal,Hilton Lake Taupo,,,,,,,,,,wd:Q664
234,uri,http://www.wikidata.org/entity/Q1048626,en,literal,Lincoln University,uri,http://www.wikidata.org/entity/Q664,literal,,literal,,literal,,literal,,literal,,en,literal,Lincoln University,http://www.w3.org/2001/XMLSchema#dateTime,literal,1878-01-01T00:00:00Z,,,,,,,wd:Q664
235,uri,http://www.wikidata.org/entity/Q113289003,en,literal,Hikotron,uri,http://www.wikidata.org/entity/Q664,literal,,literal,,literal,,literal,http://www.wikidata.org/entity/Q200028,literal,,,,,,,,,,,,,,wd:Q664
236,uri,http://www.wikidata.org/entity/Q1494550,en,literal,Reserve Bank of New Zealand,uri,http://www.wikidata.org/entity/Q664,literal,,literal,,literal,http://www.wikidata.org/entity/Q16151548,literal,http://www.wikidata.org/entity/Q23661,literal,,mi,literal,Te Pūtea Matua,http://www.w3.org/2001/XMLSchema#dateTime,literal,1934-01-01T00:00:00Z,,,,,,,wd:Q664
237,uri,http://www.wikidata.org/entity/Q7752980,en,literal,New Zealand Opera,uri,http://www.wikidata.org/entity/Q664,literal,,literal,,literal,,literal,http://www.wikidata.org/entity/Q3365637,literal,,en,literal,The National Business Review New Zealand Opera,http://www.w3.org/2001/XMLSchema#dateTime,literal,2000-01-01T00:00:00Z,,,,,,,wd:Q664
238,uri,http://www.wikidata.org/entity/Q1626518,en,literal,Radio New Zealand,uri,http://www.wikidata.org/entity/Q664,literal,,literal,,literal,,literal,http://www.wikidata.org/entity/Q23661,literal,,,,,http://www.w3.org/2001/XMLSchema#dateTime,literal,1995-01-01T00:00:00Z,,,,,,,wd:Q664
239,uri,http://www.wikidata.org/entity/Q855988,en,literal,Super Rugby,uri,http://www.wikidata.org/entity/Q664,literal,,literal,,literal,,literal,,literal,,,,,http://www.w3.org/2001/XMLSchema#dateTime,literal,1996-01-01T00:00:00Z,,,,,,,wd:Q664
240,uri,http://www.wikidata.org/entity/Q7102789,en,literal,Orion New Zealand Limited,uri,http://www.wikidata.org/entity/Q664,literal,http://www.wikidata.org/entity/Q844861,literal,,literal,,literal,http://www.wikidata.org/entity/Q79990,literal,,,,,http://www.w3.org/2001/XMLSchema#dateTime,literal,1998-01-01T00:00:00Z,,,,,,,wd:Q664
241,uri,http://www.wikidata.org/entity/Q107803402,en,literal,Wow! Productions,uri,http://www.wikidata.org/entity/Q664,literal,,literal,,literal,,literal,http://www.wikidata.org/entity/Q133073,literal,,,,,http://www.w3.org/2001/XMLSchema#dateTime,literal,1996-01-01T00:00:00Z,,,,,,,wd:Q664
242,uri,http://www.wikidata.org/entity/Q1048626,en,literal,Lincoln University,uri,http://www.wikidata.org/entity/Q664,literal,,literal,,literal,,literal,,literal,,en,literal,Lincoln School of Agriculture,http://www.w3.org/2001/XMLSchema#dateTime,literal,1878-01-01T00:00:00Z,,,,,,,wd:Q664
243,uri,http://www.wikidata.org/entity/Q18167231,en,literal,Invivo Wines,uri,http://www.wikidata.org/entity/Q664,literal,http://www.wikidata.org/entity/Q213376,literal,,literal,,literal,http://www.wikidata.org/entity/Q1526617,literal,,,,,http://www.w3.org/2001/XMLSchema#dateTime,literal,2008-01-01T00:00:00Z,,,,,,,wd:Q664
244,uri,http://www.wikidata.org/entity/Q71916710,en,literal,Thin Lizzy,uri,http://www.wikidata.org/entity/Q664,literal,"http://www.wikidata.org/entity/Q12752882, http://www.wikidata.org/entity/Q126793",literal,,literal,,literal,,literal,,,,,http://www.w3.org/2001/XMLSchema#dateTime,literal,2005-01-01T00:00:00Z,,,,,,,wd:Q664
245,uri,http://www.wikidata.org/entity/Q5435760,en,literal,Farmers' Mutual Group,uri,http://www.wikidata.org/entity/Q664,literal,http://www.wikidata.org/entity/Q837171,literal,,literal,,literal,http://www.wikidata.org/entity/Q23661,literal,,,,,http://www.w3.org/2001/XMLSchema#dateTime,literal,1978-01-01T00:00:00Z,,,,,,,wd:Q664
246,uri,http://www.wikidata.org/entity/Q17103499,en,literal,MedicAlert,uri,http://www.wikidata.org/entity/Q229,literal,http://www.wikidata.org/entity/Q870895,literal,,literal,,literal,http://www.wikidata.org/entity/Q1011205,literal,,,,,http://www.w3.org/2001/XMLSchema#dateTime,literal,1956-01-01T00:00:00Z,http://www.w3.org/2001/XMLSchema#decimal,literal,22,,,,wd:Q664
247,uri,http://www.wikidata.org/entity/Q17103499,en,literal,MedicAlert,uri,http://www.wikidata.org/entity/Q16,literal,http://www.wikidata.org/entity/Q870895,literal,,literal,,literal,http://www.wikidata.org/entity/Q1011205,literal,,,,,http://www.w3.org/2001/XMLSchema#dateTime,literal,1956-01-01T00:00:00Z,http://www.w3.org/2001/XMLSchema#decimal,literal,21,,,,wd:Q664
248,uri,http://www.wikidata.org/entity/Q95923071,en,literal,Toyworld,uri,http://www.wikidata.org/entity/Q408,literal,,literal,,literal,,literal,,literal,,,,,http://www.w3.org/2001/XMLSchema#dateTime,literal,1976-01-01T00:00:00Z,,,,,,,wd:Q664
249,uri,http://www.wikidata.org/entity/Q66456981,en,literal,TookiPalooki,uri,http://www.wikidata.org/entity/Q664,literal,,literal,,literal,,literal,http://www.wikidata.org/entity/Q251825,literal,,,,,,,,,,,,,,wd:Q664
250,uri,http://www.wikidata.org/entity/Q17103499,en,literal,MedicAlert,uri,http://www.wikidata.org/entity/Q664,literal,http://www.wikidata.org/entity/Q870895,literal,,literal,,literal,http://www.wikidata.org/entity/Q1011205,literal,,,,,http://www.w3.org/2001/XMLSchema#dateTime,literal,1956-01-01T00:00:00Z,http://www.w3.org/2001/XMLSchema#decimal,literal,18,,,,wd:Q664
251,uri,http://www.wikidata.org/entity/Q110288298,en,literal,99 Bikes,uri,http://www.wikidata.org/entity/Q664,literal,,literal,,literal,,literal,http://www.wikidata.org/entity/Q4950813,literal,,,,,,,,,,,,,,wd:Q664
252,uri,http://www.wikidata.org/entity/Q108403115,en,literal,Network Tasman,uri,http://www.wikidata.org/entity/Q664,literal,,literal,,literal,,literal,http://www.wikidata.org/entity/Q3610579,literal,,,,,,,,,,,,,,wd:Q664
253,uri,http://www.wikidata.org/entity/Q17103499,en,literal,MedicAlert,uri,http://www.wikidata.org/entity/Q258,literal,http://www.wikidata.org/entity/Q870895,literal,,literal,,literal,http://www.wikidata.org/entity/Q1011205,literal,,,,,http://www.w3.org/2001/XMLSchema#dateTime,literal,1956-01-01T00:00:00Z,http://www.w3.org/2001/XMLSchema#decimal,literal,21,,,,wd:Q664
254,uri,http://www.wikidata.org/entity/Q17103499,en,literal,MedicAlert,uri,http://www.wikidata.org/entity/Q145,literal,http://www.wikidata.org/entity/Q870895,literal,,literal,,literal,http://www.wikidata.org/entity/Q1011205,literal,,,,,http://www.w3.org/2001/XMLSchema#dateTime,literal,1956-01-01T00:00:00Z,http://www.w3.org/2001/XMLSchema#decimal,literal,23,,,,wd:Q664
255,uri,http://www.wikidata.org/entity/Q8063337,en,literal,Z Energy,uri,http://www.wikidata.org/entity/Q664,literal,http://www.wikidata.org/entity/Q862571,literal,,literal,,literal,http://www.wikidata.org/entity/Q23661,literal,,en,literal,Z ENERGY LIMITED,http://www.w3.org/2001/XMLSchema#dateTime,literal,2010-01-01T00:00:00Z,,,,http://www.w3.org/2001/XMLSchema#decimal,literal,1795645143,wd:Q664
256,uri,http://www.wikidata.org/entity/Q105820572,en,literal,Westpower,uri,http://www.wikidata.org/entity/Q664,literal,,literal,,literal,,literal,http://www.wikidata.org/entity/Q934790,literal,,,,,,,,,,,,,,wd:Q664
257,uri,http://www.wikidata.org/entity/Q6421682,en,literal,Kmart Australia,uri,http://www.wikidata.org/entity/Q664,literal,http://www.wikidata.org/entity/Q126793,literal,,literal,,literal,http://www.wikidata.org/entity/Q3141,literal,,,,,http://www.w3.org/2001/XMLSchema#dateTime,literal,1969-01-01T00:00:00Z,,,,,,,wd:Q664
258,uri,http://www.wikidata.org/entity/Q48782120,en,literal,Chemist Warehouse,uri,http://www.wikidata.org/entity/Q664,literal,http://www.wikidata.org/entity/Q126793,literal,,literal,,literal,http://www.wikidata.org/entity/Q3141,literal,,,,,http://www.w3.org/2001/XMLSchema#dateTime,literal,2000-01-01T00:00:00Z,,,,,,,wd:Q664
259,uri,http://www.wikidata.org/entity/Q7642080,en,literal,SuperValue,uri,http://www.wikidata.org/entity/Q664,literal,http://www.wikidata.org/entity/Q126793,literal,,literal,,literal,http://www.wikidata.org/entity/Q664,literal,,,,,http://www.w3.org/2001/XMLSchema#dateTime,literal,1964-01-01T00:00:00Z,,,,,,,wd:Q664
260,uri,http://www.wikidata.org/entity/Q4040441,en,literal,Harvey Norman,uri,http://www.wikidata.org/entity/Q408,literal,http://www.wikidata.org/entity/Q126793,literal,,literal,,literal,http://www.wikidata.org/entity/Q3130,literal,,en,literal,HARVEY NORMAN HOLDINGS LIMITED,http://www.w3.org/2001/XMLSchema#dateTime,literal,1982-01-01T00:00:00Z,,,,http://www.w3.org/2001/XMLSchema#decimal,literal,6416934268,wd:Q664
261,uri,http://www.wikidata.org/entity/Q17103499,en,literal,MedicAlert,uri,http://www.wikidata.org/entity/Q833,literal,http://www.wikidata.org/entity/Q870895,literal,,literal,,literal,http://www.wikidata.org/entity/Q1011205,literal,,,,,http://www.w3.org/2001/XMLSchema#dateTime,literal,1956-01-01T00:00:00Z,http://www.w3.org/2001/XMLSchema#decimal,literal,23,,,,wd:Q664
262,uri,http://www.wikidata.org/entity/Q17103499,en,literal,MedicAlert,uri,http://www.wikidata.org/entity/Q408,literal,http://www.wikidata.org/entity/Q870895,literal,,literal,,literal,http://www.wikidata.org/entity/Q1011205,literal,,,,,http://www.w3.org/2001/XMLSchema#dateTime,literal,1956-01-01T00:00:00Z,http://www.w3.org/2001/XMLSchema#decimal,literal,21,,,,wd:Q664
263,uri,http://www.wikidata.org/entity/Q606140,en,literal,University of Waikato,uri,http://www.wikidata.org/entity/Q664,literal,,literal,,literal,,literal,,literal,,,,,http://www.w3.org/2001/XMLSchema#dateTime,literal,1964-01-01T00:00:00Z,http://www.w3.org/2001/XMLSchema#decimal,literal,2300,,,,wd:Q664
264,uri,http://www.wikidata.org/entity/Q111015103,en,literal,Number One Shoes,uri,http://www.wikidata.org/entity/Q664,literal,,literal,,literal,,literal,,literal,,,,,http://www.w3.org/2001/XMLSchema#dateTime,literal,1974-01-01T00:00:00Z,,,,,,,wd:Q664
265,uri,http://www.wikidata.org/entity/Q59222830,en,literal,Meltdown Interactive Media,uri,http://www.wikidata.org/entity/Q664,literal,http://www.wikidata.org/entity/Q941594,literal,,literal,,literal,http://www.wikidata.org/entity/Q37100,literal,,,,,,,,,,,,,,wd:Q664
266,uri,http://www.wikidata.org/entity/Q109626935,en,literal,Baby Bunting,uri,http://www.wikidata.org/entity/Q408,literal,,literal,,literal,,literal,,literal,,en,literal,Baby Bunting Group Limited,http://www.w3.org/2001/XMLSchema#dateTime,literal,1979-01-01T00:00:00Z,,,,http://www.w3.org/2001/XMLSchema#decimal,literal,768059931,wd:Q664
267,uri,http://www.wikidata.org/entity/Q108626533,en,literal,Oddboy,uri,http://www.wikidata.org/entity/Q664,literal,http://www.wikidata.org/entity/Q941594,literal,,literal,,literal,http://www.wikidata.org/entity/Q37100,literal,,,,,http://www.w3.org/2001/XMLSchema#dateTime,literal,2016-01-01T00:00:00Z,,,,,,,wd:Q664
