,business.type,business.value,businessLabel.xml:lang,businessLabel.type,businessLabel.value,country.type,country.value,industries.type,industries.value,ceos.type,ceos.value,chairs.type,chairs.value,hqs.type,hqs.value,groups.type,groups.value,origindate.datatype,origindate.type,origindate.value,officialname.xml:lang,officialname.type,officialname.value,country
0,uri,http://www.wikidata.org/entity/Q5769689,en,literal,Cines Unidos,uri,http://www.wikidata.org/entity/Q717,literal,,literal,,literal,,literal,http://www.wikidata.org/entity/Q191164,literal,,http://www.w3.org/2001/XMLSchema#dateTime,literal,1947-06-13T00:00:00Z,es,literal,Compañía Anónima Empresa Cines Unidos,wd:Q717
1,uri,http://www.wikidata.org/entity/Q421023,en,literal,Organization of Ibero-American States,uri,http://www.wikidata.org/entity/Q811,literal,,literal,,literal,,literal,http://www.wikidata.org/entity/Q5740815,literal,,http://www.w3.org/2001/XMLSchema#dateTime,literal,1949-01-01T00:00:00Z,es,literal,"Organización de Estados Iberoamericanos para la Educación, la Ciencia y la Cultura",wd:Q717
2,uri,http://www.wikidata.org/entity/Q109606691,en,literal,MRW,uri,http://www.wikidata.org/entity/Q717,literal,http://www.wikidata.org/entity/Q177777,literal,,literal,,literal,,literal,,http://www.w3.org/2001/XMLSchema#dateTime,literal,1988-01-01T00:00:00Z,,,,wd:Q717
3,uri,http://www.wikidata.org/entity/Q760690,en,literal,University of the Andes,uri,http://www.wikidata.org/entity/Q717,literal,,literal,,literal,,literal,http://www.wikidata.org/entity/Q23551,literal,,http://www.w3.org/2001/XMLSchema#dateTime,literal,1785-01-01T00:00:00Z,,,,wd:Q717
4,uri,http://www.wikidata.org/entity/Q421023,en,literal,Organization of Ibero-American States,uri,http://www.wikidata.org/entity/Q77,literal,,literal,,literal,,literal,http://www.wikidata.org/entity/Q5740815,literal,,http://www.w3.org/2001/XMLSchema#dateTime,literal,1949-01-01T00:00:00Z,pt,literal,"Organização de Estados Ibero-Americanos para a Educação, a Ciência e a Cultura",wd:Q717
5,uri,http://www.wikidata.org/entity/Q5159960,en,literal,Conferry,uri,http://www.wikidata.org/entity/Q717,literal,http://www.wikidata.org/entity/Q155930,literal,,literal,,literal,http://www.wikidata.org/entity/Q1533,literal,,http://www.w3.org/2001/XMLSchema#dateTime,literal,1959-01-01T00:00:00Z,,,,wd:Q717
6,uri,http://www.wikidata.org/entity/Q421023,en,literal,Organization of Ibero-American States,uri,http://www.wikidata.org/entity/Q228,literal,,literal,,literal,,literal,http://www.wikidata.org/entity/Q5740815,literal,,http://www.w3.org/2001/XMLSchema#dateTime,literal,1949-01-01T00:00:00Z,pt,literal,"Organização de Estados Ibero-Americanos para a Educação, a Ciência e a Cultura",wd:Q717
7,uri,http://www.wikidata.org/entity/Q109608141,en,literal,Botiqueria,uri,http://www.wikidata.org/entity/Q717,literal,,literal,,literal,,literal,,literal,,,,,,,,wd:Q717
8,uri,http://www.wikidata.org/entity/Q5964485,en,literal,La Nación,uri,http://www.wikidata.org/entity/Q717,literal,,literal,,literal,,literal,,literal,,http://www.w3.org/2001/XMLSchema#dateTime,literal,1968-12-23T00:00:00Z,,,,wd:Q717
9,uri,http://www.wikidata.org/entity/Q5271864,en,literal,Diario VEA,uri,http://www.wikidata.org/entity/Q717,literal,,literal,,literal,,literal,http://www.wikidata.org/entity/Q1533,literal,,http://www.w3.org/2001/XMLSchema#dateTime,literal,2003-09-02T00:00:00Z,,,,wd:Q717
10,uri,http://www.wikidata.org/entity/Q421023,en,literal,Organization of Ibero-American States,uri,http://www.wikidata.org/entity/Q774,literal,,literal,,literal,,literal,http://www.wikidata.org/entity/Q5740815,literal,,http://www.w3.org/2001/XMLSchema#dateTime,literal,1949-01-01T00:00:00Z,pt,literal,"Organização de Estados Ibero-Americanos para a Educação, a Ciência e a Cultura",wd:Q717
11,uri,http://www.wikidata.org/entity/Q5718196,en,literal,Banco del Tesoro,uri,http://www.wikidata.org/entity/Q717,literal,,literal,,literal,,literal,http://www.wikidata.org/entity/Q1533,literal,,,,,,,,wd:Q717
12,uri,http://www.wikidata.org/entity/Q1135320,en,literal,Correo del Orinoco,uri,http://www.wikidata.org/entity/Q717,literal,,literal,,literal,,literal,,literal,,http://www.w3.org/2001/XMLSchema#dateTime,literal,1808-01-01T00:00:00Z,,,,wd:Q717
13,uri,http://www.wikidata.org/entity/Q421023,en,literal,Organization of Ibero-American States,uri,http://www.wikidata.org/entity/Q241,literal,,literal,,literal,,literal,http://www.wikidata.org/entity/Q5740815,literal,,http://www.w3.org/2001/XMLSchema#dateTime,literal,1949-01-01T00:00:00Z,pt,literal,"Organização de Estados Ibero-Americanos para a Educação, a Ciência e a Cultura",wd:Q717
14,uri,http://www.wikidata.org/entity/Q5803569,en,literal,El Luchador,uri,http://www.wikidata.org/entity/Q717,literal,,literal,,literal,,literal,,literal,,http://www.w3.org/2001/XMLSchema#dateTime,literal,1978-07-15T00:00:00Z,,,,wd:Q717
15,uri,http://www.wikidata.org/entity/Q421023,en,literal,Organization of Ibero-American States,uri,http://www.wikidata.org/entity/Q783,literal,,literal,,literal,,literal,http://www.wikidata.org/entity/Q5740815,literal,,http://www.w3.org/2001/XMLSchema#dateTime,literal,1949-01-01T00:00:00Z,pt,literal,"Organização de Estados Ibero-Americanos para a Educação, a Ciência e a Cultura",wd:Q717
16,uri,http://www.wikidata.org/entity/Q4835087,en,literal,BBVA Provincial,uri,http://www.wikidata.org/entity/Q717,literal,http://www.wikidata.org/entity/Q837171,literal,,literal,,literal,http://www.wikidata.org/entity/Q1533,literal,,http://www.w3.org/2001/XMLSchema#dateTime,literal,1952-08-08T00:00:00Z,,,,wd:Q717
17,uri,http://www.wikidata.org/entity/Q421023,en,literal,Organization of Ibero-American States,uri,http://www.wikidata.org/entity/Q983,literal,,literal,,literal,,literal,http://www.wikidata.org/entity/Q5740815,literal,,http://www.w3.org/2001/XMLSchema#dateTime,literal,1949-01-01T00:00:00Z,es,literal,"Organización de Estados Iberoamericanos para la Educación, la Ciencia y la Cultura",wd:Q717
18,uri,http://www.wikidata.org/entity/Q1324400,en,literal,El Nacional,uri,http://www.wikidata.org/entity/Q717,literal,,literal,,literal,,literal,http://www.wikidata.org/entity/Q1533,literal,http://www.wikidata.org/entity/Q54837,http://www.w3.org/2001/XMLSchema#dateTime,literal,1943-08-03T00:00:00Z,,,,wd:Q717
19,uri,http://www.wikidata.org/entity/Q421023,en,literal,Organization of Ibero-American States,uri,http://www.wikidata.org/entity/Q96,literal,,literal,,literal,,literal,http://www.wikidata.org/entity/Q5740815,literal,,http://www.w3.org/2001/XMLSchema#dateTime,literal,1949-01-01T00:00:00Z,pt,literal,"Organização de Estados Ibero-Americanos para a Educação, a Ciência e a Cultura",wd:Q717
20,uri,http://www.wikidata.org/entity/Q421023,en,literal,Organization of Ibero-American States,uri,http://www.wikidata.org/entity/Q786,literal,,literal,,literal,,literal,http://www.wikidata.org/entity/Q5740815,literal,,http://www.w3.org/2001/XMLSchema#dateTime,literal,1949-01-01T00:00:00Z,pt,literal,"Organização de Estados Ibero-Americanos para a Educação, a Ciência e a Cultura",wd:Q717
21,uri,http://www.wikidata.org/entity/Q59334852,,literal,Q59334852,uri,http://www.wikidata.org/entity/Q717,literal,,literal,,literal,,literal,,literal,,http://www.w3.org/2001/XMLSchema#dateTime,literal,1972-11-27T00:00:00Z,,,,wd:Q717
22,uri,http://www.wikidata.org/entity/Q6156664,en,literal,Rafael Belloso Chacin University,uri,http://www.wikidata.org/entity/Q717,literal,,literal,,literal,,literal,,literal,,http://www.w3.org/2001/XMLSchema#dateTime,literal,1989-01-01T00:00:00Z,,,,wd:Q717
23,uri,http://www.wikidata.org/entity/Q63184744,en,literal,Diario de Frente,uri,http://www.wikidata.org/entity/Q717,literal,,literal,,literal,,literal,"http://www.wikidata.org/entity/Q43271, http://www.wikidata.org/entity/Q717",literal,,http://www.w3.org/2001/XMLSchema#dateTime,literal,1983-07-24T00:00:00Z,,,,wd:Q717
24,uri,http://www.wikidata.org/entity/Q421023,en,literal,Organization of Ibero-American States,uri,http://www.wikidata.org/entity/Q155,literal,,literal,,literal,,literal,http://www.wikidata.org/entity/Q5740815,literal,,http://www.w3.org/2001/XMLSchema#dateTime,literal,1949-01-01T00:00:00Z,es,literal,"Organización de Estados Iberoamericanos para la Educación, la Ciencia y la Cultura",wd:Q717
25,uri,http://www.wikidata.org/entity/Q76313,en,literal,Wayuunaiki,uri,http://www.wikidata.org/entity/Q717,literal,,literal,,literal,,literal,,literal,,,,,,,,wd:Q717
26,uri,http://www.wikidata.org/entity/Q421023,en,literal,Organization of Ibero-American States,uri,http://www.wikidata.org/entity/Q792,literal,,literal,,literal,,literal,http://www.wikidata.org/entity/Q5740815,literal,,http://www.w3.org/2001/XMLSchema#dateTime,literal,1949-01-01T00:00:00Z,pt,literal,"Organização de Estados Ibero-Americanos para a Educação, a Ciência e a Cultura",wd:Q717
27,uri,http://www.wikidata.org/entity/Q59333856,en,literal,Versión Final (Newspaper),uri,http://www.wikidata.org/entity/Q717,literal,,literal,,literal,,literal,,literal,,,,,,,,wd:Q717
28,uri,http://www.wikidata.org/entity/Q4854108,en,literal,Banco Occidental de Descuento,uri,http://www.wikidata.org/entity/Q717,literal,"http://www.wikidata.org/entity/Q1416657, http://www.wikidata.org/entity/Q837171, http://www.wikidata.org/entity/Q806718",literal,,literal,http://www.wikidata.org/entity/Q18720299,literal,http://www.wikidata.org/entity/Q171632,literal,,http://www.w3.org/2001/XMLSchema#dateTime,literal,1957-01-08T00:00:00Z,,,,wd:Q717
29,uri,http://www.wikidata.org/entity/Q421023,en,literal,Organization of Ibero-American States,uri,http://www.wikidata.org/entity/Q800,literal,,literal,,literal,,literal,http://www.wikidata.org/entity/Q5740815,literal,,http://www.w3.org/2001/XMLSchema#dateTime,literal,1949-01-01T00:00:00Z,pt,literal,"Organização de Estados Ibero-Americanos para a Educação, a Ciência e a Cultura",wd:Q717
30,uri,http://www.wikidata.org/entity/Q5856092,en,literal,Farmatodo,uri,http://www.wikidata.org/entity/Q717,literal,,literal,,literal,,literal,http://www.wikidata.org/entity/Q1533,literal,,http://www.w3.org/2001/XMLSchema#dateTime,literal,1918-01-01T00:00:00Z,,,,wd:Q717
31,uri,http://www.wikidata.org/entity/Q421023,en,literal,Organization of Ibero-American States,uri,http://www.wikidata.org/entity/Q804,literal,,literal,,literal,,literal,http://www.wikidata.org/entity/Q5740815,literal,,http://www.w3.org/2001/XMLSchema#dateTime,literal,1949-01-01T00:00:00Z,pt,literal,"Organização de Estados Ibero-Americanos para a Educação, a Ciência e a Cultura",wd:Q717
32,uri,http://www.wikidata.org/entity/Q5681607,en,literal,Banco Exterior,uri,http://www.wikidata.org/entity/Q717,literal,http://www.wikidata.org/entity/Q837171,literal,,literal,,literal,http://www.wikidata.org/entity/Q1533,literal,,http://www.w3.org/2001/XMLSchema#dateTime,literal,1958-01-24T00:00:00Z,,,,wd:Q717
33,uri,http://www.wikidata.org/entity/Q421023,en,literal,Organization of Ibero-American States,uri,http://www.wikidata.org/entity/Q811,literal,,literal,,literal,,literal,http://www.wikidata.org/entity/Q5740815,literal,,http://www.w3.org/2001/XMLSchema#dateTime,literal,1949-01-01T00:00:00Z,pt,literal,"Organização de Estados Ibero-Americanos para a Educação, a Ciência e a Cultura",wd:Q717
34,uri,http://www.wikidata.org/entity/Q59336055,en,literal,El Caroreño,uri,http://www.wikidata.org/entity/Q717,literal,,literal,,literal,,literal,,literal,,http://www.w3.org/2001/XMLSchema#dateTime,literal,2001-07-26T00:00:00Z,,,,wd:Q717
35,uri,http://www.wikidata.org/entity/Q421023,en,literal,Organization of Ibero-American States,uri,http://www.wikidata.org/entity/Q414,literal,,literal,,literal,,literal,http://www.wikidata.org/entity/Q5740815,literal,,http://www.w3.org/2001/XMLSchema#dateTime,literal,1949-01-01T00:00:00Z,es,literal,"Organización de Estados Iberoamericanos para la Educación, la Ciencia y la Cultura",wd:Q717
36,uri,http://www.wikidata.org/entity/Q5803569,en,literal,El Luchador,uri,http://www.wikidata.org/entity/Q717,literal,,literal,,literal,,literal,,literal,,http://www.w3.org/2001/XMLSchema#dateTime,literal,1905-01-01T00:00:00Z,,,,wd:Q717
37,uri,http://www.wikidata.org/entity/Q4302263,en,literal,CANTV,uri,http://www.wikidata.org/entity/Q717,literal,http://www.wikidata.org/entity/Q25245117,literal,,literal,,literal,http://www.wikidata.org/entity/Q1533,literal,,http://www.w3.org/2001/XMLSchema#dateTime,literal,1930-06-20T00:00:00Z,,,,wd:Q717
38,uri,http://www.wikidata.org/entity/Q5717839,en,literal,Agricultural Bank of Venezuela,uri,http://www.wikidata.org/entity/Q717,literal,"http://www.wikidata.org/entity/Q837171, http://www.wikidata.org/entity/Q806718",literal,,literal,,literal,http://www.wikidata.org/entity/Q3957315,literal,,http://www.w3.org/2001/XMLSchema#dateTime,literal,2005-01-01T00:00:00Z,,,,wd:Q717
39,uri,http://www.wikidata.org/entity/Q421023,en,literal,Organization of Ibero-American States,uri,http://www.wikidata.org/entity/Q29,literal,,literal,,literal,,literal,http://www.wikidata.org/entity/Q5740815,literal,,http://www.w3.org/2001/XMLSchema#dateTime,literal,1949-01-01T00:00:00Z,es,literal,"Organización de Estados Iberoamericanos para la Educación, la Ciencia y la Cultura",wd:Q717
40,uri,http://www.wikidata.org/entity/Q5717827,en,literal,Bancaribe,uri,http://www.wikidata.org/entity/Q717,literal,http://www.wikidata.org/entity/Q837171,literal,,literal,,literal,http://www.wikidata.org/entity/Q1533,literal,,http://www.w3.org/2001/XMLSchema#dateTime,literal,1954-02-12T00:00:00Z,,,,wd:Q717
41,uri,http://www.wikidata.org/entity/Q421023,en,literal,Organization of Ibero-American States,uri,http://www.wikidata.org/entity/Q419,literal,,literal,,literal,,literal,http://www.wikidata.org/entity/Q5740815,literal,,http://www.w3.org/2001/XMLSchema#dateTime,literal,1949-01-01T00:00:00Z,es,literal,"Organización de Estados Iberoamericanos para la Educación, la Ciencia y la Cultura",wd:Q717
42,uri,http://www.wikidata.org/entity/Q421023,en,literal,Organization of Ibero-American States,uri,http://www.wikidata.org/entity/Q717,literal,,literal,,literal,,literal,http://www.wikidata.org/entity/Q5740815,literal,,http://www.w3.org/2001/XMLSchema#dateTime,literal,1949-01-01T00:00:00Z,es,literal,"Organización de Estados Iberoamericanos para la Educación, la Ciencia y la Cultura",wd:Q717
43,uri,http://www.wikidata.org/entity/Q4854841,en,literal,Banesco,uri,http://www.wikidata.org/entity/Q717,literal,"http://www.wikidata.org/entity/Q837171, http://www.wikidata.org/entity/Q806718",literal,http://www.wikidata.org/entity/Q27947636,literal,http://www.wikidata.org/entity/Q5948281,literal,http://www.wikidata.org/entity/Q5770581,literal,,http://www.w3.org/2001/XMLSchema#dateTime,literal,1992-01-01T00:00:00Z,,,,wd:Q717
44,uri,http://www.wikidata.org/entity/Q109608214,en,literal,Supermercados Santo Tomé,uri,http://www.wikidata.org/entity/Q717,literal,http://www.wikidata.org/entity/Q126793,literal,,literal,,literal,http://www.wikidata.org/entity/Q507080,literal,,,,,,,,wd:Q717
45,uri,http://www.wikidata.org/entity/Q16979942,en,literal,Diario de los Andes,uri,http://www.wikidata.org/entity/Q717,literal,,literal,,literal,,literal,http://www.wikidata.org/entity/Q165582,literal,,http://www.w3.org/2001/XMLSchema#dateTime,literal,1978-08-24T00:00:00Z,,,,wd:Q717
46,uri,http://www.wikidata.org/entity/Q5120906,en,literal,Cinex,uri,http://www.wikidata.org/entity/Q717,literal,,literal,,literal,,literal,http://www.wikidata.org/entity/Q1533,literal,,http://www.w3.org/2001/XMLSchema#dateTime,literal,1998-01-01T00:00:00Z,,,,wd:Q717
47,uri,http://www.wikidata.org/entity/Q59335548,en,literal,Diario El Oriental,uri,http://www.wikidata.org/entity/Q717,literal,,literal,,literal,,literal,,literal,,http://www.w3.org/2001/XMLSchema#dateTime,literal,1985-08-03T00:00:00Z,,,,wd:Q717
48,uri,http://www.wikidata.org/entity/Q7118862,en,literal,Productora y Distribuidora Venezolana de Alimentos,uri,http://www.wikidata.org/entity/Q717,literal,http://www.wikidata.org/entity/Q540912,literal,,literal,,literal,,literal,,http://www.w3.org/2001/XMLSchema#dateTime,literal,2008-01-01T00:00:00Z,,,,wd:Q717
49,uri,http://www.wikidata.org/entity/Q59344126,en,literal,VIVOplay,uri,http://www.wikidata.org/entity/Q717,literal,,literal,,literal,,literal,http://www.wikidata.org/entity/Q1533,literal,,,,,,,,wd:Q717
50,uri,http://www.wikidata.org/entity/Q421023,en,literal,Organization of Ibero-American States,uri,http://www.wikidata.org/entity/Q983,literal,,literal,,literal,,literal,http://www.wikidata.org/entity/Q5740815,literal,,http://www.w3.org/2001/XMLSchema#dateTime,literal,1949-01-01T00:00:00Z,pt,literal,"Organização de Estados Ibero-Americanos para a Educação, a Ciência e a Cultura",wd:Q717
51,uri,http://www.wikidata.org/entity/Q421023,en,literal,Organization of Ibero-American States,uri,http://www.wikidata.org/entity/Q1183,literal,,literal,,literal,,literal,http://www.wikidata.org/entity/Q5740815,literal,,http://www.w3.org/2001/XMLSchema#dateTime,literal,1949-01-01T00:00:00Z,es,literal,"Organización de Estados Iberoamericanos para la Educación, la Ciencia y la Cultura",wd:Q717
52,uri,http://www.wikidata.org/entity/Q517093,en,literal,BDV | Banco de Venezuela,uri,http://www.wikidata.org/entity/Q717,literal,"http://www.wikidata.org/entity/Q1416657, http://www.wikidata.org/entity/Q837171, http://www.wikidata.org/entity/Q806718",literal,,literal,,literal,http://www.wikidata.org/entity/Q1533,literal,,http://www.w3.org/2001/XMLSchema#dateTime,literal,1890-09-02T00:00:00Z,,,,wd:Q717
53,uri,http://www.wikidata.org/entity/Q421023,en,literal,Organization of Ibero-American States,uri,http://www.wikidata.org/entity/Q45,literal,,literal,,literal,,literal,http://www.wikidata.org/entity/Q5740815,literal,,http://www.w3.org/2001/XMLSchema#dateTime,literal,1949-01-01T00:00:00Z,es,literal,"Organización de Estados Iberoamericanos para la Educación, la Ciencia y la Cultura",wd:Q717
54,uri,http://www.wikidata.org/entity/Q3514406,en,literal,Tal Cual,uri,http://www.wikidata.org/entity/Q717,literal,,literal,,literal,,literal,http://www.wikidata.org/entity/Q1533,literal,,http://www.w3.org/2001/XMLSchema#dateTime,literal,2000-01-01T00:00:00Z,,,,wd:Q717
55,uri,http://www.wikidata.org/entity/Q421023,en,literal,Organization of Ibero-American States,uri,http://www.wikidata.org/entity/Q733,literal,,literal,,literal,,literal,http://www.wikidata.org/entity/Q5740815,literal,,http://www.w3.org/2001/XMLSchema#dateTime,literal,1949-01-01T00:00:00Z,es,literal,"Organización de Estados Iberoamericanos para la Educación, la Ciencia y la Cultura",wd:Q717
56,uri,http://www.wikidata.org/entity/Q6156559,en,literal,Universidad Nacional Experimental de los Llanos Occidentales Ezequiel Zamora,uri,http://www.wikidata.org/entity/Q717,literal,,literal,,literal,,literal,http://www.wikidata.org/entity/Q695623,literal,,http://www.w3.org/2001/XMLSchema#dateTime,literal,1975-10-07T00:00:00Z,,,,wd:Q717
57,uri,http://www.wikidata.org/entity/Q421023,en,literal,Organization of Ibero-American States,uri,http://www.wikidata.org/entity/Q155,literal,,literal,,literal,,literal,http://www.wikidata.org/entity/Q5740815,literal,,http://www.w3.org/2001/XMLSchema#dateTime,literal,1949-01-01T00:00:00Z,pt,literal,"Organização de Estados Ibero-Americanos para a Educação, a Ciência e a Cultura",wd:Q717
58,uri,http://www.wikidata.org/entity/Q421023,en,literal,Organization of Ibero-American States,uri,http://www.wikidata.org/entity/Q739,literal,,literal,,literal,,literal,http://www.wikidata.org/entity/Q5740815,literal,,http://www.w3.org/2001/XMLSchema#dateTime,literal,1949-01-01T00:00:00Z,es,literal,"Organización de Estados Iberoamericanos para la Educación, la Ciencia y la Cultura",wd:Q717
59,uri,http://www.wikidata.org/entity/Q5351705,en,literal,El Nuevo País,uri,http://www.wikidata.org/entity/Q717,literal,,literal,,literal,,literal,http://www.wikidata.org/entity/Q1533,literal,,http://www.w3.org/2001/XMLSchema#dateTime,literal,1988-01-01T00:00:00Z,,,,wd:Q717
60,uri,http://www.wikidata.org/entity/Q421023,en,literal,Organization of Ibero-American States,uri,http://www.wikidata.org/entity/Q736,literal,,literal,,literal,,literal,http://www.wikidata.org/entity/Q5740815,literal,,http://www.w3.org/2001/XMLSchema#dateTime,literal,1949-01-01T00:00:00Z,es,literal,"Organización de Estados Iberoamericanos para la Educación, la Ciencia y la Cultura",wd:Q717
61,uri,http://www.wikidata.org/entity/Q114082653,en,literal,Cine Mestizo,uri,http://www.wikidata.org/entity/Q717,literal,,literal,,literal,,literal,,literal,,,,,,,,wd:Q717
62,uri,http://www.wikidata.org/entity/Q5789313,en,literal,Correo del Caroní,uri,http://www.wikidata.org/entity/Q717,literal,,literal,,literal,,literal,http://www.wikidata.org/entity/Q507080,literal,,http://www.w3.org/2001/XMLSchema#dateTime,literal,1977-06-27T00:00:00Z,,,,wd:Q717
63,uri,http://www.wikidata.org/entity/Q44885674,en,literal,UCOCAR,uri,http://www.wikidata.org/entity/Q717,literal,http://www.wikidata.org/entity/Q474200,literal,,literal,,literal,http://www.wikidata.org/entity/Q3410570,literal,,http://www.w3.org/2001/XMLSchema#dateTime,literal,1990-01-01T00:00:00Z,,,,wd:Q717
64,uri,http://www.wikidata.org/entity/Q368292,en,literal,Últimas Noticias,uri,http://www.wikidata.org/entity/Q717,literal,,literal,,literal,,literal,http://www.wikidata.org/entity/Q1533,literal,,http://www.w3.org/2001/XMLSchema#dateTime,literal,1941-09-16T00:00:00Z,,,,wd:Q717
65,uri,http://www.wikidata.org/entity/Q421023,en,literal,Organization of Ibero-American States,uri,http://www.wikidata.org/entity/Q298,literal,,literal,,literal,,literal,http://www.wikidata.org/entity/Q5740815,literal,,http://www.w3.org/2001/XMLSchema#dateTime,literal,1949-01-01T00:00:00Z,es,literal,"Organización de Estados Iberoamericanos para la Educación, la Ciencia y la Cultura",wd:Q717
66,uri,http://www.wikidata.org/entity/Q5822174,en,literal,El Impulso,uri,http://www.wikidata.org/entity/Q717,literal,,literal,,literal,,literal,http://www.wikidata.org/entity/Q4709,literal,,,,,,,,wd:Q717
67,uri,http://www.wikidata.org/entity/Q5351658,en,literal,El Mundo,uri,http://www.wikidata.org/entity/Q717,literal,,literal,,literal,,literal,http://www.wikidata.org/entity/Q1533,literal,,http://www.w3.org/2001/XMLSchema#dateTime,literal,1958-01-01T00:00:00Z,,,,wd:Q717
68,uri,http://www.wikidata.org/entity/Q421023,en,literal,Organization of Ibero-American States,uri,http://www.wikidata.org/entity/Q750,literal,,literal,,literal,,literal,http://www.wikidata.org/entity/Q5740815,literal,,http://www.w3.org/2001/XMLSchema#dateTime,literal,1949-01-01T00:00:00Z,es,literal,"Organización de Estados Iberoamericanos para la Educación, la Ciencia y la Cultura",wd:Q717
69,uri,http://www.wikidata.org/entity/Q37910146,en,literal,Datanalisis,uri,http://www.wikidata.org/entity/Q717,literal,,literal,,literal,,literal,http://www.wikidata.org/entity/Q1533,literal,,http://www.w3.org/2001/XMLSchema#dateTime,literal,1988-01-01T00:00:00Z,,,,wd:Q717
70,uri,http://www.wikidata.org/entity/Q392525,en,literal,Agencia Venezolana de Noticias,uri,http://www.wikidata.org/entity/Q717,literal,,literal,,literal,,literal,http://www.wikidata.org/entity/Q1533,literal,,http://www.w3.org/2001/XMLSchema#dateTime,literal,1977-01-01T00:00:00Z,,,,wd:Q717
71,uri,http://www.wikidata.org/entity/Q46060243,,literal,Q46060243,uri,http://www.wikidata.org/entity/Q717,literal,http://www.wikidata.org/entity/Q607081,literal,,literal,,literal,http://www.wikidata.org/entity/Q1010367,literal,,,,,,,,wd:Q717
72,uri,http://www.wikidata.org/entity/Q2393414,en,literal,Empresas Polar,uri,http://www.wikidata.org/entity/Q717,literal,http://www.wikidata.org/entity/Q778575,literal,,literal,,literal,http://www.wikidata.org/entity/Q1533,literal,,http://www.w3.org/2001/XMLSchema#dateTime,literal,1941-03-14T00:00:00Z,,,,wd:Q717
73,uri,http://www.wikidata.org/entity/Q109606654,en,literal,Tealca,uri,http://www.wikidata.org/entity/Q717,literal,http://www.wikidata.org/entity/Q177777,literal,,literal,,literal,,literal,,,,,,,,wd:Q717
74,uri,http://www.wikidata.org/entity/Q421023,en,literal,Organization of Ibero-American States,uri,http://www.wikidata.org/entity/Q414,literal,,literal,,literal,,literal,http://www.wikidata.org/entity/Q5740815,literal,,http://www.w3.org/2001/XMLSchema#dateTime,literal,1949-01-01T00:00:00Z,pt,literal,"Organização de Estados Ibero-Americanos para a Educação, a Ciência e a Cultura",wd:Q717
75,uri,http://www.wikidata.org/entity/Q63490164,en,literal,Diario El Clarín,uri,http://www.wikidata.org/entity/Q717,literal,,literal,,literal,,literal,,literal,,http://www.w3.org/2001/XMLSchema#dateTime,literal,1991-09-10T00:00:00Z,,,,wd:Q717
76,uri,http://www.wikidata.org/entity/Q421023,en,literal,Organization of Ibero-American States,uri,http://www.wikidata.org/entity/Q77,literal,,literal,,literal,,literal,http://www.wikidata.org/entity/Q5740815,literal,,http://www.w3.org/2001/XMLSchema#dateTime,literal,1949-01-01T00:00:00Z,es,literal,"Organización de Estados Iberoamericanos para la Educación, la Ciencia y la Cultura",wd:Q717
77,uri,http://www.wikidata.org/entity/Q421023,en,literal,Organization of Ibero-American States,uri,http://www.wikidata.org/entity/Q29,literal,,literal,,literal,,literal,http://www.wikidata.org/entity/Q5740815,literal,,http://www.w3.org/2001/XMLSchema#dateTime,literal,1949-01-01T00:00:00Z,pt,literal,"Organização de Estados Ibero-Americanos para a Educação, a Ciência e a Cultura",wd:Q717
78,uri,http://www.wikidata.org/entity/Q65088552,en,literal,Universidad Nacional Experimental del Magisterio Samuel Robinson,uri,http://www.wikidata.org/entity/Q717,literal,,literal,,literal,,literal,,literal,,http://www.w3.org/2001/XMLSchema#dateTime,literal,2018-11-01T00:00:00Z,,,,wd:Q717
79,uri,http://www.wikidata.org/entity/Q421023,en,literal,Organization of Ibero-American States,uri,http://www.wikidata.org/entity/Q419,literal,,literal,,literal,,literal,http://www.wikidata.org/entity/Q5740815,literal,,http://www.w3.org/2001/XMLSchema#dateTime,literal,1949-01-01T00:00:00Z,pt,literal,"Organização de Estados Ibero-Americanos para a Educação, a Ciência e a Cultura",wd:Q717
80,uri,http://www.wikidata.org/entity/Q421023,en,literal,Organization of Ibero-American States,uri,http://www.wikidata.org/entity/Q228,literal,,literal,,literal,,literal,http://www.wikidata.org/entity/Q5740815,literal,,http://www.w3.org/2001/XMLSchema#dateTime,literal,1949-01-01T00:00:00Z,es,literal,"Organización de Estados Iberoamericanos para la Educación, la Ciencia y la Cultura",wd:Q717
81,uri,http://www.wikidata.org/entity/Q421023,en,literal,Organization of Ibero-American States,uri,http://www.wikidata.org/entity/Q717,literal,,literal,,literal,,literal,http://www.wikidata.org/entity/Q5740815,literal,,http://www.w3.org/2001/XMLSchema#dateTime,literal,1949-01-01T00:00:00Z,pt,literal,"Organização de Estados Ibero-Americanos para a Educação, a Ciência e a Cultura",wd:Q717
82,uri,http://www.wikidata.org/entity/Q11693811,en,literal,Movilnet,uri,http://www.wikidata.org/entity/Q717,literal,"http://www.wikidata.org/entity/Q56598901, http://www.wikidata.org/entity/Q25245117",literal,,literal,,literal,http://www.wikidata.org/entity/Q1533,literal,,http://www.w3.org/2001/XMLSchema#dateTime,literal,1992-01-01T00:00:00Z,,,,wd:Q717
83,uri,http://www.wikidata.org/entity/Q5351439,en,literal,El Informador,uri,http://www.wikidata.org/entity/Q717,literal,,literal,,literal,,literal,http://www.wikidata.org/entity/Q4709,literal,,http://www.w3.org/2001/XMLSchema#dateTime,literal,1968-01-30T00:00:00Z,,,,wd:Q717
84,uri,http://www.wikidata.org/entity/Q421023,en,literal,Organization of Ibero-American States,uri,http://www.wikidata.org/entity/Q774,literal,,literal,,literal,,literal,http://www.wikidata.org/entity/Q5740815,literal,,http://www.w3.org/2001/XMLSchema#dateTime,literal,1949-01-01T00:00:00Z,es,literal,"Organización de Estados Iberoamericanos para la Educación, la Ciencia y la Cultura",wd:Q717
85,uri,http://www.wikidata.org/entity/Q5841184,en,literal,Universidad Nacional Experimental Rafael María Baralt,uri,http://www.wikidata.org/entity/Q717,literal,,literal,,literal,,literal,,literal,,,,,,,,wd:Q717
86,uri,http://www.wikidata.org/entity/Q111309232,en,literal,Universidad Internacional de las Comunicaciones,uri,http://www.wikidata.org/entity/Q717,literal,,literal,,literal,,literal,http://www.wikidata.org/entity/Q1533,literal,,http://www.w3.org/2001/XMLSchema#dateTime,literal,2019-12-04T00:00:00Z,,,,wd:Q717
87,uri,http://www.wikidata.org/entity/Q106910046,en,literal,Venalum,uri,http://www.wikidata.org/entity/Q717,literal,http://www.wikidata.org/entity/Q4063722,literal,,literal,,literal,http://www.wikidata.org/entity/Q507080,literal,,http://www.w3.org/2001/XMLSchema#dateTime,literal,1973-01-01T00:00:00Z,,,,wd:Q717
88,uri,http://www.wikidata.org/entity/Q421023,en,literal,Organization of Ibero-American States,uri,http://www.wikidata.org/entity/Q241,literal,,literal,,literal,,literal,http://www.wikidata.org/entity/Q5740815,literal,,http://www.w3.org/2001/XMLSchema#dateTime,literal,1949-01-01T00:00:00Z,es,literal,"Organización de Estados Iberoamericanos para la Educación, la Ciencia y la Cultura",wd:Q717
89,uri,http://www.wikidata.org/entity/Q4854101,en,literal,Mercantil Banco,uri,http://www.wikidata.org/entity/Q717,literal,http://www.wikidata.org/entity/Q1416657,literal,,literal,,literal,http://www.wikidata.org/entity/Q6818005,literal,,http://www.w3.org/2001/XMLSchema#dateTime,literal,1925-03-23T00:00:00Z,,,,wd:Q717
90,uri,http://www.wikidata.org/entity/Q421023,en,literal,Organization of Ibero-American States,uri,http://www.wikidata.org/entity/Q1183,literal,,literal,,literal,,literal,http://www.wikidata.org/entity/Q5740815,literal,,http://www.w3.org/2001/XMLSchema#dateTime,literal,1949-01-01T00:00:00Z,pt,literal,"Organização de Estados Ibero-Americanos para a Educação, a Ciência e a Cultura",wd:Q717
91,uri,http://www.wikidata.org/entity/Q19599444,en,literal,Inter,uri,http://www.wikidata.org/entity/Q717,literal,http://www.wikidata.org/entity/Q1717176,literal,,literal,,literal,http://www.wikidata.org/entity/Q4709,literal,,http://www.w3.org/2001/XMLSchema#dateTime,literal,1996-01-01T00:00:00Z,es,literal,Corporación Telemic,wd:Q717
92,uri,http://www.wikidata.org/entity/Q677606,en,literal,Conviasa,uri,http://www.wikidata.org/entity/Q717,literal,,literal,,literal,,literal,http://www.wikidata.org/entity/Q1677956,literal,,http://www.w3.org/2001/XMLSchema#dateTime,literal,2004-01-01T00:00:00Z,,,,wd:Q717
93,uri,http://www.wikidata.org/entity/Q421023,en,literal,Organization of Ibero-American States,uri,http://www.wikidata.org/entity/Q45,literal,,literal,,literal,,literal,http://www.wikidata.org/entity/Q5740815,literal,,http://www.w3.org/2001/XMLSchema#dateTime,literal,1949-01-01T00:00:00Z,pt,literal,"Organização de Estados Ibero-Americanos para a Educação, a Ciência e a Cultura",wd:Q717
94,uri,http://www.wikidata.org/entity/Q421023,en,literal,Organization of Ibero-American States,uri,http://www.wikidata.org/entity/Q783,literal,,literal,,literal,,literal,http://www.wikidata.org/entity/Q5740815,literal,,http://www.w3.org/2001/XMLSchema#dateTime,literal,1949-01-01T00:00:00Z,es,literal,"Organización de Estados Iberoamericanos para la Educación, la Ciencia y la Cultura",wd:Q717
95,uri,http://www.wikidata.org/entity/Q59334604,,literal,Q59334604,uri,http://www.wikidata.org/entity/Q717,literal,,literal,,literal,,literal,http://www.wikidata.org/entity/Q995718,literal,,,,,,,,wd:Q717
96,uri,http://www.wikidata.org/entity/Q421023,en,literal,Organization of Ibero-American States,uri,http://www.wikidata.org/entity/Q733,literal,,literal,,literal,,literal,http://www.wikidata.org/entity/Q5740815,literal,,http://www.w3.org/2001/XMLSchema#dateTime,literal,1949-01-01T00:00:00Z,pt,literal,"Organização de Estados Ibero-Americanos para a Educação, a Ciência e a Cultura",wd:Q717
97,uri,http://www.wikidata.org/entity/Q421023,en,literal,Organization of Ibero-American States,uri,http://www.wikidata.org/entity/Q96,literal,,literal,,literal,,literal,http://www.wikidata.org/entity/Q5740815,literal,,http://www.w3.org/2001/XMLSchema#dateTime,literal,1949-01-01T00:00:00Z,es,literal,"Organización de Estados Iberoamericanos para la Educación, la Ciencia y la Cultura",wd:Q717
98,uri,http://www.wikidata.org/entity/Q30281004,en,literal,BANFANB,uri,http://www.wikidata.org/entity/Q717,literal,"http://www.wikidata.org/entity/Q1416657, http://www.wikidata.org/entity/Q837171, http://www.wikidata.org/entity/Q806718",literal,,literal,,literal,,literal,,http://www.w3.org/2001/XMLSchema#dateTime,literal,2014-01-01T00:00:00Z,es,literal,Banco Nacional de la Fuerza Armada Nacional Bolivariana,wd:Q717
99,uri,http://www.wikidata.org/entity/Q421023,en,literal,Organization of Ibero-American States,uri,http://www.wikidata.org/entity/Q786,literal,,literal,,literal,,literal,http://www.wikidata.org/entity/Q5740815,literal,,http://www.w3.org/2001/XMLSchema#dateTime,literal,1949-01-01T00:00:00Z,es,literal,"Organización de Estados Iberoamericanos para la Educación, la Ciencia y la Cultura",wd:Q717
100,uri,http://www.wikidata.org/entity/Q936476,en,literal,Central University of Venezuela,uri,http://www.wikidata.org/entity/Q717,literal,,literal,,literal,,literal,http://www.wikidata.org/entity/Q1061531,literal,,http://www.w3.org/2001/XMLSchema#dateTime,literal,1721-01-01T00:00:00Z,,,,wd:Q717
101,uri,http://www.wikidata.org/entity/Q421023,en,literal,Organization of Ibero-American States,uri,http://www.wikidata.org/entity/Q739,literal,,literal,,literal,,literal,http://www.wikidata.org/entity/Q5740815,literal,,http://www.w3.org/2001/XMLSchema#dateTime,literal,1949-01-01T00:00:00Z,pt,literal,"Organização de Estados Ibero-Americanos para a Educação, a Ciência e a Cultura",wd:Q717
102,uri,http://www.wikidata.org/entity/Q421023,en,literal,Organization of Ibero-American States,uri,http://www.wikidata.org/entity/Q736,literal,,literal,,literal,,literal,http://www.wikidata.org/entity/Q5740815,literal,,http://www.w3.org/2001/XMLSchema#dateTime,literal,1949-01-01T00:00:00Z,pt,literal,"Organização de Estados Ibero-Americanos para a Educação, a Ciência e a Cultura",wd:Q717
103,uri,http://www.wikidata.org/entity/Q421023,en,literal,Organization of Ibero-American States,uri,http://www.wikidata.org/entity/Q792,literal,,literal,,literal,,literal,http://www.wikidata.org/entity/Q5740815,literal,,http://www.w3.org/2001/XMLSchema#dateTime,literal,1949-01-01T00:00:00Z,es,literal,"Organización de Estados Iberoamericanos para la Educación, la Ciencia y la Cultura",wd:Q717
104,uri,http://www.wikidata.org/entity/Q421023,en,literal,Organization of Ibero-American States,uri,http://www.wikidata.org/entity/Q298,literal,,literal,,literal,,literal,http://www.wikidata.org/entity/Q5740815,literal,,http://www.w3.org/2001/XMLSchema#dateTime,literal,1949-01-01T00:00:00Z,pt,literal,"Organização de Estados Ibero-Americanos para a Educação, a Ciência e a Cultura",wd:Q717
105,uri,http://www.wikidata.org/entity/Q421023,en,literal,Organization of Ibero-American States,uri,http://www.wikidata.org/entity/Q750,literal,,literal,,literal,,literal,http://www.wikidata.org/entity/Q5740815,literal,,http://www.w3.org/2001/XMLSchema#dateTime,literal,1949-01-01T00:00:00Z,pt,literal,"Organização de Estados Ibero-Americanos para a Educação, a Ciência e a Cultura",wd:Q717
106,uri,http://www.wikidata.org/entity/Q20015002,en,literal,Farmahorro,uri,http://www.wikidata.org/entity/Q717,literal,,literal,,literal,,literal,,literal,,http://www.w3.org/2001/XMLSchema#dateTime,literal,1907-01-01T00:00:00Z,,,,wd:Q717
107,uri,http://www.wikidata.org/entity/Q421023,en,literal,Organization of Ibero-American States,uri,http://www.wikidata.org/entity/Q800,literal,,literal,,literal,,literal,http://www.wikidata.org/entity/Q5740815,literal,,http://www.w3.org/2001/XMLSchema#dateTime,literal,1949-01-01T00:00:00Z,es,literal,"Organización de Estados Iberoamericanos para la Educación, la Ciencia y la Cultura",wd:Q717
108,uri,http://www.wikidata.org/entity/Q5728123,en,literal,Banco Bicentenario,uri,http://www.wikidata.org/entity/Q717,literal,,literal,,literal,,literal,http://www.wikidata.org/entity/Q1533,literal,,http://www.w3.org/2001/XMLSchema#dateTime,literal,2009-12-16T00:00:00Z,,,,wd:Q717
109,uri,http://www.wikidata.org/entity/Q421023,en,literal,Organization of Ibero-American States,uri,http://www.wikidata.org/entity/Q804,literal,,literal,,literal,,literal,http://www.wikidata.org/entity/Q5740815,literal,,http://www.w3.org/2001/XMLSchema#dateTime,literal,1949-01-01T00:00:00Z,es,literal,"Organización de Estados Iberoamericanos para la Educación, la Ciencia y la Cultura",wd:Q717
110,uri,http://www.wikidata.org/entity/Q5271849,en,literal,Diario 2001,uri,http://www.wikidata.org/entity/Q717,literal,,literal,,literal,,literal,http://www.wikidata.org/entity/Q1533,literal,,http://www.w3.org/2001/XMLSchema#dateTime,literal,1973-01-01T00:00:00Z,,,,wd:Q717
