,business.type,business.value,businessLabel.xml:lang,businessLabel.type,businessLabel.value,country.type,country.value,industries.type,industries.value,ceos.type,ceos.value,chairs.type,chairs.value,hqs.type,hqs.value,groups.type,groups.value,origindate.datatype,origindate.type,origindate.value,officialname.xml:lang,officialname.type,officialname.value,country
0,uri,http://www.wikidata.org/entity/Q16592760,en,literal,Los 40 Paraguay,uri,http://www.wikidata.org/entity/Q733,literal,,literal,,literal,,literal,,literal,,,,,,,,wd:Q733
1,uri,http://www.wikidata.org/entity/Q421023,en,literal,Organization of Ibero-American States,uri,http://www.wikidata.org/entity/Q241,literal,,literal,,literal,,literal,http://www.wikidata.org/entity/Q5740815,literal,,http://www.w3.org/2001/XMLSchema#dateTime,literal,1949-01-01T00:00:00Z,pt,literal,"Organização de Estados Ibero-Americanos para a Educação, a Ciência e a Cultura",wd:Q733
2,uri,http://www.wikidata.org/entity/Q421023,en,literal,Organization of Ibero-American States,uri,http://www.wikidata.org/entity/Q783,literal,,literal,,literal,,literal,http://www.wikidata.org/entity/Q5740815,literal,,http://www.w3.org/2001/XMLSchema#dateTime,literal,1949-01-01T00:00:00Z,pt,literal,"Organização de Estados Ibero-Americanos para a Educação, a Ciência e a Cultura",wd:Q733
3,uri,http://www.wikidata.org/entity/Q421023,en,literal,Organization of Ibero-American States,uri,http://www.wikidata.org/entity/Q983,literal,,literal,,literal,,literal,http://www.wikidata.org/entity/Q5740815,literal,,http://www.w3.org/2001/XMLSchema#dateTime,literal,1949-01-01T00:00:00Z,es,literal,"Organización de Estados Iberoamericanos para la Educación, la Ciencia y la Cultura",wd:Q733
4,uri,http://www.wikidata.org/entity/Q421023,en,literal,Organization of Ibero-American States,uri,http://www.wikidata.org/entity/Q96,literal,,literal,,literal,,literal,http://www.wikidata.org/entity/Q5740815,literal,,http://www.w3.org/2001/XMLSchema#dateTime,literal,1949-01-01T00:00:00Z,pt,literal,"Organização de Estados Ibero-Americanos para a Educação, a Ciência e a Cultura",wd:Q733
5,uri,http://www.wikidata.org/entity/Q421023,en,literal,Organization of Ibero-American States,uri,http://www.wikidata.org/entity/Q786,literal,,literal,,literal,,literal,http://www.wikidata.org/entity/Q5740815,literal,,http://www.w3.org/2001/XMLSchema#dateTime,literal,1949-01-01T00:00:00Z,pt,literal,"Organização de Estados Ibero-Americanos para a Educação, a Ciência e a Cultura",wd:Q733
6,uri,http://www.wikidata.org/entity/Q421023,en,literal,Organization of Ibero-American States,uri,http://www.wikidata.org/entity/Q155,literal,,literal,,literal,,literal,http://www.wikidata.org/entity/Q5740815,literal,,http://www.w3.org/2001/XMLSchema#dateTime,literal,1949-01-01T00:00:00Z,es,literal,"Organización de Estados Iberoamericanos para la Educación, la Ciencia y la Cultura",wd:Q733
7,uri,http://www.wikidata.org/entity/Q421023,en,literal,Organization of Ibero-American States,uri,http://www.wikidata.org/entity/Q792,literal,,literal,,literal,,literal,http://www.wikidata.org/entity/Q5740815,literal,,http://www.w3.org/2001/XMLSchema#dateTime,literal,1949-01-01T00:00:00Z,pt,literal,"Organização de Estados Ibero-Americanos para a Educação, a Ciência e a Cultura",wd:Q733
8,uri,http://www.wikidata.org/entity/Q421023,en,literal,Organization of Ibero-American States,uri,http://www.wikidata.org/entity/Q800,literal,,literal,,literal,,literal,http://www.wikidata.org/entity/Q5740815,literal,,http://www.w3.org/2001/XMLSchema#dateTime,literal,1949-01-01T00:00:00Z,pt,literal,"Organização de Estados Ibero-Americanos para a Educação, a Ciência e a Cultura",wd:Q733
9,uri,http://www.wikidata.org/entity/Q421023,en,literal,Organization of Ibero-American States,uri,http://www.wikidata.org/entity/Q804,literal,,literal,,literal,,literal,http://www.wikidata.org/entity/Q5740815,literal,,http://www.w3.org/2001/XMLSchema#dateTime,literal,1949-01-01T00:00:00Z,pt,literal,"Organização de Estados Ibero-Americanos para a Educação, a Ciência e a Cultura",wd:Q733
10,uri,http://www.wikidata.org/entity/Q421023,en,literal,Organization of Ibero-American States,uri,http://www.wikidata.org/entity/Q811,literal,,literal,,literal,,literal,http://www.wikidata.org/entity/Q5740815,literal,,http://www.w3.org/2001/XMLSchema#dateTime,literal,1949-01-01T00:00:00Z,pt,literal,"Organização de Estados Ibero-Americanos para a Educação, a Ciência e a Cultura",wd:Q733
11,uri,http://www.wikidata.org/entity/Q62274431,en,literal,Copetrol,uri,http://www.wikidata.org/entity/Q733,literal,http://www.wikidata.org/entity/Q1341477,literal,,literal,,literal,,literal,,,,,,,,wd:Q733
12,uri,http://www.wikidata.org/entity/Q3512020,en,literal,Transportes Aéreos del Mercosur S.A,uri,http://www.wikidata.org/entity/Q733,literal,,literal,,literal,,literal,http://www.wikidata.org/entity/Q2933,literal,,http://www.w3.org/2001/XMLSchema#dateTime,literal,1962-01-01T00:00:00Z,,,,wd:Q733
13,uri,http://www.wikidata.org/entity/Q421023,en,literal,Organization of Ibero-American States,uri,http://www.wikidata.org/entity/Q414,literal,,literal,,literal,,literal,http://www.wikidata.org/entity/Q5740815,literal,,http://www.w3.org/2001/XMLSchema#dateTime,literal,1949-01-01T00:00:00Z,es,literal,"Organización de Estados Iberoamericanos para la Educación, la Ciencia y la Cultura",wd:Q733
14,uri,http://www.wikidata.org/entity/Q421023,en,literal,Organization of Ibero-American States,uri,http://www.wikidata.org/entity/Q29,literal,,literal,,literal,,literal,http://www.wikidata.org/entity/Q5740815,literal,,http://www.w3.org/2001/XMLSchema#dateTime,literal,1949-01-01T00:00:00Z,es,literal,"Organización de Estados Iberoamericanos para la Educación, la Ciencia y la Cultura",wd:Q733
15,uri,http://www.wikidata.org/entity/Q421023,en,literal,Organization of Ibero-American States,uri,http://www.wikidata.org/entity/Q419,literal,,literal,,literal,,literal,http://www.wikidata.org/entity/Q5740815,literal,,http://www.w3.org/2001/XMLSchema#dateTime,literal,1949-01-01T00:00:00Z,es,literal,"Organización de Estados Iberoamericanos para la Educación, la Ciencia y la Cultura",wd:Q733
16,uri,http://www.wikidata.org/entity/Q56377600,en,literal,Súper Liga Americana de Rugby,uri,http://www.wikidata.org/entity/Q155,literal,,literal,,literal,,literal,,literal,,http://www.w3.org/2001/XMLSchema#dateTime,literal,2020-01-01T00:00:00Z,,,,wd:Q733
17,uri,http://www.wikidata.org/entity/Q421023,en,literal,Organization of Ibero-American States,uri,http://www.wikidata.org/entity/Q717,literal,,literal,,literal,,literal,http://www.wikidata.org/entity/Q5740815,literal,,http://www.w3.org/2001/XMLSchema#dateTime,literal,1949-01-01T00:00:00Z,es,literal,"Organización de Estados Iberoamericanos para la Educación, la Ciencia y la Cultura",wd:Q733
18,uri,http://www.wikidata.org/entity/Q421023,en,literal,Organization of Ibero-American States,uri,http://www.wikidata.org/entity/Q983,literal,,literal,,literal,,literal,http://www.wikidata.org/entity/Q5740815,literal,,http://www.w3.org/2001/XMLSchema#dateTime,literal,1949-01-01T00:00:00Z,pt,literal,"Organização de Estados Ibero-Americanos para a Educação, a Ciência e a Cultura",wd:Q733
19,uri,http://www.wikidata.org/entity/Q2065725,en,literal,ABC Color,uri,http://www.wikidata.org/entity/Q733,literal,,literal,,literal,,literal,http://www.wikidata.org/entity/Q2933,literal,,http://www.w3.org/2001/XMLSchema#dateTime,literal,1967-08-08T00:00:00Z,,,,wd:Q733
20,uri,http://www.wikidata.org/entity/Q421023,en,literal,Organization of Ibero-American States,uri,http://www.wikidata.org/entity/Q1183,literal,,literal,,literal,,literal,http://www.wikidata.org/entity/Q5740815,literal,,http://www.w3.org/2001/XMLSchema#dateTime,literal,1949-01-01T00:00:00Z,es,literal,"Organización de Estados Iberoamericanos para la Educación, la Ciencia y la Cultura",wd:Q733
21,uri,http://www.wikidata.org/entity/Q421023,en,literal,Organization of Ibero-American States,uri,http://www.wikidata.org/entity/Q45,literal,,literal,,literal,,literal,http://www.wikidata.org/entity/Q5740815,literal,,http://www.w3.org/2001/XMLSchema#dateTime,literal,1949-01-01T00:00:00Z,es,literal,"Organización de Estados Iberoamericanos para la Educación, la Ciencia y la Cultura",wd:Q733
22,uri,http://www.wikidata.org/entity/Q421023,en,literal,Organization of Ibero-American States,uri,http://www.wikidata.org/entity/Q733,literal,,literal,,literal,,literal,http://www.wikidata.org/entity/Q5740815,literal,,http://www.w3.org/2001/XMLSchema#dateTime,literal,1949-01-01T00:00:00Z,es,literal,"Organización de Estados Iberoamericanos para la Educación, la Ciencia y la Cultura",wd:Q733
23,uri,http://www.wikidata.org/entity/Q421023,en,literal,Organization of Ibero-American States,uri,http://www.wikidata.org/entity/Q155,literal,,literal,,literal,,literal,http://www.wikidata.org/entity/Q5740815,literal,,http://www.w3.org/2001/XMLSchema#dateTime,literal,1949-01-01T00:00:00Z,pt,literal,"Organização de Estados Ibero-Americanos para a Educação, a Ciência e a Cultura",wd:Q733
24,uri,http://www.wikidata.org/entity/Q421023,en,literal,Organization of Ibero-American States,uri,http://www.wikidata.org/entity/Q739,literal,,literal,,literal,,literal,http://www.wikidata.org/entity/Q5740815,literal,,http://www.w3.org/2001/XMLSchema#dateTime,literal,1949-01-01T00:00:00Z,es,literal,"Organización de Estados Iberoamericanos para la Educación, la Ciencia y la Cultura",wd:Q733
25,uri,http://www.wikidata.org/entity/Q421023,en,literal,Organization of Ibero-American States,uri,http://www.wikidata.org/entity/Q736,literal,,literal,,literal,,literal,http://www.wikidata.org/entity/Q5740815,literal,,http://www.w3.org/2001/XMLSchema#dateTime,literal,1949-01-01T00:00:00Z,es,literal,"Organización de Estados Iberoamericanos para la Educación, la Ciencia y la Cultura",wd:Q733
26,uri,http://www.wikidata.org/entity/Q56377600,en,literal,Súper Liga Americana de Rugby,uri,http://www.wikidata.org/entity/Q414,literal,,literal,,literal,,literal,,literal,,http://www.w3.org/2001/XMLSchema#dateTime,literal,2020-01-01T00:00:00Z,,,,wd:Q733
27,uri,http://www.wikidata.org/entity/Q244169,en,literal,Itaipu Binacional,uri,http://www.wikidata.org/entity/Q155,literal,,literal,,literal,,literal,,literal,http://www.wikidata.org/entity/Q12800832,http://www.w3.org/2001/XMLSchema#dateTime,literal,1975-01-01T00:00:00Z,,,,wd:Q733
28,uri,http://www.wikidata.org/entity/Q5657818,en,literal,ANDE,uri,http://www.wikidata.org/entity/Q733,literal,,literal,,literal,,literal,http://www.wikidata.org/entity/Q2933,literal,,,,,,,,wd:Q733
29,uri,http://www.wikidata.org/entity/Q421023,en,literal,Organization of Ibero-American States,uri,http://www.wikidata.org/entity/Q298,literal,,literal,,literal,,literal,http://www.wikidata.org/entity/Q5740815,literal,,http://www.w3.org/2001/XMLSchema#dateTime,literal,1949-01-01T00:00:00Z,es,literal,"Organización de Estados Iberoamericanos para la Educación, la Ciencia y la Cultura",wd:Q733
30,uri,http://www.wikidata.org/entity/Q421023,en,literal,Organization of Ibero-American States,uri,http://www.wikidata.org/entity/Q750,literal,,literal,,literal,,literal,http://www.wikidata.org/entity/Q5740815,literal,,http://www.w3.org/2001/XMLSchema#dateTime,literal,1949-01-01T00:00:00Z,es,literal,"Organización de Estados Iberoamericanos para la Educación, la Ciencia y la Cultura",wd:Q733
31,uri,http://www.wikidata.org/entity/Q2039033,en,literal,Universidad Nacional de Asunción,uri,http://www.wikidata.org/entity/Q733,literal,,literal,,literal,,literal,,literal,,http://www.w3.org/2001/XMLSchema#dateTime,literal,1889-09-24T00:00:00Z,,,,wd:Q733
32,uri,http://www.wikidata.org/entity/Q9004994,,literal,Q9004994,uri,http://www.wikidata.org/entity/Q733,literal,,literal,,literal,,literal,,literal,,,,,,,,wd:Q733
33,uri,http://www.wikidata.org/entity/Q421023,en,literal,Organization of Ibero-American States,uri,http://www.wikidata.org/entity/Q414,literal,,literal,,literal,,literal,http://www.wikidata.org/entity/Q5740815,literal,,http://www.w3.org/2001/XMLSchema#dateTime,literal,1949-01-01T00:00:00Z,pt,literal,"Organização de Estados Ibero-Americanos para a Educação, a Ciência e a Cultura",wd:Q733
34,uri,http://www.wikidata.org/entity/Q62595220,en,literal,Punto Farma,uri,http://www.wikidata.org/entity/Q733,literal,,literal,,literal,,literal,,literal,,,,,,,,wd:Q733
35,uri,http://www.wikidata.org/entity/Q421023,en,literal,Organization of Ibero-American States,uri,http://www.wikidata.org/entity/Q77,literal,,literal,,literal,,literal,http://www.wikidata.org/entity/Q5740815,literal,,http://www.w3.org/2001/XMLSchema#dateTime,literal,1949-01-01T00:00:00Z,es,literal,"Organización de Estados Iberoamericanos para la Educación, la Ciencia y la Cultura",wd:Q733
36,uri,http://www.wikidata.org/entity/Q421023,en,literal,Organization of Ibero-American States,uri,http://www.wikidata.org/entity/Q29,literal,,literal,,literal,,literal,http://www.wikidata.org/entity/Q5740815,literal,,http://www.w3.org/2001/XMLSchema#dateTime,literal,1949-01-01T00:00:00Z,pt,literal,"Organização de Estados Ibero-Americanos para a Educação, a Ciência e a Cultura",wd:Q733
37,uri,http://www.wikidata.org/entity/Q56377600,en,literal,Súper Liga Americana de Rugby,uri,http://www.wikidata.org/entity/Q733,literal,,literal,,literal,,literal,,literal,,http://www.w3.org/2001/XMLSchema#dateTime,literal,2020-01-01T00:00:00Z,,,,wd:Q733
38,uri,http://www.wikidata.org/entity/Q421023,en,literal,Organization of Ibero-American States,uri,http://www.wikidata.org/entity/Q419,literal,,literal,,literal,,literal,http://www.wikidata.org/entity/Q5740815,literal,,http://www.w3.org/2001/XMLSchema#dateTime,literal,1949-01-01T00:00:00Z,pt,literal,"Organização de Estados Ibero-Americanos para a Educação, a Ciência e a Cultura",wd:Q733
39,uri,http://www.wikidata.org/entity/Q421023,en,literal,Organization of Ibero-American States,uri,http://www.wikidata.org/entity/Q228,literal,,literal,,literal,,literal,http://www.wikidata.org/entity/Q5740815,literal,,http://www.w3.org/2001/XMLSchema#dateTime,literal,1949-01-01T00:00:00Z,es,literal,"Organización de Estados Iberoamericanos para la Educación, la Ciencia y la Cultura",wd:Q733
40,uri,http://www.wikidata.org/entity/Q56377600,en,literal,Súper Liga Americana de Rugby,uri,http://www.wikidata.org/entity/Q739,literal,,literal,,literal,,literal,,literal,,http://www.w3.org/2001/XMLSchema#dateTime,literal,2020-01-01T00:00:00Z,,,,wd:Q733
41,uri,http://www.wikidata.org/entity/Q421023,en,literal,Organization of Ibero-American States,uri,http://www.wikidata.org/entity/Q717,literal,,literal,,literal,,literal,http://www.wikidata.org/entity/Q5740815,literal,,http://www.w3.org/2001/XMLSchema#dateTime,literal,1949-01-01T00:00:00Z,pt,literal,"Organização de Estados Ibero-Americanos para a Educação, a Ciência e a Cultura",wd:Q733
42,uri,http://www.wikidata.org/entity/Q421023,en,literal,Organization of Ibero-American States,uri,http://www.wikidata.org/entity/Q774,literal,,literal,,literal,,literal,http://www.wikidata.org/entity/Q5740815,literal,,http://www.w3.org/2001/XMLSchema#dateTime,literal,1949-01-01T00:00:00Z,es,literal,"Organización de Estados Iberoamericanos para la Educación, la Ciencia y la Cultura",wd:Q733
43,uri,http://www.wikidata.org/entity/Q56377600,en,literal,Súper Liga Americana de Rugby,uri,http://www.wikidata.org/entity/Q298,literal,,literal,,literal,,literal,,literal,,http://www.w3.org/2001/XMLSchema#dateTime,literal,2020-01-01T00:00:00Z,,,,wd:Q733
44,uri,http://www.wikidata.org/entity/Q421023,en,literal,Organization of Ibero-American States,uri,http://www.wikidata.org/entity/Q241,literal,,literal,,literal,,literal,http://www.wikidata.org/entity/Q5740815,literal,,http://www.w3.org/2001/XMLSchema#dateTime,literal,1949-01-01T00:00:00Z,es,literal,"Organización de Estados Iberoamericanos para la Educación, la Ciencia y la Cultura",wd:Q733
45,uri,http://www.wikidata.org/entity/Q421023,en,literal,Organization of Ibero-American States,uri,http://www.wikidata.org/entity/Q1183,literal,,literal,,literal,,literal,http://www.wikidata.org/entity/Q5740815,literal,,http://www.w3.org/2001/XMLSchema#dateTime,literal,1949-01-01T00:00:00Z,pt,literal,"Organização de Estados Ibero-Americanos para a Educação, a Ciência e a Cultura",wd:Q733
46,uri,http://www.wikidata.org/entity/Q421023,en,literal,Organization of Ibero-American States,uri,http://www.wikidata.org/entity/Q45,literal,,literal,,literal,,literal,http://www.wikidata.org/entity/Q5740815,literal,,http://www.w3.org/2001/XMLSchema#dateTime,literal,1949-01-01T00:00:00Z,pt,literal,"Organização de Estados Ibero-Americanos para a Educação, a Ciência e a Cultura",wd:Q733
47,uri,http://www.wikidata.org/entity/Q421023,en,literal,Organization of Ibero-American States,uri,http://www.wikidata.org/entity/Q783,literal,,literal,,literal,,literal,http://www.wikidata.org/entity/Q5740815,literal,,http://www.w3.org/2001/XMLSchema#dateTime,literal,1949-01-01T00:00:00Z,es,literal,"Organización de Estados Iberoamericanos para la Educación, la Ciencia y la Cultura",wd:Q733
48,uri,http://www.wikidata.org/entity/Q421023,en,literal,Organization of Ibero-American States,uri,http://www.wikidata.org/entity/Q733,literal,,literal,,literal,,literal,http://www.wikidata.org/entity/Q5740815,literal,,http://www.w3.org/2001/XMLSchema#dateTime,literal,1949-01-01T00:00:00Z,pt,literal,"Organização de Estados Ibero-Americanos para a Educação, a Ciência e a Cultura",wd:Q733
49,uri,http://www.wikidata.org/entity/Q421023,en,literal,Organization of Ibero-American States,uri,http://www.wikidata.org/entity/Q96,literal,,literal,,literal,,literal,http://www.wikidata.org/entity/Q5740815,literal,,http://www.w3.org/2001/XMLSchema#dateTime,literal,1949-01-01T00:00:00Z,es,literal,"Organización de Estados Iberoamericanos para la Educación, la Ciencia y la Cultura",wd:Q733
50,uri,http://www.wikidata.org/entity/Q421023,en,literal,Organization of Ibero-American States,uri,http://www.wikidata.org/entity/Q786,literal,,literal,,literal,,literal,http://www.wikidata.org/entity/Q5740815,literal,,http://www.w3.org/2001/XMLSchema#dateTime,literal,1949-01-01T00:00:00Z,es,literal,"Organización de Estados Iberoamericanos para la Educación, la Ciencia y la Cultura",wd:Q733
51,uri,http://www.wikidata.org/entity/Q62054564,en,literal,Banco Continental,uri,http://www.wikidata.org/entity/Q733,literal,"http://www.wikidata.org/entity/Q837171, http://www.wikidata.org/entity/Q806718",literal,,literal,,literal,,literal,,http://www.w3.org/2001/XMLSchema#dateTime,literal,1980-01-01T00:00:00Z,,,,wd:Q733
52,uri,http://www.wikidata.org/entity/Q421023,en,literal,Organization of Ibero-American States,uri,http://www.wikidata.org/entity/Q739,literal,,literal,,literal,,literal,http://www.wikidata.org/entity/Q5740815,literal,,http://www.w3.org/2001/XMLSchema#dateTime,literal,1949-01-01T00:00:00Z,pt,literal,"Organização de Estados Ibero-Americanos para a Educação, a Ciência e a Cultura",wd:Q733
53,uri,http://www.wikidata.org/entity/Q62563868,en,literal,Farmacenter,uri,http://www.wikidata.org/entity/Q733,literal,,literal,,literal,,literal,,literal,,,,,,,,wd:Q733
54,uri,http://www.wikidata.org/entity/Q421023,en,literal,Organization of Ibero-American States,uri,http://www.wikidata.org/entity/Q736,literal,,literal,,literal,,literal,http://www.wikidata.org/entity/Q5740815,literal,,http://www.w3.org/2001/XMLSchema#dateTime,literal,1949-01-01T00:00:00Z,pt,literal,"Organização de Estados Ibero-Americanos para a Educação, a Ciência e a Cultura",wd:Q733
55,uri,http://www.wikidata.org/entity/Q6175024,en,literal,Última Hora,uri,http://www.wikidata.org/entity/Q733,literal,,literal,,literal,,literal,http://www.wikidata.org/entity/Q2933,literal,,http://www.w3.org/2001/XMLSchema#dateTime,literal,1973-10-08T00:00:00Z,,,,wd:Q733
56,uri,http://www.wikidata.org/entity/Q244169,en,literal,Itaipu Binacional,uri,http://www.wikidata.org/entity/Q733,literal,,literal,,literal,,literal,,literal,http://www.wikidata.org/entity/Q12800832,http://www.w3.org/2001/XMLSchema#dateTime,literal,1975-01-01T00:00:00Z,,,,wd:Q733
57,uri,http://www.wikidata.org/entity/Q421023,en,literal,Organization of Ibero-American States,uri,http://www.wikidata.org/entity/Q792,literal,,literal,,literal,,literal,http://www.wikidata.org/entity/Q5740815,literal,,http://www.w3.org/2001/XMLSchema#dateTime,literal,1949-01-01T00:00:00Z,es,literal,"Organización de Estados Iberoamericanos para la Educación, la Ciencia y la Cultura",wd:Q733
58,uri,http://www.wikidata.org/entity/Q421023,en,literal,Organization of Ibero-American States,uri,http://www.wikidata.org/entity/Q298,literal,,literal,,literal,,literal,http://www.wikidata.org/entity/Q5740815,literal,,http://www.w3.org/2001/XMLSchema#dateTime,literal,1949-01-01T00:00:00Z,pt,literal,"Organização de Estados Ibero-Americanos para a Educação, a Ciência e a Cultura",wd:Q733
59,uri,http://www.wikidata.org/entity/Q56377600,en,literal,Súper Liga Americana de Rugby,uri,http://www.wikidata.org/entity/Q77,literal,,literal,,literal,,literal,,literal,,http://www.w3.org/2001/XMLSchema#dateTime,literal,2020-01-01T00:00:00Z,,,,wd:Q733
60,uri,http://www.wikidata.org/entity/Q114249592,en,literal,Diario Extra,uri,http://www.wikidata.org/entity/Q733,literal,,literal,,literal,,literal,,literal,,,,,,,,wd:Q733
61,uri,http://www.wikidata.org/entity/Q421023,en,literal,Organization of Ibero-American States,uri,http://www.wikidata.org/entity/Q750,literal,,literal,,literal,,literal,http://www.wikidata.org/entity/Q5740815,literal,,http://www.w3.org/2001/XMLSchema#dateTime,literal,1949-01-01T00:00:00Z,pt,literal,"Organização de Estados Ibero-Americanos para a Educação, a Ciência e a Cultura",wd:Q733
62,uri,http://www.wikidata.org/entity/Q7894300,en,literal,Universidad Nacional de Itapúa,uri,http://www.wikidata.org/entity/Q733,literal,,literal,,literal,,literal,,literal,,http://www.w3.org/2001/XMLSchema#dateTime,literal,1996-12-03T00:00:00Z,,,,wd:Q733
63,uri,http://www.wikidata.org/entity/Q421023,en,literal,Organization of Ibero-American States,uri,http://www.wikidata.org/entity/Q800,literal,,literal,,literal,,literal,http://www.wikidata.org/entity/Q5740815,literal,,http://www.w3.org/2001/XMLSchema#dateTime,literal,1949-01-01T00:00:00Z,es,literal,"Organización de Estados Iberoamericanos para la Educación, la Ciencia y la Cultura",wd:Q733
64,uri,http://www.wikidata.org/entity/Q107808357,en,literal,Sociedad de Gestión de Productores Fonográficos del Paraguay,uri,http://www.wikidata.org/entity/Q733,literal,,literal,,literal,,literal,http://www.wikidata.org/entity/Q2933,literal,,http://www.w3.org/2001/XMLSchema#dateTime,literal,2002-03-20T00:00:00Z,,,,wd:Q733
65,uri,http://www.wikidata.org/entity/Q421023,en,literal,Organization of Ibero-American States,uri,http://www.wikidata.org/entity/Q804,literal,,literal,,literal,,literal,http://www.wikidata.org/entity/Q5740815,literal,,http://www.w3.org/2001/XMLSchema#dateTime,literal,1949-01-01T00:00:00Z,es,literal,"Organización de Estados Iberoamericanos para la Educación, la Ciencia y la Cultura",wd:Q733
66,uri,http://www.wikidata.org/entity/Q421023,en,literal,Organization of Ibero-American States,uri,http://www.wikidata.org/entity/Q811,literal,,literal,,literal,,literal,http://www.wikidata.org/entity/Q5740815,literal,,http://www.w3.org/2001/XMLSchema#dateTime,literal,1949-01-01T00:00:00Z,es,literal,"Organización de Estados Iberoamericanos para la Educación, la Ciencia y la Cultura",wd:Q733
67,uri,http://www.wikidata.org/entity/Q421023,en,literal,Organization of Ibero-American States,uri,http://www.wikidata.org/entity/Q77,literal,,literal,,literal,,literal,http://www.wikidata.org/entity/Q5740815,literal,,http://www.w3.org/2001/XMLSchema#dateTime,literal,1949-01-01T00:00:00Z,pt,literal,"Organização de Estados Ibero-Americanos para a Educação, a Ciência e a Cultura",wd:Q733
68,uri,http://www.wikidata.org/entity/Q421023,en,literal,Organization of Ibero-American States,uri,http://www.wikidata.org/entity/Q228,literal,,literal,,literal,,literal,http://www.wikidata.org/entity/Q5740815,literal,,http://www.w3.org/2001/XMLSchema#dateTime,literal,1949-01-01T00:00:00Z,pt,literal,"Organização de Estados Ibero-Americanos para a Educação, a Ciência e a Cultura",wd:Q733
69,uri,http://www.wikidata.org/entity/Q421023,en,literal,Organization of Ibero-American States,uri,http://www.wikidata.org/entity/Q774,literal,,literal,,literal,,literal,http://www.wikidata.org/entity/Q5740815,literal,,http://www.w3.org/2001/XMLSchema#dateTime,literal,1949-01-01T00:00:00Z,pt,literal,"Organização de Estados Ibero-Americanos para a Educação, a Ciência e a Cultura",wd:Q733
