,business.type,business.value,businessLabel.xml:lang,businessLabel.type,businessLabel.value,origindate.datatype,origindate.type,origindate.value,country.type,country.value,industries.type,industries.value,ceos.type,ceos.value,chairs.type,chairs.value,hqs.type,hqs.value,groups.type,groups.value,officialname.xml:lang,officialname.type,officialname.value,employees.datatype,employees.type,employees.value,profit.datatype,profit.type,profit.value,country
0,uri,http://www.wikidata.org/entity/Q5871530,en,literal,Fundación Universitaria Juan de Castellanos,http://www.w3.org/2001/XMLSchema#dateTime,literal,1987-01-01T00:00:00Z,uri,http://www.wikidata.org/entity/Q739,literal,,literal,,literal,,literal,,literal,,,,,,,,,,,wd:Q739
1,uri,http://www.wikidata.org/entity/Q1550912,en,literal,GMV Innovating Solutions,http://www.w3.org/2001/XMLSchema#dateTime,literal,1984-01-01T00:00:00Z,uri,http://www.wikidata.org/entity/Q739,literal,"http://www.wikidata.org/entity/Q5268834, http://www.wikidata.org/entity/Q3510521, http://www.wikidata.org/entity/Q3477363, http://www.wikidata.org/entity/Q2729047, http://www.wikidata.org/entity/Q508378, http://www.wikidata.org/entity/Q190117",literal,"http://www.wikidata.org/entity/Q26637897, http://www.wikidata.org/entity/Q26638506",literal,http://www.wikidata.org/entity/Q26639858,literal,http://www.wikidata.org/entity/Q910410,literal,,es,literal,GMV Innovating Solutions,http://www.w3.org/2001/XMLSchema#decimal,literal,2176,http://www.w3.org/2001/XMLSchema#decimal,literal,6308317.74,wd:Q739
2,uri,http://www.wikidata.org/entity/Q107290841,en,literal,Autobótika,,,,uri,http://www.wikidata.org/entity/Q739,literal,,literal,,literal,,literal,,literal,,,,,,,,,,,wd:Q739
3,uri,http://www.wikidata.org/entity/Q421023,en,literal,Organization of Ibero-American States,http://www.w3.org/2001/XMLSchema#dateTime,literal,1949-01-01T00:00:00Z,uri,http://www.wikidata.org/entity/Q414,literal,,literal,,literal,,literal,http://www.wikidata.org/entity/Q5740815,literal,,pt,literal,"Organização de Estados Ibero-Americanos para a Educação, a Ciência e a Cultura",,,,,,,wd:Q739
4,uri,http://www.wikidata.org/entity/Q2918415,en,literal,Codere,http://www.w3.org/2001/XMLSchema#dateTime,literal,1980-01-01T00:00:00Z,uri,http://www.wikidata.org/entity/Q96,literal,"http://www.wikidata.org/entity/Q1506462, http://www.wikidata.org/entity/Q664702",literal,,literal,,literal,http://www.wikidata.org/entity/Q2807,literal,http://www.wikidata.org/entity/Q82059,es,literal,Codere S.A.,,,,,,,wd:Q739
5,uri,http://www.wikidata.org/entity/Q3050132,en,literal,El Nuevo Siglo,http://www.w3.org/2001/XMLSchema#dateTime,literal,1936-02-01T00:00:00Z,uri,http://www.wikidata.org/entity/Q739,literal,,literal,,literal,,literal,http://www.wikidata.org/entity/Q2841,literal,,,,,,,,,,,wd:Q739
6,uri,http://www.wikidata.org/entity/Q421023,en,literal,Organization of Ibero-American States,http://www.w3.org/2001/XMLSchema#dateTime,literal,1949-01-01T00:00:00Z,uri,http://www.wikidata.org/entity/Q77,literal,,literal,,literal,,literal,http://www.wikidata.org/entity/Q5740815,literal,,es,literal,"Organización de Estados Iberoamericanos para la Educación, la Ciencia y la Cultura",,,,,,,wd:Q739
7,uri,http://www.wikidata.org/entity/Q421023,en,literal,Organization of Ibero-American States,http://www.w3.org/2001/XMLSchema#dateTime,literal,1949-01-01T00:00:00Z,uri,http://www.wikidata.org/entity/Q29,literal,,literal,,literal,,literal,http://www.wikidata.org/entity/Q5740815,literal,,pt,literal,"Organização de Estados Ibero-Americanos para a Educação, a Ciência e a Cultura",,,,,,,wd:Q739
8,uri,http://www.wikidata.org/entity/Q56377600,en,literal,Súper Liga Americana de Rugby,http://www.w3.org/2001/XMLSchema#dateTime,literal,2020-01-01T00:00:00Z,uri,http://www.wikidata.org/entity/Q733,literal,,literal,,literal,,literal,,literal,,,,,,,,,,,wd:Q739
9,uri,http://www.wikidata.org/entity/Q421023,en,literal,Organization of Ibero-American States,http://www.w3.org/2001/XMLSchema#dateTime,literal,1949-01-01T00:00:00Z,uri,http://www.wikidata.org/entity/Q419,literal,,literal,,literal,,literal,http://www.wikidata.org/entity/Q5740815,literal,,pt,literal,"Organização de Estados Ibero-Americanos para a Educação, a Ciência e a Cultura",,,,,,,wd:Q739
10,uri,http://www.wikidata.org/entity/Q421023,en,literal,Organization of Ibero-American States,http://www.w3.org/2001/XMLSchema#dateTime,literal,1949-01-01T00:00:00Z,uri,http://www.wikidata.org/entity/Q228,literal,,literal,,literal,,literal,http://www.wikidata.org/entity/Q5740815,literal,,es,literal,"Organización de Estados Iberoamericanos para la Educación, la Ciencia y la Cultura",,,,,,,wd:Q739
11,uri,http://www.wikidata.org/entity/Q56377600,en,literal,Súper Liga Americana de Rugby,http://www.w3.org/2001/XMLSchema#dateTime,literal,2020-01-01T00:00:00Z,uri,http://www.wikidata.org/entity/Q739,literal,,literal,,literal,,literal,,literal,,,,,,,,,,,wd:Q739
12,uri,http://www.wikidata.org/entity/Q421023,en,literal,Organization of Ibero-American States,http://www.w3.org/2001/XMLSchema#dateTime,literal,1949-01-01T00:00:00Z,uri,http://www.wikidata.org/entity/Q717,literal,,literal,,literal,,literal,http://www.wikidata.org/entity/Q5740815,literal,,pt,literal,"Organização de Estados Ibero-Americanos para a Educação, a Ciência e a Cultura",,,,,,,wd:Q739
13,uri,http://www.wikidata.org/entity/Q3415100,en,literal,RCN Radio,http://www.w3.org/2001/XMLSchema#dateTime,literal,1949-01-01T00:00:00Z,uri,http://www.wikidata.org/entity/Q739,literal,,literal,,literal,,literal,,literal,,,,,,,,,,,wd:Q739
14,uri,http://www.wikidata.org/entity/Q6156785,en,literal,University of Medellín,http://www.w3.org/2001/XMLSchema#dateTime,literal,1950-02-01T00:00:00Z,uri,http://www.wikidata.org/entity/Q739,literal,,literal,,literal,,literal,,literal,,,,,,,,,,,wd:Q739
15,uri,http://www.wikidata.org/entity/Q5281702,en,literal,Discos Fuentes,http://www.w3.org/2001/XMLSchema#dateTime,literal,1934-01-01T00:00:00Z,uri,http://www.wikidata.org/entity/Q739,literal,,literal,,literal,,literal,http://www.wikidata.org/entity/Q48278,literal,,,,,,,,,,,wd:Q739
16,uri,http://www.wikidata.org/entity/Q6979235,en,literal,National University of Colombia at Medellín,,,,uri,http://www.wikidata.org/entity/Q739,literal,,literal,,literal,,literal,,literal,,,,,,,,,,,wd:Q739
17,uri,http://www.wikidata.org/entity/Q5331091,en,literal,Easy,http://www.w3.org/2001/XMLSchema#dateTime,literal,1993-01-01T00:00:00Z,uri,http://www.wikidata.org/entity/Q739,literal,http://www.wikidata.org/entity/Q126793,literal,,literal,,literal,http://www.wikidata.org/entity/Q2887,literal,,,,,,,,,,,wd:Q739
18,uri,http://www.wikidata.org/entity/Q517861,en,literal,El Bosque University,http://www.w3.org/2001/XMLSchema#dateTime,literal,1933-01-01T00:00:00Z,uri,http://www.wikidata.org/entity/Q739,literal,,literal,,literal,,literal,,literal,,,,,,,,,,,wd:Q739
19,uri,http://www.wikidata.org/entity/Q421023,en,literal,Organization of Ibero-American States,http://www.w3.org/2001/XMLSchema#dateTime,literal,1949-01-01T00:00:00Z,uri,http://www.wikidata.org/entity/Q774,literal,,literal,,literal,,literal,http://www.wikidata.org/entity/Q5740815,literal,,es,literal,"Organización de Estados Iberoamericanos para la Educación, la Ciencia y la Cultura",,,,,,,wd:Q739
20,uri,http://www.wikidata.org/entity/Q1550912,en,literal,GMV Innovating Solutions,http://www.w3.org/2001/XMLSchema#dateTime,literal,1984-01-01T00:00:00Z,uri,http://www.wikidata.org/entity/Q218,literal,"http://www.wikidata.org/entity/Q5268834, http://www.wikidata.org/entity/Q3510521, http://www.wikidata.org/entity/Q3477363, http://www.wikidata.org/entity/Q2729047, http://www.wikidata.org/entity/Q508378, http://www.wikidata.org/entity/Q190117",literal,"http://www.wikidata.org/entity/Q26637897, http://www.wikidata.org/entity/Q26638506",literal,http://www.wikidata.org/entity/Q26639858,literal,http://www.wikidata.org/entity/Q910410,literal,,es,literal,GMV Innovating Solutions,http://www.w3.org/2001/XMLSchema#decimal,literal,2176,http://www.w3.org/2001/XMLSchema#decimal,literal,6308317.74,wd:Q739
21,uri,http://www.wikidata.org/entity/Q403038,en,literal,El Colombiano,http://www.w3.org/2001/XMLSchema#dateTime,literal,1912-02-06T00:00:00Z,uri,http://www.wikidata.org/entity/Q739,literal,,literal,,literal,,literal,,literal,,,,,,,,,,,wd:Q739
22,uri,http://www.wikidata.org/entity/Q23005392,en,literal,FESC University,http://www.w3.org/2001/XMLSchema#dateTime,literal,1993-08-25T00:00:00Z,uri,http://www.wikidata.org/entity/Q739,literal,,literal,,literal,,literal,,literal,,,,,,,,,,,wd:Q739
23,uri,http://www.wikidata.org/entity/Q56377600,en,literal,Súper Liga Americana de Rugby,http://www.w3.org/2001/XMLSchema#dateTime,literal,2020-01-01T00:00:00Z,uri,http://www.wikidata.org/entity/Q298,literal,,literal,,literal,,literal,,literal,,,,,,,,,,,wd:Q739
24,uri,http://www.wikidata.org/entity/Q106367983,en,literal,CelerSMS,http://www.w3.org/2001/XMLSchema#dateTime,literal,2019-05-30T00:00:00Z,uri,http://www.wikidata.org/entity/Q739,literal,"http://www.wikidata.org/entity/Q25245117, http://www.wikidata.org/entity/Q880371, http://www.wikidata.org/entity/Q11661",literal,,literal,,literal,http://www.wikidata.org/entity/Q2841,literal,,en,literal,CelerSMS,,,,,,,wd:Q739
25,uri,http://www.wikidata.org/entity/Q5242054,en,literal,Davivienda,http://www.w3.org/2001/XMLSchema#dateTime,literal,1972-01-01T00:00:00Z,uri,http://www.wikidata.org/entity/Q739,literal,http://www.wikidata.org/entity/Q43015,literal,,literal,,literal,"http://www.wikidata.org/entity/Q8652, http://www.wikidata.org/entity/Q2841",literal,,,,,,,,,,,wd:Q739
26,uri,http://www.wikidata.org/entity/Q421023,en,literal,Organization of Ibero-American States,http://www.w3.org/2001/XMLSchema#dateTime,literal,1949-01-01T00:00:00Z,uri,http://www.wikidata.org/entity/Q241,literal,,literal,,literal,,literal,http://www.wikidata.org/entity/Q5740815,literal,,es,literal,"Organización de Estados Iberoamericanos para la Educación, la Ciencia y la Cultura",,,,,,,wd:Q739
27,uri,http://www.wikidata.org/entity/Q44698252,en,literal,COTECMAR,http://www.w3.org/2001/XMLSchema#dateTime,literal,2000-07-21T00:00:00Z,uri,http://www.wikidata.org/entity/Q739,literal,"http://www.wikidata.org/entity/Q474200, http://www.wikidata.org/entity/Q392933",literal,,literal,,literal,http://www.wikidata.org/entity/Q2841,literal,,,,,,,,,,,wd:Q739
28,uri,http://www.wikidata.org/entity/Q7894343,en,literal,"Universidad del Norte, Colombia",http://www.w3.org/2001/XMLSchema#dateTime,literal,1966-01-24T00:00:00Z,uri,http://www.wikidata.org/entity/Q739,literal,,literal,,literal,,literal,,literal,,,,,,,,,,,wd:Q739
29,uri,http://www.wikidata.org/entity/Q421023,en,literal,Organization of Ibero-American States,http://www.w3.org/2001/XMLSchema#dateTime,literal,1949-01-01T00:00:00Z,uri,http://www.wikidata.org/entity/Q1183,literal,,literal,,literal,,literal,http://www.wikidata.org/entity/Q5740815,literal,,pt,literal,"Organização de Estados Ibero-Americanos para a Educação, a Ciência e a Cultura",,,,,,,wd:Q739
30,uri,http://www.wikidata.org/entity/Q1517478,en,literal,Pontifical Xavierian University,http://www.w3.org/2001/XMLSchema#dateTime,literal,1604-01-01T00:00:00Z,uri,http://www.wikidata.org/entity/Q739,literal,,literal,,literal,,literal,,literal,,,,,,,,,,,wd:Q739
31,uri,http://www.wikidata.org/entity/Q5331091,en,literal,Easy,http://www.w3.org/2001/XMLSchema#dateTime,literal,1993-01-01T00:00:00Z,uri,http://www.wikidata.org/entity/Q298,literal,http://www.wikidata.org/entity/Q126793,literal,,literal,,literal,http://www.wikidata.org/entity/Q2887,literal,,,,,,,,,,,wd:Q739
32,uri,http://www.wikidata.org/entity/Q421023,en,literal,Organization of Ibero-American States,http://www.w3.org/2001/XMLSchema#dateTime,literal,1949-01-01T00:00:00Z,uri,http://www.wikidata.org/entity/Q45,literal,,literal,,literal,,literal,http://www.wikidata.org/entity/Q5740815,literal,,pt,literal,"Organização de Estados Ibero-Americanos para a Educação, a Ciência e a Cultura",,,,,,,wd:Q739
33,uri,http://www.wikidata.org/entity/Q421023,en,literal,Organization of Ibero-American States,http://www.w3.org/2001/XMLSchema#dateTime,literal,1949-01-01T00:00:00Z,uri,http://www.wikidata.org/entity/Q783,literal,,literal,,literal,,literal,http://www.wikidata.org/entity/Q5740815,literal,,es,literal,"Organización de Estados Iberoamericanos para la Educación, la Ciencia y la Cultura",,,,,,,wd:Q739
34,uri,http://www.wikidata.org/entity/Q111910247,en,literal,SlastSound Records,http://www.w3.org/2001/XMLSchema#dateTime,literal,2019-06-17T00:00:00Z,uri,http://www.wikidata.org/entity/Q739,literal,http://www.wikidata.org/entity/Q10302058,literal,,literal,,literal,http://www.wikidata.org/entity/Q2841,literal,,,,,,,,,,,wd:Q739
35,uri,http://www.wikidata.org/entity/Q2918415,en,literal,Codere,http://www.w3.org/2001/XMLSchema#dateTime,literal,1980-01-01T00:00:00Z,uri,http://www.wikidata.org/entity/Q414,literal,"http://www.wikidata.org/entity/Q664702, http://www.wikidata.org/entity/Q1506462",literal,,literal,,literal,http://www.wikidata.org/entity/Q2807,literal,http://www.wikidata.org/entity/Q82059,it,literal,Codere Scommesse S.R.L,,,,,,,wd:Q739
36,uri,http://www.wikidata.org/entity/Q421023,en,literal,Organization of Ibero-American States,http://www.w3.org/2001/XMLSchema#dateTime,literal,1949-01-01T00:00:00Z,uri,http://www.wikidata.org/entity/Q733,literal,,literal,,literal,,literal,http://www.wikidata.org/entity/Q5740815,literal,,pt,literal,"Organização de Estados Ibero-Americanos para a Educação, a Ciência e a Cultura",,,,,,,wd:Q739
37,uri,http://www.wikidata.org/entity/Q421023,en,literal,Organization of Ibero-American States,http://www.w3.org/2001/XMLSchema#dateTime,literal,1949-01-01T00:00:00Z,uri,http://www.wikidata.org/entity/Q96,literal,,literal,,literal,,literal,http://www.wikidata.org/entity/Q5740815,literal,,es,literal,"Organización de Estados Iberoamericanos para la Educación, la Ciencia y la Cultura",,,,,,,wd:Q739
38,uri,http://www.wikidata.org/entity/Q421023,en,literal,Organization of Ibero-American States,http://www.w3.org/2001/XMLSchema#dateTime,literal,1949-01-01T00:00:00Z,uri,http://www.wikidata.org/entity/Q786,literal,,literal,,literal,,literal,http://www.wikidata.org/entity/Q5740815,literal,,es,literal,"Organización de Estados Iberoamericanos para la Educación, la Ciencia y la Cultura",,,,,,,wd:Q739
39,uri,http://www.wikidata.org/entity/Q7454179,en,literal,Sergio Arboleda University,http://www.w3.org/2001/XMLSchema#dateTime,literal,1984-01-01T00:00:00Z,uri,http://www.wikidata.org/entity/Q739,literal,,literal,,literal,,literal,,literal,,,,,,,,,,,wd:Q739
40,uri,http://www.wikidata.org/entity/Q106463667,en,literal,Éxito,,,,uri,http://www.wikidata.org/entity/Q739,literal,http://www.wikidata.org/entity/Q126793,literal,,literal,,literal,,literal,,,,,,,,,,,wd:Q739
41,uri,http://www.wikidata.org/entity/Q66271005,en,literal,Editorial Universidad Icesi,,,,uri,http://www.wikidata.org/entity/Q739,literal,,literal,,literal,,literal,http://www.wikidata.org/entity/Q51103,literal,,es,literal,Editorial Universidad Icesi,,,,,,,wd:Q739
42,uri,http://www.wikidata.org/entity/Q421023,en,literal,Organization of Ibero-American States,http://www.w3.org/2001/XMLSchema#dateTime,literal,1949-01-01T00:00:00Z,uri,http://www.wikidata.org/entity/Q739,literal,,literal,,literal,,literal,http://www.wikidata.org/entity/Q5740815,literal,,pt,literal,"Organização de Estados Ibero-Americanos para a Educação, a Ciência e a Cultura",,,,,,,wd:Q739
43,uri,http://www.wikidata.org/entity/Q2918415,en,literal,Codere,http://www.w3.org/2001/XMLSchema#dateTime,literal,1980-01-01T00:00:00Z,uri,http://www.wikidata.org/entity/Q804,literal,"http://www.wikidata.org/entity/Q1506462, http://www.wikidata.org/entity/Q664702",literal,,literal,,literal,http://www.wikidata.org/entity/Q2807,literal,http://www.wikidata.org/entity/Q82059,es,literal,Codere S.A.,,,,,,,wd:Q739
44,uri,http://www.wikidata.org/entity/Q421023,en,literal,Organization of Ibero-American States,http://www.w3.org/2001/XMLSchema#dateTime,literal,1949-01-01T00:00:00Z,uri,http://www.wikidata.org/entity/Q736,literal,,literal,,literal,,literal,http://www.wikidata.org/entity/Q5740815,literal,,pt,literal,"Organização de Estados Ibero-Americanos para a Educação, a Ciência e a Cultura",,,,,,,wd:Q739
45,uri,http://www.wikidata.org/entity/Q2918415,en,literal,Codere,http://www.w3.org/2001/XMLSchema#dateTime,literal,1980-01-01T00:00:00Z,uri,http://www.wikidata.org/entity/Q29,literal,"http://www.wikidata.org/entity/Q1506462, http://www.wikidata.org/entity/Q664702",literal,,literal,,literal,http://www.wikidata.org/entity/Q2807,literal,http://www.wikidata.org/entity/Q82059,it,literal,Codere Scommesse S.R.L,,,,,,,wd:Q739
46,uri,http://www.wikidata.org/entity/Q24749847,en,literal,Olímpica,http://www.w3.org/2001/XMLSchema#dateTime,literal,1953-01-01T00:00:00Z,uri,http://www.wikidata.org/entity/Q739,literal,,literal,,literal,,literal,http://www.wikidata.org/entity/Q62823,literal,,,,,,,,,,,wd:Q739
47,uri,http://www.wikidata.org/entity/Q5737120,en,literal,Corporación de la Industria Aeronáutica Colombiana,http://www.w3.org/2001/XMLSchema#dateTime,literal,1956-01-01T00:00:00Z,uri,http://www.wikidata.org/entity/Q739,literal,http://www.wikidata.org/entity/Q3477363,literal,,literal,,literal,http://www.wikidata.org/entity/Q2841,literal,,,,,,,,,,,wd:Q739
48,uri,http://www.wikidata.org/entity/Q2918415,en,literal,Codere,http://www.w3.org/2001/XMLSchema#dateTime,literal,1980-01-01T00:00:00Z,uri,http://www.wikidata.org/entity/Q38,literal,"http://www.wikidata.org/entity/Q1506462, http://www.wikidata.org/entity/Q664702",literal,,literal,,literal,http://www.wikidata.org/entity/Q2807,literal,http://www.wikidata.org/entity/Q82059,it,literal,Codere Scommesse S.R.L,,,,,,,wd:Q739
49,uri,http://www.wikidata.org/entity/Q421023,en,literal,Organization of Ibero-American States,http://www.w3.org/2001/XMLSchema#dateTime,literal,1949-01-01T00:00:00Z,uri,http://www.wikidata.org/entity/Q792,literal,,literal,,literal,,literal,http://www.wikidata.org/entity/Q5740815,literal,,es,literal,"Organización de Estados Iberoamericanos para la Educación, la Ciencia y la Cultura",,,,,,,wd:Q739
50,uri,http://www.wikidata.org/entity/Q421023,en,literal,Organization of Ibero-American States,http://www.w3.org/2001/XMLSchema#dateTime,literal,1949-01-01T00:00:00Z,uri,http://www.wikidata.org/entity/Q298,literal,,literal,,literal,,literal,http://www.wikidata.org/entity/Q5740815,literal,,pt,literal,"Organização de Estados Ibero-Americanos para a Educação, a Ciência e a Cultura",,,,,,,wd:Q739
51,uri,http://www.wikidata.org/entity/Q7895617,en,literal,University of La Sabana,http://www.w3.org/2001/XMLSchema#dateTime,literal,1979-01-01T00:00:00Z,uri,http://www.wikidata.org/entity/Q739,literal,,literal,,literal,,literal,,literal,,,,,,,,,,,wd:Q739
52,uri,http://www.wikidata.org/entity/Q56377600,en,literal,Súper Liga Americana de Rugby,http://www.w3.org/2001/XMLSchema#dateTime,literal,2020-01-01T00:00:00Z,uri,http://www.wikidata.org/entity/Q77,literal,,literal,,literal,,literal,,literal,,,,,,,,,,,wd:Q739
53,uri,http://www.wikidata.org/entity/Q5969511,en,literal,Universidad Icesi,http://www.w3.org/2001/XMLSchema#dateTime,literal,1979-01-01T00:00:00Z,uri,http://www.wikidata.org/entity/Q739,literal,,literal,,literal,,literal,,literal,,es,literal,Universidad Icesi,,,,,,,wd:Q739
54,uri,http://www.wikidata.org/entity/Q6156527,en,literal,Universidad Mariana,,,,uri,http://www.wikidata.org/entity/Q739,literal,,literal,,literal,,literal,,literal,,,,,,,,,,,wd:Q739
55,uri,http://www.wikidata.org/entity/Q7225732,en,literal,Frisby,http://www.w3.org/2001/XMLSchema#dateTime,literal,1977-01-01T00:00:00Z,uri,http://www.wikidata.org/entity/Q739,literal,http://www.wikidata.org/entity/Q104714944,literal,,literal,,literal,http://www.wikidata.org/entity/Q1093584,literal,,es,literal,Frisby S.A.,,,,,,,wd:Q739
56,uri,http://www.wikidata.org/entity/Q421023,en,literal,Organization of Ibero-American States,http://www.w3.org/2001/XMLSchema#dateTime,literal,1949-01-01T00:00:00Z,uri,http://www.wikidata.org/entity/Q750,literal,,literal,,literal,,literal,http://www.wikidata.org/entity/Q5740815,literal,,pt,literal,"Organização de Estados Ibero-Americanos para a Educação, a Ciência e a Cultura",,,,,,,wd:Q739
57,uri,http://www.wikidata.org/entity/Q1770208,en,literal,Claro,http://www.w3.org/2001/XMLSchema#dateTime,literal,2003-01-01T00:00:00Z,uri,http://www.wikidata.org/entity/Q739,literal,http://www.wikidata.org/entity/Q249,literal,,literal,,literal,,literal,,,,,,,,,,,wd:Q739
58,uri,http://www.wikidata.org/entity/Q5839170,en,literal,EIA University,http://www.w3.org/2001/XMLSchema#dateTime,literal,1978-02-14T00:00:00Z,uri,http://www.wikidata.org/entity/Q739,literal,,literal,,literal,,literal,,literal,,,,,,,,,,,wd:Q739
59,uri,http://www.wikidata.org/entity/Q421023,en,literal,Organization of Ibero-American States,http://www.w3.org/2001/XMLSchema#dateTime,literal,1949-01-01T00:00:00Z,uri,http://www.wikidata.org/entity/Q800,literal,,literal,,literal,,literal,http://www.wikidata.org/entity/Q5740815,literal,,es,literal,"Organización de Estados Iberoamericanos para la Educación, la Ciencia y la Cultura",,,,,,,wd:Q739
60,uri,http://www.wikidata.org/entity/Q6081858,en,literal,Institución Universitaria Politécnico Grancolombiano,,,,uri,http://www.wikidata.org/entity/Q739,literal,,literal,,literal,,literal,http://www.wikidata.org/entity/Q2841,literal,,,,,,,,,,,wd:Q739
61,uri,http://www.wikidata.org/entity/Q100156171,en,literal,Popsy,http://www.w3.org/2001/XMLSchema#dateTime,literal,1981-01-01T00:00:00Z,uri,http://www.wikidata.org/entity/Q739,literal,http://www.wikidata.org/entity/Q1445627,literal,,literal,,literal,http://www.wikidata.org/entity/Q579820,literal,,,,,,,,,,,wd:Q739
62,uri,http://www.wikidata.org/entity/Q1054314,en,literal,International Center for Tropical Agriculture,http://www.w3.org/2001/XMLSchema#dateTime,literal,1962-01-01T00:00:00Z,uri,http://www.wikidata.org/entity/Q739,literal,,literal,,literal,,literal,http://www.wikidata.org/entity/Q989858,literal,,,,,,,,,,,wd:Q739
63,uri,http://www.wikidata.org/entity/Q1569421,en,literal,University of the Andes,http://www.w3.org/2001/XMLSchema#dateTime,literal,1948-01-01T00:00:00Z,uri,http://www.wikidata.org/entity/Q739,literal,,literal,,literal,,literal,,literal,,,,,,,,,,,wd:Q739
64,uri,http://www.wikidata.org/entity/Q421023,en,literal,Organization of Ibero-American States,http://www.w3.org/2001/XMLSchema#dateTime,literal,1949-01-01T00:00:00Z,uri,http://www.wikidata.org/entity/Q804,literal,,literal,,literal,,literal,http://www.wikidata.org/entity/Q5740815,literal,,es,literal,"Organización de Estados Iberoamericanos para la Educación, la Ciencia y la Cultura",,,,,,,wd:Q739
65,uri,http://www.wikidata.org/entity/Q4854122,en,literal,Bank of Bogota,http://www.w3.org/2001/XMLSchema#dateTime,literal,1980-01-01T00:00:00Z,uri,http://www.wikidata.org/entity/Q739,literal,"http://www.wikidata.org/entity/Q837171, http://www.wikidata.org/entity/Q806718",literal,,literal,,literal,http://www.wikidata.org/entity/Q2841,literal,,,,,http://www.w3.org/2001/XMLSchema#decimal,literal,19544,,,,wd:Q739
66,uri,http://www.wikidata.org/entity/Q2918415,en,literal,Codere,http://www.w3.org/2001/XMLSchema#dateTime,literal,1980-01-01T00:00:00Z,uri,http://www.wikidata.org/entity/Q739,literal,"http://www.wikidata.org/entity/Q664702, http://www.wikidata.org/entity/Q1506462",literal,,literal,,literal,http://www.wikidata.org/entity/Q2807,literal,http://www.wikidata.org/entity/Q82059,it,literal,Codere Scommesse S.R.L,,,,,,,wd:Q739
67,uri,http://www.wikidata.org/entity/Q100881924,,literal,Q100881924,,,,uri,http://www.wikidata.org/entity/Q739,literal,,literal,,literal,,literal,,literal,,,,,,,,,,,wd:Q739
68,uri,http://www.wikidata.org/entity/Q421023,en,literal,Organization of Ibero-American States,http://www.w3.org/2001/XMLSchema#dateTime,literal,1949-01-01T00:00:00Z,uri,http://www.wikidata.org/entity/Q811,literal,,literal,,literal,,literal,http://www.wikidata.org/entity/Q5740815,literal,,es,literal,"Organización de Estados Iberoamericanos para la Educación, la Ciencia y la Cultura",,,,,,,wd:Q739
69,uri,http://www.wikidata.org/entity/Q85800448,en,literal,4-72,http://www.w3.org/2001/XMLSchema#dateTime,literal,2006-01-01T00:00:00Z,uri,http://www.wikidata.org/entity/Q739,literal,"http://www.wikidata.org/entity/Q177777, http://www.wikidata.org/entity/Q49845",literal,,literal,,literal,http://www.wikidata.org/entity/Q2841,literal,,,,,,,,,,,wd:Q739
70,uri,http://www.wikidata.org/entity/Q421023,en,literal,Organization of Ibero-American States,http://www.w3.org/2001/XMLSchema#dateTime,literal,1949-01-01T00:00:00Z,uri,http://www.wikidata.org/entity/Q77,literal,,literal,,literal,,literal,http://www.wikidata.org/entity/Q5740815,literal,,pt,literal,"Organização de Estados Ibero-Americanos para a Educação, a Ciência e a Cultura",,,,,,,wd:Q739
71,uri,http://www.wikidata.org/entity/Q5964328,en,literal,La Mega,,,,uri,http://www.wikidata.org/entity/Q739,literal,,literal,,literal,,literal,,literal,,,,,,,,,,,wd:Q739
72,uri,http://www.wikidata.org/entity/Q7894273,en,literal,Universidad Externado de Colombia,http://www.w3.org/2001/XMLSchema#dateTime,literal,1886-01-01T00:00:00Z,uri,http://www.wikidata.org/entity/Q739,literal,,literal,,literal,,literal,,literal,,,,,,,,,,,wd:Q739
73,uri,http://www.wikidata.org/entity/Q65048578,en,literal,El Bogotano,http://www.w3.org/2001/XMLSchema#dateTime,literal,1973-01-01T00:00:00Z,uri,http://www.wikidata.org/entity/Q739,literal,,literal,,literal,,literal,http://www.wikidata.org/entity/Q2841,literal,,,,,,,,,,,wd:Q739
74,uri,http://www.wikidata.org/entity/Q421023,en,literal,Organization of Ibero-American States,http://www.w3.org/2001/XMLSchema#dateTime,literal,1949-01-01T00:00:00Z,uri,http://www.wikidata.org/entity/Q228,literal,,literal,,literal,,literal,http://www.wikidata.org/entity/Q5740815,literal,,pt,literal,"Organização de Estados Ibero-Americanos para a Educação, a Ciência e a Cultura",,,,,,,wd:Q739
75,uri,http://www.wikidata.org/entity/Q109252162,en,literal,Coordinadora Mercantil S.A.,http://www.w3.org/2001/XMLSchema#dateTime,literal,1967-02-10T00:00:00Z,uri,http://www.wikidata.org/entity/Q739,literal,"http://www.wikidata.org/entity/Q2516512, http://www.wikidata.org/entity/Q177777, http://www.wikidata.org/entity/Q49845",literal,,literal,,literal,http://www.wikidata.org/entity/Q48278,literal,,,,,,,,,,,wd:Q739
76,uri,http://www.wikidata.org/entity/Q112978283,en,literal,All Stars,http://www.w3.org/2001/XMLSchema#dateTime,literal,2014-01-01T00:00:00Z,uri,http://www.wikidata.org/entity/Q739,literal,,literal,,literal,,literal,http://www.wikidata.org/entity/Q48278,literal,,,,,,,,,,,wd:Q739
77,uri,http://www.wikidata.org/entity/Q27766479,en,literal,Autonomous University of Manizales,http://www.w3.org/2001/XMLSchema#dateTime,literal,1979-01-01T00:00:00Z,uri,http://www.wikidata.org/entity/Q739,literal,,literal,,literal,,literal,,literal,,,,,,,,,,,wd:Q739
78,uri,http://www.wikidata.org/entity/Q1195830,en,literal,University of Applied and Environmental Sciences,http://www.w3.org/2001/XMLSchema#dateTime,literal,1983-01-01T00:00:00Z,uri,http://www.wikidata.org/entity/Q739,literal,,literal,,literal,,literal,http://www.wikidata.org/entity/Q2841,literal,,,,,,,,,,,wd:Q739
79,uri,http://www.wikidata.org/entity/Q17155057,en,literal,Catholic University Luis Amigó,http://www.w3.org/2001/XMLSchema#dateTime,literal,1984-11-09T00:00:00Z,uri,http://www.wikidata.org/entity/Q739,literal,,literal,,literal,,literal,,literal,,,,,,,,,,,wd:Q739
80,uri,http://www.wikidata.org/entity/Q421023,en,literal,Organization of Ibero-American States,http://www.w3.org/2001/XMLSchema#dateTime,literal,1949-01-01T00:00:00Z,uri,http://www.wikidata.org/entity/Q774,literal,,literal,,literal,,literal,http://www.wikidata.org/entity/Q5740815,literal,,pt,literal,"Organização de Estados Ibero-Americanos para a Educação, a Ciência e a Cultura",,,,,,,wd:Q739
81,uri,http://www.wikidata.org/entity/Q108929487,en,literal,Café OMA,http://www.w3.org/2001/XMLSchema#dateTime,literal,1970-01-01T00:00:00Z,uri,http://www.wikidata.org/entity/Q739,literal,,literal,,literal,,literal,http://www.wikidata.org/entity/Q2841,literal,,,,,,,,,,,wd:Q739
82,uri,http://www.wikidata.org/entity/Q7894254,en,literal,Universidad Católica de Oriente,http://www.w3.org/2001/XMLSchema#dateTime,literal,1982-02-11T00:00:00Z,uri,http://www.wikidata.org/entity/Q739,literal,,literal,,literal,,literal,,literal,,,,,,,,,,,wd:Q739
83,uri,http://www.wikidata.org/entity/Q6156365,en,literal,Universidad Autónoma del Caribe,,,,uri,http://www.wikidata.org/entity/Q739,literal,,literal,,literal,,literal,,literal,,,,,,,,,,,wd:Q739
84,uri,http://www.wikidata.org/entity/Q7894254,en,literal,Universidad Católica de Oriente,http://www.w3.org/2001/XMLSchema#dateTime,literal,1982-02-11T00:00:00Z,uri,http://www.wikidata.org/entity/Q736,literal,,literal,,literal,,literal,,literal,,,,,,,,,,,wd:Q739
85,uri,http://www.wikidata.org/entity/Q3081395,en,literal,District University of Bogotá,http://www.w3.org/2001/XMLSchema#dateTime,literal,1948-01-01T00:00:00Z,uri,http://www.wikidata.org/entity/Q739,literal,,literal,,literal,,literal,,literal,,,,,,,,,,,wd:Q739
86,uri,http://www.wikidata.org/entity/Q421023,en,literal,Organization of Ibero-American States,http://www.w3.org/2001/XMLSchema#dateTime,literal,1949-01-01T00:00:00Z,uri,http://www.wikidata.org/entity/Q241,literal,,literal,,literal,,literal,http://www.wikidata.org/entity/Q5740815,literal,,pt,literal,"Organização de Estados Ibero-Americanos para a Educação, a Ciência e a Cultura",,,,,,,wd:Q739
87,uri,http://www.wikidata.org/entity/Q3067794,en,literal,Pedagogical and Technological University of Colombia,http://www.w3.org/2001/XMLSchema#dateTime,literal,1953-10-10T00:00:00Z,uri,http://www.wikidata.org/entity/Q739,literal,,literal,,literal,,literal,http://www.wikidata.org/entity/Q236744,literal,,,,,,,,,,,wd:Q739
88,uri,http://www.wikidata.org/entity/Q107669965,en,literal,Resuelve tu Deuda Colombia,,,,uri,http://www.wikidata.org/entity/Q739,literal,,literal,,literal,,literal,http://www.wikidata.org/entity/Q2841,literal,,,,,,,,,,,wd:Q739
89,uri,http://www.wikidata.org/entity/Q421023,en,literal,Organization of Ibero-American States,http://www.w3.org/2001/XMLSchema#dateTime,literal,1949-01-01T00:00:00Z,uri,http://www.wikidata.org/entity/Q783,literal,,literal,,literal,,literal,http://www.wikidata.org/entity/Q5740815,literal,,pt,literal,"Organização de Estados Ibero-Americanos para a Educação, a Ciência e a Cultura",,,,,,,wd:Q739
90,uri,http://www.wikidata.org/entity/Q6974078,en,literal,National Training Service (Colombia),http://www.w3.org/2001/XMLSchema#dateTime,literal,1955-06-21T00:00:00Z,uri,http://www.wikidata.org/entity/Q739,literal,,literal,,literal,,literal,http://www.wikidata.org/entity/Q2647973,literal,,,,,,,,,,,wd:Q739
91,uri,http://www.wikidata.org/entity/Q421023,en,literal,Organization of Ibero-American States,http://www.w3.org/2001/XMLSchema#dateTime,literal,1949-01-01T00:00:00Z,uri,http://www.wikidata.org/entity/Q983,literal,,literal,,literal,,literal,http://www.wikidata.org/entity/Q5740815,literal,,es,literal,"Organización de Estados Iberoamericanos para la Educación, la Ciencia y la Cultura",,,,,,,wd:Q739
92,uri,http://www.wikidata.org/entity/Q19006769,en,literal,Universidad Colegio Mayor de Cundinamarca,http://www.w3.org/2001/XMLSchema#dateTime,literal,1945-01-01T00:00:00Z,uri,http://www.wikidata.org/entity/Q739,literal,,literal,,literal,,literal,,literal,,,,,,,,,,,wd:Q739
93,uri,http://www.wikidata.org/entity/Q421023,en,literal,Organization of Ibero-American States,http://www.w3.org/2001/XMLSchema#dateTime,literal,1949-01-01T00:00:00Z,uri,http://www.wikidata.org/entity/Q96,literal,,literal,,literal,,literal,http://www.wikidata.org/entity/Q5740815,literal,,pt,literal,"Organização de Estados Ibero-Americanos para a Educação, a Ciência e a Cultura",,,,,,,wd:Q739
94,uri,http://www.wikidata.org/entity/Q1324151,en,literal,El Espectador,http://www.w3.org/2001/XMLSchema#dateTime,literal,1887-01-01T00:00:00Z,uri,http://www.wikidata.org/entity/Q739,literal,,literal,,literal,,literal,http://www.wikidata.org/entity/Q2841,literal,,,,,,,,,,,wd:Q739
95,uri,http://www.wikidata.org/entity/Q421023,en,literal,Organization of Ibero-American States,http://www.w3.org/2001/XMLSchema#dateTime,literal,1949-01-01T00:00:00Z,uri,http://www.wikidata.org/entity/Q786,literal,,literal,,literal,,literal,http://www.wikidata.org/entity/Q5740815,literal,,pt,literal,"Organização de Estados Ibero-Americanos para a Educação, a Ciência e a Cultura",,,,,,,wd:Q739
96,uri,http://www.wikidata.org/entity/Q18388458,en,literal,Teleset,http://www.w3.org/2001/XMLSchema#dateTime,literal,1995-01-01T00:00:00Z,uri,http://www.wikidata.org/entity/Q739,literal,,literal,,literal,,literal,http://www.wikidata.org/entity/Q2841,literal,,,,,,,,,,,wd:Q739
97,uri,http://www.wikidata.org/entity/Q20013358,en,literal,Agricultural Bank of Colombia,http://www.w3.org/2001/XMLSchema#dateTime,literal,1999-06-28T00:00:00Z,uri,http://www.wikidata.org/entity/Q739,literal,,literal,,literal,,literal,http://www.wikidata.org/entity/Q2841,literal,,,,,,,,,,,wd:Q739
98,uri,http://www.wikidata.org/entity/Q62274413,en,literal,Biomax,http://www.w3.org/2001/XMLSchema#dateTime,literal,2004-02-27T00:00:00Z,uri,http://www.wikidata.org/entity/Q739,literal,http://www.wikidata.org/entity/Q862571,literal,,literal,,literal,,literal,,,,,,,,,,,wd:Q739
99,uri,http://www.wikidata.org/entity/Q96094519,en,literal,Servientrega,http://www.w3.org/2001/XMLSchema#dateTime,literal,1982-11-29T00:00:00Z,uri,http://www.wikidata.org/entity/Q739,literal,http://www.wikidata.org/entity/Q49845,literal,,literal,,literal,,literal,,,,,,,,,,,wd:Q739
100,uri,http://www.wikidata.org/entity/Q421023,en,literal,Organization of Ibero-American States,http://www.w3.org/2001/XMLSchema#dateTime,literal,1949-01-01T00:00:00Z,uri,http://www.wikidata.org/entity/Q155,literal,,literal,,literal,,literal,http://www.wikidata.org/entity/Q5740815,literal,,es,literal,"Organización de Estados Iberoamericanos para la Educación, la Ciencia y la Cultura",,,,,,,wd:Q739
101,uri,http://www.wikidata.org/entity/Q4854127,en,literal,Western Bank,http://www.w3.org/2001/XMLSchema#dateTime,literal,1965-01-01T00:00:00Z,uri,http://www.wikidata.org/entity/Q739,literal,"http://www.wikidata.org/entity/Q837171, http://www.wikidata.org/entity/Q806718",literal,,literal,,literal,http://www.wikidata.org/entity/Q51103,literal,,,,,,,,,,,wd:Q739
102,uri,http://www.wikidata.org/entity/Q62563928,en,literal,Farmacenter,,,,uri,http://www.wikidata.org/entity/Q739,literal,,literal,,literal,,literal,,literal,,,,,,,,,,,wd:Q739
103,uri,http://www.wikidata.org/entity/Q7895650,en,literal,Universidad de Cartagena,http://www.w3.org/2001/XMLSchema#dateTime,literal,1958-10-29T00:00:00Z,uri,http://www.wikidata.org/entity/Q739,literal,,literal,,literal,,literal,,literal,,,,,,,,,,,wd:Q739
104,uri,http://www.wikidata.org/entity/Q2495711,en,literal,National Pedagogic University,http://www.w3.org/2001/XMLSchema#dateTime,literal,1955-02-01T00:00:00Z,uri,http://www.wikidata.org/entity/Q739,literal,,literal,,literal,,literal,,literal,,,,,,,,,,,wd:Q739
105,uri,http://www.wikidata.org/entity/Q2918415,en,literal,Codere,http://www.w3.org/2001/XMLSchema#dateTime,literal,1980-01-01T00:00:00Z,uri,http://www.wikidata.org/entity/Q233,literal,"http://www.wikidata.org/entity/Q664702, http://www.wikidata.org/entity/Q1506462",literal,,literal,,literal,http://www.wikidata.org/entity/Q2807,literal,http://www.wikidata.org/entity/Q82059,it,literal,Codere Scommesse S.R.L,,,,,,,wd:Q739
106,uri,http://www.wikidata.org/entity/Q2918415,en,literal,Codere,http://www.w3.org/2001/XMLSchema#dateTime,literal,1980-01-01T00:00:00Z,uri,http://www.wikidata.org/entity/Q414,literal,"http://www.wikidata.org/entity/Q1506462, http://www.wikidata.org/entity/Q664702",literal,,literal,,literal,http://www.wikidata.org/entity/Q2807,literal,http://www.wikidata.org/entity/Q82059,es,literal,Codere S.A.,,,,,,,wd:Q739
107,uri,http://www.wikidata.org/entity/Q6156819,en,literal,University of Santander,http://www.w3.org/2001/XMLSchema#dateTime,literal,1982-01-01T00:00:00Z,uri,http://www.wikidata.org/entity/Q739,literal,,literal,,literal,,literal,,literal,,,,,,,,,,,wd:Q739
108,uri,http://www.wikidata.org/entity/Q421023,en,literal,Organization of Ibero-American States,http://www.w3.org/2001/XMLSchema#dateTime,literal,1949-01-01T00:00:00Z,uri,http://www.wikidata.org/entity/Q792,literal,,literal,,literal,,literal,http://www.wikidata.org/entity/Q5740815,literal,,pt,literal,"Organização de Estados Ibero-Americanos para a Educação, a Ciência e a Cultura",,,,,,,wd:Q739
109,uri,http://www.wikidata.org/entity/Q3997334,en,literal,Our Lady of the Rosary University,http://www.w3.org/2001/XMLSchema#dateTime,literal,1653-01-01T00:00:00Z,uri,http://www.wikidata.org/entity/Q739,literal,,literal,,literal,,literal,,literal,,es,literal,Colegio Mayor de Nuestra Señora del Rosario,,,,,,,wd:Q739
110,uri,http://www.wikidata.org/entity/Q4688300,en,literal,Aerolínea de Antioquia,http://www.w3.org/2001/XMLSchema#dateTime,literal,1987-01-01T00:00:00Z,uri,http://www.wikidata.org/entity/Q739,literal,,literal,,literal,,literal,http://www.wikidata.org/entity/Q1431257,literal,,,,,,,,,,,wd:Q739
111,uri,http://www.wikidata.org/entity/Q6301102,en,literal,Juan Valdez Café,http://www.w3.org/2001/XMLSchema#dateTime,literal,2002-01-01T00:00:00Z,uri,http://www.wikidata.org/entity/Q739,literal,,literal,,literal,,literal,http://www.wikidata.org/entity/Q2841,literal,,,,,,,,,,,wd:Q739
112,uri,http://www.wikidata.org/entity/Q2918415,en,literal,Codere,http://www.w3.org/2001/XMLSchema#dateTime,literal,1980-01-01T00:00:00Z,uri,http://www.wikidata.org/entity/Q29,literal,"http://www.wikidata.org/entity/Q1506462, http://www.wikidata.org/entity/Q664702",literal,,literal,,literal,http://www.wikidata.org/entity/Q2807,literal,http://www.wikidata.org/entity/Q82059,es,literal,Codere S.A.,,,,,,,wd:Q739
113,uri,http://www.wikidata.org/entity/Q112167897,en,literal,Nelo Group,,,,uri,http://www.wikidata.org/entity/Q739,literal,http://www.wikidata.org/entity/Q837171,literal,http://www.wikidata.org/entity/Q111910120,literal,,literal,,literal,,,,,,,,,,,wd:Q739
114,uri,http://www.wikidata.org/entity/Q1550912,en,literal,GMV Innovating Solutions,http://www.w3.org/2001/XMLSchema#dateTime,literal,1984-01-01T00:00:00Z,uri,http://www.wikidata.org/entity/Q142,literal,"http://www.wikidata.org/entity/Q5268834, http://www.wikidata.org/entity/Q3510521, http://www.wikidata.org/entity/Q3477363, http://www.wikidata.org/entity/Q2729047, http://www.wikidata.org/entity/Q508378, http://www.wikidata.org/entity/Q190117",literal,"http://www.wikidata.org/entity/Q26637897, http://www.wikidata.org/entity/Q26638506",literal,http://www.wikidata.org/entity/Q26639858,literal,http://www.wikidata.org/entity/Q910410,literal,,es,literal,GMV Innovating Solutions,http://www.w3.org/2001/XMLSchema#decimal,literal,2176,http://www.w3.org/2001/XMLSchema#decimal,literal,6308317.74,wd:Q739
115,uri,http://www.wikidata.org/entity/Q5788938,en,literal,Corporación Universitaria Minuto de Dios,http://www.w3.org/2001/XMLSchema#dateTime,literal,1990-06-27T00:00:00Z,uri,http://www.wikidata.org/entity/Q739,literal,,literal,,literal,,literal,,literal,,,,,,,,,,,wd:Q739
116,uri,http://www.wikidata.org/entity/Q9023852,en,literal,Los 40 Colombia,,,,uri,http://www.wikidata.org/entity/Q739,literal,,literal,,literal,,literal,,literal,,,,,,,,,,,wd:Q739
117,uri,http://www.wikidata.org/entity/Q7402232,en,literal,Saint Thomas Aquinas University,http://www.w3.org/2001/XMLSchema#dateTime,literal,1580-06-23T00:00:00Z,uri,http://www.wikidata.org/entity/Q739,literal,,literal,,literal,,literal,http://www.wikidata.org/entity/Q2841,literal,,,,,,,,,,,wd:Q739
118,uri,http://www.wikidata.org/entity/Q421023,en,literal,Organization of Ibero-American States,http://www.w3.org/2001/XMLSchema#dateTime,literal,1949-01-01T00:00:00Z,uri,http://www.wikidata.org/entity/Q800,literal,,literal,,literal,,literal,http://www.wikidata.org/entity/Q5740815,literal,,pt,literal,"Organização de Estados Ibero-Americanos para a Educação, a Ciência e a Cultura",,,,,,,wd:Q739
119,uri,http://www.wikidata.org/entity/Q16268974,en,literal,AOKP,http://www.w3.org/2001/XMLSchema#dateTime,literal,2011-01-01T00:00:00Z,uri,http://www.wikidata.org/entity/Q739,literal,,literal,,literal,,literal,,literal,,,,,,,,,,,wd:Q739
120,uri,http://www.wikidata.org/entity/Q2918415,en,literal,Codere,http://www.w3.org/2001/XMLSchema#dateTime,literal,1980-01-01T00:00:00Z,uri,http://www.wikidata.org/entity/Q38,literal,"http://www.wikidata.org/entity/Q1506462, http://www.wikidata.org/entity/Q664702",literal,,literal,,literal,http://www.wikidata.org/entity/Q2807,literal,http://www.wikidata.org/entity/Q82059,es,literal,Codere S.A.,,,,,,,wd:Q739
121,uri,http://www.wikidata.org/entity/Q54819666,en,literal,Justo & Bueno,,,,uri,http://www.wikidata.org/entity/Q739,literal,,literal,,literal,,literal,http://www.wikidata.org/entity/Q1093102,literal,,,,,,,,,,,wd:Q739
122,uri,http://www.wikidata.org/entity/Q1258413,en,literal,Universidad de Antioquia,http://www.w3.org/2001/XMLSchema#dateTime,literal,1803-01-01T00:00:00Z,uri,http://www.wikidata.org/entity/Q739,literal,,literal,,literal,,literal,http://www.wikidata.org/entity/Q48278,literal,,,,,,,,,,,wd:Q739
123,uri,http://www.wikidata.org/entity/Q24279033,en,literal,The Light Entertainment,http://www.w3.org/2001/XMLSchema#dateTime,literal,2015-01-01T00:00:00Z,uri,http://www.wikidata.org/entity/Q29,literal,,literal,,literal,,literal,http://www.wikidata.org/entity/Q2841,literal,,,,,,,,,,,wd:Q739
124,uri,http://www.wikidata.org/entity/Q421023,en,literal,Organization of Ibero-American States,http://www.w3.org/2001/XMLSchema#dateTime,literal,1949-01-01T00:00:00Z,uri,http://www.wikidata.org/entity/Q804,literal,,literal,,literal,,literal,http://www.wikidata.org/entity/Q5740815,literal,,pt,literal,"Organização de Estados Ibero-Americanos para a Educação, a Ciência e a Cultura",,,,,,,wd:Q739
125,uri,http://www.wikidata.org/entity/Q5717869,en,literal,Caja Social Bank,,,,uri,http://www.wikidata.org/entity/Q739,literal,"http://www.wikidata.org/entity/Q837171, http://www.wikidata.org/entity/Q806718",literal,,literal,,literal,,literal,,,,,,,,,,,wd:Q739
126,uri,http://www.wikidata.org/entity/Q2918415,en,literal,Codere,http://www.w3.org/2001/XMLSchema#dateTime,literal,1980-01-01T00:00:00Z,uri,http://www.wikidata.org/entity/Q96,literal,"http://www.wikidata.org/entity/Q1506462, http://www.wikidata.org/entity/Q664702",literal,,literal,,literal,http://www.wikidata.org/entity/Q2807,literal,http://www.wikidata.org/entity/Q82059,it,literal,Codere Scommesse S.R.L,,,,,,,wd:Q739
127,uri,http://www.wikidata.org/entity/Q9091550,en,literal,Ean University,http://www.w3.org/2001/XMLSchema#dateTime,literal,1967-10-11T00:00:00Z,uri,http://www.wikidata.org/entity/Q739,literal,,literal,,literal,http://www.wikidata.org/entity/Q18417417,literal,,literal,,es,literal,Universidad Ean,,,,,,,wd:Q739
128,uri,http://www.wikidata.org/entity/Q1550912,en,literal,GMV Innovating Solutions,http://www.w3.org/2001/XMLSchema#dateTime,literal,1984-01-01T00:00:00Z,uri,http://www.wikidata.org/entity/Q145,literal,"http://www.wikidata.org/entity/Q5268834, http://www.wikidata.org/entity/Q3510521, http://www.wikidata.org/entity/Q3477363, http://www.wikidata.org/entity/Q2729047, http://www.wikidata.org/entity/Q508378, http://www.wikidata.org/entity/Q190117",literal,"http://www.wikidata.org/entity/Q26637897, http://www.wikidata.org/entity/Q26638506",literal,http://www.wikidata.org/entity/Q26639858,literal,http://www.wikidata.org/entity/Q910410,literal,,es,literal,GMV Innovating Solutions,http://www.w3.org/2001/XMLSchema#decimal,literal,2176,http://www.w3.org/2001/XMLSchema#decimal,literal,6308317.74,wd:Q739
129,uri,http://www.wikidata.org/entity/Q6156355,en,literal,Fundación Universitaria Autónoma de Colombia,,,,uri,http://www.wikidata.org/entity/Q739,literal,,literal,,literal,,literal,,literal,,,,,,,,,,,wd:Q739
130,uri,http://www.wikidata.org/entity/Q421023,en,literal,Organization of Ibero-American States,http://www.w3.org/2001/XMLSchema#dateTime,literal,1949-01-01T00:00:00Z,uri,http://www.wikidata.org/entity/Q811,literal,,literal,,literal,,literal,http://www.wikidata.org/entity/Q5740815,literal,,pt,literal,"Organização de Estados Ibero-Americanos para a Educação, a Ciência e a Cultura",,,,,,,wd:Q739
131,uri,http://www.wikidata.org/entity/Q3150575,en,literal,Indumil,http://www.w3.org/2001/XMLSchema#dateTime,literal,1954-01-01T00:00:00Z,uri,http://www.wikidata.org/entity/Q739,literal,http://www.wikidata.org/entity/Q392933,literal,,literal,,literal,http://www.wikidata.org/entity/Q2841,literal,,,,,,,,,,,wd:Q739
132,uri,http://www.wikidata.org/entity/Q421023,en,literal,Organization of Ibero-American States,http://www.w3.org/2001/XMLSchema#dateTime,literal,1949-01-01T00:00:00Z,uri,http://www.wikidata.org/entity/Q414,literal,,literal,,literal,,literal,http://www.wikidata.org/entity/Q5740815,literal,,es,literal,"Organización de Estados Iberoamericanos para la Educación, la Ciencia y la Cultura",,,,,,,wd:Q739
133,uri,http://www.wikidata.org/entity/Q110044639,en,literal,Servindustriales Del Valle,http://www.w3.org/2001/XMLSchema#dateTime,literal,2002-01-01T00:00:00Z,uri,http://www.wikidata.org/entity/Q739,literal,"http://www.wikidata.org/entity/Q1570182, http://www.wikidata.org/entity/Q1043452, http://www.wikidata.org/entity/Q385378, http://www.wikidata.org/entity/Q126793, http://www.wikidata.org/entity/Q77590, http://www.wikidata.org/entity/Q2329",literal,,literal,,literal,http://www.wikidata.org/entity/Q989858,literal,,,,,http://www.w3.org/2001/XMLSchema#decimal,literal,45,,,,wd:Q739
134,uri,http://www.wikidata.org/entity/Q408655,en,literal,LATAM Colombia,http://www.w3.org/2001/XMLSchema#dateTime,literal,1980-10-02T00:00:00Z,uri,http://www.wikidata.org/entity/Q739,literal,,literal,,literal,,literal,http://www.wikidata.org/entity/Q2841,literal,,,,,,,,,,,wd:Q739
135,uri,http://www.wikidata.org/entity/Q11050122,en,literal,University of America,http://www.w3.org/2001/XMLSchema#dateTime,literal,1956-01-01T00:00:00Z,uri,http://www.wikidata.org/entity/Q739,literal,,literal,,literal,,literal,,literal,,,,,,,,,,,wd:Q739
136,uri,http://www.wikidata.org/entity/Q2918415,en,literal,Codere,http://www.w3.org/2001/XMLSchema#dateTime,literal,1980-01-01T00:00:00Z,uri,http://www.wikidata.org/entity/Q739,literal,"http://www.wikidata.org/entity/Q1506462, http://www.wikidata.org/entity/Q664702",literal,,literal,,literal,http://www.wikidata.org/entity/Q2807,literal,http://www.wikidata.org/entity/Q82059,es,literal,Codere S.A.,,,,,,,wd:Q739
137,uri,http://www.wikidata.org/entity/Q421023,en,literal,Organization of Ibero-American States,http://www.w3.org/2001/XMLSchema#dateTime,literal,1949-01-01T00:00:00Z,uri,http://www.wikidata.org/entity/Q29,literal,,literal,,literal,,literal,http://www.wikidata.org/entity/Q5740815,literal,,es,literal,"Organización de Estados Iberoamericanos para la Educación, la Ciencia y la Cultura",,,,,,,wd:Q739
138,uri,http://www.wikidata.org/entity/Q421023,en,literal,Organization of Ibero-American States,http://www.w3.org/2001/XMLSchema#dateTime,literal,1949-01-01T00:00:00Z,uri,http://www.wikidata.org/entity/Q419,literal,,literal,,literal,,literal,http://www.wikidata.org/entity/Q5740815,literal,,es,literal,"Organización de Estados Iberoamericanos para la Educación, la Ciencia y la Cultura",,,,,,,wd:Q739
139,uri,http://www.wikidata.org/entity/Q56377600,en,literal,Súper Liga Americana de Rugby,http://www.w3.org/2001/XMLSchema#dateTime,literal,2020-01-01T00:00:00Z,uri,http://www.wikidata.org/entity/Q155,literal,,literal,,literal,,literal,,literal,,,,,,,,,,,wd:Q739
140,uri,http://www.wikidata.org/entity/Q421023,en,literal,Organization of Ibero-American States,http://www.w3.org/2001/XMLSchema#dateTime,literal,1949-01-01T00:00:00Z,uri,http://www.wikidata.org/entity/Q717,literal,,literal,,literal,,literal,http://www.wikidata.org/entity/Q5740815,literal,,es,literal,"Organización de Estados Iberoamericanos para la Educación, la Ciencia y la Cultura",,,,,,,wd:Q739
141,uri,http://www.wikidata.org/entity/Q113639186,en,literal,Teravision Games,,,,uri,http://www.wikidata.org/entity/Q739,literal,http://www.wikidata.org/entity/Q941594,literal,,literal,,literal,http://www.wikidata.org/entity/Q2841,literal,,,,,,,,,,,wd:Q739
142,uri,http://www.wikidata.org/entity/Q429748,en,literal,TransMilenio,,,,uri,http://www.wikidata.org/entity/Q739,literal,,literal,,literal,,literal,,literal,http://www.wikidata.org/entity/Q6129638,,,,,,,,,,wd:Q739
143,uri,http://www.wikidata.org/entity/Q24279033,en,literal,The Light Entertainment,http://www.w3.org/2001/XMLSchema#dateTime,literal,2015-01-01T00:00:00Z,uri,http://www.wikidata.org/entity/Q739,literal,,literal,,literal,,literal,http://www.wikidata.org/entity/Q2841,literal,,,,,,,,,,,wd:Q739
144,uri,http://www.wikidata.org/entity/Q111825404,en,literal,Le Noche Doré,http://www.w3.org/2001/XMLSchema#dateTime,literal,2021-01-01T00:00:00Z,uri,http://www.wikidata.org/entity/Q739,literal,http://www.wikidata.org/entity/Q12752882,literal,,literal,,literal,http://www.wikidata.org/entity/Q2841,literal,,,,,,,,,,,wd:Q739
145,uri,http://www.wikidata.org/entity/Q107012254,,literal,Q107012254,,,,uri,http://www.wikidata.org/entity/Q739,literal,"http://www.wikidata.org/entity/Q57721519, http://www.wikidata.org/entity/Q10302058, http://www.wikidata.org/entity/Q746359",literal,,literal,http://www.wikidata.org/entity/Q106860252,literal,,literal,,es,literal,Fundacion amen comunicaciones,,,,,,,wd:Q739
146,uri,http://www.wikidata.org/entity/Q2918415,en,literal,Codere,http://www.w3.org/2001/XMLSchema#dateTime,literal,1980-01-01T00:00:00Z,uri,http://www.wikidata.org/entity/Q804,literal,"http://www.wikidata.org/entity/Q664702, http://www.wikidata.org/entity/Q1506462",literal,,literal,,literal,http://www.wikidata.org/entity/Q2807,literal,http://www.wikidata.org/entity/Q82059,it,literal,Codere Scommesse S.R.L,,,,,,,wd:Q739
147,uri,http://www.wikidata.org/entity/Q4854068,en,literal,AV Villas Bank,http://www.w3.org/2001/XMLSchema#dateTime,literal,1972-01-01T00:00:00Z,uri,http://www.wikidata.org/entity/Q739,literal,"http://www.wikidata.org/entity/Q837171, http://www.wikidata.org/entity/Q806718",literal,,literal,,literal,http://www.wikidata.org/entity/Q598777,literal,,,,,,,,,,,wd:Q739
148,uri,http://www.wikidata.org/entity/Q421023,en,literal,Organization of Ibero-American States,http://www.w3.org/2001/XMLSchema#dateTime,literal,1949-01-01T00:00:00Z,uri,http://www.wikidata.org/entity/Q983,literal,,literal,,literal,,literal,http://www.wikidata.org/entity/Q5740815,literal,,pt,literal,"Organização de Estados Ibero-Americanos para a Educação, a Ciência e a Cultura",,,,,,,wd:Q739
149,uri,http://www.wikidata.org/entity/Q27968821,en,literal,TCC (Colombia),http://www.w3.org/2001/XMLSchema#dateTime,literal,1968-01-01T00:00:00Z,uri,http://www.wikidata.org/entity/Q739,literal,http://www.wikidata.org/entity/Q177777,literal,,literal,,literal,http://www.wikidata.org/entity/Q48278,literal,,,,,,,,,,,wd:Q739
150,uri,http://www.wikidata.org/entity/Q421023,en,literal,Organization of Ibero-American States,http://www.w3.org/2001/XMLSchema#dateTime,literal,1949-01-01T00:00:00Z,uri,http://www.wikidata.org/entity/Q1183,literal,,literal,,literal,,literal,http://www.wikidata.org/entity/Q5740815,literal,,es,literal,"Organización de Estados Iberoamericanos para la Educación, la Ciencia y la Cultura",,,,,,,wd:Q739
151,uri,http://www.wikidata.org/entity/Q6291683,en,literal,"Marine and Coastal Research Institute ""José Benito Vives de Andreis""",http://www.w3.org/2001/XMLSchema#dateTime,literal,1993-01-01T00:00:00Z,uri,http://www.wikidata.org/entity/Q739,literal,,literal,,literal,,literal,,literal,,,,,,,,,,,wd:Q739
152,uri,http://www.wikidata.org/entity/Q421023,en,literal,Organization of Ibero-American States,http://www.w3.org/2001/XMLSchema#dateTime,literal,1949-01-01T00:00:00Z,uri,http://www.wikidata.org/entity/Q45,literal,,literal,,literal,,literal,http://www.wikidata.org/entity/Q5740815,literal,,es,literal,"Organización de Estados Iberoamericanos para la Educación, la Ciencia y la Cultura",,,,,,,wd:Q739
153,uri,http://www.wikidata.org/entity/Q421023,en,literal,Organization of Ibero-American States,http://www.w3.org/2001/XMLSchema#dateTime,literal,1949-01-01T00:00:00Z,uri,http://www.wikidata.org/entity/Q733,literal,,literal,,literal,,literal,http://www.wikidata.org/entity/Q5740815,literal,,es,literal,"Organización de Estados Iberoamericanos para la Educación, la Ciencia y la Cultura",,,,,,,wd:Q739
154,uri,http://www.wikidata.org/entity/Q3049972,en,literal,El Heraldo,http://www.w3.org/2001/XMLSchema#dateTime,literal,1933-01-01T00:00:00Z,uri,http://www.wikidata.org/entity/Q739,literal,,literal,,literal,,literal,http://www.wikidata.org/entity/Q62823,literal,,,,,,,,,,,wd:Q739
155,uri,http://www.wikidata.org/entity/Q4703422,en,literal,Hamburguesas El Corral,http://www.w3.org/2001/XMLSchema#dateTime,literal,1983-01-01T00:00:00Z,uri,http://www.wikidata.org/entity/Q739,literal,http://www.wikidata.org/entity/Q2898326,literal,,literal,,literal,http://www.wikidata.org/entity/Q2841,literal,,,,,,,,,,,wd:Q739
156,uri,http://www.wikidata.org/entity/Q1550912,en,literal,GMV Innovating Solutions,http://www.w3.org/2001/XMLSchema#dateTime,literal,1984-01-01T00:00:00Z,uri,http://www.wikidata.org/entity/Q30,literal,"http://www.wikidata.org/entity/Q5268834, http://www.wikidata.org/entity/Q3510521, http://www.wikidata.org/entity/Q3477363, http://www.wikidata.org/entity/Q2729047, http://www.wikidata.org/entity/Q508378, http://www.wikidata.org/entity/Q190117",literal,"http://www.wikidata.org/entity/Q26637897, http://www.wikidata.org/entity/Q26638506",literal,http://www.wikidata.org/entity/Q26639858,literal,http://www.wikidata.org/entity/Q910410,literal,,es,literal,GMV Innovating Solutions,http://www.w3.org/2001/XMLSchema#decimal,literal,2176,http://www.w3.org/2001/XMLSchema#decimal,literal,6308317.74,wd:Q739
157,uri,http://www.wikidata.org/entity/Q391530,en,literal,El País,http://www.w3.org/2001/XMLSchema#dateTime,literal,1950-04-23T00:00:00Z,uri,http://www.wikidata.org/entity/Q739,literal,,literal,,literal,,literal,http://www.wikidata.org/entity/Q51103,literal,,,,,,,,,,,wd:Q739
158,uri,http://www.wikidata.org/entity/Q16967352,en,literal,Polen Records,http://www.w3.org/2001/XMLSchema#dateTime,literal,2006-01-01T00:00:00Z,uri,http://www.wikidata.org/entity/Q739,literal,,literal,,literal,,literal,,literal,,,,,,,,,,,wd:Q739
159,uri,http://www.wikidata.org/entity/Q421023,en,literal,Organization of Ibero-American States,http://www.w3.org/2001/XMLSchema#dateTime,literal,1949-01-01T00:00:00Z,uri,http://www.wikidata.org/entity/Q155,literal,,literal,,literal,,literal,http://www.wikidata.org/entity/Q5740815,literal,,pt,literal,"Organização de Estados Ibero-Americanos para a Educação, a Ciência e a Cultura",,,,,,,wd:Q739
160,uri,http://www.wikidata.org/entity/Q421023,en,literal,Organization of Ibero-American States,http://www.w3.org/2001/XMLSchema#dateTime,literal,1949-01-01T00:00:00Z,uri,http://www.wikidata.org/entity/Q739,literal,,literal,,literal,,literal,http://www.wikidata.org/entity/Q5740815,literal,,es,literal,"Organización de Estados Iberoamericanos para la Educación, la Ciencia y la Cultura",,,,,,,wd:Q739
161,uri,http://www.wikidata.org/entity/Q421023,en,literal,Organization of Ibero-American States,http://www.w3.org/2001/XMLSchema#dateTime,literal,1949-01-01T00:00:00Z,uri,http://www.wikidata.org/entity/Q736,literal,,literal,,literal,,literal,http://www.wikidata.org/entity/Q5740815,literal,,es,literal,"Organización de Estados Iberoamericanos para la Educación, la Ciencia y la Cultura",,,,,,,wd:Q739
162,uri,http://www.wikidata.org/entity/Q1550912,en,literal,GMV Innovating Solutions,http://www.w3.org/2001/XMLSchema#dateTime,literal,1984-01-01T00:00:00Z,uri,http://www.wikidata.org/entity/Q183,literal,"http://www.wikidata.org/entity/Q5268834, http://www.wikidata.org/entity/Q3510521, http://www.wikidata.org/entity/Q3477363, http://www.wikidata.org/entity/Q2729047, http://www.wikidata.org/entity/Q508378, http://www.wikidata.org/entity/Q190117",literal,"http://www.wikidata.org/entity/Q26637897, http://www.wikidata.org/entity/Q26638506",literal,http://www.wikidata.org/entity/Q26639858,literal,http://www.wikidata.org/entity/Q910410,literal,,es,literal,GMV Innovating Solutions,http://www.w3.org/2001/XMLSchema#decimal,literal,2176,http://www.w3.org/2001/XMLSchema#decimal,literal,6308317.74,wd:Q739
163,uri,http://www.wikidata.org/entity/Q1550912,en,literal,GMV Innovating Solutions,http://www.w3.org/2001/XMLSchema#dateTime,literal,1984-01-01T00:00:00Z,uri,http://www.wikidata.org/entity/Q29,literal,"http://www.wikidata.org/entity/Q5268834, http://www.wikidata.org/entity/Q3510521, http://www.wikidata.org/entity/Q3477363, http://www.wikidata.org/entity/Q2729047, http://www.wikidata.org/entity/Q508378, http://www.wikidata.org/entity/Q190117",literal,"http://www.wikidata.org/entity/Q26637897, http://www.wikidata.org/entity/Q26638506",literal,http://www.wikidata.org/entity/Q26639858,literal,http://www.wikidata.org/entity/Q910410,literal,,es,literal,GMV Innovating Solutions,http://www.w3.org/2001/XMLSchema#decimal,literal,2176,http://www.w3.org/2001/XMLSchema#decimal,literal,6308317.74,wd:Q739
164,uri,http://www.wikidata.org/entity/Q6156833,en,literal,Universidad de la Costa,http://www.w3.org/2001/XMLSchema#dateTime,literal,1970-11-16T00:00:00Z,uri,http://www.wikidata.org/entity/Q739,literal,,literal,,literal,,literal,,literal,,,,,,,,,,,wd:Q739
165,uri,http://www.wikidata.org/entity/Q1324658,en,literal,El Tiempo,http://www.w3.org/2001/XMLSchema#dateTime,literal,1913-01-01T00:00:00Z,uri,http://www.wikidata.org/entity/Q739,literal,,literal,,literal,,literal,http://www.wikidata.org/entity/Q2841,literal,,,,,,,,,,,wd:Q739
166,uri,http://www.wikidata.org/entity/Q56377600,en,literal,Súper Liga Americana de Rugby,http://www.w3.org/2001/XMLSchema#dateTime,literal,2020-01-01T00:00:00Z,uri,http://www.wikidata.org/entity/Q414,literal,,literal,,literal,,literal,,literal,,,,,,,,,,,wd:Q739
167,uri,http://www.wikidata.org/entity/Q51959134,en,literal,12 Hit Combo,,,,uri,http://www.wikidata.org/entity/Q739,literal,http://www.wikidata.org/entity/Q941594,literal,,literal,,literal,http://www.wikidata.org/entity/Q2841,literal,,,,,,,,,,,wd:Q739
168,uri,http://www.wikidata.org/entity/Q5556466,en,literal,Universidad Nacional Abierta y a Distancia,http://www.w3.org/2001/XMLSchema#dateTime,literal,1982-01-01T00:00:00Z,uri,http://www.wikidata.org/entity/Q739,literal,,literal,,literal,,literal,,literal,,,,,,,,,,,wd:Q739
169,uri,http://www.wikidata.org/entity/Q1550912,en,literal,GMV Innovating Solutions,http://www.w3.org/2001/XMLSchema#dateTime,literal,1984-01-01T00:00:00Z,uri,http://www.wikidata.org/entity/Q36,literal,"http://www.wikidata.org/entity/Q5268834, http://www.wikidata.org/entity/Q3510521, http://www.wikidata.org/entity/Q3477363, http://www.wikidata.org/entity/Q2729047, http://www.wikidata.org/entity/Q508378, http://www.wikidata.org/entity/Q190117",literal,"http://www.wikidata.org/entity/Q26637897, http://www.wikidata.org/entity/Q26638506",literal,http://www.wikidata.org/entity/Q26639858,literal,http://www.wikidata.org/entity/Q910410,literal,,es,literal,GMV Innovating Solutions,http://www.w3.org/2001/XMLSchema#decimal,literal,2176,http://www.w3.org/2001/XMLSchema#decimal,literal,6308317.74,wd:Q739
170,uri,http://www.wikidata.org/entity/Q421023,en,literal,Organization of Ibero-American States,http://www.w3.org/2001/XMLSchema#dateTime,literal,1949-01-01T00:00:00Z,uri,http://www.wikidata.org/entity/Q298,literal,,literal,,literal,,literal,http://www.wikidata.org/entity/Q5740815,literal,,es,literal,"Organización de Estados Iberoamericanos para la Educación, la Ciencia y la Cultura",,,,,,,wd:Q739
171,uri,http://www.wikidata.org/entity/Q5331091,en,literal,Easy,http://www.w3.org/2001/XMLSchema#dateTime,literal,1993-01-01T00:00:00Z,uri,http://www.wikidata.org/entity/Q414,literal,http://www.wikidata.org/entity/Q126793,literal,,literal,,literal,http://www.wikidata.org/entity/Q2887,literal,,,,,,,,,,,wd:Q739
172,uri,http://www.wikidata.org/entity/Q1294197,en,literal,Military University Nueva Granada,http://www.w3.org/2001/XMLSchema#dateTime,literal,1982-07-23T00:00:00Z,uri,http://www.wikidata.org/entity/Q739,literal,,literal,,literal,,literal,,literal,,,,,,,,,,,wd:Q739
173,uri,http://www.wikidata.org/entity/Q28654686,en,literal,National Institute of Health,http://www.w3.org/2001/XMLSchema#dateTime,literal,1917-01-01T00:00:00Z,uri,http://www.wikidata.org/entity/Q739,literal,,literal,,literal,,literal,http://www.wikidata.org/entity/Q2841,literal,,,,,,,,,,,wd:Q739
174,uri,http://www.wikidata.org/entity/Q421023,en,literal,Organization of Ibero-American States,http://www.w3.org/2001/XMLSchema#dateTime,literal,1949-01-01T00:00:00Z,uri,http://www.wikidata.org/entity/Q750,literal,,literal,,literal,,literal,http://www.wikidata.org/entity/Q5740815,literal,,es,literal,"Organización de Estados Iberoamericanos para la Educación, la Ciencia y la Cultura",,,,,,,wd:Q739
175,uri,http://www.wikidata.org/entity/Q2918415,en,literal,Codere,http://www.w3.org/2001/XMLSchema#dateTime,literal,1980-01-01T00:00:00Z,uri,http://www.wikidata.org/entity/Q233,literal,"http://www.wikidata.org/entity/Q1506462, http://www.wikidata.org/entity/Q664702",literal,,literal,,literal,http://www.wikidata.org/entity/Q2807,literal,http://www.wikidata.org/entity/Q82059,es,literal,Codere S.A.,,,,,,,wd:Q739
176,uri,http://www.wikidata.org/entity/Q105886930,,literal,Q105886930,http://www.w3.org/2001/XMLSchema#dateTime,literal,2010-01-01T00:00:00Z,uri,http://www.wikidata.org/entity/Q739,literal,"http://www.wikidata.org/entity/Q9158, http://www.wikidata.org/entity/Q5892272, http://www.wikidata.org/entity/Q1210425, http://www.wikidata.org/entity/Q1073015",literal,,literal,,literal,http://www.wikidata.org/entity/Q2841,literal,,,,,,,,,,,wd:Q739
177,uri,http://www.wikidata.org/entity/Q6156781,en,literal,Universidad de Manizales,,,,uri,http://www.wikidata.org/entity/Q739,literal,,literal,,literal,,literal,,literal,,,,,,,,,,,wd:Q739
178,uri,http://www.wikidata.org/entity/Q1547837,en,literal,University of Nariño,http://www.w3.org/2001/XMLSchema#dateTime,literal,1904-01-01T00:00:00Z,uri,http://www.wikidata.org/entity/Q739,literal,,literal,,literal,,literal,,literal,,,,,,,,,,,wd:Q739
179,uri,http://www.wikidata.org/entity/Q1550912,en,literal,GMV Innovating Solutions,http://www.w3.org/2001/XMLSchema#dateTime,literal,1984-01-01T00:00:00Z,uri,http://www.wikidata.org/entity/Q45,literal,"http://www.wikidata.org/entity/Q5268834, http://www.wikidata.org/entity/Q3510521, http://www.wikidata.org/entity/Q3477363, http://www.wikidata.org/entity/Q2729047, http://www.wikidata.org/entity/Q508378, http://www.wikidata.org/entity/Q190117",literal,"http://www.wikidata.org/entity/Q26637897, http://www.wikidata.org/entity/Q26638506",literal,http://www.wikidata.org/entity/Q26639858,literal,http://www.wikidata.org/entity/Q910410,literal,,es,literal,GMV Innovating Solutions,http://www.w3.org/2001/XMLSchema#decimal,literal,2176,http://www.w3.org/2001/XMLSchema#decimal,literal,6308317.74,wd:Q739
180,uri,http://www.wikidata.org/entity/Q52610912,en,literal,Grupo Kavilando,,,,uri,http://www.wikidata.org/entity/Q739,literal,,literal,,literal,,literal,,literal,,,,,,,,,,,wd:Q739
181,uri,http://www.wikidata.org/entity/Q5937434,en,literal,Jorge Tadeo Lozano University,http://www.w3.org/2001/XMLSchema#dateTime,literal,1954-02-05T00:00:00Z,uri,http://www.wikidata.org/entity/Q739,literal,,literal,,literal,,literal,http://www.wikidata.org/entity/Q2841,literal,,,,,,,,,,,wd:Q739
