,business.type,business.value,businessLabel.xml:lang,businessLabel.type,businessLabel.value,origindate.datatype,origindate.type,origindate.value,country.type,country.value,industries.type,industries.value,ceos.type,ceos.value,chairs.type,chairs.value,hqs.type,hqs.value,groups.type,groups.value,officialname.xml:lang,officialname.type,officialname.value,country
0,uri,http://www.wikidata.org/entity/Q81782924,en,literal,Fie Bank,http://www.w3.org/2001/XMLSchema#dateTime,literal,1985-01-01T00:00:00Z,uri,http://www.wikidata.org/entity/Q750,literal,"http://www.wikidata.org/entity/Q1416657, http://www.wikidata.org/entity/Q837171, http://www.wikidata.org/entity/Q806718",literal,,literal,,literal,,literal,,,,,wd:Q750
1,uri,http://www.wikidata.org/entity/Q421023,en,literal,Organization of Ibero-American States,http://www.w3.org/2001/XMLSchema#dateTime,literal,1949-01-01T00:00:00Z,uri,http://www.wikidata.org/entity/Q241,literal,,literal,,literal,,literal,http://www.wikidata.org/entity/Q5740815,literal,,pt,literal,"Organização de Estados Ibero-Americanos para a Educação, a Ciência e a Cultura",wd:Q750
2,uri,http://www.wikidata.org/entity/Q6464783,en,literal,La Razón,http://www.w3.org/2001/XMLSchema#dateTime,literal,1917-02-17T00:00:00Z,uri,http://www.wikidata.org/entity/Q750,literal,,literal,,literal,,literal,http://www.wikidata.org/entity/Q1491,literal,,,,,wd:Q750
3,uri,http://www.wikidata.org/entity/Q421023,en,literal,Organization of Ibero-American States,http://www.w3.org/2001/XMLSchema#dateTime,literal,1949-01-01T00:00:00Z,uri,http://www.wikidata.org/entity/Q783,literal,,literal,,literal,,literal,http://www.wikidata.org/entity/Q5740815,literal,,pt,literal,"Organização de Estados Ibero-Americanos para a Educação, a Ciência e a Cultura",wd:Q750
4,uri,http://www.wikidata.org/entity/Q81787643,en,literal,Banco Fortaleza,http://www.w3.org/2001/XMLSchema#dateTime,literal,1997-01-01T00:00:00Z,uri,http://www.wikidata.org/entity/Q750,literal,"http://www.wikidata.org/entity/Q1416657, http://www.wikidata.org/entity/Q837171, http://www.wikidata.org/entity/Q806718",literal,,literal,,literal,,literal,,,,,wd:Q750
5,uri,http://www.wikidata.org/entity/Q421023,en,literal,Organization of Ibero-American States,http://www.w3.org/2001/XMLSchema#dateTime,literal,1949-01-01T00:00:00Z,uri,http://www.wikidata.org/entity/Q983,literal,,literal,,literal,,literal,http://www.wikidata.org/entity/Q5740815,literal,,es,literal,"Organización de Estados Iberoamericanos para la Educación, la Ciencia y la Cultura",wd:Q750
6,uri,http://www.wikidata.org/entity/Q81965517,en,literal,Bata,http://www.w3.org/2001/XMLSchema#dateTime,literal,1940-01-01T00:00:00Z,uri,http://www.wikidata.org/entity/Q750,literal,,literal,,literal,,literal,,literal,,,,,wd:Q750
7,uri,http://www.wikidata.org/entity/Q16826675,en,literal,Banco de Crédito de Bolivia,http://www.w3.org/2001/XMLSchema#dateTime,literal,1994-01-01T00:00:00Z,uri,http://www.wikidata.org/entity/Q750,literal,http://www.wikidata.org/entity/Q837171,literal,,literal,,literal,http://www.wikidata.org/entity/Q1491,literal,,,,,wd:Q750
8,uri,http://www.wikidata.org/entity/Q421023,en,literal,Organization of Ibero-American States,http://www.w3.org/2001/XMLSchema#dateTime,literal,1949-01-01T00:00:00Z,uri,http://www.wikidata.org/entity/Q96,literal,,literal,,literal,,literal,http://www.wikidata.org/entity/Q5740815,literal,,pt,literal,"Organização de Estados Ibero-Americanos para a Educação, a Ciência e a Cultura",wd:Q750
9,uri,http://www.wikidata.org/entity/Q421023,en,literal,Organization of Ibero-American States,http://www.w3.org/2001/XMLSchema#dateTime,literal,1949-01-01T00:00:00Z,uri,http://www.wikidata.org/entity/Q786,literal,,literal,,literal,,literal,http://www.wikidata.org/entity/Q5740815,literal,,pt,literal,"Organização de Estados Ibero-Americanos para a Educação, a Ciência e a Cultura",wd:Q750
10,uri,http://www.wikidata.org/entity/Q81967653,en,literal,IC Norte,,,,uri,http://www.wikidata.org/entity/Q750,literal,,literal,,literal,,literal,,literal,,,,,wd:Q750
11,uri,http://www.wikidata.org/entity/Q83502533,en,literal,Motion Music Group,http://www.w3.org/2001/XMLSchema#dateTime,literal,2018-01-01T00:00:00Z,uri,http://www.wikidata.org/entity/Q750,literal,http://www.wikidata.org/entity/Q746359,literal,http://www.wikidata.org/entity/Q108665750,literal,,literal,http://www.wikidata.org/entity/Q750,literal,,,,,wd:Q750
12,uri,http://www.wikidata.org/entity/Q94537562,en,literal,Alliance Française de Santa Cruz de la Sierra,,,,uri,http://www.wikidata.org/entity/Q750,literal,,literal,,literal,,literal,http://www.wikidata.org/entity/Q170688,literal,,,,,wd:Q750
13,uri,http://www.wikidata.org/entity/Q421023,en,literal,Organization of Ibero-American States,http://www.w3.org/2001/XMLSchema#dateTime,literal,1949-01-01T00:00:00Z,uri,http://www.wikidata.org/entity/Q155,literal,,literal,,literal,,literal,http://www.wikidata.org/entity/Q5740815,literal,,es,literal,"Organización de Estados Iberoamericanos para la Educación, la Ciencia y la Cultura",wd:Q750
14,uri,http://www.wikidata.org/entity/Q421023,en,literal,Organization of Ibero-American States,http://www.w3.org/2001/XMLSchema#dateTime,literal,1949-01-01T00:00:00Z,uri,http://www.wikidata.org/entity/Q792,literal,,literal,,literal,,literal,http://www.wikidata.org/entity/Q5740815,literal,,pt,literal,"Organização de Estados Ibero-Americanos para a Educação, a Ciência e a Cultura",wd:Q750
15,uri,http://www.wikidata.org/entity/Q2909517,en,literal,Bolpress,,,,uri,http://www.wikidata.org/entity/Q750,literal,,literal,,literal,,literal,,literal,,,,,wd:Q750
16,uri,http://www.wikidata.org/entity/Q62118746,en,literal,Sun Bank,http://www.w3.org/2001/XMLSchema#dateTime,literal,1992-02-10T00:00:00Z,uri,http://www.wikidata.org/entity/Q750,literal,"http://www.wikidata.org/entity/Q1416657, http://www.wikidata.org/entity/Q837171, http://www.wikidata.org/entity/Q806718",literal,,literal,,literal,,literal,,,,,wd:Q750
17,uri,http://www.wikidata.org/entity/Q2495648,en,literal,Universidad Andina Simón Bolívar,http://www.w3.org/2001/XMLSchema#dateTime,literal,1985-01-01T00:00:00Z,uri,http://www.wikidata.org/entity/Q736,literal,,literal,,literal,,literal,http://www.wikidata.org/entity/Q2907,literal,,es,literal,Universidad Andina Simón Bolívar,wd:Q750
18,uri,http://www.wikidata.org/entity/Q421023,en,literal,Organization of Ibero-American States,http://www.w3.org/2001/XMLSchema#dateTime,literal,1949-01-01T00:00:00Z,uri,http://www.wikidata.org/entity/Q800,literal,,literal,,literal,,literal,http://www.wikidata.org/entity/Q5740815,literal,,pt,literal,"Organização de Estados Ibero-Americanos para a Educação, a Ciência e a Cultura",wd:Q750
19,uri,http://www.wikidata.org/entity/Q81969919,en,literal,Chávez Pharmacy,http://www.w3.org/2001/XMLSchema#dateTime,literal,1988-01-26T00:00:00Z,uri,http://www.wikidata.org/entity/Q750,literal,,literal,,literal,,literal,http://www.wikidata.org/entity/Q170688,literal,,,,,wd:Q750
20,uri,http://www.wikidata.org/entity/Q421023,en,literal,Organization of Ibero-American States,http://www.w3.org/2001/XMLSchema#dateTime,literal,1949-01-01T00:00:00Z,uri,http://www.wikidata.org/entity/Q804,literal,,literal,,literal,,literal,http://www.wikidata.org/entity/Q5740815,literal,,pt,literal,"Organização de Estados Ibero-Americanos para a Educação, a Ciência e a Cultura",wd:Q750
21,uri,http://www.wikidata.org/entity/Q421023,en,literal,Organization of Ibero-American States,http://www.w3.org/2001/XMLSchema#dateTime,literal,1949-01-01T00:00:00Z,uri,http://www.wikidata.org/entity/Q811,literal,,literal,,literal,,literal,http://www.wikidata.org/entity/Q5740815,literal,,pt,literal,"Organização de Estados Ibero-Americanos para a Educação, a Ciência e a Cultura",wd:Q750
22,uri,http://www.wikidata.org/entity/Q2495648,en,literal,Universidad Andina Simón Bolívar,http://www.w3.org/2001/XMLSchema#dateTime,literal,1985-01-01T00:00:00Z,uri,http://www.wikidata.org/entity/Q750,literal,,literal,,literal,,literal,http://www.wikidata.org/entity/Q2907,literal,,es,literal,Universidad Andina Simón Bolívar,wd:Q750
23,uri,http://www.wikidata.org/entity/Q421023,en,literal,Organization of Ibero-American States,http://www.w3.org/2001/XMLSchema#dateTime,literal,1949-01-01T00:00:00Z,uri,http://www.wikidata.org/entity/Q414,literal,,literal,,literal,,literal,http://www.wikidata.org/entity/Q5740815,literal,,es,literal,"Organización de Estados Iberoamericanos para la Educación, la Ciencia y la Cultura",wd:Q750
24,uri,http://www.wikidata.org/entity/Q421023,en,literal,Organization of Ibero-American States,http://www.w3.org/2001/XMLSchema#dateTime,literal,1949-01-01T00:00:00Z,uri,http://www.wikidata.org/entity/Q29,literal,,literal,,literal,,literal,http://www.wikidata.org/entity/Q5740815,literal,,es,literal,"Organización de Estados Iberoamericanos para la Educación, la Ciencia y la Cultura",wd:Q750
25,uri,http://www.wikidata.org/entity/Q421023,en,literal,Organization of Ibero-American States,http://www.w3.org/2001/XMLSchema#dateTime,literal,1949-01-01T00:00:00Z,uri,http://www.wikidata.org/entity/Q419,literal,,literal,,literal,,literal,http://www.wikidata.org/entity/Q5740815,literal,,es,literal,"Organización de Estados Iberoamericanos para la Educación, la Ciencia y la Cultura",wd:Q750
26,uri,http://www.wikidata.org/entity/Q421023,en,literal,Organization of Ibero-American States,http://www.w3.org/2001/XMLSchema#dateTime,literal,1949-01-01T00:00:00Z,uri,http://www.wikidata.org/entity/Q717,literal,,literal,,literal,,literal,http://www.wikidata.org/entity/Q5740815,literal,,es,literal,"Organización de Estados Iberoamericanos para la Educación, la Ciencia y la Cultura",wd:Q750
27,uri,http://www.wikidata.org/entity/Q81963200,en,literal,MultiCine,http://www.w3.org/2001/XMLSchema#dateTime,literal,2009-01-01T00:00:00Z,uri,http://www.wikidata.org/entity/Q750,literal,,literal,,literal,,literal,,literal,,,,,wd:Q750
28,uri,http://www.wikidata.org/entity/Q3054977,en,literal,Entel Bolivia,http://www.w3.org/2001/XMLSchema#dateTime,literal,1965-01-01T00:00:00Z,uri,http://www.wikidata.org/entity/Q750,literal,"http://www.wikidata.org/entity/Q56598901, http://www.wikidata.org/entity/Q25245117",literal,,literal,,literal,http://www.wikidata.org/entity/Q1491,literal,,,,,wd:Q750
29,uri,http://www.wikidata.org/entity/Q62118592,en,literal,Banco Fassil,http://www.w3.org/2001/XMLSchema#dateTime,literal,2014-07-21T00:00:00Z,uri,http://www.wikidata.org/entity/Q750,literal,http://www.wikidata.org/entity/Q837171,literal,,literal,,literal,,literal,,,,,wd:Q750
30,uri,http://www.wikidata.org/entity/Q75330375,en,literal,Bolivia,http://www.w3.org/2001/XMLSchema#dateTime,literal,2019-11-17T00:00:00Z,uri,http://www.wikidata.org/entity/Q750,literal,,literal,,literal,,literal,http://www.wikidata.org/entity/Q1491,literal,,,,,wd:Q750
31,uri,http://www.wikidata.org/entity/Q421023,en,literal,Organization of Ibero-American States,http://www.w3.org/2001/XMLSchema#dateTime,literal,1949-01-01T00:00:00Z,uri,http://www.wikidata.org/entity/Q983,literal,,literal,,literal,,literal,http://www.wikidata.org/entity/Q5740815,literal,,pt,literal,"Organização de Estados Ibero-Americanos para a Educação, a Ciência e a Cultura",wd:Q750
32,uri,http://www.wikidata.org/entity/Q421023,en,literal,Organization of Ibero-American States,http://www.w3.org/2001/XMLSchema#dateTime,literal,1949-01-01T00:00:00Z,uri,http://www.wikidata.org/entity/Q1183,literal,,literal,,literal,,literal,http://www.wikidata.org/entity/Q5740815,literal,,es,literal,"Organización de Estados Iberoamericanos para la Educación, la Ciencia y la Cultura",wd:Q750
33,uri,http://www.wikidata.org/entity/Q81962395,en,literal,Cine Center,http://www.w3.org/2001/XMLSchema#dateTime,literal,2004-08-05T00:00:00Z,uri,http://www.wikidata.org/entity/Q750,literal,,literal,,literal,,literal,,literal,,,,,wd:Q750
34,uri,http://www.wikidata.org/entity/Q81969487,en,literal,FarmaElías,http://www.w3.org/2001/XMLSchema#dateTime,literal,2011-01-01T00:00:00Z,uri,http://www.wikidata.org/entity/Q750,literal,,literal,,literal,,literal,http://www.wikidata.org/entity/Q183124,literal,,,,,wd:Q750
35,uri,http://www.wikidata.org/entity/Q421023,en,literal,Organization of Ibero-American States,http://www.w3.org/2001/XMLSchema#dateTime,literal,1949-01-01T00:00:00Z,uri,http://www.wikidata.org/entity/Q45,literal,,literal,,literal,,literal,http://www.wikidata.org/entity/Q5740815,literal,,es,literal,"Organización de Estados Iberoamericanos para la Educación, la Ciencia y la Cultura",wd:Q750
36,uri,http://www.wikidata.org/entity/Q26250269,en,literal,Banco Mercantil Santa Cruz S.A.,http://www.w3.org/2001/XMLSchema#dateTime,literal,1905-12-11T00:00:00Z,uri,http://www.wikidata.org/entity/Q750,literal,http://www.wikidata.org/entity/Q22687,literal,,literal,,literal,http://www.wikidata.org/entity/Q1491,literal,,,,,wd:Q750
37,uri,http://www.wikidata.org/entity/Q421023,en,literal,Organization of Ibero-American States,http://www.w3.org/2001/XMLSchema#dateTime,literal,1949-01-01T00:00:00Z,uri,http://www.wikidata.org/entity/Q733,literal,,literal,,literal,,literal,http://www.wikidata.org/entity/Q5740815,literal,,es,literal,"Organización de Estados Iberoamericanos para la Educación, la Ciencia y la Cultura",wd:Q750
38,uri,http://www.wikidata.org/entity/Q421023,en,literal,Organization of Ibero-American States,http://www.w3.org/2001/XMLSchema#dateTime,literal,1949-01-01T00:00:00Z,uri,http://www.wikidata.org/entity/Q155,literal,,literal,,literal,,literal,http://www.wikidata.org/entity/Q5740815,literal,,pt,literal,"Organização de Estados Ibero-Americanos para a Educação, a Ciência e a Cultura",wd:Q750
39,uri,http://www.wikidata.org/entity/Q421023,en,literal,Organization of Ibero-American States,http://www.w3.org/2001/XMLSchema#dateTime,literal,1949-01-01T00:00:00Z,uri,http://www.wikidata.org/entity/Q739,literal,,literal,,literal,,literal,http://www.wikidata.org/entity/Q5740815,literal,,es,literal,"Organización de Estados Iberoamericanos para la Educación, la Ciencia y la Cultura",wd:Q750
40,uri,http://www.wikidata.org/entity/Q421023,en,literal,Organization of Ibero-American States,http://www.w3.org/2001/XMLSchema#dateTime,literal,1949-01-01T00:00:00Z,uri,http://www.wikidata.org/entity/Q736,literal,,literal,,literal,,literal,http://www.wikidata.org/entity/Q5740815,literal,,es,literal,"Organización de Estados Iberoamericanos para la Educación, la Ciencia y la Cultura",wd:Q750
41,uri,http://www.wikidata.org/entity/Q421023,en,literal,Organization of Ibero-American States,http://www.w3.org/2001/XMLSchema#dateTime,literal,1949-01-01T00:00:00Z,uri,http://www.wikidata.org/entity/Q298,literal,,literal,,literal,,literal,http://www.wikidata.org/entity/Q5740815,literal,,es,literal,"Organización de Estados Iberoamericanos para la Educación, la Ciencia y la Cultura",wd:Q750
42,uri,http://www.wikidata.org/entity/Q421023,en,literal,Organization of Ibero-American States,http://www.w3.org/2001/XMLSchema#dateTime,literal,1949-01-01T00:00:00Z,uri,http://www.wikidata.org/entity/Q750,literal,,literal,,literal,,literal,http://www.wikidata.org/entity/Q5740815,literal,,es,literal,"Organización de Estados Iberoamericanos para la Educación, la Ciencia y la Cultura",wd:Q750
43,uri,http://www.wikidata.org/entity/Q421023,en,literal,Organization of Ibero-American States,http://www.w3.org/2001/XMLSchema#dateTime,literal,1949-01-01T00:00:00Z,uri,http://www.wikidata.org/entity/Q414,literal,,literal,,literal,,literal,http://www.wikidata.org/entity/Q5740815,literal,,pt,literal,"Organização de Estados Ibero-Americanos para a Educação, a Ciência e a Cultura",wd:Q750
44,uri,http://www.wikidata.org/entity/Q81967299,en,literal,Ketal,http://www.w3.org/2001/XMLSchema#dateTime,literal,1987-01-01T00:00:00Z,uri,http://www.wikidata.org/entity/Q750,literal,,literal,,literal,,literal,http://www.wikidata.org/entity/Q1491,literal,,,,,wd:Q750
45,uri,http://www.wikidata.org/entity/Q81968937,en,literal,Farmacorp,http://www.w3.org/2001/XMLSchema#dateTime,literal,1938-01-01T00:00:00Z,uri,http://www.wikidata.org/entity/Q750,literal,,literal,,literal,,literal,http://www.wikidata.org/entity/Q170688,literal,,,,,wd:Q750
46,uri,http://www.wikidata.org/entity/Q421023,en,literal,Organization of Ibero-American States,http://www.w3.org/2001/XMLSchema#dateTime,literal,1949-01-01T00:00:00Z,uri,http://www.wikidata.org/entity/Q77,literal,,literal,,literal,,literal,http://www.wikidata.org/entity/Q5740815,literal,,es,literal,"Organización de Estados Iberoamericanos para la Educación, la Ciencia y la Cultura",wd:Q750
47,uri,http://www.wikidata.org/entity/Q421023,en,literal,Organization of Ibero-American States,http://www.w3.org/2001/XMLSchema#dateTime,literal,1949-01-01T00:00:00Z,uri,http://www.wikidata.org/entity/Q29,literal,,literal,,literal,,literal,http://www.wikidata.org/entity/Q5740815,literal,,pt,literal,"Organização de Estados Ibero-Americanos para a Educação, a Ciência e a Cultura",wd:Q750
48,uri,http://www.wikidata.org/entity/Q421023,en,literal,Organization of Ibero-American States,http://www.w3.org/2001/XMLSchema#dateTime,literal,1949-01-01T00:00:00Z,uri,http://www.wikidata.org/entity/Q419,literal,,literal,,literal,,literal,http://www.wikidata.org/entity/Q5740815,literal,,pt,literal,"Organização de Estados Ibero-Americanos para a Educação, a Ciência e a Cultura",wd:Q750
49,uri,http://www.wikidata.org/entity/Q421023,en,literal,Organization of Ibero-American States,http://www.w3.org/2001/XMLSchema#dateTime,literal,1949-01-01T00:00:00Z,uri,http://www.wikidata.org/entity/Q228,literal,,literal,,literal,,literal,http://www.wikidata.org/entity/Q5740815,literal,,es,literal,"Organización de Estados Iberoamericanos para la Educación, la Ciencia y la Cultura",wd:Q750
50,uri,http://www.wikidata.org/entity/Q421023,en,literal,Organization of Ibero-American States,http://www.w3.org/2001/XMLSchema#dateTime,literal,1949-01-01T00:00:00Z,uri,http://www.wikidata.org/entity/Q717,literal,,literal,,literal,,literal,http://www.wikidata.org/entity/Q5740815,literal,,pt,literal,"Organização de Estados Ibero-Americanos para a Educação, a Ciência e a Cultura",wd:Q750
51,uri,http://www.wikidata.org/entity/Q2826717,en,literal,Agencia Boliviana de Información,,,,uri,http://www.wikidata.org/entity/Q750,literal,,literal,,literal,,literal,http://www.wikidata.org/entity/Q1491,literal,,,,,wd:Q750
52,uri,http://www.wikidata.org/entity/Q421023,en,literal,Organization of Ibero-American States,http://www.w3.org/2001/XMLSchema#dateTime,literal,1949-01-01T00:00:00Z,uri,http://www.wikidata.org/entity/Q774,literal,,literal,,literal,,literal,http://www.wikidata.org/entity/Q5740815,literal,,es,literal,"Organización de Estados Iberoamericanos para la Educación, la Ciencia y la Cultura",wd:Q750
53,uri,http://www.wikidata.org/entity/Q421023,en,literal,Organization of Ibero-American States,http://www.w3.org/2001/XMLSchema#dateTime,literal,1949-01-01T00:00:00Z,uri,http://www.wikidata.org/entity/Q241,literal,,literal,,literal,,literal,http://www.wikidata.org/entity/Q5740815,literal,,es,literal,"Organización de Estados Iberoamericanos para la Educación, la Ciencia y la Cultura",wd:Q750
54,uri,http://www.wikidata.org/entity/Q421023,en,literal,Organization of Ibero-American States,http://www.w3.org/2001/XMLSchema#dateTime,literal,1949-01-01T00:00:00Z,uri,http://www.wikidata.org/entity/Q1183,literal,,literal,,literal,,literal,http://www.wikidata.org/entity/Q5740815,literal,,pt,literal,"Organização de Estados Ibero-Americanos para a Educação, a Ciência e a Cultura",wd:Q750
55,uri,http://www.wikidata.org/entity/Q81788241,en,literal,Banco Ganadero,http://www.w3.org/2001/XMLSchema#dateTime,literal,1994-03-31T00:00:00Z,uri,http://www.wikidata.org/entity/Q750,literal,http://www.wikidata.org/entity/Q837171,literal,,literal,,literal,,literal,,,,,wd:Q750
56,uri,http://www.wikidata.org/entity/Q421023,en,literal,Organization of Ibero-American States,http://www.w3.org/2001/XMLSchema#dateTime,literal,1949-01-01T00:00:00Z,uri,http://www.wikidata.org/entity/Q45,literal,,literal,,literal,,literal,http://www.wikidata.org/entity/Q5740815,literal,,pt,literal,"Organização de Estados Ibero-Americanos para a Educação, a Ciência e a Cultura",wd:Q750
57,uri,http://www.wikidata.org/entity/Q421023,en,literal,Organization of Ibero-American States,http://www.w3.org/2001/XMLSchema#dateTime,literal,1949-01-01T00:00:00Z,uri,http://www.wikidata.org/entity/Q783,literal,,literal,,literal,,literal,http://www.wikidata.org/entity/Q5740815,literal,,es,literal,"Organización de Estados Iberoamericanos para la Educación, la Ciencia y la Cultura",wd:Q750
58,uri,http://www.wikidata.org/entity/Q421023,en,literal,Organization of Ibero-American States,http://www.w3.org/2001/XMLSchema#dateTime,literal,1949-01-01T00:00:00Z,uri,http://www.wikidata.org/entity/Q733,literal,,literal,,literal,,literal,http://www.wikidata.org/entity/Q5740815,literal,,pt,literal,"Organização de Estados Ibero-Americanos para a Educação, a Ciência e a Cultura",wd:Q750
59,uri,http://www.wikidata.org/entity/Q421023,en,literal,Organization of Ibero-American States,http://www.w3.org/2001/XMLSchema#dateTime,literal,1949-01-01T00:00:00Z,uri,http://www.wikidata.org/entity/Q96,literal,,literal,,literal,,literal,http://www.wikidata.org/entity/Q5740815,literal,,es,literal,"Organización de Estados Iberoamericanos para la Educación, la Ciencia y la Cultura",wd:Q750
60,uri,http://www.wikidata.org/entity/Q421023,en,literal,Organization of Ibero-American States,http://www.w3.org/2001/XMLSchema#dateTime,literal,1949-01-01T00:00:00Z,uri,http://www.wikidata.org/entity/Q786,literal,,literal,,literal,,literal,http://www.wikidata.org/entity/Q5740815,literal,,es,literal,"Organización de Estados Iberoamericanos para la Educación, la Ciencia y la Cultura",wd:Q750
61,uri,http://www.wikidata.org/entity/Q1324064,en,literal,El Diario,http://www.w3.org/2001/XMLSchema#dateTime,literal,1904-04-05T00:00:00Z,uri,http://www.wikidata.org/entity/Q750,literal,,literal,,literal,,literal,http://www.wikidata.org/entity/Q1491,literal,,,,,wd:Q750
62,uri,http://www.wikidata.org/entity/Q421023,en,literal,Organization of Ibero-American States,http://www.w3.org/2001/XMLSchema#dateTime,literal,1949-01-01T00:00:00Z,uri,http://www.wikidata.org/entity/Q739,literal,,literal,,literal,,literal,http://www.wikidata.org/entity/Q5740815,literal,,pt,literal,"Organização de Estados Ibero-Americanos para a Educação, a Ciência e a Cultura",wd:Q750
63,uri,http://www.wikidata.org/entity/Q421023,en,literal,Organization of Ibero-American States,http://www.w3.org/2001/XMLSchema#dateTime,literal,1949-01-01T00:00:00Z,uri,http://www.wikidata.org/entity/Q736,literal,,literal,,literal,,literal,http://www.wikidata.org/entity/Q5740815,literal,,pt,literal,"Organização de Estados Ibero-Americanos para a Educação, a Ciência e a Cultura",wd:Q750
64,uri,http://www.wikidata.org/entity/Q421023,en,literal,Organization of Ibero-American States,http://www.w3.org/2001/XMLSchema#dateTime,literal,1949-01-01T00:00:00Z,uri,http://www.wikidata.org/entity/Q792,literal,,literal,,literal,,literal,http://www.wikidata.org/entity/Q5740815,literal,,es,literal,"Organización de Estados Iberoamericanos para la Educación, la Ciencia y la Cultura",wd:Q750
65,uri,http://www.wikidata.org/entity/Q421023,en,literal,Organization of Ibero-American States,http://www.w3.org/2001/XMLSchema#dateTime,literal,1949-01-01T00:00:00Z,uri,http://www.wikidata.org/entity/Q298,literal,,literal,,literal,,literal,http://www.wikidata.org/entity/Q5740815,literal,,pt,literal,"Organização de Estados Ibero-Americanos para a Educação, a Ciência e a Cultura",wd:Q750
66,uri,http://www.wikidata.org/entity/Q421023,en,literal,Organization of Ibero-American States,http://www.w3.org/2001/XMLSchema#dateTime,literal,1949-01-01T00:00:00Z,uri,http://www.wikidata.org/entity/Q750,literal,,literal,,literal,,literal,http://www.wikidata.org/entity/Q5740815,literal,,pt,literal,"Organização de Estados Ibero-Americanos para a Educação, a Ciência e a Cultura",wd:Q750
67,uri,http://www.wikidata.org/entity/Q21044226,en,literal,National Bank of Bolivia,http://www.w3.org/2001/XMLSchema#dateTime,literal,1871-01-01T00:00:00Z,uri,http://www.wikidata.org/entity/Q750,literal,"http://www.wikidata.org/entity/Q1416657, http://www.wikidata.org/entity/Q837171, http://www.wikidata.org/entity/Q806718",literal,,literal,,literal,http://www.wikidata.org/entity/Q2907,literal,,,,,wd:Q750
68,uri,http://www.wikidata.org/entity/Q421023,en,literal,Organization of Ibero-American States,http://www.w3.org/2001/XMLSchema#dateTime,literal,1949-01-01T00:00:00Z,uri,http://www.wikidata.org/entity/Q800,literal,,literal,,literal,,literal,http://www.wikidata.org/entity/Q5740815,literal,,es,literal,"Organización de Estados Iberoamericanos para la Educación, la Ciencia y la Cultura",wd:Q750
69,uri,http://www.wikidata.org/entity/Q421023,en,literal,Organization of Ibero-American States,http://www.w3.org/2001/XMLSchema#dateTime,literal,1949-01-01T00:00:00Z,uri,http://www.wikidata.org/entity/Q804,literal,,literal,,literal,,literal,http://www.wikidata.org/entity/Q5740815,literal,,es,literal,"Organización de Estados Iberoamericanos para la Educación, la Ciencia y la Cultura",wd:Q750
70,uri,http://www.wikidata.org/entity/Q104836063,en,literal,Centro Acuático Porvenir,,,,uri,http://www.wikidata.org/entity/Q750,literal,,literal,,literal,,literal,,literal,,,,,wd:Q750
71,uri,http://www.wikidata.org/entity/Q421023,en,literal,Organization of Ibero-American States,http://www.w3.org/2001/XMLSchema#dateTime,literal,1949-01-01T00:00:00Z,uri,http://www.wikidata.org/entity/Q811,literal,,literal,,literal,,literal,http://www.wikidata.org/entity/Q5740815,literal,,es,literal,"Organización de Estados Iberoamericanos para la Educación, la Ciencia y la Cultura",wd:Q750
72,uri,http://www.wikidata.org/entity/Q81964197,en,literal,Manaco,,,,uri,http://www.wikidata.org/entity/Q750,literal,,literal,,literal,,literal,,literal,,,,,wd:Q750
73,uri,http://www.wikidata.org/entity/Q4090805,en,literal,Agencia Boliviana Espacial,http://www.w3.org/2001/XMLSchema#dateTime,literal,2010-02-10T00:00:00Z,uri,http://www.wikidata.org/entity/Q750,literal,,literal,,literal,http://www.wikidata.org/entity/Q56224000,literal,http://www.wikidata.org/entity/Q1491,literal,,,,,wd:Q750
74,uri,http://www.wikidata.org/entity/Q421023,en,literal,Organization of Ibero-American States,http://www.w3.org/2001/XMLSchema#dateTime,literal,1949-01-01T00:00:00Z,uri,http://www.wikidata.org/entity/Q77,literal,,literal,,literal,,literal,http://www.wikidata.org/entity/Q5740815,literal,,pt,literal,"Organização de Estados Ibero-Americanos para a Educação, a Ciência e a Cultura",wd:Q750
75,uri,http://www.wikidata.org/entity/Q421023,en,literal,Organization of Ibero-American States,http://www.w3.org/2001/XMLSchema#dateTime,literal,1949-01-01T00:00:00Z,uri,http://www.wikidata.org/entity/Q228,literal,,literal,,literal,,literal,http://www.wikidata.org/entity/Q5740815,literal,,pt,literal,"Organização de Estados Ibero-Americanos para a Educação, a Ciência e a Cultura",wd:Q750
76,uri,http://www.wikidata.org/entity/Q4854087,en,literal,Economic Bank,http://www.w3.org/2001/XMLSchema#dateTime,literal,1991-02-07T00:00:00Z,uri,http://www.wikidata.org/entity/Q750,literal,"http://www.wikidata.org/entity/Q837171, http://www.wikidata.org/entity/Q806718",literal,,literal,,literal,http://www.wikidata.org/entity/Q170688,literal,,,,,wd:Q750
77,uri,http://www.wikidata.org/entity/Q81970584,en,literal,Pharmacies Bolivia,http://www.w3.org/2001/XMLSchema#dateTime,literal,1999-06-07T00:00:00Z,uri,http://www.wikidata.org/entity/Q750,literal,,literal,,literal,,literal,http://www.wikidata.org/entity/Q1491,literal,,,,,wd:Q750
78,uri,http://www.wikidata.org/entity/Q421023,en,literal,Organization of Ibero-American States,http://www.w3.org/2001/XMLSchema#dateTime,literal,1949-01-01T00:00:00Z,uri,http://www.wikidata.org/entity/Q774,literal,,literal,,literal,,literal,http://www.wikidata.org/entity/Q5740815,literal,,pt,literal,"Organização de Estados Ibero-Americanos para a Educação, a Ciência e a Cultura",wd:Q750
79,uri,http://www.wikidata.org/entity/Q107807053,en,literal,Sociedad Boliviana de Autores y Compositores de Música,,,,uri,http://www.wikidata.org/entity/Q750,literal,,literal,,literal,,literal,,literal,,,,,wd:Q750
