,business.type,business.value,businessLabel.xml:lang,businessLabel.type,businessLabel.value,country.type,country.value,industries.type,industries.value,ceos.type,ceos.value,chairs.type,chairs.value,hqs.type,hqs.value,groups.type,groups.value,origindate.datatype,origindate.type,origindate.value,country
0,uri,http://www.wikidata.org/entity/Q190585,en,literal,Island Records,uri,http://www.wikidata.org/entity/Q766,literal,,literal,,literal,,literal,http://www.wikidata.org/entity/Q84,literal,,http://www.w3.org/2001/XMLSchema#dateTime,literal,1959-07-04T00:00:00Z,wd:Q766
1,uri,http://www.wikidata.org/entity/Q3374585,en,literal,Bank of Jamaica,uri,http://www.wikidata.org/entity/Q766,literal,,literal,,literal,http://www.wikidata.org/entity/Q4965702,literal,http://www.wikidata.org/entity/Q34692,literal,,http://www.w3.org/2001/XMLSchema#dateTime,literal,1961-05-01T00:00:00Z,wd:Q766
2,uri,http://www.wikidata.org/entity/Q5463174,en,literal,Fly Jamaica Airways,uri,http://www.wikidata.org/entity/Q766,literal,,literal,,literal,,literal,http://www.wikidata.org/entity/Q34692,literal,,http://www.w3.org/2001/XMLSchema#dateTime,literal,2012-01-01T00:00:00Z,wd:Q766
3,uri,http://www.wikidata.org/entity/Q104606360,en,literal,Downsound Records,uri,http://www.wikidata.org/entity/Q766,literal,,literal,http://www.wikidata.org/entity/Q104606240,literal,,literal,http://www.wikidata.org/entity/Q34692,literal,,,,,wd:Q766
4,uri,http://www.wikidata.org/entity/Q26162515,en,literal,The Gleaner,uri,http://www.wikidata.org/entity/Q766,literal,,literal,,literal,,literal,http://www.wikidata.org/entity/Q34692,literal,,http://www.w3.org/2001/XMLSchema#dateTime,literal,1834-01-01T00:00:00Z,wd:Q766
5,uri,http://www.wikidata.org/entity/Q5567383,en,literal,Gleaner Company,uri,http://www.wikidata.org/entity/Q766,literal,,literal,,literal,,literal,http://www.wikidata.org/entity/Q34692,literal,,http://www.w3.org/2001/XMLSchema#dateTime,literal,1834-01-01T00:00:00Z,wd:Q766
6,uri,http://www.wikidata.org/entity/Q65767071,en,literal,Yardie Muzik,uri,http://www.wikidata.org/entity/Q766,literal,,literal,,literal,,literal,http://www.wikidata.org/entity/Q644663,literal,,http://www.w3.org/2001/XMLSchema#dateTime,literal,2010-01-01T00:00:00Z,wd:Q766
