,business.type,business.value,businessLabel.xml:lang,businessLabel.type,businessLabel.value,officialname.xml:lang,officialname.type,officialname.value,origindate.datatype,origindate.type,origindate.value,country.type,country.value,industries.type,industries.value,ceos.type,ceos.value,chairs.type,chairs.value,hqs.type,hqs.value,groups.type,groups.value,country
0,uri,http://www.wikidata.org/entity/Q421023,en,literal,Organization of Ibero-American States,pt,literal,"Organização de Estados Ibero-Americanos para a Educação, a Ciência e a Cultura",http://www.w3.org/2001/XMLSchema#dateTime,literal,1949-01-01T00:00:00Z,uri,http://www.wikidata.org/entity/Q241,literal,,literal,,literal,,literal,http://www.wikidata.org/entity/Q5740815,literal,,wd:Q77
1,uri,http://www.wikidata.org/entity/Q421023,en,literal,Organization of Ibero-American States,pt,literal,"Organização de Estados Ibero-Americanos para a Educação, a Ciência e a Cultura",http://www.w3.org/2001/XMLSchema#dateTime,literal,1949-01-01T00:00:00Z,uri,http://www.wikidata.org/entity/Q783,literal,,literal,,literal,,literal,http://www.wikidata.org/entity/Q5740815,literal,,wd:Q77
2,uri,http://www.wikidata.org/entity/Q421023,en,literal,Organization of Ibero-American States,es,literal,"Organización de Estados Iberoamericanos para la Educación, la Ciencia y la Cultura",http://www.w3.org/2001/XMLSchema#dateTime,literal,1949-01-01T00:00:00Z,uri,http://www.wikidata.org/entity/Q983,literal,,literal,,literal,,literal,http://www.wikidata.org/entity/Q5740815,literal,,wd:Q77
3,uri,http://www.wikidata.org/entity/Q421023,en,literal,Organization of Ibero-American States,pt,literal,"Organização de Estados Ibero-Americanos para a Educação, a Ciência e a Cultura",http://www.w3.org/2001/XMLSchema#dateTime,literal,1949-01-01T00:00:00Z,uri,http://www.wikidata.org/entity/Q96,literal,,literal,,literal,,literal,http://www.wikidata.org/entity/Q5740815,literal,,wd:Q77
4,uri,http://www.wikidata.org/entity/Q421023,en,literal,Organization of Ibero-American States,pt,literal,"Organização de Estados Ibero-Americanos para a Educação, a Ciência e a Cultura",http://www.w3.org/2001/XMLSchema#dateTime,literal,1949-01-01T00:00:00Z,uri,http://www.wikidata.org/entity/Q786,literal,,literal,,literal,,literal,http://www.wikidata.org/entity/Q5740815,literal,,wd:Q77
5,uri,http://www.wikidata.org/entity/Q62131749,en,literal,Axion,,,,,,,uri,http://www.wikidata.org/entity/Q414,literal,,literal,,literal,,literal,,literal,,wd:Q77
6,uri,http://www.wikidata.org/entity/Q421023,en,literal,Organization of Ibero-American States,es,literal,"Organización de Estados Iberoamericanos para la Educación, la Ciencia y la Cultura",http://www.w3.org/2001/XMLSchema#dateTime,literal,1949-01-01T00:00:00Z,uri,http://www.wikidata.org/entity/Q155,literal,,literal,,literal,,literal,http://www.wikidata.org/entity/Q5740815,literal,,wd:Q77
7,uri,http://www.wikidata.org/entity/Q892935,en,literal,El Observador,,,,http://www.w3.org/2001/XMLSchema#dateTime,literal,1991-10-22T00:00:00Z,uri,http://www.wikidata.org/entity/Q77,literal,,literal,,literal,,literal,http://www.wikidata.org/entity/Q1335,literal,,wd:Q77
8,uri,http://www.wikidata.org/entity/Q421023,en,literal,Organization of Ibero-American States,pt,literal,"Organização de Estados Ibero-Americanos para a Educação, a Ciência e a Cultura",http://www.w3.org/2001/XMLSchema#dateTime,literal,1949-01-01T00:00:00Z,uri,http://www.wikidata.org/entity/Q792,literal,,literal,,literal,,literal,http://www.wikidata.org/entity/Q5740815,literal,,wd:Q77
9,uri,http://www.wikidata.org/entity/Q421023,en,literal,Organization of Ibero-American States,pt,literal,"Organização de Estados Ibero-Americanos para a Educação, a Ciência e a Cultura",http://www.w3.org/2001/XMLSchema#dateTime,literal,1949-01-01T00:00:00Z,uri,http://www.wikidata.org/entity/Q800,literal,,literal,,literal,,literal,http://www.wikidata.org/entity/Q5740815,literal,,wd:Q77
10,uri,http://www.wikidata.org/entity/Q105953576,en,literal,Batovi Games Studio,,,,http://www.w3.org/2001/XMLSchema#dateTime,literal,2005-01-01T00:00:00Z,uri,http://www.wikidata.org/entity/Q77,literal,http://www.wikidata.org/entity/Q941594,literal,,literal,,literal,http://www.wikidata.org/entity/Q1335,literal,,wd:Q77
11,uri,http://www.wikidata.org/entity/Q421023,en,literal,Organization of Ibero-American States,pt,literal,"Organização de Estados Ibero-Americanos para a Educação, a Ciência e a Cultura",http://www.w3.org/2001/XMLSchema#dateTime,literal,1949-01-01T00:00:00Z,uri,http://www.wikidata.org/entity/Q804,literal,,literal,,literal,,literal,http://www.wikidata.org/entity/Q5740815,literal,,wd:Q77
12,uri,http://www.wikidata.org/entity/Q421023,en,literal,Organization of Ibero-American States,pt,literal,"Organização de Estados Ibero-Americanos para a Educação, a Ciência e a Cultura",http://www.w3.org/2001/XMLSchema#dateTime,literal,1949-01-01T00:00:00Z,uri,http://www.wikidata.org/entity/Q811,literal,,literal,,literal,,literal,http://www.wikidata.org/entity/Q5740815,literal,,wd:Q77
13,uri,http://www.wikidata.org/entity/Q421023,en,literal,Organization of Ibero-American States,es,literal,"Organización de Estados Iberoamericanos para la Educación, la Ciencia y la Cultura",http://www.w3.org/2001/XMLSchema#dateTime,literal,1949-01-01T00:00:00Z,uri,http://www.wikidata.org/entity/Q414,literal,,literal,,literal,,literal,http://www.wikidata.org/entity/Q5740815,literal,,wd:Q77
14,uri,http://www.wikidata.org/entity/Q61611408,,literal,Q61611408,,,,http://www.w3.org/2001/XMLSchema#dateTime,literal,2007-01-01T00:00:00Z,uri,http://www.wikidata.org/entity/Q77,literal,,literal,,literal,,literal,,literal,,wd:Q77
15,uri,http://www.wikidata.org/entity/Q421023,en,literal,Organization of Ibero-American States,es,literal,"Organización de Estados Iberoamericanos para la Educación, la Ciencia y la Cultura",http://www.w3.org/2001/XMLSchema#dateTime,literal,1949-01-01T00:00:00Z,uri,http://www.wikidata.org/entity/Q29,literal,,literal,,literal,,literal,http://www.wikidata.org/entity/Q5740815,literal,,wd:Q77
16,uri,http://www.wikidata.org/entity/Q421023,en,literal,Organization of Ibero-American States,es,literal,"Organización de Estados Iberoamericanos para la Educación, la Ciencia y la Cultura",http://www.w3.org/2001/XMLSchema#dateTime,literal,1949-01-01T00:00:00Z,uri,http://www.wikidata.org/entity/Q419,literal,,literal,,literal,,literal,http://www.wikidata.org/entity/Q5740815,literal,,wd:Q77
17,uri,http://www.wikidata.org/entity/Q7553274,en,literal,Sodimac,,,,http://www.w3.org/2001/XMLSchema#dateTime,literal,1952-01-01T00:00:00Z,uri,http://www.wikidata.org/entity/Q155,literal,http://www.wikidata.org/entity/Q26643,literal,,literal,,literal,http://www.wikidata.org/entity/Q2887,literal,,wd:Q77
18,uri,http://www.wikidata.org/entity/Q56377600,en,literal,Súper Liga Americana de Rugby,,,,http://www.w3.org/2001/XMLSchema#dateTime,literal,2020-01-01T00:00:00Z,uri,http://www.wikidata.org/entity/Q155,literal,,literal,,literal,,literal,,literal,,wd:Q77
19,uri,http://www.wikidata.org/entity/Q421023,en,literal,Organization of Ibero-American States,es,literal,"Organización de Estados Iberoamericanos para la Educación, la Ciencia y la Cultura",http://www.w3.org/2001/XMLSchema#dateTime,literal,1949-01-01T00:00:00Z,uri,http://www.wikidata.org/entity/Q717,literal,,literal,,literal,,literal,http://www.wikidata.org/entity/Q5740815,literal,,wd:Q77
20,uri,http://www.wikidata.org/entity/Q61016650,,literal,Q61016650,,,,http://www.w3.org/2001/XMLSchema#dateTime,literal,2016-01-01T00:00:00Z,uri,http://www.wikidata.org/entity/Q77,literal,,literal,,literal,,literal,,literal,,wd:Q77
21,uri,http://www.wikidata.org/entity/Q421023,en,literal,Organization of Ibero-American States,pt,literal,"Organização de Estados Ibero-Americanos para a Educação, a Ciência e a Cultura",http://www.w3.org/2001/XMLSchema#dateTime,literal,1949-01-01T00:00:00Z,uri,http://www.wikidata.org/entity/Q983,literal,,literal,,literal,,literal,http://www.wikidata.org/entity/Q5740815,literal,,wd:Q77
22,uri,http://www.wikidata.org/entity/Q421023,en,literal,Organization of Ibero-American States,es,literal,"Organización de Estados Iberoamericanos para la Educación, la Ciencia y la Cultura",http://www.w3.org/2001/XMLSchema#dateTime,literal,1949-01-01T00:00:00Z,uri,http://www.wikidata.org/entity/Q1183,literal,,literal,,literal,,literal,http://www.wikidata.org/entity/Q5740815,literal,,wd:Q77
23,uri,http://www.wikidata.org/entity/Q421023,en,literal,Organization of Ibero-American States,es,literal,"Organización de Estados Iberoamericanos para la Educación, la Ciencia y la Cultura",http://www.w3.org/2001/XMLSchema#dateTime,literal,1949-01-01T00:00:00Z,uri,http://www.wikidata.org/entity/Q45,literal,,literal,,literal,,literal,http://www.wikidata.org/entity/Q5740815,literal,,wd:Q77
24,uri,http://www.wikidata.org/entity/Q421023,en,literal,Organization of Ibero-American States,es,literal,"Organización de Estados Iberoamericanos para la Educación, la Ciencia y la Cultura",http://www.w3.org/2001/XMLSchema#dateTime,literal,1949-01-01T00:00:00Z,uri,http://www.wikidata.org/entity/Q733,literal,,literal,,literal,,literal,http://www.wikidata.org/entity/Q5740815,literal,,wd:Q77
25,uri,http://www.wikidata.org/entity/Q421023,en,literal,Organization of Ibero-American States,pt,literal,"Organização de Estados Ibero-Americanos para a Educação, a Ciência e a Cultura",http://www.w3.org/2001/XMLSchema#dateTime,literal,1949-01-01T00:00:00Z,uri,http://www.wikidata.org/entity/Q155,literal,,literal,,literal,,literal,http://www.wikidata.org/entity/Q5740815,literal,,wd:Q77
26,uri,http://www.wikidata.org/entity/Q421023,en,literal,Organization of Ibero-American States,es,literal,"Organización de Estados Iberoamericanos para la Educación, la Ciencia y la Cultura",http://www.w3.org/2001/XMLSchema#dateTime,literal,1949-01-01T00:00:00Z,uri,http://www.wikidata.org/entity/Q739,literal,,literal,,literal,,literal,http://www.wikidata.org/entity/Q5740815,literal,,wd:Q77
27,uri,http://www.wikidata.org/entity/Q62131749,en,literal,Axion,,,,,,,uri,http://www.wikidata.org/entity/Q77,literal,,literal,,literal,,literal,,literal,,wd:Q77
28,uri,http://www.wikidata.org/entity/Q421023,en,literal,Organization of Ibero-American States,es,literal,"Organización de Estados Iberoamericanos para la Educación, la Ciencia y la Cultura",http://www.w3.org/2001/XMLSchema#dateTime,literal,1949-01-01T00:00:00Z,uri,http://www.wikidata.org/entity/Q736,literal,,literal,,literal,,literal,http://www.wikidata.org/entity/Q5740815,literal,,wd:Q77
29,uri,http://www.wikidata.org/entity/Q16011797,en,literal,Ironhide Game Studio,,,,http://www.w3.org/2001/XMLSchema#dateTime,literal,2010-01-26T00:00:00Z,uri,http://www.wikidata.org/entity/Q77,literal,http://www.wikidata.org/entity/Q941594,literal,,literal,,literal,http://www.wikidata.org/entity/Q1335,literal,,wd:Q77
30,uri,http://www.wikidata.org/entity/Q7553274,en,literal,Sodimac,,,,http://www.w3.org/2001/XMLSchema#dateTime,literal,1952-01-01T00:00:00Z,uri,http://www.wikidata.org/entity/Q414,literal,http://www.wikidata.org/entity/Q26643,literal,,literal,,literal,http://www.wikidata.org/entity/Q2887,literal,,wd:Q77
31,uri,http://www.wikidata.org/entity/Q56377600,en,literal,Súper Liga Americana de Rugby,,,,http://www.w3.org/2001/XMLSchema#dateTime,literal,2020-01-01T00:00:00Z,uri,http://www.wikidata.org/entity/Q414,literal,,literal,,literal,,literal,,literal,,wd:Q77
32,uri,http://www.wikidata.org/entity/Q421023,en,literal,Organization of Ibero-American States,es,literal,"Organización de Estados Iberoamericanos para la Educación, la Ciencia y la Cultura",http://www.w3.org/2001/XMLSchema#dateTime,literal,1949-01-01T00:00:00Z,uri,http://www.wikidata.org/entity/Q298,literal,,literal,,literal,,literal,http://www.wikidata.org/entity/Q5740815,literal,,wd:Q77
33,uri,http://www.wikidata.org/entity/Q7553274,en,literal,Sodimac,,,,http://www.w3.org/2001/XMLSchema#dateTime,literal,1952-01-01T00:00:00Z,uri,http://www.wikidata.org/entity/Q419,literal,http://www.wikidata.org/entity/Q26643,literal,,literal,,literal,http://www.wikidata.org/entity/Q2887,literal,,wd:Q77
34,uri,http://www.wikidata.org/entity/Q421023,en,literal,Organization of Ibero-American States,es,literal,"Organización de Estados Iberoamericanos para la Educación, la Ciencia y la Cultura",http://www.w3.org/2001/XMLSchema#dateTime,literal,1949-01-01T00:00:00Z,uri,http://www.wikidata.org/entity/Q750,literal,,literal,,literal,,literal,http://www.wikidata.org/entity/Q5740815,literal,,wd:Q77
35,uri,http://www.wikidata.org/entity/Q5729415,en,literal,Bizarro Records,en,literal,Bizarro Records,http://www.w3.org/2001/XMLSchema#dateTime,literal,2000-01-01T00:00:00Z,uri,http://www.wikidata.org/entity/Q77,literal,,literal,,literal,,literal,http://www.wikidata.org/entity/Q1335,literal,,wd:Q77
36,uri,http://www.wikidata.org/entity/Q111543718,,literal,Q111543718,,,,http://www.w3.org/2001/XMLSchema#dateTime,literal,1990-01-01T00:00:00Z,uri,http://www.wikidata.org/entity/Q77,literal,,literal,,literal,,literal,,literal,,wd:Q77
37,uri,http://www.wikidata.org/entity/Q421023,en,literal,Organization of Ibero-American States,pt,literal,"Organização de Estados Ibero-Americanos para a Educação, a Ciência e a Cultura",http://www.w3.org/2001/XMLSchema#dateTime,literal,1949-01-01T00:00:00Z,uri,http://www.wikidata.org/entity/Q414,literal,,literal,,literal,,literal,http://www.wikidata.org/entity/Q5740815,literal,,wd:Q77
38,uri,http://www.wikidata.org/entity/Q421023,en,literal,Organization of Ibero-American States,es,literal,"Organización de Estados Iberoamericanos para la Educación, la Ciencia y la Cultura",http://www.w3.org/2001/XMLSchema#dateTime,literal,1949-01-01T00:00:00Z,uri,http://www.wikidata.org/entity/Q77,literal,,literal,,literal,,literal,http://www.wikidata.org/entity/Q5740815,literal,,wd:Q77
39,uri,http://www.wikidata.org/entity/Q421023,en,literal,Organization of Ibero-American States,pt,literal,"Organização de Estados Ibero-Americanos para a Educação, a Ciência e a Cultura",http://www.w3.org/2001/XMLSchema#dateTime,literal,1949-01-01T00:00:00Z,uri,http://www.wikidata.org/entity/Q29,literal,,literal,,literal,,literal,http://www.wikidata.org/entity/Q5740815,literal,,wd:Q77
40,uri,http://www.wikidata.org/entity/Q56377600,en,literal,Súper Liga Americana de Rugby,,,,http://www.w3.org/2001/XMLSchema#dateTime,literal,2020-01-01T00:00:00Z,uri,http://www.wikidata.org/entity/Q733,literal,,literal,,literal,,literal,,literal,,wd:Q77
41,uri,http://www.wikidata.org/entity/Q421023,en,literal,Organization of Ibero-American States,pt,literal,"Organização de Estados Ibero-Americanos para a Educação, a Ciência e a Cultura",http://www.w3.org/2001/XMLSchema#dateTime,literal,1949-01-01T00:00:00Z,uri,http://www.wikidata.org/entity/Q419,literal,,literal,,literal,,literal,http://www.wikidata.org/entity/Q5740815,literal,,wd:Q77
42,uri,http://www.wikidata.org/entity/Q421023,en,literal,Organization of Ibero-American States,es,literal,"Organización de Estados Iberoamericanos para la Educación, la Ciencia y la Cultura",http://www.w3.org/2001/XMLSchema#dateTime,literal,1949-01-01T00:00:00Z,uri,http://www.wikidata.org/entity/Q228,literal,,literal,,literal,,literal,http://www.wikidata.org/entity/Q5740815,literal,,wd:Q77
43,uri,http://www.wikidata.org/entity/Q56377600,en,literal,Súper Liga Americana de Rugby,,,,http://www.w3.org/2001/XMLSchema#dateTime,literal,2020-01-01T00:00:00Z,uri,http://www.wikidata.org/entity/Q739,literal,,literal,,literal,,literal,,literal,,wd:Q77
44,uri,http://www.wikidata.org/entity/Q421023,en,literal,Organization of Ibero-American States,pt,literal,"Organização de Estados Ibero-Americanos para a Educação, a Ciência e a Cultura",http://www.w3.org/2001/XMLSchema#dateTime,literal,1949-01-01T00:00:00Z,uri,http://www.wikidata.org/entity/Q717,literal,,literal,,literal,,literal,http://www.wikidata.org/entity/Q5740815,literal,,wd:Q77
45,uri,http://www.wikidata.org/entity/Q421023,en,literal,Organization of Ibero-American States,es,literal,"Organización de Estados Iberoamericanos para la Educación, la Ciencia y la Cultura",http://www.w3.org/2001/XMLSchema#dateTime,literal,1949-01-01T00:00:00Z,uri,http://www.wikidata.org/entity/Q774,literal,,literal,,literal,,literal,http://www.wikidata.org/entity/Q5740815,literal,,wd:Q77
46,uri,http://www.wikidata.org/entity/Q7553274,en,literal,Sodimac,,,,http://www.w3.org/2001/XMLSchema#dateTime,literal,1952-01-01T00:00:00Z,uri,http://www.wikidata.org/entity/Q298,literal,http://www.wikidata.org/entity/Q26643,literal,,literal,,literal,http://www.wikidata.org/entity/Q2887,literal,,wd:Q77
47,uri,http://www.wikidata.org/entity/Q56377600,en,literal,Súper Liga Americana de Rugby,,,,http://www.w3.org/2001/XMLSchema#dateTime,literal,2020-01-01T00:00:00Z,uri,http://www.wikidata.org/entity/Q298,literal,,literal,,literal,,literal,,literal,,wd:Q77
48,uri,http://www.wikidata.org/entity/Q16636819,en,literal,Supermercados Disco del Uruguay,,,,http://www.w3.org/2001/XMLSchema#dateTime,literal,1960-01-01T00:00:00Z,uri,http://www.wikidata.org/entity/Q77,literal,,literal,,literal,,literal,,literal,,wd:Q77
49,uri,http://www.wikidata.org/entity/Q421023,en,literal,Organization of Ibero-American States,es,literal,"Organización de Estados Iberoamericanos para la Educación, la Ciencia y la Cultura",http://www.w3.org/2001/XMLSchema#dateTime,literal,1949-01-01T00:00:00Z,uri,http://www.wikidata.org/entity/Q241,literal,,literal,,literal,,literal,http://www.wikidata.org/entity/Q5740815,literal,,wd:Q77
50,uri,http://www.wikidata.org/entity/Q421023,en,literal,Organization of Ibero-American States,pt,literal,"Organização de Estados Ibero-Americanos para a Educação, a Ciência e a Cultura",http://www.w3.org/2001/XMLSchema#dateTime,literal,1949-01-01T00:00:00Z,uri,http://www.wikidata.org/entity/Q1183,literal,,literal,,literal,,literal,http://www.wikidata.org/entity/Q5740815,literal,,wd:Q77
51,uri,http://www.wikidata.org/entity/Q16488129,en,literal,Abitab,,,,http://www.w3.org/2001/XMLSchema#dateTime,literal,1993-01-01T00:00:00Z,uri,http://www.wikidata.org/entity/Q77,literal,,literal,,literal,,literal,http://www.wikidata.org/entity/Q1335,literal,,wd:Q77
52,uri,http://www.wikidata.org/entity/Q421023,en,literal,Organization of Ibero-American States,pt,literal,"Organização de Estados Ibero-Americanos para a Educação, a Ciência e a Cultura",http://www.w3.org/2001/XMLSchema#dateTime,literal,1949-01-01T00:00:00Z,uri,http://www.wikidata.org/entity/Q45,literal,,literal,,literal,,literal,http://www.wikidata.org/entity/Q5740815,literal,,wd:Q77
53,uri,http://www.wikidata.org/entity/Q421023,en,literal,Organization of Ibero-American States,es,literal,"Organización de Estados Iberoamericanos para la Educación, la Ciencia y la Cultura",http://www.w3.org/2001/XMLSchema#dateTime,literal,1949-01-01T00:00:00Z,uri,http://www.wikidata.org/entity/Q783,literal,,literal,,literal,,literal,http://www.wikidata.org/entity/Q5740815,literal,,wd:Q77
54,uri,http://www.wikidata.org/entity/Q4077337,en,literal,Bank of the Oriental Republic of Uruguay,,,,http://www.w3.org/2001/XMLSchema#dateTime,literal,1896-01-01T00:00:00Z,uri,http://www.wikidata.org/entity/Q77,literal,http://www.wikidata.org/entity/Q22687,literal,,literal,,literal,http://www.wikidata.org/entity/Q1335,literal,,wd:Q77
55,uri,http://www.wikidata.org/entity/Q421023,en,literal,Organization of Ibero-American States,pt,literal,"Organização de Estados Ibero-Americanos para a Educação, a Ciência e a Cultura",http://www.w3.org/2001/XMLSchema#dateTime,literal,1949-01-01T00:00:00Z,uri,http://www.wikidata.org/entity/Q733,literal,,literal,,literal,,literal,http://www.wikidata.org/entity/Q5740815,literal,,wd:Q77
56,uri,http://www.wikidata.org/entity/Q421023,en,literal,Organization of Ibero-American States,es,literal,"Organización de Estados Iberoamericanos para la Educación, la Ciencia y la Cultura",http://www.w3.org/2001/XMLSchema#dateTime,literal,1949-01-01T00:00:00Z,uri,http://www.wikidata.org/entity/Q96,literal,,literal,,literal,,literal,http://www.wikidata.org/entity/Q5740815,literal,,wd:Q77
57,uri,http://www.wikidata.org/entity/Q421023,en,literal,Organization of Ibero-American States,es,literal,"Organización de Estados Iberoamericanos para la Educación, la Ciencia y la Cultura",http://www.w3.org/2001/XMLSchema#dateTime,literal,1949-01-01T00:00:00Z,uri,http://www.wikidata.org/entity/Q786,literal,,literal,,literal,,literal,http://www.wikidata.org/entity/Q5740815,literal,,wd:Q77
58,uri,http://www.wikidata.org/entity/Q421023,en,literal,Organization of Ibero-American States,pt,literal,"Organização de Estados Ibero-Americanos para a Educação, a Ciência e a Cultura",http://www.w3.org/2001/XMLSchema#dateTime,literal,1949-01-01T00:00:00Z,uri,http://www.wikidata.org/entity/Q739,literal,,literal,,literal,,literal,http://www.wikidata.org/entity/Q5740815,literal,,wd:Q77
59,uri,http://www.wikidata.org/entity/Q421023,en,literal,Organization of Ibero-American States,pt,literal,"Organização de Estados Ibero-Americanos para a Educação, a Ciência e a Cultura",http://www.w3.org/2001/XMLSchema#dateTime,literal,1949-01-01T00:00:00Z,uri,http://www.wikidata.org/entity/Q736,literal,,literal,,literal,,literal,http://www.wikidata.org/entity/Q5740815,literal,,wd:Q77
60,uri,http://www.wikidata.org/entity/Q3772943,en,literal,Universidad ORT Uruguay,,,,http://www.w3.org/2001/XMLSchema#dateTime,literal,1942-01-01T00:00:00Z,uri,http://www.wikidata.org/entity/Q77,literal,,literal,,literal,,literal,,literal,http://www.wikidata.org/entity/Q673676,wd:Q77
61,uri,http://www.wikidata.org/entity/Q421023,en,literal,Organization of Ibero-American States,es,literal,"Organización de Estados Iberoamericanos para la Educación, la Ciencia y la Cultura",http://www.w3.org/2001/XMLSchema#dateTime,literal,1949-01-01T00:00:00Z,uri,http://www.wikidata.org/entity/Q792,literal,,literal,,literal,,literal,http://www.wikidata.org/entity/Q5740815,literal,,wd:Q77
62,uri,http://www.wikidata.org/entity/Q421023,en,literal,Organization of Ibero-American States,pt,literal,"Organização de Estados Ibero-Americanos para a Educação, a Ciência e a Cultura",http://www.w3.org/2001/XMLSchema#dateTime,literal,1949-01-01T00:00:00Z,uri,http://www.wikidata.org/entity/Q298,literal,,literal,,literal,,literal,http://www.wikidata.org/entity/Q5740815,literal,,wd:Q77
63,uri,http://www.wikidata.org/entity/Q7553274,en,literal,Sodimac,,,,http://www.w3.org/2001/XMLSchema#dateTime,literal,1952-01-01T00:00:00Z,uri,http://www.wikidata.org/entity/Q77,literal,http://www.wikidata.org/entity/Q26643,literal,,literal,,literal,http://www.wikidata.org/entity/Q2887,literal,,wd:Q77
64,uri,http://www.wikidata.org/entity/Q56377600,en,literal,Súper Liga Americana de Rugby,,,,http://www.w3.org/2001/XMLSchema#dateTime,literal,2020-01-01T00:00:00Z,uri,http://www.wikidata.org/entity/Q77,literal,,literal,,literal,,literal,,literal,,wd:Q77
65,uri,http://www.wikidata.org/entity/Q421023,en,literal,Organization of Ibero-American States,pt,literal,"Organização de Estados Ibero-Americanos para a Educação, a Ciência e a Cultura",http://www.w3.org/2001/XMLSchema#dateTime,literal,1949-01-01T00:00:00Z,uri,http://www.wikidata.org/entity/Q750,literal,,literal,,literal,,literal,http://www.wikidata.org/entity/Q5740815,literal,,wd:Q77
66,uri,http://www.wikidata.org/entity/Q3431351,en,literal,MercoPress,,,,http://www.w3.org/2001/XMLSchema#dateTime,literal,1993-01-01T00:00:00Z,uri,http://www.wikidata.org/entity/Q77,literal,,literal,,literal,,literal,http://www.wikidata.org/entity/Q1335,literal,,wd:Q77
67,uri,http://www.wikidata.org/entity/Q60582594,,literal,Q60582594,,,,http://www.w3.org/2001/XMLSchema#dateTime,literal,1996-01-01T00:00:00Z,uri,http://www.wikidata.org/entity/Q77,literal,,literal,,literal,,literal,,literal,,wd:Q77
68,uri,http://www.wikidata.org/entity/Q1665583,en,literal,UTE,,,,http://www.w3.org/2001/XMLSchema#dateTime,literal,1912-10-21T00:00:00Z,uri,http://www.wikidata.org/entity/Q77,literal,http://www.wikidata.org/entity/Q1326624,literal,,literal,,literal,http://www.wikidata.org/entity/Q1335,literal,,wd:Q77
69,uri,http://www.wikidata.org/entity/Q97155068,en,literal,Montevideo Music Group,,,,,,,uri,http://www.wikidata.org/entity/Q77,literal,,literal,,literal,,literal,,literal,,wd:Q77
70,uri,http://www.wikidata.org/entity/Q421023,en,literal,Organization of Ibero-American States,es,literal,"Organización de Estados Iberoamericanos para la Educación, la Ciencia y la Cultura",http://www.w3.org/2001/XMLSchema#dateTime,literal,1949-01-01T00:00:00Z,uri,http://www.wikidata.org/entity/Q800,literal,,literal,,literal,,literal,http://www.wikidata.org/entity/Q5740815,literal,,wd:Q77
71,uri,http://www.wikidata.org/entity/Q961612,en,literal,Universidad de Montevideo,,,,http://www.w3.org/2001/XMLSchema#dateTime,literal,1986-01-01T00:00:00Z,uri,http://www.wikidata.org/entity/Q77,literal,,literal,,literal,,literal,,literal,,wd:Q77
72,uri,http://www.wikidata.org/entity/Q421023,en,literal,Organization of Ibero-American States,es,literal,"Organización de Estados Iberoamericanos para la Educación, la Ciencia y la Cultura",http://www.w3.org/2001/XMLSchema#dateTime,literal,1949-01-01T00:00:00Z,uri,http://www.wikidata.org/entity/Q804,literal,,literal,,literal,,literal,http://www.wikidata.org/entity/Q5740815,literal,,wd:Q77
73,uri,http://www.wikidata.org/entity/Q421023,en,literal,Organization of Ibero-American States,es,literal,"Organización de Estados Iberoamericanos para la Educación, la Ciencia y la Cultura",http://www.w3.org/2001/XMLSchema#dateTime,literal,1949-01-01T00:00:00Z,uri,http://www.wikidata.org/entity/Q811,literal,,literal,,literal,,literal,http://www.wikidata.org/entity/Q5740815,literal,,wd:Q77
74,uri,http://www.wikidata.org/entity/Q421023,en,literal,Organization of Ibero-American States,pt,literal,"Organização de Estados Ibero-Americanos para a Educação, a Ciência e a Cultura",http://www.w3.org/2001/XMLSchema#dateTime,literal,1949-01-01T00:00:00Z,uri,http://www.wikidata.org/entity/Q77,literal,,literal,,literal,,literal,http://www.wikidata.org/entity/Q5740815,literal,,wd:Q77
75,uri,http://www.wikidata.org/entity/Q7553274,en,literal,Sodimac,,,,http://www.w3.org/2001/XMLSchema#dateTime,literal,1952-01-01T00:00:00Z,uri,http://www.wikidata.org/entity/Q96,literal,http://www.wikidata.org/entity/Q26643,literal,,literal,,literal,http://www.wikidata.org/entity/Q2887,literal,,wd:Q77
76,uri,http://www.wikidata.org/entity/Q421023,en,literal,Organization of Ibero-American States,pt,literal,"Organização de Estados Ibero-Americanos para a Educação, a Ciência e a Cultura",http://www.w3.org/2001/XMLSchema#dateTime,literal,1949-01-01T00:00:00Z,uri,http://www.wikidata.org/entity/Q228,literal,,literal,,literal,,literal,http://www.wikidata.org/entity/Q5740815,literal,,wd:Q77
77,uri,http://www.wikidata.org/entity/Q933854,en,literal,El País,,,,http://www.w3.org/2001/XMLSchema#dateTime,literal,1918-09-14T00:00:00Z,uri,http://www.wikidata.org/entity/Q77,literal,,literal,,literal,,literal,http://www.wikidata.org/entity/Q1335,literal,,wd:Q77
78,uri,http://www.wikidata.org/entity/Q421023,en,literal,Organization of Ibero-American States,pt,literal,"Organização de Estados Ibero-Americanos para a Educação, a Ciência e a Cultura",http://www.w3.org/2001/XMLSchema#dateTime,literal,1949-01-01T00:00:00Z,uri,http://www.wikidata.org/entity/Q774,literal,,literal,,literal,,literal,http://www.wikidata.org/entity/Q5740815,literal,,wd:Q77
