,business.type,business.value,businessLabel.xml:lang,businessLabel.type,businessLabel.value,country.type,country.value,industries.type,industries.value,ceos.type,ceos.value,chairs.type,chairs.value,hqs.type,hqs.value,groups.type,groups.value,origindate.datatype,origindate.type,origindate.value,officialname.xml:lang,officialname.type,officialname.value,country
0,uri,http://www.wikidata.org/entity/Q421023,en,literal,Organization of Ibero-American States,uri,http://www.wikidata.org/entity/Q241,literal,,literal,,literal,,literal,http://www.wikidata.org/entity/Q5740815,literal,,http://www.w3.org/2001/XMLSchema#dateTime,literal,1949-01-01T00:00:00Z,pt,literal,"Organização de Estados Ibero-Americanos para a Educação, a Ciência e a Cultura",wd:Q786
1,uri,http://www.wikidata.org/entity/Q421023,en,literal,Organization of Ibero-American States,uri,http://www.wikidata.org/entity/Q783,literal,,literal,,literal,,literal,http://www.wikidata.org/entity/Q5740815,literal,,http://www.w3.org/2001/XMLSchema#dateTime,literal,1949-01-01T00:00:00Z,pt,literal,"Organização de Estados Ibero-Americanos para a Educação, a Ciência e a Cultura",wd:Q786
2,uri,http://www.wikidata.org/entity/Q421023,en,literal,Organization of Ibero-American States,uri,http://www.wikidata.org/entity/Q983,literal,,literal,,literal,,literal,http://www.wikidata.org/entity/Q5740815,literal,,http://www.w3.org/2001/XMLSchema#dateTime,literal,1949-01-01T00:00:00Z,es,literal,"Organización de Estados Iberoamericanos para la Educación, la Ciencia y la Cultura",wd:Q786
3,uri,http://www.wikidata.org/entity/Q421023,en,literal,Organization of Ibero-American States,uri,http://www.wikidata.org/entity/Q96,literal,,literal,,literal,,literal,http://www.wikidata.org/entity/Q5740815,literal,,http://www.w3.org/2001/XMLSchema#dateTime,literal,1949-01-01T00:00:00Z,pt,literal,"Organização de Estados Ibero-Americanos para a Educação, a Ciência e a Cultura",wd:Q786
4,uri,http://www.wikidata.org/entity/Q421023,en,literal,Organization of Ibero-American States,uri,http://www.wikidata.org/entity/Q786,literal,,literal,,literal,,literal,http://www.wikidata.org/entity/Q5740815,literal,,http://www.w3.org/2001/XMLSchema#dateTime,literal,1949-01-01T00:00:00Z,pt,literal,"Organização de Estados Ibero-Americanos para a Educação, a Ciência e a Cultura",wd:Q786
5,uri,http://www.wikidata.org/entity/Q6041601,en,literal,Instituto Tecnológico de Santo Domingo,uri,http://www.wikidata.org/entity/Q786,literal,,literal,,literal,,literal,,literal,,http://www.w3.org/2001/XMLSchema#dateTime,literal,1972-10-09T00:00:00Z,,,,wd:Q786
6,uri,http://www.wikidata.org/entity/Q421023,en,literal,Organization of Ibero-American States,uri,http://www.wikidata.org/entity/Q155,literal,,literal,,literal,,literal,http://www.wikidata.org/entity/Q5740815,literal,,http://www.w3.org/2001/XMLSchema#dateTime,literal,1949-01-01T00:00:00Z,es,literal,"Organización de Estados Iberoamericanos para la Educación, la Ciencia y la Cultura",wd:Q786
7,uri,http://www.wikidata.org/entity/Q421023,en,literal,Organization of Ibero-American States,uri,http://www.wikidata.org/entity/Q792,literal,,literal,,literal,,literal,http://www.wikidata.org/entity/Q5740815,literal,,http://www.w3.org/2001/XMLSchema#dateTime,literal,1949-01-01T00:00:00Z,pt,literal,"Organização de Estados Ibero-Americanos para a Educação, a Ciência e a Cultura",wd:Q786
8,uri,http://www.wikidata.org/entity/Q421023,en,literal,Organization of Ibero-American States,uri,http://www.wikidata.org/entity/Q800,literal,,literal,,literal,,literal,http://www.wikidata.org/entity/Q5740815,literal,,http://www.w3.org/2001/XMLSchema#dateTime,literal,1949-01-01T00:00:00Z,pt,literal,"Organização de Estados Ibero-Americanos para a Educação, a Ciência e a Cultura",wd:Q786
9,uri,http://www.wikidata.org/entity/Q421023,en,literal,Organization of Ibero-American States,uri,http://www.wikidata.org/entity/Q804,literal,,literal,,literal,,literal,http://www.wikidata.org/entity/Q5740815,literal,,http://www.w3.org/2001/XMLSchema#dateTime,literal,1949-01-01T00:00:00Z,pt,literal,"Organização de Estados Ibero-Americanos para a Educação, a Ciência e a Cultura",wd:Q786
10,uri,http://www.wikidata.org/entity/Q421023,en,literal,Organization of Ibero-American States,uri,http://www.wikidata.org/entity/Q811,literal,,literal,,literal,,literal,http://www.wikidata.org/entity/Q5740815,literal,,http://www.w3.org/2001/XMLSchema#dateTime,literal,1949-01-01T00:00:00Z,pt,literal,"Organização de Estados Ibero-Americanos para a Educação, a Ciência e a Cultura",wd:Q786
11,uri,http://www.wikidata.org/entity/Q421023,en,literal,Organization of Ibero-American States,uri,http://www.wikidata.org/entity/Q414,literal,,literal,,literal,,literal,http://www.wikidata.org/entity/Q5740815,literal,,http://www.w3.org/2001/XMLSchema#dateTime,literal,1949-01-01T00:00:00Z,es,literal,"Organización de Estados Iberoamericanos para la Educación, la Ciencia y la Cultura",wd:Q786
12,uri,http://www.wikidata.org/entity/Q421023,en,literal,Organization of Ibero-American States,uri,http://www.wikidata.org/entity/Q29,literal,,literal,,literal,,literal,http://www.wikidata.org/entity/Q5740815,literal,,http://www.w3.org/2001/XMLSchema#dateTime,literal,1949-01-01T00:00:00Z,es,literal,"Organización de Estados Iberoamericanos para la Educación, la Ciencia y la Cultura",wd:Q786
13,uri,http://www.wikidata.org/entity/Q421023,en,literal,Organization of Ibero-American States,uri,http://www.wikidata.org/entity/Q419,literal,,literal,,literal,,literal,http://www.wikidata.org/entity/Q5740815,literal,,http://www.w3.org/2001/XMLSchema#dateTime,literal,1949-01-01T00:00:00Z,es,literal,"Organización de Estados Iberoamericanos para la Educación, la Ciencia y la Cultura",wd:Q786
14,uri,http://www.wikidata.org/entity/Q15993838,en,literal,EGE Haina,uri,http://www.wikidata.org/entity/Q786,literal,,literal,,literal,,literal,,literal,,http://www.w3.org/2001/XMLSchema#dateTime,literal,1999-10-28T00:00:00Z,,,,wd:Q786
15,uri,http://www.wikidata.org/entity/Q421023,en,literal,Organization of Ibero-American States,uri,http://www.wikidata.org/entity/Q717,literal,,literal,,literal,,literal,http://www.wikidata.org/entity/Q5740815,literal,,http://www.w3.org/2001/XMLSchema#dateTime,literal,1949-01-01T00:00:00Z,es,literal,"Organización de Estados Iberoamericanos para la Educación, la Ciencia y la Cultura",wd:Q786
16,uri,http://www.wikidata.org/entity/Q421023,en,literal,Organization of Ibero-American States,uri,http://www.wikidata.org/entity/Q983,literal,,literal,,literal,,literal,http://www.wikidata.org/entity/Q5740815,literal,,http://www.w3.org/2001/XMLSchema#dateTime,literal,1949-01-01T00:00:00Z,pt,literal,"Organização de Estados Ibero-Americanos para a Educação, a Ciência e a Cultura",wd:Q786
17,uri,http://www.wikidata.org/entity/Q421023,en,literal,Organization of Ibero-American States,uri,http://www.wikidata.org/entity/Q1183,literal,,literal,,literal,,literal,http://www.wikidata.org/entity/Q5740815,literal,,http://www.w3.org/2001/XMLSchema#dateTime,literal,1949-01-01T00:00:00Z,es,literal,"Organización de Estados Iberoamericanos para la Educación, la Ciencia y la Cultura",wd:Q786
18,uri,http://www.wikidata.org/entity/Q421023,en,literal,Organization of Ibero-American States,uri,http://www.wikidata.org/entity/Q45,literal,,literal,,literal,,literal,http://www.wikidata.org/entity/Q5740815,literal,,http://www.w3.org/2001/XMLSchema#dateTime,literal,1949-01-01T00:00:00Z,es,literal,"Organización de Estados Iberoamericanos para la Educación, la Ciencia y la Cultura",wd:Q786
19,uri,http://www.wikidata.org/entity/Q421023,en,literal,Organization of Ibero-American States,uri,http://www.wikidata.org/entity/Q733,literal,,literal,,literal,,literal,http://www.wikidata.org/entity/Q5740815,literal,,http://www.w3.org/2001/XMLSchema#dateTime,literal,1949-01-01T00:00:00Z,es,literal,"Organización de Estados Iberoamericanos para la Educación, la Ciencia y la Cultura",wd:Q786
20,uri,http://www.wikidata.org/entity/Q421023,en,literal,Organization of Ibero-American States,uri,http://www.wikidata.org/entity/Q155,literal,,literal,,literal,,literal,http://www.wikidata.org/entity/Q5740815,literal,,http://www.w3.org/2001/XMLSchema#dateTime,literal,1949-01-01T00:00:00Z,pt,literal,"Organização de Estados Ibero-Americanos para a Educação, a Ciência e a Cultura",wd:Q786
21,uri,http://www.wikidata.org/entity/Q421023,en,literal,Organization of Ibero-American States,uri,http://www.wikidata.org/entity/Q739,literal,,literal,,literal,,literal,http://www.wikidata.org/entity/Q5740815,literal,,http://www.w3.org/2001/XMLSchema#dateTime,literal,1949-01-01T00:00:00Z,es,literal,"Organización de Estados Iberoamericanos para la Educación, la Ciencia y la Cultura",wd:Q786
22,uri,http://www.wikidata.org/entity/Q421023,en,literal,Organization of Ibero-American States,uri,http://www.wikidata.org/entity/Q736,literal,,literal,,literal,,literal,http://www.wikidata.org/entity/Q5740815,literal,,http://www.w3.org/2001/XMLSchema#dateTime,literal,1949-01-01T00:00:00Z,es,literal,"Organización de Estados Iberoamericanos para la Educación, la Ciencia y la Cultura",wd:Q786
23,uri,http://www.wikidata.org/entity/Q20014247,en,literal,Corporación Dominicana de Empresas Eléctricas Estatales,uri,http://www.wikidata.org/entity/Q786,literal,,literal,,literal,,literal,http://www.wikidata.org/entity/Q34820,literal,,http://www.w3.org/2001/XMLSchema#dateTime,literal,1955-01-19T00:00:00Z,,,,wd:Q786
24,uri,http://www.wikidata.org/entity/Q421023,en,literal,Organization of Ibero-American States,uri,http://www.wikidata.org/entity/Q298,literal,,literal,,literal,,literal,http://www.wikidata.org/entity/Q5740815,literal,,http://www.w3.org/2001/XMLSchema#dateTime,literal,1949-01-01T00:00:00Z,es,literal,"Organización de Estados Iberoamericanos para la Educación, la Ciencia y la Cultura",wd:Q786
25,uri,http://www.wikidata.org/entity/Q421023,en,literal,Organization of Ibero-American States,uri,http://www.wikidata.org/entity/Q750,literal,,literal,,literal,,literal,http://www.wikidata.org/entity/Q5740815,literal,,http://www.w3.org/2001/XMLSchema#dateTime,literal,1949-01-01T00:00:00Z,es,literal,"Organización de Estados Iberoamericanos para la Educación, la Ciencia y la Cultura",wd:Q786
26,uri,http://www.wikidata.org/entity/Q421023,en,literal,Organization of Ibero-American States,uri,http://www.wikidata.org/entity/Q414,literal,,literal,,literal,,literal,http://www.wikidata.org/entity/Q5740815,literal,,http://www.w3.org/2001/XMLSchema#dateTime,literal,1949-01-01T00:00:00Z,pt,literal,"Organização de Estados Ibero-Americanos para a Educação, a Ciência e a Cultura",wd:Q786
27,uri,http://www.wikidata.org/entity/Q107395809,en,literal,Lifestyle Holidays Vacation Club,uri,http://www.wikidata.org/entity/Q786,literal,,literal,,literal,,literal,http://www.wikidata.org/entity/Q988413,literal,,http://www.w3.org/2001/XMLSchema#dateTime,literal,2002-01-01T00:00:00Z,,,,wd:Q786
28,uri,http://www.wikidata.org/entity/Q3834936,en,literal,Listín Diario,uri,http://www.wikidata.org/entity/Q786,literal,,literal,,literal,,literal,http://www.wikidata.org/entity/Q34820,literal,,http://www.w3.org/2001/XMLSchema#dateTime,literal,1889-01-01T00:00:00Z,,,,wd:Q786
29,uri,http://www.wikidata.org/entity/Q421023,en,literal,Organization of Ibero-American States,uri,http://www.wikidata.org/entity/Q77,literal,,literal,,literal,,literal,http://www.wikidata.org/entity/Q5740815,literal,,http://www.w3.org/2001/XMLSchema#dateTime,literal,1949-01-01T00:00:00Z,es,literal,"Organización de Estados Iberoamericanos para la Educación, la Ciencia y la Cultura",wd:Q786
30,uri,http://www.wikidata.org/entity/Q421023,en,literal,Organization of Ibero-American States,uri,http://www.wikidata.org/entity/Q29,literal,,literal,,literal,,literal,http://www.wikidata.org/entity/Q5740815,literal,,http://www.w3.org/2001/XMLSchema#dateTime,literal,1949-01-01T00:00:00Z,pt,literal,"Organização de Estados Ibero-Americanos para a Educação, a Ciência e a Cultura",wd:Q786
31,uri,http://www.wikidata.org/entity/Q421023,en,literal,Organization of Ibero-American States,uri,http://www.wikidata.org/entity/Q419,literal,,literal,,literal,,literal,http://www.wikidata.org/entity/Q5740815,literal,,http://www.w3.org/2001/XMLSchema#dateTime,literal,1949-01-01T00:00:00Z,pt,literal,"Organização de Estados Ibero-Americanos para a Educação, a Ciência e a Cultura",wd:Q786
32,uri,http://www.wikidata.org/entity/Q421023,en,literal,Organization of Ibero-American States,uri,http://www.wikidata.org/entity/Q228,literal,,literal,,literal,,literal,http://www.wikidata.org/entity/Q5740815,literal,,http://www.w3.org/2001/XMLSchema#dateTime,literal,1949-01-01T00:00:00Z,es,literal,"Organización de Estados Iberoamericanos para la Educación, la Ciencia y la Cultura",wd:Q786
33,uri,http://www.wikidata.org/entity/Q421023,en,literal,Organization of Ibero-American States,uri,http://www.wikidata.org/entity/Q717,literal,,literal,,literal,,literal,http://www.wikidata.org/entity/Q5740815,literal,,http://www.w3.org/2001/XMLSchema#dateTime,literal,1949-01-01T00:00:00Z,pt,literal,"Organização de Estados Ibero-Americanos para a Educação, a Ciência e a Cultura",wd:Q786
34,uri,http://www.wikidata.org/entity/Q421023,en,literal,Organization of Ibero-American States,uri,http://www.wikidata.org/entity/Q774,literal,,literal,,literal,,literal,http://www.wikidata.org/entity/Q5740815,literal,,http://www.w3.org/2001/XMLSchema#dateTime,literal,1949-01-01T00:00:00Z,es,literal,"Organización de Estados Iberoamericanos para la Educación, la Ciencia y la Cultura",wd:Q786
35,uri,http://www.wikidata.org/entity/Q421023,en,literal,Organization of Ibero-American States,uri,http://www.wikidata.org/entity/Q241,literal,,literal,,literal,,literal,http://www.wikidata.org/entity/Q5740815,literal,,http://www.w3.org/2001/XMLSchema#dateTime,literal,1949-01-01T00:00:00Z,es,literal,"Organización de Estados Iberoamericanos para la Educación, la Ciencia y la Cultura",wd:Q786
36,uri,http://www.wikidata.org/entity/Q421023,en,literal,Organization of Ibero-American States,uri,http://www.wikidata.org/entity/Q1183,literal,,literal,,literal,,literal,http://www.wikidata.org/entity/Q5740815,literal,,http://www.w3.org/2001/XMLSchema#dateTime,literal,1949-01-01T00:00:00Z,pt,literal,"Organização de Estados Ibero-Americanos para a Educação, a Ciência e a Cultura",wd:Q786
37,uri,http://www.wikidata.org/entity/Q421023,en,literal,Organization of Ibero-American States,uri,http://www.wikidata.org/entity/Q45,literal,,literal,,literal,,literal,http://www.wikidata.org/entity/Q5740815,literal,,http://www.w3.org/2001/XMLSchema#dateTime,literal,1949-01-01T00:00:00Z,pt,literal,"Organização de Estados Ibero-Americanos para a Educação, a Ciência e a Cultura",wd:Q786
38,uri,http://www.wikidata.org/entity/Q421023,en,literal,Organization of Ibero-American States,uri,http://www.wikidata.org/entity/Q783,literal,,literal,,literal,,literal,http://www.wikidata.org/entity/Q5740815,literal,,http://www.w3.org/2001/XMLSchema#dateTime,literal,1949-01-01T00:00:00Z,es,literal,"Organización de Estados Iberoamericanos para la Educación, la Ciencia y la Cultura",wd:Q786
39,uri,http://www.wikidata.org/entity/Q421023,en,literal,Organization of Ibero-American States,uri,http://www.wikidata.org/entity/Q733,literal,,literal,,literal,,literal,http://www.wikidata.org/entity/Q5740815,literal,,http://www.w3.org/2001/XMLSchema#dateTime,literal,1949-01-01T00:00:00Z,pt,literal,"Organização de Estados Ibero-Americanos para a Educação, a Ciência e a Cultura",wd:Q786
40,uri,http://www.wikidata.org/entity/Q421023,en,literal,Organization of Ibero-American States,uri,http://www.wikidata.org/entity/Q96,literal,,literal,,literal,,literal,http://www.wikidata.org/entity/Q5740815,literal,,http://www.w3.org/2001/XMLSchema#dateTime,literal,1949-01-01T00:00:00Z,es,literal,"Organización de Estados Iberoamericanos para la Educación, la Ciencia y la Cultura",wd:Q786
41,uri,http://www.wikidata.org/entity/Q421023,en,literal,Organization of Ibero-American States,uri,http://www.wikidata.org/entity/Q786,literal,,literal,,literal,,literal,http://www.wikidata.org/entity/Q5740815,literal,,http://www.w3.org/2001/XMLSchema#dateTime,literal,1949-01-01T00:00:00Z,es,literal,"Organización de Estados Iberoamericanos para la Educación, la Ciencia y la Cultura",wd:Q786
42,uri,http://www.wikidata.org/entity/Q421023,en,literal,Organization of Ibero-American States,uri,http://www.wikidata.org/entity/Q739,literal,,literal,,literal,,literal,http://www.wikidata.org/entity/Q5740815,literal,,http://www.w3.org/2001/XMLSchema#dateTime,literal,1949-01-01T00:00:00Z,pt,literal,"Organização de Estados Ibero-Americanos para a Educação, a Ciência e a Cultura",wd:Q786
43,uri,http://www.wikidata.org/entity/Q29515996,en,literal,Amanera,uri,http://www.wikidata.org/entity/Q786,literal,,literal,,literal,,literal,,literal,,http://www.w3.org/2001/XMLSchema#dateTime,literal,2015-01-01T00:00:00Z,,,,wd:Q786
44,uri,http://www.wikidata.org/entity/Q421023,en,literal,Organization of Ibero-American States,uri,http://www.wikidata.org/entity/Q736,literal,,literal,,literal,,literal,http://www.wikidata.org/entity/Q5740815,literal,,http://www.w3.org/2001/XMLSchema#dateTime,literal,1949-01-01T00:00:00Z,pt,literal,"Organização de Estados Ibero-Americanos para a Educação, a Ciência e a Cultura",wd:Q786
45,uri,http://www.wikidata.org/entity/Q7950772,en,literal,WIND Telecom,uri,http://www.wikidata.org/entity/Q786,literal,http://www.wikidata.org/entity/Q25245117,literal,,literal,,literal,http://www.wikidata.org/entity/Q34820,literal,,http://www.w3.org/2001/XMLSchema#dateTime,literal,2008-01-01T00:00:00Z,es,literal,"WIND Telecom, S.A.",wd:Q786
46,uri,http://www.wikidata.org/entity/Q421023,en,literal,Organization of Ibero-American States,uri,http://www.wikidata.org/entity/Q792,literal,,literal,,literal,,literal,http://www.wikidata.org/entity/Q5740815,literal,,http://www.w3.org/2001/XMLSchema#dateTime,literal,1949-01-01T00:00:00Z,es,literal,"Organización de Estados Iberoamericanos para la Educación, la Ciencia y la Cultura",wd:Q786
47,uri,http://www.wikidata.org/entity/Q421023,en,literal,Organization of Ibero-American States,uri,http://www.wikidata.org/entity/Q298,literal,,literal,,literal,,literal,http://www.wikidata.org/entity/Q5740815,literal,,http://www.w3.org/2001/XMLSchema#dateTime,literal,1949-01-01T00:00:00Z,pt,literal,"Organização de Estados Ibero-Americanos para a Educação, a Ciência e a Cultura",wd:Q786
48,uri,http://www.wikidata.org/entity/Q421023,en,literal,Organization of Ibero-American States,uri,http://www.wikidata.org/entity/Q750,literal,,literal,,literal,,literal,http://www.wikidata.org/entity/Q5740815,literal,,http://www.w3.org/2001/XMLSchema#dateTime,literal,1949-01-01T00:00:00Z,pt,literal,"Organização de Estados Ibero-Americanos para a Educação, a Ciência e a Cultura",wd:Q786
49,uri,http://www.wikidata.org/entity/Q5719051,en,literal,Banesco Multiple Bank,uri,http://www.wikidata.org/entity/Q786,literal,,literal,,literal,,literal,,literal,,,,,,,,wd:Q786
50,uri,http://www.wikidata.org/entity/Q421023,en,literal,Organization of Ibero-American States,uri,http://www.wikidata.org/entity/Q800,literal,,literal,,literal,,literal,http://www.wikidata.org/entity/Q5740815,literal,,http://www.w3.org/2001/XMLSchema#dateTime,literal,1949-01-01T00:00:00Z,es,literal,"Organización de Estados Iberoamericanos para la Educación, la Ciencia y la Cultura",wd:Q786
51,uri,http://www.wikidata.org/entity/Q421023,en,literal,Organization of Ibero-American States,uri,http://www.wikidata.org/entity/Q804,literal,,literal,,literal,,literal,http://www.wikidata.org/entity/Q5740815,literal,,http://www.w3.org/2001/XMLSchema#dateTime,literal,1949-01-01T00:00:00Z,es,literal,"Organización de Estados Iberoamericanos para la Educación, la Ciencia y la Cultura",wd:Q786
52,uri,http://www.wikidata.org/entity/Q421023,en,literal,Organization of Ibero-American States,uri,http://www.wikidata.org/entity/Q811,literal,,literal,,literal,,literal,http://www.wikidata.org/entity/Q5740815,literal,,http://www.w3.org/2001/XMLSchema#dateTime,literal,1949-01-01T00:00:00Z,es,literal,"Organización de Estados Iberoamericanos para la Educación, la Ciencia y la Cultura",wd:Q786
53,uri,http://www.wikidata.org/entity/Q421023,en,literal,Organization of Ibero-American States,uri,http://www.wikidata.org/entity/Q77,literal,,literal,,literal,,literal,http://www.wikidata.org/entity/Q5740815,literal,,http://www.w3.org/2001/XMLSchema#dateTime,literal,1949-01-01T00:00:00Z,pt,literal,"Organização de Estados Ibero-Americanos para a Educação, a Ciência e a Cultura",wd:Q786
54,uri,http://www.wikidata.org/entity/Q421023,en,literal,Organization of Ibero-American States,uri,http://www.wikidata.org/entity/Q228,literal,,literal,,literal,,literal,http://www.wikidata.org/entity/Q5740815,literal,,http://www.w3.org/2001/XMLSchema#dateTime,literal,1949-01-01T00:00:00Z,pt,literal,"Organização de Estados Ibero-Americanos para a Educação, a Ciência e a Cultura",wd:Q786
55,uri,http://www.wikidata.org/entity/Q16489455,en,literal,Banco Popular Dominicano,uri,http://www.wikidata.org/entity/Q786,literal,,literal,,literal,http://www.wikidata.org/entity/Q18686486,literal,,literal,,,,,,,,wd:Q786
56,uri,http://www.wikidata.org/entity/Q421023,en,literal,Organization of Ibero-American States,uri,http://www.wikidata.org/entity/Q774,literal,,literal,,literal,,literal,http://www.wikidata.org/entity/Q5740815,literal,,http://www.w3.org/2001/XMLSchema#dateTime,literal,1949-01-01T00:00:00Z,pt,literal,"Organização de Estados Ibero-Americanos para a Educação, a Ciência e a Cultura",wd:Q786
