,business.type,business.value,businessLabel.xml:lang,businessLabel.type,businessLabel.value,employees.datatype,employees.type,employees.value,origindate.datatype,origindate.type,origindate.value,country.type,country.value,industries.type,industries.value,ceos.type,ceos.value,chairs.type,chairs.value,hqs.type,hqs.value,groups.type,groups.value,officialname.xml:lang,officialname.type,officialname.value,profit.datatype,profit.type,profit.value,country
0,uri,http://www.wikidata.org/entity/Q17061030,en,literal,Jumia,http://www.w3.org/2001/XMLSchema#decimal,literal,5000,http://www.w3.org/2001/XMLSchema#dateTime,literal,2012-01-01T00:00:00Z,uri,http://www.wikidata.org/entity/Q1028,literal,http://www.wikidata.org/entity/Q126793,literal,http://www.wikidata.org/entity/Q59750463,literal,,literal,http://www.wikidata.org/entity/Q1024647,literal,,en,literal,Jumia,,,,wd:Q79
1,uri,http://www.wikidata.org/entity/Q7817,en,literal,World Health Organization,http://www.w3.org/2001/XMLSchema#decimal,literal,7000,http://www.w3.org/2001/XMLSchema#dateTime,literal,1948-04-07T00:00:00Z,uri,http://www.wikidata.org/entity/Q79,literal,http://www.wikidata.org/entity/Q29584363,literal,,literal,,literal,http://www.wikidata.org/entity/Q71,literal,,zh-hans,literal,世界卫生组织,,,,wd:Q79
2,uri,http://www.wikidata.org/entity/Q1935533,en,literal,Millie's Cookies,,,,http://www.w3.org/2001/XMLSchema#dateTime,literal,1985-01-01T00:00:00Z,uri,http://www.wikidata.org/entity/Q145,literal,,literal,,literal,,literal,http://www.wikidata.org/entity/Q84,literal,,,,,,,,wd:Q79
3,uri,http://www.wikidata.org/entity/Q110474113,en,literal,Sandouk,,,,,,,uri,http://www.wikidata.org/entity/Q79,literal,,literal,,literal,,literal,,literal,,,,,,,,wd:Q79
4,uri,http://www.wikidata.org/entity/Q110072751,en,literal,Ithaka Hostel,,,,http://www.w3.org/2001/XMLSchema#dateTime,literal,2015-01-01T00:00:00Z,uri,http://www.wikidata.org/entity/Q79,literal,,literal,,literal,,literal,,literal,,,,,,,,wd:Q79
5,uri,http://www.wikidata.org/entity/Q746413,en,literal,Elsevier BV,http://www.w3.org/2001/XMLSchema#decimal,literal,6900,http://www.w3.org/2001/XMLSchema#dateTime,literal,1880-01-01T00:00:00Z,uri,http://www.wikidata.org/entity/Q27,literal,http://www.wikidata.org/entity/Q3972943,literal,,literal,,literal,"http://www.wikidata.org/entity/Q2662373, http://www.wikidata.org/entity/Q1345",literal,,,,,http://www.w3.org/2001/XMLSchema#decimal,literal,600000000,wd:Q79
6,uri,http://www.wikidata.org/entity/Q105659399,en,literal,Saint Mark Foundation for Coptic Studies,,,,http://www.w3.org/2001/XMLSchema#dateTime,literal,1998-01-01T00:00:00Z,uri,http://www.wikidata.org/entity/Q30,literal,,literal,,literal,,literal,"http://www.wikidata.org/entity/Q1065497, http://www.wikidata.org/entity/Q145356",literal,,,,,,,,wd:Q79
7,uri,http://www.wikidata.org/entity/Q57655796,en,literal,Captain’s Inn,,,,,,,uri,http://www.wikidata.org/entity/Q79,literal,,literal,,literal,,literal,,literal,,,,,,,,wd:Q79
8,uri,http://www.wikidata.org/entity/Q110488344,en,literal,Foul Mohamed Ahmed,,,,,,,uri,http://www.wikidata.org/entity/Q79,literal,,literal,,literal,,literal,,literal,,,,,,,,wd:Q79
9,uri,http://www.wikidata.org/entity/Q17061030,en,literal,Jumia,http://www.w3.org/2001/XMLSchema#decimal,literal,5000,http://www.w3.org/2001/XMLSchema#dateTime,literal,2012-01-01T00:00:00Z,uri,http://www.wikidata.org/entity/Q1033,literal,http://www.wikidata.org/entity/Q126793,literal,http://www.wikidata.org/entity/Q59750463,literal,,literal,http://www.wikidata.org/entity/Q1024647,literal,,en,literal,Jumia,,,,wd:Q79
10,uri,http://www.wikidata.org/entity/Q5367528,en,literal,Elsewedy Electric,,,,http://www.w3.org/2001/XMLSchema#dateTime,literal,1938-01-01T00:00:00Z,uri,http://www.wikidata.org/entity/Q79,literal,,literal,,literal,,literal,http://www.wikidata.org/entity/Q85,literal,,ar,literal,السويدي للكابلات,,,,wd:Q79
11,uri,http://www.wikidata.org/entity/Q100942733,en,literal,Royal Maxim Palace Kempinski Cairo,,,,,,,uri,http://www.wikidata.org/entity/Q79,literal,,literal,,literal,,literal,,literal,,,,,,,,wd:Q79
12,uri,http://www.wikidata.org/entity/Q57623251,en,literal,Labranda Club Paradisio El Gouna,,,,,,,uri,http://www.wikidata.org/entity/Q79,literal,,literal,,literal,,literal,,literal,,,,,,,,wd:Q79
13,uri,http://www.wikidata.org/entity/Q111525149,en,literal,El Saidy Pastry,,,,,,,uri,http://www.wikidata.org/entity/Q79,literal,,literal,,literal,,literal,,literal,,,,,,,,wd:Q79
14,uri,http://www.wikidata.org/entity/Q20389534,en,literal,ELARABY Group,http://www.w3.org/2001/XMLSchema#decimal,literal,22001,http://www.w3.org/2001/XMLSchema#dateTime,literal,1964-01-01T00:00:00Z,uri,http://www.wikidata.org/entity/Q79,literal,,literal,,literal,,literal,http://www.wikidata.org/entity/Q85,literal,,,,,,,,wd:Q79
15,uri,http://www.wikidata.org/entity/Q7817,en,literal,World Health Organization,http://www.w3.org/2001/XMLSchema#decimal,literal,7000,http://www.w3.org/2001/XMLSchema#dateTime,literal,1948-04-07T00:00:00Z,uri,http://www.wikidata.org/entity/Q30,literal,http://www.wikidata.org/entity/Q29584363,literal,,literal,,literal,http://www.wikidata.org/entity/Q71,literal,,fr,literal,Organisation mondiale de la Santé,,,,wd:Q79
16,uri,http://www.wikidata.org/entity/Q746413,en,literal,Elsevier BV,http://www.w3.org/2001/XMLSchema#decimal,literal,6900,http://www.w3.org/2001/XMLSchema#dateTime,literal,1880-01-01T00:00:00Z,uri,http://www.wikidata.org/entity/Q30,literal,http://www.wikidata.org/entity/Q3972943,literal,,literal,,literal,"http://www.wikidata.org/entity/Q2662373, http://www.wikidata.org/entity/Q1345",literal,,,,,http://www.w3.org/2001/XMLSchema#decimal,literal,600000000,wd:Q79
17,uri,http://www.wikidata.org/entity/Q7817,en,literal,World Health Organization,http://www.w3.org/2001/XMLSchema#decimal,literal,7000,http://www.w3.org/2001/XMLSchema#dateTime,literal,1948-04-07T00:00:00Z,uri,http://www.wikidata.org/entity/Q971,literal,http://www.wikidata.org/entity/Q29584363,literal,,literal,,literal,http://www.wikidata.org/entity/Q71,literal,,ar,literal,منظمة الصحة العالمية,,,,wd:Q79
18,uri,http://www.wikidata.org/entity/Q7817,en,literal,World Health Organization,http://www.w3.org/2001/XMLSchema#decimal,literal,7000,http://www.w3.org/2001/XMLSchema#dateTime,literal,1948-04-07T00:00:00Z,uri,http://www.wikidata.org/entity/Q668,literal,http://www.wikidata.org/entity/Q29584363,literal,,literal,,literal,http://www.wikidata.org/entity/Q71,literal,,ar,literal,منظمة الصحة العالمية,,,,wd:Q79
19,uri,http://www.wikidata.org/entity/Q17061030,en,literal,Jumia,http://www.w3.org/2001/XMLSchema#decimal,literal,5000,http://www.w3.org/2001/XMLSchema#dateTime,literal,2012-01-01T00:00:00Z,uri,http://www.wikidata.org/entity/Q1036,literal,http://www.wikidata.org/entity/Q126793,literal,http://www.wikidata.org/entity/Q59750463,literal,,literal,http://www.wikidata.org/entity/Q1024647,literal,,en,literal,Jumia,,,,wd:Q79
20,uri,http://www.wikidata.org/entity/Q61885625,en,literal,Hilton Marsa Alam Nubian Resort,,,,http://www.w3.org/2001/XMLSchema#dateTime,literal,2011-07-01T00:00:00Z,uri,http://www.wikidata.org/entity/Q79,literal,,literal,,literal,,literal,,literal,,en,literal,Hilton Marsa Alam Nubian Resort,,,,wd:Q79
21,uri,http://www.wikidata.org/entity/Q64027244,en,literal,The Palace Port Ghalib,,,,,,,uri,http://www.wikidata.org/entity/Q79,literal,,literal,,literal,,literal,,literal,,,,,,,,wd:Q79
22,uri,http://www.wikidata.org/entity/Q746413,en,literal,Elsevier BV,http://www.w3.org/2001/XMLSchema#decimal,literal,6900,http://www.w3.org/2001/XMLSchema#dateTime,literal,1880-01-01T00:00:00Z,uri,http://www.wikidata.org/entity/Q29,literal,http://www.wikidata.org/entity/Q3972943,literal,,literal,,literal,"http://www.wikidata.org/entity/Q2662373, http://www.wikidata.org/entity/Q1345",literal,,,,,http://www.w3.org/2001/XMLSchema#decimal,literal,600000000,wd:Q79
23,uri,http://www.wikidata.org/entity/Q746413,en,literal,Elsevier BV,http://www.w3.org/2001/XMLSchema#decimal,literal,6900,http://www.w3.org/2001/XMLSchema#dateTime,literal,1880-01-01T00:00:00Z,uri,http://www.wikidata.org/entity/Q865,literal,http://www.wikidata.org/entity/Q3972943,literal,,literal,,literal,"http://www.wikidata.org/entity/Q2662373, http://www.wikidata.org/entity/Q1345",literal,,,,,http://www.w3.org/2001/XMLSchema#decimal,literal,600000000,wd:Q79
24,uri,http://www.wikidata.org/entity/Q63990925,en,literal,Helnan Palestine Hotel,,,,,,,uri,http://www.wikidata.org/entity/Q79,literal,,literal,,literal,,literal,,literal,,,,,,,,wd:Q79
25,uri,http://www.wikidata.org/entity/Q7817,en,literal,World Health Organization,http://www.w3.org/2001/XMLSchema#decimal,literal,7000,http://www.w3.org/2001/XMLSchema#dateTime,literal,1948-04-07T00:00:00Z,uri,http://www.wikidata.org/entity/Q35,literal,http://www.wikidata.org/entity/Q29584363,literal,,literal,,literal,http://www.wikidata.org/entity/Q71,literal,,fr,literal,Organisation mondiale de la Santé,,,,wd:Q79
26,uri,http://www.wikidata.org/entity/Q110552919,en,literal,Pyramisa Hotel Luxor,,,,,,,uri,http://www.wikidata.org/entity/Q79,literal,,literal,,literal,,literal,,literal,,,,,,,,wd:Q79
27,uri,http://www.wikidata.org/entity/Q17061030,en,literal,Jumia,http://www.w3.org/2001/XMLSchema#decimal,literal,5000,http://www.w3.org/2001/XMLSchema#dateTime,literal,2012-01-01T00:00:00Z,uri,http://www.wikidata.org/entity/Q1041,literal,http://www.wikidata.org/entity/Q126793,literal,http://www.wikidata.org/entity/Q59750463,literal,,literal,http://www.wikidata.org/entity/Q1024647,literal,,en,literal,Jumia,,,,wd:Q79
28,uri,http://www.wikidata.org/entity/Q7817,en,literal,World Health Organization,http://www.w3.org/2001/XMLSchema#decimal,literal,7000,http://www.w3.org/2001/XMLSchema#dateTime,literal,1948-04-07T00:00:00Z,uri,http://www.wikidata.org/entity/Q79,literal,http://www.wikidata.org/entity/Q29584363,literal,,literal,,literal,http://www.wikidata.org/entity/Q71,literal,,es,literal,Organización Mundial de la Salud,,,,wd:Q79
29,uri,http://www.wikidata.org/entity/Q746413,en,literal,Elsevier BV,http://www.w3.org/2001/XMLSchema#decimal,literal,6900,http://www.w3.org/2001/XMLSchema#dateTime,literal,1880-01-01T00:00:00Z,uri,http://www.wikidata.org/entity/Q38,literal,http://www.wikidata.org/entity/Q3972943,literal,,literal,,literal,"http://www.wikidata.org/entity/Q2662373, http://www.wikidata.org/entity/Q1345",literal,,,,,http://www.w3.org/2001/XMLSchema#decimal,literal,600000000,wd:Q79
30,uri,http://www.wikidata.org/entity/Q648845,en,literal,AlMasria Universal Airlines,,,,http://www.w3.org/2001/XMLSchema#dateTime,literal,2008-01-01T00:00:00Z,uri,http://www.wikidata.org/entity/Q79,literal,,literal,,literal,,literal,http://www.wikidata.org/entity/Q85,literal,,,,,,,,wd:Q79
31,uri,http://www.wikidata.org/entity/Q64017969,en,literal,Sheraton Soma Bay Resort,,,,,,,uri,http://www.wikidata.org/entity/Q79,literal,,literal,,literal,,literal,,literal,,ar,literal,شيراتون سوما باي ريزورت,,,,wd:Q79
32,uri,http://www.wikidata.org/entity/Q7370229,en,literal,Rotana Hotels,,,,http://www.w3.org/2001/XMLSchema#dateTime,literal,1992-01-01T00:00:00Z,uri,http://www.wikidata.org/entity/Q796,literal,,literal,,literal,,literal,http://www.wikidata.org/entity/Q1519,literal,,,,,,,,wd:Q79
33,uri,http://www.wikidata.org/entity/Q7817,en,literal,World Health Organization,http://www.w3.org/2001/XMLSchema#decimal,literal,7000,http://www.w3.org/2001/XMLSchema#dateTime,literal,1948-04-07T00:00:00Z,uri,http://www.wikidata.org/entity/Q39,literal,http://www.wikidata.org/entity/Q29584363,literal,,literal,,literal,http://www.wikidata.org/entity/Q71,literal,,fr,literal,Organisation mondiale de la Santé,,,,wd:Q79
34,uri,http://www.wikidata.org/entity/Q5430586,en,literal,Hilton Cairo Heliopolis,,,,http://www.w3.org/2001/XMLSchema#dateTime,literal,2018-02-01T00:00:00Z,uri,http://www.wikidata.org/entity/Q79,literal,,literal,,literal,,literal,,literal,,,,,,,,wd:Q79
35,uri,http://www.wikidata.org/entity/Q57655323,en,literal,Ali Pasha Hotel,,,,,,,uri,http://www.wikidata.org/entity/Q79,literal,,literal,,literal,,literal,,literal,,,,,,,,wd:Q79
36,uri,http://www.wikidata.org/entity/Q7817,en,literal,World Health Organization,http://www.w3.org/2001/XMLSchema#decimal,literal,7000,http://www.w3.org/2001/XMLSchema#dateTime,literal,1948-04-07T00:00:00Z,uri,http://www.wikidata.org/entity/Q928,literal,http://www.wikidata.org/entity/Q29584363,literal,,literal,,literal,http://www.wikidata.org/entity/Q71,literal,,zh-hans,literal,世界卫生组织,,,,wd:Q79
37,uri,http://www.wikidata.org/entity/Q30307361,en,literal,Hilton Hurghada Plaza,,,,,,,uri,http://www.wikidata.org/entity/Q79,literal,,literal,,literal,,literal,,literal,,en,literal,Hilton Hurghada Plaza,,,,wd:Q79
38,uri,http://www.wikidata.org/entity/Q114855639,en,literal,Focacceria,,,,,,,uri,http://www.wikidata.org/entity/Q79,literal,,literal,,literal,,literal,,literal,,,,,,,,wd:Q79
39,uri,http://www.wikidata.org/entity/Q57622147,en,literal,The Three Corners Rihana Inn,,,,,,,uri,http://www.wikidata.org/entity/Q79,literal,,literal,,literal,,literal,,literal,,,,,,,,wd:Q79
40,uri,http://www.wikidata.org/entity/Q112706079,en,literal,Teatro Eskendria,,,,,,,uri,http://www.wikidata.org/entity/Q79,literal,,literal,,literal,,literal,,literal,,,,,,,,wd:Q79
41,uri,http://www.wikidata.org/entity/Q111522758,en,literal,Spitfire,,,,,,,uri,http://www.wikidata.org/entity/Q79,literal,,literal,,literal,,literal,,literal,,,,,,,,wd:Q79
42,uri,http://www.wikidata.org/entity/Q109607397,en,literal,Atlas Publishing House,,,,,,,uri,http://www.wikidata.org/entity/Q79,literal,,literal,,literal,,literal,http://www.wikidata.org/entity/Q85,literal,,,,,,,,wd:Q79
43,uri,http://www.wikidata.org/entity/Q20857830,en,literal,Air Leisure,,,,http://www.w3.org/2001/XMLSchema#dateTime,literal,2014-01-01T00:00:00Z,uri,http://www.wikidata.org/entity/Q79,literal,,literal,,literal,,literal,http://www.wikidata.org/entity/Q85,literal,,,,,,,,wd:Q79
44,uri,http://www.wikidata.org/entity/Q7817,en,literal,World Health Organization,http://www.w3.org/2001/XMLSchema#decimal,literal,7000,http://www.w3.org/2001/XMLSchema#dateTime,literal,1948-04-07T00:00:00Z,uri,http://www.wikidata.org/entity/Q971,literal,http://www.wikidata.org/entity/Q29584363,literal,,literal,,literal,http://www.wikidata.org/entity/Q71,literal,,en,literal,World Health Organization,,,,wd:Q79
45,uri,http://www.wikidata.org/entity/Q7817,en,literal,World Health Organization,http://www.w3.org/2001/XMLSchema#decimal,literal,7000,http://www.w3.org/2001/XMLSchema#dateTime,literal,1948-04-07T00:00:00Z,uri,http://www.wikidata.org/entity/Q668,literal,http://www.wikidata.org/entity/Q29584363,literal,,literal,,literal,http://www.wikidata.org/entity/Q71,literal,,en,literal,World Health Organization,,,,wd:Q79
46,uri,http://www.wikidata.org/entity/Q7370229,en,literal,Rotana Hotels,,,,http://www.w3.org/2001/XMLSchema#dateTime,literal,1992-01-01T00:00:00Z,uri,http://www.wikidata.org/entity/Q810,literal,,literal,,literal,,literal,http://www.wikidata.org/entity/Q1519,literal,,,,,,,,wd:Q79
47,uri,http://www.wikidata.org/entity/Q12205263,en,literal,Almal News,,,,,,,uri,http://www.wikidata.org/entity/Q79,literal,,literal,,literal,,literal,,literal,,,,,,,,wd:Q79
48,uri,http://www.wikidata.org/entity/Q57440603,en,literal,Qasr El Bagawat Hotel,,,,,,,uri,http://www.wikidata.org/entity/Q79,literal,,literal,,literal,,literal,,literal,,,,,,,,wd:Q79
49,uri,http://www.wikidata.org/entity/Q110569362,en,literal,Iberotel Luxor,,,,,,,uri,http://www.wikidata.org/entity/Q79,literal,,literal,,literal,,literal,,literal,,,,,,,,wd:Q79
50,uri,http://www.wikidata.org/entity/Q57619029,en,literal,The Three Corners Ocean View Prestige Hotel,,,,,,,uri,http://www.wikidata.org/entity/Q79,literal,,literal,,literal,,literal,,literal,,,,,,,,wd:Q79
51,uri,http://www.wikidata.org/entity/Q746413,en,literal,Elsevier BV,http://www.w3.org/2001/XMLSchema#decimal,literal,6900,http://www.w3.org/2001/XMLSchema#dateTime,literal,1880-01-01T00:00:00Z,uri,http://www.wikidata.org/entity/Q884,literal,http://www.wikidata.org/entity/Q3972943,literal,,literal,,literal,"http://www.wikidata.org/entity/Q2662373, http://www.wikidata.org/entity/Q1345",literal,,,,,http://www.w3.org/2001/XMLSchema#decimal,literal,600000000,wd:Q79
52,uri,http://www.wikidata.org/entity/Q7817,en,literal,World Health Organization,http://www.w3.org/2001/XMLSchema#decimal,literal,7000,http://www.w3.org/2001/XMLSchema#dateTime,literal,1948-04-07T00:00:00Z,uri,http://www.wikidata.org/entity/Q79,literal,http://www.wikidata.org/entity/Q29584363,literal,,literal,,literal,http://www.wikidata.org/entity/Q71,literal,,ru,literal,Всемирная организация здравоохранения,,,,wd:Q79
53,uri,http://www.wikidata.org/entity/Q113775375,en,literal,Eco Nubia,,,,,,,uri,http://www.wikidata.org/entity/Q79,literal,,literal,,literal,,literal,,literal,,,,,,,,wd:Q79
54,uri,http://www.wikidata.org/entity/Q7817,en,literal,World Health Organization,http://www.w3.org/2001/XMLSchema#decimal,literal,7000,http://www.w3.org/2001/XMLSchema#dateTime,literal,1948-04-07T00:00:00Z,uri,http://www.wikidata.org/entity/Q928,literal,http://www.wikidata.org/entity/Q29584363,literal,,literal,,literal,http://www.wikidata.org/entity/Q71,literal,,es,literal,Organización Mundial de la Salud,,,,wd:Q79
55,uri,http://www.wikidata.org/entity/Q746413,en,literal,Elsevier BV,http://www.w3.org/2001/XMLSchema#decimal,literal,6900,http://www.w3.org/2001/XMLSchema#dateTime,literal,1880-01-01T00:00:00Z,uri,http://www.wikidata.org/entity/Q55,literal,http://www.wikidata.org/entity/Q3972943,literal,,literal,,literal,"http://www.wikidata.org/entity/Q2662373, http://www.wikidata.org/entity/Q1345",literal,,,,,http://www.w3.org/2001/XMLSchema#decimal,literal,600000000,wd:Q79
56,uri,http://www.wikidata.org/entity/Q110285078,en,literal,Triomphe Hotel,,,,,,,uri,http://www.wikidata.org/entity/Q79,literal,,literal,,literal,,literal,,literal,,,,,,,,wd:Q79
57,uri,http://www.wikidata.org/entity/Q4116122,en,literal,Akhbar el-Yom,,,,http://www.w3.org/2001/XMLSchema#dateTime,literal,1944-01-01T00:00:00Z,uri,http://www.wikidata.org/entity/Q79,literal,,literal,,literal,,literal,http://www.wikidata.org/entity/Q85,literal,,,,,,,,wd:Q79
58,uri,http://www.wikidata.org/entity/Q73621829,en,literal,Hilton Luxor Resort & Spa,,,,http://www.w3.org/2001/XMLSchema#dateTime,literal,1988-01-01T00:00:00Z,uri,http://www.wikidata.org/entity/Q79,literal,,literal,,literal,,literal,,literal,,en,literal,Hilton Luxor Resort & Spa,,,,wd:Q79
59,uri,http://www.wikidata.org/entity/Q110568986,en,literal,Aracan Eatabe Luxor Hotel,,,,,,,uri,http://www.wikidata.org/entity/Q79,literal,,literal,,literal,,literal,,literal,,,,,,,,wd:Q79
60,uri,http://www.wikidata.org/entity/Q17061030,en,literal,Jumia,http://www.w3.org/2001/XMLSchema#decimal,literal,5000,http://www.w3.org/2001/XMLSchema#dateTime,literal,2012-01-01T00:00:00Z,uri,http://www.wikidata.org/entity/Q79,literal,http://www.wikidata.org/entity/Q126793,literal,http://www.wikidata.org/entity/Q59750463,literal,,literal,http://www.wikidata.org/entity/Q1024647,literal,,en,literal,Jumia,,,,wd:Q79
61,uri,http://www.wikidata.org/entity/Q62694593,en,literal,Hard Rock Cafe Cairo,,,,,,,uri,http://www.wikidata.org/entity/Q79,literal,,literal,,literal,,literal,,literal,,,,,,,,wd:Q79
62,uri,http://www.wikidata.org/entity/Q7085427,en,literal,Sofitel Winter Palace Luxor,,,,http://www.w3.org/2001/XMLSchema#dateTime,literal,1907-01-01T00:00:00Z,uri,http://www.wikidata.org/entity/Q79,literal,,literal,,literal,,literal,,literal,,,,,,,,wd:Q79
63,uri,http://www.wikidata.org/entity/Q73312516,en,literal,Swvl,,,,http://www.w3.org/2001/XMLSchema#dateTime,literal,2017-01-01T00:00:00Z,uri,http://www.wikidata.org/entity/Q79,literal,,literal,,literal,,literal,http://www.wikidata.org/entity/Q612,literal,,,,,,,,wd:Q79
64,uri,http://www.wikidata.org/entity/Q111621611,en,literal,Turath for Research and studies,,,,,,,uri,http://www.wikidata.org/entity/Q79,literal,,literal,,literal,,literal,http://www.wikidata.org/entity/Q85,literal,,,,,,,,wd:Q79
65,uri,http://www.wikidata.org/entity/Q104786130,en,literal,Cairo Jazz Club,,,,,,,uri,http://www.wikidata.org/entity/Q79,literal,,literal,,literal,,literal,,literal,,,,,,,,wd:Q79
66,uri,http://www.wikidata.org/entity/Q111857768,en,literal,El Gezira Garden Hotel Luxor,,,,,,,uri,http://www.wikidata.org/entity/Q79,literal,,literal,,literal,,literal,,literal,,,,,,,,wd:Q79
67,uri,http://www.wikidata.org/entity/Q56613006,en,literal,PushBots,,,,http://www.w3.org/2001/XMLSchema#dateTime,literal,2012-10-01T00:00:00Z,uri,http://www.wikidata.org/entity/Q79,literal,,literal,,literal,,literal,http://www.wikidata.org/entity/Q85,literal,,,,,,,,wd:Q79
68,uri,http://www.wikidata.org/entity/Q1935533,en,literal,Millie's Cookies,,,,http://www.w3.org/2001/XMLSchema#dateTime,literal,1985-01-01T00:00:00Z,uri,http://www.wikidata.org/entity/Q183,literal,,literal,,literal,,literal,http://www.wikidata.org/entity/Q84,literal,,,,,,,,wd:Q79
69,uri,http://www.wikidata.org/entity/Q7553762,en,literal,Sofitel Cairo El Gezirah,,,,,,,uri,http://www.wikidata.org/entity/Q79,literal,,literal,,literal,,literal,,literal,,,,,,,,wd:Q79
70,uri,http://www.wikidata.org/entity/Q7370229,en,literal,Rotana Hotels,,,,http://www.w3.org/2001/XMLSchema#dateTime,literal,1992-01-01T00:00:00Z,uri,http://www.wikidata.org/entity/Q817,literal,,literal,,literal,,literal,http://www.wikidata.org/entity/Q1519,literal,,,,,,,,wd:Q79
71,uri,http://www.wikidata.org/entity/Q52288843,en,literal,Alam Al-Kotob,,,,,,,uri,http://www.wikidata.org/entity/Q79,literal,,literal,,literal,,literal,http://www.wikidata.org/entity/Q85,literal,,,,,,,,wd:Q79
72,uri,http://www.wikidata.org/entity/Q111857807,en,literal,Siwa Shali Resort,,,,,,,uri,http://www.wikidata.org/entity/Q79,literal,,literal,,literal,,literal,,literal,,,,,,,,wd:Q79
73,uri,http://www.wikidata.org/entity/Q7370229,en,literal,Rotana Hotels,,,,http://www.w3.org/2001/XMLSchema#dateTime,literal,1992-01-01T00:00:00Z,uri,http://www.wikidata.org/entity/Q822,literal,,literal,,literal,,literal,http://www.wikidata.org/entity/Q1519,literal,,,,,,,,wd:Q79
74,uri,http://www.wikidata.org/entity/Q64027623,en,literal,Marina View Hotel Port Ghalib,,,,,,,uri,http://www.wikidata.org/entity/Q79,literal,,literal,,literal,,literal,,literal,,,,,,,,wd:Q79
75,uri,http://www.wikidata.org/entity/Q57243841,en,literal,Sheraton Miramar Resort El Gouna,,,,,,,uri,http://www.wikidata.org/entity/Q79,literal,,literal,,literal,,literal,,literal,,,,,,,,wd:Q79
76,uri,http://www.wikidata.org/entity/Q7370229,en,literal,Rotana Hotels,,,,http://www.w3.org/2001/XMLSchema#dateTime,literal,1992-01-01T00:00:00Z,uri,http://www.wikidata.org/entity/Q974,literal,,literal,,literal,,literal,http://www.wikidata.org/entity/Q1519,literal,,,,,,,,wd:Q79
77,uri,http://www.wikidata.org/entity/Q113578673,en,literal,Adrère Amellal Eco-Lodge,,,,,,,uri,http://www.wikidata.org/entity/Q79,literal,,literal,,literal,,literal,,literal,,,,,,,,wd:Q79
78,uri,http://www.wikidata.org/entity/Q111531949,en,literal,Delta Hotel,,,,,,,uri,http://www.wikidata.org/entity/Q79,literal,,literal,,literal,,literal,,literal,,,,,,,,wd:Q79
79,uri,http://www.wikidata.org/entity/Q110475804,en,literal,Go Bus,,,,http://www.w3.org/2001/XMLSchema#dateTime,literal,1998-01-01T00:00:00Z,uri,http://www.wikidata.org/entity/Q79,literal,,literal,,literal,,literal,http://www.wikidata.org/entity/Q85,literal,,,,,,,,wd:Q79
80,uri,http://www.wikidata.org/entity/Q62068054,en,literal,Conrad Cairo,,,,http://www.w3.org/2001/XMLSchema#dateTime,literal,1999-02-01T00:00:00Z,uri,http://www.wikidata.org/entity/Q79,literal,,literal,,literal,,literal,,literal,,ar,literal,كونراد القاهرة,,,,wd:Q79
81,uri,http://www.wikidata.org/entity/Q57890373,en,literal,Old Oasis Hotel and Safari,,,,,,,uri,http://www.wikidata.org/entity/Q79,literal,,literal,,literal,,literal,,literal,,,,,,,,wd:Q79
82,uri,http://www.wikidata.org/entity/Q60516557,en,literal,Mövenpick Resort El Quseir,,,,,,,uri,http://www.wikidata.org/entity/Q79,literal,,literal,,literal,,literal,,literal,,en,literal,Mövenpick Resort El Quseir,,,,wd:Q79
83,uri,http://www.wikidata.org/entity/Q7817,en,literal,World Health Organization,http://www.w3.org/2001/XMLSchema#decimal,literal,7000,http://www.w3.org/2001/XMLSchema#dateTime,literal,1948-04-07T00:00:00Z,uri,http://www.wikidata.org/entity/Q928,literal,http://www.wikidata.org/entity/Q29584363,literal,,literal,,literal,http://www.wikidata.org/entity/Q71,literal,,ru,literal,Всемирная организация здравоохранения,,,,wd:Q79
84,uri,http://www.wikidata.org/entity/Q111530503,en,literal,Acropole Hotel,,,,,,,uri,http://www.wikidata.org/entity/Q79,literal,,literal,,literal,,literal,,literal,,,,,,,,wd:Q79
85,uri,http://www.wikidata.org/entity/Q57653719,en,literal,Dawar El Omda Boutique Hotel,,,,,,,uri,http://www.wikidata.org/entity/Q79,literal,,literal,,literal,,literal,,literal,,,,,,,,wd:Q79
86,uri,http://www.wikidata.org/entity/Q57442976,en,literal,Hala Hotel,,,,,,,uri,http://www.wikidata.org/entity/Q79,literal,,literal,,literal,,literal,,literal,,,,,,,,wd:Q79
87,uri,http://www.wikidata.org/entity/Q112704899,en,literal,Grand Gad,,,,,,,uri,http://www.wikidata.org/entity/Q79,literal,,literal,,literal,,literal,,literal,http://www.wikidata.org/entity/Q111379339,,,,,,,wd:Q79
88,uri,http://www.wikidata.org/entity/Q64027494,en,literal,Marina Lodge at Port Ghalib,,,,,,,uri,http://www.wikidata.org/entity/Q79,literal,,literal,,literal,,literal,,literal,,,,,,,,wd:Q79
89,uri,http://www.wikidata.org/entity/Q110487496,en,literal,Emilio Hotel,,,,,,,uri,http://www.wikidata.org/entity/Q79,literal,,literal,,literal,,literal,,literal,,,,,,,,wd:Q79
90,uri,http://www.wikidata.org/entity/Q56506795,en,literal,Nile Ritz-Carlton,,,,,,,uri,http://www.wikidata.org/entity/Q79,literal,,literal,,literal,,literal,,literal,,,,,,,,wd:Q79
91,uri,http://www.wikidata.org/entity/Q112673852,en,literal,Semiramis Hotel,,,,,,,uri,http://www.wikidata.org/entity/Q79,literal,,literal,,literal,,literal,,literal,,,,,,,,wd:Q79
92,uri,http://www.wikidata.org/entity/Q61885625,en,literal,Hilton Marsa Alam Nubian Resort,,,,http://www.w3.org/2001/XMLSchema#dateTime,literal,2011-07-01T00:00:00Z,uri,http://www.wikidata.org/entity/Q79,literal,,literal,,literal,,literal,,literal,,ar,literal,منتجع هيلتون مرسى علم,,,,wd:Q79
93,uri,http://www.wikidata.org/entity/Q85784760,en,literal,Meeza,,,,http://www.w3.org/2001/XMLSchema#dateTime,literal,2019-01-01T00:00:00Z,uri,http://www.wikidata.org/entity/Q79,literal,http://www.wikidata.org/entity/Q837171,literal,,literal,,literal,http://www.wikidata.org/entity/Q85,literal,,en,literal,Meeza,,,,wd:Q79
94,uri,http://www.wikidata.org/entity/Q110489249,en,literal,Athineos,,,,,,,uri,http://www.wikidata.org/entity/Q79,literal,,literal,,literal,,literal,,literal,,,,,,,,wd:Q79
95,uri,http://www.wikidata.org/entity/Q7817,en,literal,World Health Organization,http://www.w3.org/2001/XMLSchema#decimal,literal,7000,http://www.w3.org/2001/XMLSchema#dateTime,literal,1948-04-07T00:00:00Z,uri,http://www.wikidata.org/entity/Q30,literal,http://www.wikidata.org/entity/Q29584363,literal,,literal,,literal,http://www.wikidata.org/entity/Q71,literal,,ar,literal,منظمة الصحة العالمية,,,,wd:Q79
96,uri,http://www.wikidata.org/entity/Q2723670,en,literal,Ain Shams University,,,,http://www.w3.org/2001/XMLSchema#dateTime,literal,1950-01-01T00:00:00Z,uri,http://www.wikidata.org/entity/Q79,literal,,literal,,literal,,literal,,literal,,,,,,,,wd:Q79
97,uri,http://www.wikidata.org/entity/Q105659399,en,literal,Saint Mark Foundation for Coptic Studies,,,,http://www.w3.org/2001/XMLSchema#dateTime,literal,1998-01-01T00:00:00Z,uri,http://www.wikidata.org/entity/Q79,literal,,literal,,literal,,literal,"http://www.wikidata.org/entity/Q1065497, http://www.wikidata.org/entity/Q145356",literal,,,,,,,,wd:Q79
98,uri,http://www.wikidata.org/entity/Q57621052,en,literal,The Three Corners Rihana Resort,,,,,,,uri,http://www.wikidata.org/entity/Q79,literal,,literal,,literal,,literal,,literal,,,,,,,,wd:Q79
99,uri,http://www.wikidata.org/entity/Q111999219,en,literal,Sakkara Inn,,,,,,,uri,http://www.wikidata.org/entity/Q79,literal,,literal,,literal,,literal,,literal,,,,,,,,wd:Q79
100,uri,http://www.wikidata.org/entity/Q57821388,en,literal,Ahmed Safari Camp & Hotel,,,,,,,uri,http://www.wikidata.org/entity/Q79,literal,,literal,,literal,,literal,,literal,,,,,,,,wd:Q79
101,uri,http://www.wikidata.org/entity/Q64007246,en,literal,The Breakers Diving and Surfing Lodge,,,,,,,uri,http://www.wikidata.org/entity/Q79,literal,,literal,,literal,,literal,,literal,,ar,literal,ذا بريكيرز دايفينج إند سيرفينج لودج,,,,wd:Q79
102,uri,http://www.wikidata.org/entity/Q111524162,en,literal,Fayrouz,,,,,,,uri,http://www.wikidata.org/entity/Q79,literal,,literal,,literal,,literal,,literal,,,,,,,,wd:Q79
103,uri,http://www.wikidata.org/entity/Q57651724,en,literal,Sultan Bey Hotel,,,,,,,uri,http://www.wikidata.org/entity/Q79,literal,,literal,,literal,,literal,,literal,,,,,,,,wd:Q79
104,uri,http://www.wikidata.org/entity/Q7817,en,literal,World Health Organization,http://www.w3.org/2001/XMLSchema#decimal,literal,7000,http://www.w3.org/2001/XMLSchema#dateTime,literal,1948-04-07T00:00:00Z,uri,http://www.wikidata.org/entity/Q39,literal,http://www.wikidata.org/entity/Q29584363,literal,,literal,,literal,http://www.wikidata.org/entity/Q71,literal,,zh-hans,literal,世界卫生组织,,,,wd:Q79
105,uri,http://www.wikidata.org/entity/Q20949716,en,literal,InterContinental Cairo Semiramis,,,,,,,uri,http://www.wikidata.org/entity/Q79,literal,,literal,,literal,,literal,,literal,,,,,,,,wd:Q79
106,uri,http://www.wikidata.org/entity/Q61051858,en,literal,El Beyt Hotel,,,,,,,uri,http://www.wikidata.org/entity/Q79,literal,,literal,,literal,,literal,,literal,,,,,,,,wd:Q79
107,uri,http://www.wikidata.org/entity/Q7817,en,literal,World Health Organization,http://www.w3.org/2001/XMLSchema#decimal,literal,7000,http://www.w3.org/2001/XMLSchema#dateTime,literal,1948-04-07T00:00:00Z,uri,http://www.wikidata.org/entity/Q971,literal,http://www.wikidata.org/entity/Q29584363,literal,,literal,,literal,http://www.wikidata.org/entity/Q71,literal,,fr,literal,Organisation mondiale de la Santé,,,,wd:Q79
108,uri,http://www.wikidata.org/entity/Q8024637,en,literal,Windsor Hotel,,,,http://www.w3.org/2001/XMLSchema#dateTime,literal,1893-01-01T00:00:00Z,uri,http://www.wikidata.org/entity/Q79,literal,,literal,,literal,,literal,,literal,,,,,,,,wd:Q79
109,uri,http://www.wikidata.org/entity/Q110570614,en,literal,Venus Hotel & Hostel,,,,,,,uri,http://www.wikidata.org/entity/Q79,literal,,literal,,literal,,literal,,literal,,,,,,,,wd:Q79
110,uri,http://www.wikidata.org/entity/Q7817,en,literal,World Health Organization,http://www.w3.org/2001/XMLSchema#decimal,literal,7000,http://www.w3.org/2001/XMLSchema#dateTime,literal,1948-04-07T00:00:00Z,uri,http://www.wikidata.org/entity/Q668,literal,http://www.wikidata.org/entity/Q29584363,literal,,literal,,literal,http://www.wikidata.org/entity/Q71,literal,,fr,literal,Organisation mondiale de la Santé,,,,wd:Q79
111,uri,http://www.wikidata.org/entity/Q105259668,en,literal,Pyramisa Island Aswan,,,,,,,uri,http://www.wikidata.org/entity/Q79,literal,,literal,,literal,,literal,,literal,,,,,,,,wd:Q79
112,uri,http://www.wikidata.org/entity/Q746413,en,literal,Elsevier BV,http://www.w3.org/2001/XMLSchema#decimal,literal,6900,http://www.w3.org/2001/XMLSchema#dateTime,literal,1880-01-01T00:00:00Z,uri,http://www.wikidata.org/entity/Q668,literal,http://www.wikidata.org/entity/Q3972943,literal,,literal,,literal,"http://www.wikidata.org/entity/Q2662373, http://www.wikidata.org/entity/Q1345",literal,,,,,http://www.w3.org/2001/XMLSchema#decimal,literal,600000000,wd:Q79
113,uri,http://www.wikidata.org/entity/Q105064101,en,literal,Mövenpick Resort Aswan,,,,,,,uri,http://www.wikidata.org/entity/Q79,literal,,literal,,literal,,literal,,literal,,,,,,,,wd:Q79
114,uri,http://www.wikidata.org/entity/Q57241344,en,literal,La Maison Bleue,,,,,,,uri,http://www.wikidata.org/entity/Q79,literal,,literal,,literal,,literal,,literal,,,,,,,,wd:Q79
115,uri,http://www.wikidata.org/entity/Q7817,en,literal,World Health Organization,http://www.w3.org/2001/XMLSchema#decimal,literal,7000,http://www.w3.org/2001/XMLSchema#dateTime,literal,1948-04-07T00:00:00Z,uri,http://www.wikidata.org/entity/Q30,literal,http://www.wikidata.org/entity/Q29584363,literal,,literal,,literal,http://www.wikidata.org/entity/Q71,literal,,es,literal,Organización Mundial de la Salud,,,,wd:Q79
116,uri,http://www.wikidata.org/entity/Q110488688,en,literal,Abo Nasser,,,,,,,uri,http://www.wikidata.org/entity/Q79,literal,,literal,,literal,,literal,,literal,,,,,,,,wd:Q79
117,uri,http://www.wikidata.org/entity/Q113587854,en,literal,Eskaleh Nubian Ecolodge,,,,,,,uri,http://www.wikidata.org/entity/Q79,literal,,literal,,literal,,literal,,literal,,,,,,,,wd:Q79
118,uri,http://www.wikidata.org/entity/Q7643697,en,literal,Superjet Lines,,,,http://www.w3.org/2001/XMLSchema#dateTime,literal,1974-01-01T00:00:00Z,uri,http://www.wikidata.org/entity/Q79,literal,,literal,,literal,,literal,http://www.wikidata.org/entity/Q85,literal,,,,,,,,wd:Q79
119,uri,http://www.wikidata.org/entity/Q7817,en,literal,World Health Organization,http://www.w3.org/2001/XMLSchema#decimal,literal,7000,http://www.w3.org/2001/XMLSchema#dateTime,literal,1948-04-07T00:00:00Z,uri,http://www.wikidata.org/entity/Q79,literal,http://www.wikidata.org/entity/Q29584363,literal,,literal,,literal,http://www.wikidata.org/entity/Q71,literal,,en,literal,World Health Organization,,,,wd:Q79
120,uri,http://www.wikidata.org/entity/Q106202917,en,literal,Swiss Inn Resort Hurghada,,,,,,,uri,http://www.wikidata.org/entity/Q79,literal,,literal,,literal,,literal,,literal,,,,,,,,wd:Q79
121,uri,http://www.wikidata.org/entity/Q110487283,en,literal,Gaddis Hotel,,,,,,,uri,http://www.wikidata.org/entity/Q79,literal,,literal,,literal,,literal,,literal,,,,,,,,wd:Q79
122,uri,http://www.wikidata.org/entity/Q20949330,en,literal,Fairmont Nile City,,,,,,,uri,http://www.wikidata.org/entity/Q79,literal,,literal,,literal,,literal,,literal,,,,,,,,wd:Q79
123,uri,http://www.wikidata.org/entity/Q7370229,en,literal,Rotana Hotels,,,,http://www.w3.org/2001/XMLSchema#dateTime,literal,1992-01-01T00:00:00Z,uri,http://www.wikidata.org/entity/Q1049,literal,,literal,,literal,,literal,http://www.wikidata.org/entity/Q1519,literal,,,,,,,,wd:Q79
124,uri,http://www.wikidata.org/entity/Q105219383,en,literal,Basma Hotel,,,,,,,uri,http://www.wikidata.org/entity/Q79,literal,,literal,,literal,,literal,,literal,,,,,,,,wd:Q79
125,uri,http://www.wikidata.org/entity/Q7817,en,literal,World Health Organization,http://www.w3.org/2001/XMLSchema#decimal,literal,7000,http://www.w3.org/2001/XMLSchema#dateTime,literal,1948-04-07T00:00:00Z,uri,http://www.wikidata.org/entity/Q928,literal,http://www.wikidata.org/entity/Q29584363,literal,,literal,,literal,http://www.wikidata.org/entity/Q71,literal,,ar,literal,منظمة الصحة العالمية,,,,wd:Q79
126,uri,http://www.wikidata.org/entity/Q111857806,en,literal,Helnan Auberge Fayoum,,,,,,,uri,http://www.wikidata.org/entity/Q79,literal,,literal,,literal,,literal,,literal,,,,,,,,wd:Q79
127,uri,http://www.wikidata.org/entity/Q112660225,en,literal,Oak Bay,,,,,,,uri,http://www.wikidata.org/entity/Q79,literal,,literal,,literal,,literal,,literal,,,,,,,,wd:Q79
128,uri,http://www.wikidata.org/entity/Q110487835,en,literal,Susanna Hotel,,,,,,,uri,http://www.wikidata.org/entity/Q79,literal,,literal,,literal,,literal,,literal,,,,,,,,wd:Q79
129,uri,http://www.wikidata.org/entity/Q4992538,en,literal,Housaper,,,,http://www.w3.org/2001/XMLSchema#dateTime,literal,1915-01-01T00:00:00Z,uri,http://www.wikidata.org/entity/Q79,literal,,literal,,literal,,literal,,literal,,,,,,,,wd:Q79
130,uri,http://www.wikidata.org/entity/Q7817,en,literal,World Health Organization,http://www.w3.org/2001/XMLSchema#decimal,literal,7000,http://www.w3.org/2001/XMLSchema#dateTime,literal,1948-04-07T00:00:00Z,uri,http://www.wikidata.org/entity/Q35,literal,http://www.wikidata.org/entity/Q29584363,literal,,literal,,literal,http://www.wikidata.org/entity/Q71,literal,,es,literal,Organización Mundial de la Salud,,,,wd:Q79
131,uri,http://www.wikidata.org/entity/Q112660068,en,literal,The Chocolate Factory,,,,,,,uri,http://www.wikidata.org/entity/Q79,literal,,literal,,literal,,literal,,literal,,,,,,,,wd:Q79
132,uri,http://www.wikidata.org/entity/Q4118246,en,literal,Smart Aviation Company,,,,http://www.w3.org/2001/XMLSchema#dateTime,literal,2007-01-01T00:00:00Z,uri,http://www.wikidata.org/entity/Q79,literal,,literal,,literal,,literal,http://www.wikidata.org/entity/Q85,literal,,,,,,,,wd:Q79
133,uri,http://www.wikidata.org/entity/Q111857793,en,literal,Pyramids Luxor Hotel & SPA,,,,,,,uri,http://www.wikidata.org/entity/Q79,literal,,literal,,literal,,literal,,literal,,,,,,,,wd:Q79
134,uri,http://www.wikidata.org/entity/Q67098756,en,literal,Albatros Citadel Resort,,,,,,,uri,http://www.wikidata.org/entity/Q79,literal,,literal,,literal,,literal,,literal,,,,,,,,wd:Q79
135,uri,http://www.wikidata.org/entity/Q111119478,en,literal,Cecilia Hotel Cairo,,,,,,,uri,http://www.wikidata.org/entity/Q79,literal,,literal,,literal,,literal,,literal,,,,,,,,wd:Q79
136,uri,http://www.wikidata.org/entity/Q110497577,en,literal,Trianon 1905,,,,,,,uri,http://www.wikidata.org/entity/Q79,literal,,literal,,literal,,literal,,literal,,,,,,,,wd:Q79
137,uri,http://www.wikidata.org/entity/Q17461423,en,literal,Kempinski Hotel Soma Bay,,,,,,,uri,http://www.wikidata.org/entity/Q79,literal,,literal,,literal,,literal,,literal,,en,literal,Kempinski Hotel Soma Bay,,,,wd:Q79
138,uri,http://www.wikidata.org/entity/Q57654071,en,literal,Fanadir Hotel El Gouna,,,,,,,uri,http://www.wikidata.org/entity/Q79,literal,,literal,,literal,,literal,,literal,,,,,,,,wd:Q79
139,uri,http://www.wikidata.org/entity/Q4119563,en,literal,National Bank of Egypt,,,,http://www.w3.org/2001/XMLSchema#dateTime,literal,1898-06-25T00:00:00Z,uri,http://www.wikidata.org/entity/Q79,literal,"http://www.wikidata.org/entity/Q57774188, http://www.wikidata.org/entity/Q806718",literal,,literal,,literal,http://www.wikidata.org/entity/Q85,literal,,,,,,,,wd:Q79
140,uri,http://www.wikidata.org/entity/Q7817,en,literal,World Health Organization,http://www.w3.org/2001/XMLSchema#decimal,literal,7000,http://www.w3.org/2001/XMLSchema#dateTime,literal,1948-04-07T00:00:00Z,uri,http://www.wikidata.org/entity/Q39,literal,http://www.wikidata.org/entity/Q29584363,literal,,literal,,literal,http://www.wikidata.org/entity/Q71,literal,,es,literal,Organización Mundial de la Salud,,,,wd:Q79
141,uri,http://www.wikidata.org/entity/Q5056137,en,literal,Cecil Hotel,,,,,,,uri,http://www.wikidata.org/entity/Q79,literal,,literal,,literal,,literal,,literal,,,,,,,,wd:Q79
142,uri,http://www.wikidata.org/entity/Q114358004,,literal,Q114358004,,,,,,,uri,http://www.wikidata.org/entity/Q79,literal,,literal,,literal,,literal,http://www.wikidata.org/entity/Q87,literal,,,,,,,,wd:Q79
143,uri,http://www.wikidata.org/entity/Q65021768,en,literal,SOLAV Hairdresser,,,,,,,uri,http://www.wikidata.org/entity/Q79,literal,,literal,,literal,,literal,,literal,,,,,,,,wd:Q79
144,uri,http://www.wikidata.org/entity/Q746413,en,literal,Elsevier BV,http://www.w3.org/2001/XMLSchema#decimal,literal,6900,http://www.w3.org/2001/XMLSchema#dateTime,literal,1880-01-01T00:00:00Z,uri,http://www.wikidata.org/entity/Q145,literal,http://www.wikidata.org/entity/Q3972943,literal,,literal,,literal,"http://www.wikidata.org/entity/Q2662373, http://www.wikidata.org/entity/Q1345",literal,,,,,http://www.w3.org/2001/XMLSchema#decimal,literal,600000000,wd:Q79
145,uri,http://www.wikidata.org/entity/Q12231503,,literal,Q12231503,,,,http://www.w3.org/2001/XMLSchema#dateTime,literal,2013-01-01T00:00:00Z,uri,http://www.wikidata.org/entity/Q79,literal,,literal,,literal,,literal,,literal,,,,,,,,wd:Q79
146,uri,http://www.wikidata.org/entity/Q64027567,en,literal,The Three Corners Fayrouz Plaza Beach Resort,,,,,,,uri,http://www.wikidata.org/entity/Q79,literal,,literal,,literal,,literal,,literal,,,,,,,,wd:Q79
147,uri,http://www.wikidata.org/entity/Q63341790,en,literal,Ramses Hilton,,,,,,,uri,http://www.wikidata.org/entity/Q79,literal,,literal,,literal,,literal,,literal,,,,,,,,wd:Q79
148,uri,http://www.wikidata.org/entity/Q107563394,en,literal,National Center For Translation,,,,,,,uri,http://www.wikidata.org/entity/Q79,literal,,literal,,literal,,literal,http://www.wikidata.org/entity/Q85,literal,,,,,,,,wd:Q79
149,uri,http://www.wikidata.org/entity/Q1147012,en,literal,Air Cairo,,,,http://www.w3.org/2001/XMLSchema#dateTime,literal,1997-01-01T00:00:00Z,uri,http://www.wikidata.org/entity/Q79,literal,,literal,,literal,,literal,http://www.wikidata.org/entity/Q85,literal,,,,,,,,wd:Q79
150,uri,http://www.wikidata.org/entity/Q114355566,en,literal,Safeer Publishing,,,,http://www.w3.org/2001/XMLSchema#dateTime,literal,1982-01-01T00:00:00Z,uri,http://www.wikidata.org/entity/Q79,literal,,literal,,literal,,literal,http://www.wikidata.org/entity/Q4165945,literal,,,,,,,,wd:Q79
151,uri,http://www.wikidata.org/entity/Q12231151,en,literal,Windsor Palace Hotel,,,,,,,uri,http://www.wikidata.org/entity/Q79,literal,,literal,,literal,,literal,,literal,,,,,,,,wd:Q79
152,uri,http://www.wikidata.org/entity/Q111530875,en,literal,Ramsis Hotel,,,,,,,uri,http://www.wikidata.org/entity/Q79,literal,,literal,,literal,,literal,,literal,,,,,,,,wd:Q79
153,uri,http://www.wikidata.org/entity/Q746413,en,literal,Elsevier BV,http://www.w3.org/2001/XMLSchema#decimal,literal,6900,http://www.w3.org/2001/XMLSchema#dateTime,literal,1880-01-01T00:00:00Z,uri,http://www.wikidata.org/entity/Q148,literal,http://www.wikidata.org/entity/Q3972943,literal,,literal,,literal,"http://www.wikidata.org/entity/Q2662373, http://www.wikidata.org/entity/Q1345",literal,,,,,http://www.w3.org/2001/XMLSchema#decimal,literal,600000000,wd:Q79
154,uri,http://www.wikidata.org/entity/Q7370229,en,literal,Rotana Hotels,,,,http://www.w3.org/2001/XMLSchema#dateTime,literal,1992-01-01T00:00:00Z,uri,http://www.wikidata.org/entity/Q79,literal,,literal,,literal,,literal,http://www.wikidata.org/entity/Q1519,literal,,,,,,,,wd:Q79
155,uri,http://www.wikidata.org/entity/Q17061030,en,literal,Jumia,http://www.w3.org/2001/XMLSchema#decimal,literal,5000,http://www.w3.org/2001/XMLSchema#dateTime,literal,2012-01-01T00:00:00Z,uri,http://www.wikidata.org/entity/Q1008,literal,http://www.wikidata.org/entity/Q126793,literal,http://www.wikidata.org/entity/Q59750463,literal,,literal,http://www.wikidata.org/entity/Q1024647,literal,,en,literal,Jumia,,,,wd:Q79
156,uri,http://www.wikidata.org/entity/Q17061030,en,literal,Jumia,http://www.w3.org/2001/XMLSchema#decimal,literal,5000,http://www.w3.org/2001/XMLSchema#dateTime,literal,2012-01-01T00:00:00Z,uri,http://www.wikidata.org/entity/Q262,literal,http://www.wikidata.org/entity/Q126793,literal,http://www.wikidata.org/entity/Q59750463,literal,,literal,http://www.wikidata.org/entity/Q1024647,literal,,en,literal,Jumia,,,,wd:Q79
157,uri,http://www.wikidata.org/entity/Q7817,en,literal,World Health Organization,http://www.w3.org/2001/XMLSchema#decimal,literal,7000,http://www.w3.org/2001/XMLSchema#dateTime,literal,1948-04-07T00:00:00Z,uri,http://www.wikidata.org/entity/Q30,literal,http://www.wikidata.org/entity/Q29584363,literal,,literal,,literal,http://www.wikidata.org/entity/Q71,literal,,ru,literal,Всемирная организация здравоохранения,,,,wd:Q79
158,uri,http://www.wikidata.org/entity/Q111531053,en,literal,Sea Star Hotel,,,,,,,uri,http://www.wikidata.org/entity/Q79,literal,,literal,,literal,,literal,,literal,,,,,,,,wd:Q79
159,uri,http://www.wikidata.org/entity/Q17061030,en,literal,Jumia,http://www.w3.org/2001/XMLSchema#decimal,literal,5000,http://www.w3.org/2001/XMLSchema#dateTime,literal,2012-01-01T00:00:00Z,uri,http://www.wikidata.org/entity/Q1009,literal,http://www.wikidata.org/entity/Q126793,literal,http://www.wikidata.org/entity/Q59750463,literal,,literal,http://www.wikidata.org/entity/Q1024647,literal,,en,literal,Jumia,,,,wd:Q79
160,uri,http://www.wikidata.org/entity/Q746413,en,literal,Elsevier BV,http://www.w3.org/2001/XMLSchema#decimal,literal,6900,http://www.w3.org/2001/XMLSchema#dateTime,literal,1880-01-01T00:00:00Z,uri,http://www.wikidata.org/entity/Q155,literal,http://www.wikidata.org/entity/Q3972943,literal,,literal,,literal,"http://www.wikidata.org/entity/Q2662373, http://www.wikidata.org/entity/Q1345",literal,,,,,http://www.w3.org/2001/XMLSchema#decimal,literal,600000000,wd:Q79
161,uri,http://www.wikidata.org/entity/Q64016780,en,literal,ROBINSON club Soma Bay,,,,,,,uri,http://www.wikidata.org/entity/Q79,literal,,literal,,literal,,literal,,literal,,de,literal,ROBINSON CLUB Soma Bay,,,,wd:Q79
162,uri,http://www.wikidata.org/entity/Q57243235,en,literal,Ancient Sands Golf Resort,,,,,,,uri,http://www.wikidata.org/entity/Q79,literal,,literal,,literal,,literal,,literal,,,,,,,,wd:Q79
163,uri,http://www.wikidata.org/entity/Q111857770,en,literal,El Mesala Hotel,,,,,,,uri,http://www.wikidata.org/entity/Q79,literal,,literal,,literal,,literal,,literal,,,,,,,,wd:Q79
164,uri,http://www.wikidata.org/entity/Q57243653,en,literal,Mövenpick Resort & Spa El Gouna,,,,,,,uri,http://www.wikidata.org/entity/Q79,literal,,literal,,literal,,literal,,literal,,,,,,,,wd:Q79
165,uri,http://www.wikidata.org/entity/Q7817,en,literal,World Health Organization,http://www.w3.org/2001/XMLSchema#decimal,literal,7000,http://www.w3.org/2001/XMLSchema#dateTime,literal,1948-04-07T00:00:00Z,uri,http://www.wikidata.org/entity/Q928,literal,http://www.wikidata.org/entity/Q29584363,literal,,literal,,literal,http://www.wikidata.org/entity/Q71,literal,,en,literal,World Health Organization,,,,wd:Q79
166,uri,http://www.wikidata.org/entity/Q7817,en,literal,World Health Organization,http://www.w3.org/2001/XMLSchema#decimal,literal,7000,http://www.w3.org/2001/XMLSchema#dateTime,literal,1948-04-07T00:00:00Z,uri,http://www.wikidata.org/entity/Q35,literal,http://www.wikidata.org/entity/Q29584363,literal,,literal,,literal,http://www.wikidata.org/entity/Q71,literal,,ru,literal,Всемирная организация здравоохранения,,,,wd:Q79
167,uri,http://www.wikidata.org/entity/Q746413,en,literal,Elsevier BV,http://www.w3.org/2001/XMLSchema#decimal,literal,6900,http://www.w3.org/2001/XMLSchema#dateTime,literal,1880-01-01T00:00:00Z,uri,http://www.wikidata.org/entity/Q8646,literal,http://www.wikidata.org/entity/Q3972943,literal,,literal,,literal,"http://www.wikidata.org/entity/Q2662373, http://www.wikidata.org/entity/Q1345",literal,,,,,http://www.w3.org/2001/XMLSchema#decimal,literal,600000000,wd:Q79
168,uri,http://www.wikidata.org/entity/Q1583794,en,literal,Telecom Egypt,,,,http://www.w3.org/2001/XMLSchema#dateTime,literal,1854-01-01T00:00:00Z,uri,http://www.wikidata.org/entity/Q79,literal,http://www.wikidata.org/entity/Q418,literal,,literal,,literal,http://www.wikidata.org/entity/Q85,literal,,,,,,,,wd:Q79
169,uri,http://www.wikidata.org/entity/Q111569358,en,literal,New Capri Hotel,,,,,,,uri,http://www.wikidata.org/entity/Q79,literal,,literal,,literal,,literal,,literal,,,,,,,,wd:Q79
170,uri,http://www.wikidata.org/entity/Q63384061,en,literal,Kempinski Nile Hotel Cairo,,,,,,,uri,http://www.wikidata.org/entity/Q79,literal,,literal,,literal,,literal,,literal,,,,,,,,wd:Q79
171,uri,http://www.wikidata.org/entity/Q3079995,en,literal,Four Seasons Hotel Cairo at Nile Plaza,,,,http://www.w3.org/2001/XMLSchema#dateTime,literal,1999-01-01T00:00:00Z,uri,http://www.wikidata.org/entity/Q79,literal,,literal,,literal,,literal,,literal,,,,,,,,wd:Q79
172,uri,http://www.wikidata.org/entity/Q246534,en,literal,Assiut University,,,,http://www.w3.org/2001/XMLSchema#dateTime,literal,1957-01-01T00:00:00Z,uri,http://www.wikidata.org/entity/Q79,literal,,literal,,literal,,literal,,literal,,,,,,,,wd:Q79
173,uri,http://www.wikidata.org/entity/Q85784760,en,literal,Meeza,,,,http://www.w3.org/2001/XMLSchema#dateTime,literal,2019-01-01T00:00:00Z,uri,http://www.wikidata.org/entity/Q79,literal,http://www.wikidata.org/entity/Q837171,literal,,literal,,literal,http://www.wikidata.org/entity/Q85,literal,,ar,literal,ميزة,,,,wd:Q79
174,uri,http://www.wikidata.org/entity/Q110514990,en,literal,Sonesta St. George Hotel,,,,,,,uri,http://www.wikidata.org/entity/Q79,literal,,literal,,literal,,literal,,literal,,,,,,,,wd:Q79
175,uri,http://www.wikidata.org/entity/Q112164391,en,literal,Al Saraya Hotel Bani Sweif,,,,,,,uri,http://www.wikidata.org/entity/Q79,literal,,literal,,literal,,literal,,literal,,,,,,,,wd:Q79
176,uri,http://www.wikidata.org/entity/Q64017969,en,literal,Sheraton Soma Bay Resort,,,,,,,uri,http://www.wikidata.org/entity/Q79,literal,,literal,,literal,,literal,,literal,,en,literal,Sheraton Soma Bay Resort,,,,wd:Q79
177,uri,http://www.wikidata.org/entity/Q111521431,en,literal,Café de la Paix,,,,,,,uri,http://www.wikidata.org/entity/Q79,literal,,literal,,literal,,literal,,literal,,,,,,,,wd:Q79
178,uri,http://www.wikidata.org/entity/Q12213830,en,literal,Rotana Cinema,,,,http://www.w3.org/2001/XMLSchema#dateTime,literal,2004-12-31T00:00:00Z,uri,http://www.wikidata.org/entity/Q79,literal,,literal,,literal,,literal,http://www.wikidata.org/entity/Q612,literal,,,,,,,,wd:Q79
179,uri,http://www.wikidata.org/entity/Q7817,en,literal,World Health Organization,http://www.w3.org/2001/XMLSchema#decimal,literal,7000,http://www.w3.org/2001/XMLSchema#dateTime,literal,1948-04-07T00:00:00Z,uri,http://www.wikidata.org/entity/Q39,literal,http://www.wikidata.org/entity/Q29584363,literal,,literal,,literal,http://www.wikidata.org/entity/Q71,literal,,ru,literal,Всемирная организация здравоохранения,,,,wd:Q79
180,uri,http://www.wikidata.org/entity/Q111532462,en,literal,Elite,,,,http://www.w3.org/2001/XMLSchema#dateTime,literal,1910-01-01T00:00:00Z,uri,http://www.wikidata.org/entity/Q79,literal,,literal,,literal,,literal,,literal,,,,,,,,wd:Q79
181,uri,http://www.wikidata.org/entity/Q64212428,en,literal,Steigenberger Makadi,,,,,,,uri,http://www.wikidata.org/entity/Q79,literal,,literal,,literal,,literal,,literal,,,,,,,,wd:Q79
182,uri,http://www.wikidata.org/entity/Q73621829,en,literal,Hilton Luxor Resort & Spa,,,,http://www.w3.org/2001/XMLSchema#dateTime,literal,1988-01-01T00:00:00Z,uri,http://www.wikidata.org/entity/Q79,literal,,literal,,literal,,literal,,literal,,arz,literal,منتجع وسبا هيلتون الأقصر,,,,wd:Q79
183,uri,http://www.wikidata.org/entity/Q3317535,en,literal,Mo'men Group,,,,http://www.w3.org/2001/XMLSchema#dateTime,literal,1988-01-01T00:00:00Z,uri,http://www.wikidata.org/entity/Q79,literal,http://www.wikidata.org/entity/Q81799,literal,,literal,,literal,http://www.wikidata.org/entity/Q87,literal,,,,,,,,wd:Q79
184,uri,http://www.wikidata.org/entity/Q63123013,en,literal,Delta Sound,,,,http://www.w3.org/2001/XMLSchema#dateTime,literal,1980-01-01T00:00:00Z,uri,http://www.wikidata.org/entity/Q79,literal,,literal,,literal,,literal,,literal,,,,,,,,wd:Q79
185,uri,http://www.wikidata.org/entity/Q1935533,en,literal,Millie's Cookies,,,,http://www.w3.org/2001/XMLSchema#dateTime,literal,1985-01-01T00:00:00Z,uri,http://www.wikidata.org/entity/Q142,literal,,literal,,literal,,literal,http://www.wikidata.org/entity/Q84,literal,,,,,,,,wd:Q79
186,uri,http://www.wikidata.org/entity/Q105554563,en,literal,Heliopolis Towers Hotel,,,,http://www.w3.org/2001/XMLSchema#dateTime,literal,2018-02-01T00:00:00Z,uri,http://www.wikidata.org/entity/Q79,literal,,literal,,literal,,literal,,literal,,,,,,,,wd:Q79
187,uri,http://www.wikidata.org/entity/Q115058355,en,literal,dār al-bšīr llṯqāfẗ wālʿlūm,,,,http://www.w3.org/2001/XMLSchema#dateTime,literal,1982-01-01T00:00:00Z,uri,http://www.wikidata.org/entity/Q79,literal,,literal,,literal,,literal,http://www.wikidata.org/entity/Q85,literal,,,,,,,,wd:Q79
188,uri,http://www.wikidata.org/entity/Q64022982,en,literal,Amwaj Blue Beach Resort & Spa,,,,,,,uri,http://www.wikidata.org/entity/Q79,literal,,literal,,literal,,literal,,literal,,,,,,,,wd:Q79
189,uri,http://www.wikidata.org/entity/Q99477686,en,literal,Chuchichäschtli – Swiss House,,,,,,,uri,http://www.wikidata.org/entity/Q79,literal,,literal,,literal,,literal,,literal,,,,,,,,wd:Q79
190,uri,http://www.wikidata.org/entity/Q64023430,en,literal,Sentido Palm Royale Soma Bay,,,,,,,uri,http://www.wikidata.org/entity/Q79,literal,,literal,,literal,,literal,,literal,,,,,,,,wd:Q79
191,uri,http://www.wikidata.org/entity/Q266341,en,literal,Orange Egypt,http://www.w3.org/2001/XMLSchema#decimal,literal,7000,http://www.w3.org/2001/XMLSchema#dateTime,literal,1998-01-01T00:00:00Z,uri,http://www.wikidata.org/entity/Q79,literal,"http://www.wikidata.org/entity/Q56598901, http://www.wikidata.org/entity/Q25245117, http://www.wikidata.org/entity/Q1266169, http://www.wikidata.org/entity/Q11371",literal,"http://www.wikidata.org/entity/Q25999295, http://www.wikidata.org/entity/Q28861839",literal,,literal,http://www.wikidata.org/entity/Q85,literal,,,,,,,,wd:Q79
192,uri,http://www.wikidata.org/entity/Q111857746,en,literal,Al Hambra Hotel,,,,,,,uri,http://www.wikidata.org/entity/Q79,literal,,literal,,literal,,literal,,literal,,,,,,,,wd:Q79
193,uri,http://www.wikidata.org/entity/Q2583152,en,literal,Egypt Post,,,,http://www.w3.org/2001/XMLSchema#dateTime,literal,1865-01-01T00:00:00Z,uri,http://www.wikidata.org/entity/Q79,literal,,literal,,literal,,literal,"http://www.wikidata.org/entity/Q4164613, http://www.wikidata.org/entity/Q30832",literal,,,,,,,,wd:Q79
194,uri,http://www.wikidata.org/entity/Q110493429,en,literal,Cherry Maryski Hotel,,,,,,,uri,http://www.wikidata.org/entity/Q79,literal,,literal,,literal,,literal,,literal,,,,,,,,wd:Q79
195,uri,http://www.wikidata.org/entity/Q4119059,en,literal,Youm7,,,,http://www.w3.org/2001/XMLSchema#dateTime,literal,2008-01-01T00:00:00Z,uri,http://www.wikidata.org/entity/Q79,literal,,literal,,literal,,literal,http://www.wikidata.org/entity/Q85,literal,,,,,,,,wd:Q79
196,uri,http://www.wikidata.org/entity/Q64007246,en,literal,The Breakers Diving and Surfing Lodge,,,,,,,uri,http://www.wikidata.org/entity/Q79,literal,,literal,,literal,,literal,,literal,,en,literal,The Breakers Diving & Surfing Lodge,,,,wd:Q79
197,uri,http://www.wikidata.org/entity/Q746413,en,literal,Elsevier BV,http://www.w3.org/2001/XMLSchema#decimal,literal,6900,http://www.w3.org/2001/XMLSchema#dateTime,literal,1880-01-01T00:00:00Z,uri,http://www.wikidata.org/entity/Q258,literal,http://www.wikidata.org/entity/Q3972943,literal,,literal,,literal,"http://www.wikidata.org/entity/Q2662373, http://www.wikidata.org/entity/Q1345",literal,,,,,http://www.w3.org/2001/XMLSchema#decimal,literal,600000000,wd:Q79
198,uri,http://www.wikidata.org/entity/Q30308807,en,literal,Hilton Alexandria King's Ranch,,,,,,,uri,http://www.wikidata.org/entity/Q79,literal,,literal,,literal,,literal,,literal,,ar,literal,هيلتون الاسكندرية كينج رانش,,,,wd:Q79
199,uri,http://www.wikidata.org/entity/Q111519456,en,literal,Chez Gaby au Ritrovo,,,,,,,uri,http://www.wikidata.org/entity/Q79,literal,,literal,,literal,,literal,,literal,,,,,,,,wd:Q79
200,uri,http://www.wikidata.org/entity/Q7817,en,literal,World Health Organization,http://www.w3.org/2001/XMLSchema#decimal,literal,7000,http://www.w3.org/2001/XMLSchema#dateTime,literal,1948-04-07T00:00:00Z,uri,http://www.wikidata.org/entity/Q79,literal,http://www.wikidata.org/entity/Q29584363,literal,,literal,,literal,http://www.wikidata.org/entity/Q71,literal,,fr,literal,Organisation mondiale de la Santé,,,,wd:Q79
201,uri,http://www.wikidata.org/entity/Q746413,en,literal,Elsevier BV,http://www.w3.org/2001/XMLSchema#decimal,literal,6900,http://www.w3.org/2001/XMLSchema#dateTime,literal,1880-01-01T00:00:00Z,uri,http://www.wikidata.org/entity/Q79,literal,http://www.wikidata.org/entity/Q3972943,literal,,literal,,literal,"http://www.wikidata.org/entity/Q2662373, http://www.wikidata.org/entity/Q1345",literal,,,,,http://www.w3.org/2001/XMLSchema#decimal,literal,600000000,wd:Q79
202,uri,http://www.wikidata.org/entity/Q107481202,en,literal,Qaf Kaf,,,,http://www.w3.org/2001/XMLSchema#dateTime,literal,2017-04-07T00:00:00Z,uri,http://www.wikidata.org/entity/Q79,literal,,literal,,literal,,literal,,literal,,,,,,,,wd:Q79
203,uri,http://www.wikidata.org/entity/Q112164083,en,literal,New Panorama Resort,,,,,,,uri,http://www.wikidata.org/entity/Q79,literal,,literal,,literal,,literal,,literal,,,,,,,,wd:Q79
204,uri,http://www.wikidata.org/entity/Q7817,en,literal,World Health Organization,http://www.w3.org/2001/XMLSchema#decimal,literal,7000,http://www.w3.org/2001/XMLSchema#dateTime,literal,1948-04-07T00:00:00Z,uri,http://www.wikidata.org/entity/Q35,literal,http://www.wikidata.org/entity/Q29584363,literal,,literal,,literal,http://www.wikidata.org/entity/Q71,literal,,ar,literal,منظمة الصحة العالمية,,,,wd:Q79
205,uri,http://www.wikidata.org/entity/Q7817,en,literal,World Health Organization,http://www.w3.org/2001/XMLSchema#decimal,literal,7000,http://www.w3.org/2001/XMLSchema#dateTime,literal,1948-04-07T00:00:00Z,uri,http://www.wikidata.org/entity/Q971,literal,http://www.wikidata.org/entity/Q29584363,literal,,literal,,literal,http://www.wikidata.org/entity/Q71,literal,,zh-hans,literal,世界卫生组织,,,,wd:Q79
206,uri,http://www.wikidata.org/entity/Q7370229,en,literal,Rotana Hotels,,,,http://www.w3.org/2001/XMLSchema#dateTime,literal,1992-01-01T00:00:00Z,uri,http://www.wikidata.org/entity/Q842,literal,,literal,,literal,,literal,http://www.wikidata.org/entity/Q1519,literal,,,,,,,,wd:Q79
207,uri,http://www.wikidata.org/entity/Q110570690,en,literal,Rezeiky Hotel Luxor,,,,,,,uri,http://www.wikidata.org/entity/Q79,literal,,literal,,literal,,literal,,literal,,,,,,,,wd:Q79
208,uri,http://www.wikidata.org/entity/Q113192962,en,literal,Egyptian Turkish Cultural Association,,,,,,,uri,http://www.wikidata.org/entity/Q79,literal,,literal,,literal,,literal,,literal,,,,,,,,wd:Q79
209,uri,http://www.wikidata.org/entity/Q7817,en,literal,World Health Organization,http://www.w3.org/2001/XMLSchema#decimal,literal,7000,http://www.w3.org/2001/XMLSchema#dateTime,literal,1948-04-07T00:00:00Z,uri,http://www.wikidata.org/entity/Q668,literal,http://www.wikidata.org/entity/Q29584363,literal,,literal,,literal,http://www.wikidata.org/entity/Q71,literal,,zh-hans,literal,世界卫生组织,,,,wd:Q79
210,uri,http://www.wikidata.org/entity/Q111522326,en,literal,Lail,,,,,,,uri,http://www.wikidata.org/entity/Q79,literal,,literal,,literal,,literal,,literal,,,,,,,,wd:Q79
211,uri,http://www.wikidata.org/entity/Q57825118,en,literal,Western Desert Hotel and safari,,,,,,,uri,http://www.wikidata.org/entity/Q79,literal,,literal,,literal,,literal,,literal,,,,,,,,wd:Q79
212,uri,http://www.wikidata.org/entity/Q111381856,en,literal,University of Alexandria TAFL Center,,,,,,,uri,http://www.wikidata.org/entity/Q79,literal,,literal,,literal,,literal,,literal,,,,,,,,wd:Q79
213,uri,http://www.wikidata.org/entity/Q111521717,en,literal,Brazilian Coffee Stores,,,,,,,uri,http://www.wikidata.org/entity/Q79,literal,,literal,,literal,,literal,,literal,,,,,,,,wd:Q79
214,uri,http://www.wikidata.org/entity/Q7817,en,literal,World Health Organization,http://www.w3.org/2001/XMLSchema#decimal,literal,7000,http://www.w3.org/2001/XMLSchema#dateTime,literal,1948-04-07T00:00:00Z,uri,http://www.wikidata.org/entity/Q39,literal,http://www.wikidata.org/entity/Q29584363,literal,,literal,,literal,http://www.wikidata.org/entity/Q71,literal,,ar,literal,منظمة الصحة العالمية,,,,wd:Q79
215,uri,http://www.wikidata.org/entity/Q7370229,en,literal,Rotana Hotels,,,,http://www.w3.org/2001/XMLSchema#dateTime,literal,1992-01-01T00:00:00Z,uri,http://www.wikidata.org/entity/Q846,literal,,literal,,literal,,literal,http://www.wikidata.org/entity/Q1519,literal,,,,,,,,wd:Q79
216,uri,http://www.wikidata.org/entity/Q7370229,en,literal,Rotana Hotels,,,,http://www.w3.org/2001/XMLSchema#dateTime,literal,1992-01-01T00:00:00Z,uri,http://www.wikidata.org/entity/Q398,literal,,literal,,literal,,literal,http://www.wikidata.org/entity/Q1519,literal,,,,,,,,wd:Q79
217,uri,http://www.wikidata.org/entity/Q110487605,en,literal,Queens Valley Hotel,,,,,,,uri,http://www.wikidata.org/entity/Q79,literal,,literal,,literal,,literal,,literal,,,,,,,,wd:Q79
218,uri,http://www.wikidata.org/entity/Q95000029,en,literal,Watch It,,,,http://www.w3.org/2001/XMLSchema#dateTime,literal,2019-01-01T00:00:00Z,uri,http://www.wikidata.org/entity/Q79,literal,,literal,http://www.wikidata.org/entity/Q64681524,literal,,literal,http://www.wikidata.org/entity/Q85,literal,,,,,,,,wd:Q79
219,uri,http://www.wikidata.org/entity/Q4120269,en,literal,etisalat by e& in Egypt,,,,http://www.w3.org/2001/XMLSchema#dateTime,literal,2006-01-01T00:00:00Z,uri,http://www.wikidata.org/entity/Q79,literal,http://www.wikidata.org/entity/Q25245117,literal,,literal,,literal,http://www.wikidata.org/entity/Q85,literal,,,,,,,,wd:Q79
220,uri,http://www.wikidata.org/entity/Q64018335,en,literal,"The Cascades Golf Resort, Spa & Thalasso",,,,,,,uri,http://www.wikidata.org/entity/Q79,literal,,literal,,literal,,literal,,literal,,,,,,,,wd:Q79
221,uri,http://www.wikidata.org/entity/Q57654536,en,literal,Mosaique Hotel,,,,,,,uri,http://www.wikidata.org/entity/Q79,literal,,literal,,literal,,literal,,literal,,,,,,,,wd:Q79
222,uri,http://www.wikidata.org/entity/Q110497525,en,literal,Délices Patisserie,,,,,,,uri,http://www.wikidata.org/entity/Q79,literal,,literal,,literal,,literal,,literal,,,,,,,,wd:Q79
223,uri,http://www.wikidata.org/entity/Q7370229,en,literal,Rotana Hotels,,,,http://www.w3.org/2001/XMLSchema#dateTime,literal,1992-01-01T00:00:00Z,uri,http://www.wikidata.org/entity/Q851,literal,,literal,,literal,,literal,http://www.wikidata.org/entity/Q1519,literal,,,,,,,,wd:Q79
224,uri,http://www.wikidata.org/entity/Q111523046,en,literal,ElMashrabia Roof Cafe,,,,,,,uri,http://www.wikidata.org/entity/Q79,literal,,literal,,literal,,literal,,literal,,,,,,,,wd:Q79
225,uri,http://www.wikidata.org/entity/Q30307361,en,literal,Hilton Hurghada Plaza,,,,,,,uri,http://www.wikidata.org/entity/Q79,literal,,literal,,literal,,literal,,literal,,ar,literal,هيلتون الغردقة بلازا,,,,wd:Q79
226,uri,http://www.wikidata.org/entity/Q110487744,en,literal,St. Joseph Hotel,,,,,,,uri,http://www.wikidata.org/entity/Q79,literal,,literal,,literal,,literal,,literal,,,,,,,,wd:Q79
227,uri,http://www.wikidata.org/entity/Q18509281,en,literal,Hilton Hurghada Resort,,,,,,,uri,http://www.wikidata.org/entity/Q79,literal,,literal,,literal,,literal,,literal,,,,,,,,wd:Q79
228,uri,http://www.wikidata.org/entity/Q17061030,en,literal,Jumia,http://www.w3.org/2001/XMLSchema#decimal,literal,5000,http://www.w3.org/2001/XMLSchema#dateTime,literal,2012-01-01T00:00:00Z,uri,http://www.wikidata.org/entity/Q114,literal,http://www.wikidata.org/entity/Q126793,literal,http://www.wikidata.org/entity/Q59750463,literal,,literal,http://www.wikidata.org/entity/Q1024647,literal,,en,literal,Jumia,,,,wd:Q79
229,uri,http://www.wikidata.org/entity/Q1540525,en,literal,Vodafone Egypt,http://www.w3.org/2001/XMLSchema#decimal,literal,9001,http://www.w3.org/2001/XMLSchema#dateTime,literal,1998-01-01T00:00:00Z,uri,http://www.wikidata.org/entity/Q79,literal,http://www.wikidata.org/entity/Q25245117,literal,,literal,,literal,http://www.wikidata.org/entity/Q85,literal,,,,,,,,wd:Q79
230,uri,http://www.wikidata.org/entity/Q7817,en,literal,World Health Organization,http://www.w3.org/2001/XMLSchema#decimal,literal,7000,http://www.w3.org/2001/XMLSchema#dateTime,literal,1948-04-07T00:00:00Z,uri,http://www.wikidata.org/entity/Q30,literal,http://www.wikidata.org/entity/Q29584363,literal,,literal,,literal,http://www.wikidata.org/entity/Q71,literal,,en,literal,World Health Organization,,,,wd:Q79
231,uri,http://www.wikidata.org/entity/Q57894181,en,literal,Sands Baharia,,,,,,,uri,http://www.wikidata.org/entity/Q79,literal,,literal,,literal,,literal,,literal,,,,,,,,wd:Q79
232,uri,http://www.wikidata.org/entity/Q30324680,en,literal,Instabug,,,,http://www.w3.org/2001/XMLSchema#dateTime,literal,2012-01-01T00:00:00Z,uri,http://www.wikidata.org/entity/Q79,literal,,literal,,literal,,literal,http://www.wikidata.org/entity/Q81788,literal,,,,,,,,wd:Q79
233,uri,http://www.wikidata.org/entity/Q374740,en,literal,EgyptAir,,,,http://www.w3.org/2001/XMLSchema#dateTime,literal,1932-01-01T00:00:00Z,uri,http://www.wikidata.org/entity/Q79,literal,,literal,,literal,,literal,http://www.wikidata.org/entity/Q85,literal,,,,,,,,wd:Q79
234,uri,http://www.wikidata.org/entity/Q112745202,en,literal,Basilico,,,,,,,uri,http://www.wikidata.org/entity/Q79,literal,,literal,,literal,,literal,,literal,,,,,,,,wd:Q79
235,uri,http://www.wikidata.org/entity/Q57888345,en,literal,El Beshmo Lodge,,,,,,,uri,http://www.wikidata.org/entity/Q79,literal,,literal,,literal,,literal,,literal,,,,,,,,wd:Q79
236,uri,http://www.wikidata.org/entity/Q62068054,en,literal,Conrad Cairo,,,,http://www.w3.org/2001/XMLSchema#dateTime,literal,1999-02-01T00:00:00Z,uri,http://www.wikidata.org/entity/Q79,literal,,literal,,literal,,literal,,literal,,en,literal,Conrad Cairo,,,,wd:Q79
237,uri,http://www.wikidata.org/entity/Q112704275,en,literal,L’Apéro Bistrot,,,,http://www.w3.org/2001/XMLSchema#dateTime,literal,2022-05-01T00:00:00Z,uri,http://www.wikidata.org/entity/Q79,literal,,literal,,literal,,literal,,literal,,,,,,,,wd:Q79
238,uri,http://www.wikidata.org/entity/Q17061030,en,literal,Jumia,http://www.w3.org/2001/XMLSchema#decimal,literal,5000,http://www.w3.org/2001/XMLSchema#dateTime,literal,2012-01-01T00:00:00Z,uri,http://www.wikidata.org/entity/Q948,literal,http://www.wikidata.org/entity/Q126793,literal,http://www.wikidata.org/entity/Q59750463,literal,,literal,http://www.wikidata.org/entity/Q1024647,literal,,en,literal,Jumia,,,,wd:Q79
239,uri,http://www.wikidata.org/entity/Q7817,en,literal,World Health Organization,http://www.w3.org/2001/XMLSchema#decimal,literal,7000,http://www.w3.org/2001/XMLSchema#dateTime,literal,1948-04-07T00:00:00Z,uri,http://www.wikidata.org/entity/Q971,literal,http://www.wikidata.org/entity/Q29584363,literal,,literal,,literal,http://www.wikidata.org/entity/Q71,literal,,es,literal,Organización Mundial de la Salud,,,,wd:Q79
240,uri,http://www.wikidata.org/entity/Q7817,en,literal,World Health Organization,http://www.w3.org/2001/XMLSchema#decimal,literal,7000,http://www.w3.org/2001/XMLSchema#dateTime,literal,1948-04-07T00:00:00Z,uri,http://www.wikidata.org/entity/Q668,literal,http://www.wikidata.org/entity/Q29584363,literal,,literal,,literal,http://www.wikidata.org/entity/Q71,literal,,es,literal,Organización Mundial de la Salud,,,,wd:Q79
241,uri,http://www.wikidata.org/entity/Q7817,en,literal,World Health Organization,http://www.w3.org/2001/XMLSchema#decimal,literal,7000,http://www.w3.org/2001/XMLSchema#dateTime,literal,1948-04-07T00:00:00Z,uri,http://www.wikidata.org/entity/Q928,literal,http://www.wikidata.org/entity/Q29584363,literal,,literal,,literal,http://www.wikidata.org/entity/Q71,literal,,fr,literal,Organisation mondiale de la Santé,,,,wd:Q79
242,uri,http://www.wikidata.org/entity/Q7817,en,literal,World Health Organization,http://www.w3.org/2001/XMLSchema#decimal,literal,7000,http://www.w3.org/2001/XMLSchema#dateTime,literal,1948-04-07T00:00:00Z,uri,http://www.wikidata.org/entity/Q35,literal,http://www.wikidata.org/entity/Q29584363,literal,,literal,,literal,http://www.wikidata.org/entity/Q71,literal,,en,literal,World Health Organization,,,,wd:Q79
243,uri,http://www.wikidata.org/entity/Q111857804,en,literal,Seti Abu Simbel Lake Resort,,,,,,,uri,http://www.wikidata.org/entity/Q79,literal,,literal,,literal,,literal,,literal,,,,,,,,wd:Q79
244,uri,http://www.wikidata.org/entity/Q105257906,en,literal,Philae Hotel,,,,,,,uri,http://www.wikidata.org/entity/Q79,literal,,literal,,literal,,literal,,literal,,,,,,,,wd:Q79
245,uri,http://www.wikidata.org/entity/Q17061030,en,literal,Jumia,http://www.w3.org/2001/XMLSchema#decimal,literal,5000,http://www.w3.org/2001/XMLSchema#dateTime,literal,2012-01-01T00:00:00Z,uri,http://www.wikidata.org/entity/Q117,literal,http://www.wikidata.org/entity/Q126793,literal,http://www.wikidata.org/entity/Q59750463,literal,,literal,http://www.wikidata.org/entity/Q1024647,literal,,en,literal,Jumia,,,,wd:Q79
246,uri,http://www.wikidata.org/entity/Q746413,en,literal,Elsevier BV,http://www.w3.org/2001/XMLSchema#decimal,literal,6900,http://www.w3.org/2001/XMLSchema#dateTime,literal,1880-01-01T00:00:00Z,uri,http://www.wikidata.org/entity/Q334,literal,http://www.wikidata.org/entity/Q3972943,literal,,literal,,literal,"http://www.wikidata.org/entity/Q2662373, http://www.wikidata.org/entity/Q1345",literal,,,,,http://www.w3.org/2001/XMLSchema#decimal,literal,600000000,wd:Q79
247,uri,http://www.wikidata.org/entity/Q100941408,en,literal,Holiday Inn Cairo Maadi,,,,,,,uri,http://www.wikidata.org/entity/Q79,literal,,literal,,literal,,literal,,literal,,,,,,,,wd:Q79
248,uri,http://www.wikidata.org/entity/Q12213830,en,literal,Rotana Cinema,,,,http://www.w3.org/2001/XMLSchema#dateTime,literal,2004-12-31T00:00:00Z,uri,http://www.wikidata.org/entity/Q851,literal,,literal,,literal,,literal,http://www.wikidata.org/entity/Q612,literal,,,,,,,,wd:Q79
249,uri,http://www.wikidata.org/entity/Q746413,en,literal,Elsevier BV,http://www.w3.org/2001/XMLSchema#decimal,literal,6900,http://www.w3.org/2001/XMLSchema#dateTime,literal,1880-01-01T00:00:00Z,uri,http://www.wikidata.org/entity/Q96,literal,http://www.wikidata.org/entity/Q3972943,literal,,literal,,literal,"http://www.wikidata.org/entity/Q2662373, http://www.wikidata.org/entity/Q1345",literal,,,,,http://www.w3.org/2001/XMLSchema#decimal,literal,600000000,wd:Q79
250,uri,http://www.wikidata.org/entity/Q7817,en,literal,World Health Organization,http://www.w3.org/2001/XMLSchema#decimal,literal,7000,http://www.w3.org/2001/XMLSchema#dateTime,literal,1948-04-07T00:00:00Z,uri,http://www.wikidata.org/entity/Q39,literal,http://www.wikidata.org/entity/Q29584363,literal,,literal,,literal,http://www.wikidata.org/entity/Q71,literal,,en,literal,World Health Organization,,,,wd:Q79
251,uri,http://www.wikidata.org/entity/Q17023324,en,literal,Al Tahrir,,,,http://www.w3.org/2001/XMLSchema#dateTime,literal,2011-01-01T00:00:00Z,uri,http://www.wikidata.org/entity/Q79,literal,,literal,,literal,,literal,http://www.wikidata.org/entity/Q85,literal,,,,,,,,wd:Q79
252,uri,http://www.wikidata.org/entity/Q111533411,en,literal,Mecca Hotel,,,,,,,uri,http://www.wikidata.org/entity/Q79,literal,,literal,,literal,,literal,,literal,,,,,,,,wd:Q79
253,uri,http://www.wikidata.org/entity/Q47429618,en,literal,Steigenberger Hotel El Tahrir Cairo,,,,,,,uri,http://www.wikidata.org/entity/Q79,literal,,literal,,literal,,literal,,literal,,,,,,,,wd:Q79
254,uri,http://www.wikidata.org/entity/Q113732512,en,literal,Nile Center,,,,http://www.w3.org/2001/XMLSchema#dateTime,literal,1998-01-01T00:00:00Z,uri,http://www.wikidata.org/entity/Q79,literal,,literal,,literal,,literal,,literal,,,,,,,,wd:Q79
255,uri,http://www.wikidata.org/entity/Q1935533,en,literal,Millie's Cookies,,,,http://www.w3.org/2001/XMLSchema#dateTime,literal,1985-01-01T00:00:00Z,uri,http://www.wikidata.org/entity/Q79,literal,,literal,,literal,,literal,http://www.wikidata.org/entity/Q84,literal,,,,,,,,wd:Q79
256,uri,http://www.wikidata.org/entity/Q286468,en,literal,Al-Ahram,,,,http://www.w3.org/2001/XMLSchema#dateTime,literal,1875-08-08T00:00:00Z,uri,http://www.wikidata.org/entity/Q79,literal,,literal,,literal,,literal,http://www.wikidata.org/entity/Q85,literal,,,,,,,,wd:Q79
257,uri,http://www.wikidata.org/entity/Q266341,en,literal,Orange Egypt,http://www.w3.org/2001/XMLSchema#decimal,literal,8000,http://www.w3.org/2001/XMLSchema#dateTime,literal,1998-01-01T00:00:00Z,uri,http://www.wikidata.org/entity/Q79,literal,"http://www.wikidata.org/entity/Q56598901, http://www.wikidata.org/entity/Q25245117, http://www.wikidata.org/entity/Q1266169, http://www.wikidata.org/entity/Q11371",literal,"http://www.wikidata.org/entity/Q25999295, http://www.wikidata.org/entity/Q28861839",literal,,literal,http://www.wikidata.org/entity/Q85,literal,,,,,,,,wd:Q79
258,uri,http://www.wikidata.org/entity/Q113578836,en,literal,Taziry Ecovillages Siwa,,,,,,,uri,http://www.wikidata.org/entity/Q79,literal,,literal,,literal,,literal,,literal,,,,,,,,wd:Q79
259,uri,http://www.wikidata.org/entity/Q111400634,en,literal,Labranda Tower Bay - Sharm Club,,,,,,,uri,http://www.wikidata.org/entity/Q79,literal,,literal,,literal,,literal,,literal,,,,,,,,wd:Q79
260,uri,http://www.wikidata.org/entity/Q105686527,en,literal,Hiil Press,,,,,,,uri,http://www.wikidata.org/entity/Q79,literal,,literal,,literal,,literal,http://www.wikidata.org/entity/Q85,literal,,,,,,,,wd:Q79
261,uri,http://www.wikidata.org/entity/Q7817,en,literal,World Health Organization,http://www.w3.org/2001/XMLSchema#decimal,literal,7000,http://www.w3.org/2001/XMLSchema#dateTime,literal,1948-04-07T00:00:00Z,uri,http://www.wikidata.org/entity/Q971,literal,http://www.wikidata.org/entity/Q29584363,literal,,literal,,literal,http://www.wikidata.org/entity/Q71,literal,,ru,literal,Всемирная организация здравоохранения,,,,wd:Q79
262,uri,http://www.wikidata.org/entity/Q536368,en,literal,Nile Air,,,,http://www.w3.org/2001/XMLSchema#dateTime,literal,2009-01-01T00:00:00Z,uri,http://www.wikidata.org/entity/Q79,literal,,literal,,literal,,literal,http://www.wikidata.org/entity/Q85,literal,,,,,,,,wd:Q79
263,uri,http://www.wikidata.org/entity/Q7817,en,literal,World Health Organization,http://www.w3.org/2001/XMLSchema#decimal,literal,7000,http://www.w3.org/2001/XMLSchema#dateTime,literal,1948-04-07T00:00:00Z,uri,http://www.wikidata.org/entity/Q668,literal,http://www.wikidata.org/entity/Q29584363,literal,,literal,,literal,http://www.wikidata.org/entity/Q71,literal,,ru,literal,Всемирная организация здравоохранения,,,,wd:Q79
264,uri,http://www.wikidata.org/entity/Q64016780,en,literal,ROBINSON club Soma Bay,,,,,,,uri,http://www.wikidata.org/entity/Q79,literal,,literal,,literal,,literal,,literal,,en,literal,ROBINSON club Soma Bay,,,,wd:Q79
265,uri,http://www.wikidata.org/entity/Q1355503,en,literal,Palestinian Airlines,,,,http://www.w3.org/2001/XMLSchema#dateTime,literal,1995-01-01T00:00:00Z,uri,http://www.wikidata.org/entity/Q79,literal,,literal,,literal,,literal,http://www.wikidata.org/entity/Q238452,literal,,,,,,,,wd:Q79
266,uri,http://www.wikidata.org/entity/Q5017782,en,literal,Cairo Marriott Hotel & Omar Khayyam Casino,,,,http://www.w3.org/2001/XMLSchema#dateTime,literal,1869-01-01T00:00:00Z,uri,http://www.wikidata.org/entity/Q79,literal,,literal,,literal,,literal,,literal,,,,,,,,wd:Q79
267,uri,http://www.wikidata.org/entity/Q110488923,en,literal,Le Boudoir,,,,,,,uri,http://www.wikidata.org/entity/Q79,literal,,literal,,literal,,literal,,literal,,,,,,,,wd:Q79
268,uri,http://www.wikidata.org/entity/Q41300192,en,literal,Hilton Pyramids Golf,,,,http://www.w3.org/2001/XMLSchema#dateTime,literal,2001-01-01T00:00:00Z,uri,http://www.wikidata.org/entity/Q79,literal,,literal,,literal,,literal,,literal,,en,literal,Hilton Pyramids Golf,,,,wd:Q79
269,uri,http://www.wikidata.org/entity/Q110570472,en,literal,Bob Marley House Sherief Hotel,,,,,,,uri,http://www.wikidata.org/entity/Q79,literal,,literal,,literal,,literal,,literal,,,,,,,,wd:Q79
270,uri,http://www.wikidata.org/entity/Q110543034,en,literal,Steigenberger Resort Achti,,,,,,,uri,http://www.wikidata.org/entity/Q79,literal,,literal,,literal,,literal,,literal,,,,,,,,wd:Q79
271,uri,http://www.wikidata.org/entity/Q7370229,en,literal,Rotana Hotels,,,,http://www.w3.org/2001/XMLSchema#dateTime,literal,1992-01-01T00:00:00Z,uri,http://www.wikidata.org/entity/Q878,literal,,literal,,literal,,literal,http://www.wikidata.org/entity/Q1519,literal,,,,,,,,wd:Q79
272,uri,http://www.wikidata.org/entity/Q111857748,en,literal,Hotel Sheherazade,,,,,,,uri,http://www.wikidata.org/entity/Q79,literal,,literal,,literal,,literal,,literal,,,,,,,,wd:Q79
273,uri,http://www.wikidata.org/entity/Q7370229,en,literal,Rotana Hotels,,,,http://www.w3.org/2001/XMLSchema#dateTime,literal,1992-01-01T00:00:00Z,uri,http://www.wikidata.org/entity/Q43,literal,,literal,,literal,,literal,http://www.wikidata.org/entity/Q1519,literal,,,,,,,,wd:Q79
274,uri,http://www.wikidata.org/entity/Q617584,en,literal,Petroleum Air Services,,,,http://www.w3.org/2001/XMLSchema#dateTime,literal,1982-01-01T00:00:00Z,uri,http://www.wikidata.org/entity/Q79,literal,,literal,,literal,,literal,http://www.wikidata.org/entity/Q85,literal,,,,,,,,wd:Q79
275,uri,http://www.wikidata.org/entity/Q76795105,en,literal,Hilton Sharks Bay Resort,,,,,,,uri,http://www.wikidata.org/entity/Q79,literal,,literal,,literal,,literal,,literal,,en,literal,Hilton Sharks Bay Resort,,,,wd:Q79
276,uri,http://www.wikidata.org/entity/Q111126257,en,literal,Cleopatra Hotel Luxor,,,,,,,uri,http://www.wikidata.org/entity/Q79,literal,,literal,,literal,,literal,,literal,,,,,,,,wd:Q79
277,uri,http://www.wikidata.org/entity/Q110567974,en,literal,Jolie Ville Hotel & Spa Kings Island,,,,,,,uri,http://www.wikidata.org/entity/Q79,literal,,literal,,literal,,literal,,literal,,,,,,,,wd:Q79
278,uri,http://www.wikidata.org/entity/Q109971621,en,literal,Kalimah Center,,,,http://www.w3.org/2001/XMLSchema#dateTime,literal,2011-01-01T00:00:00Z,uri,http://www.wikidata.org/entity/Q79,literal,,literal,,literal,,literal,,literal,,,,,,,,wd:Q79
279,uri,http://www.wikidata.org/entity/Q17461423,en,literal,Kempinski Hotel Soma Bay,,,,,,,uri,http://www.wikidata.org/entity/Q79,literal,,literal,,literal,,literal,,literal,,ar,literal,فندق كمبنسكي سوما باي,,,,wd:Q79
280,uri,http://www.wikidata.org/entity/Q64027450,en,literal,SUNRISE Marina Resort Port Ghalib,,,,,,,uri,http://www.wikidata.org/entity/Q79,literal,,literal,,literal,,literal,,literal,,,,,,,,wd:Q79
281,uri,http://www.wikidata.org/entity/Q64016780,en,literal,ROBINSON club Soma Bay,,,,,,,uri,http://www.wikidata.org/entity/Q79,literal,,literal,,literal,,literal,,literal,,ar,literal,روبنسون كلوب سوما باي,,,,wd:Q79
282,uri,http://www.wikidata.org/entity/Q30308807,en,literal,Hilton Alexandria King's Ranch,,,,,,,uri,http://www.wikidata.org/entity/Q79,literal,,literal,,literal,,literal,,literal,,en,literal,Hilton Alexandria King's Ranch,,,,wd:Q79
283,uri,http://www.wikidata.org/entity/Q7817,en,literal,World Health Organization,http://www.w3.org/2001/XMLSchema#decimal,literal,7000,http://www.w3.org/2001/XMLSchema#dateTime,literal,1948-04-07T00:00:00Z,uri,http://www.wikidata.org/entity/Q79,literal,http://www.wikidata.org/entity/Q29584363,literal,,literal,,literal,http://www.wikidata.org/entity/Q71,literal,,ar,literal,منظمة الصحة العالمية,,,,wd:Q79
284,uri,http://www.wikidata.org/entity/Q10970763,en,literal,Dar Almaref,,,,,,,uri,http://www.wikidata.org/entity/Q79,literal,,literal,,literal,,literal,,literal,,,,,,,,wd:Q79
285,uri,http://www.wikidata.org/entity/Q79403380,en,literal,United Media Services,,,,,,,uri,http://www.wikidata.org/entity/Q79,literal,,literal,,literal,,literal,http://www.wikidata.org/entity/Q85,literal,,,,,,,,wd:Q79
286,uri,http://www.wikidata.org/entity/Q7817,en,literal,World Health Organization,http://www.w3.org/2001/XMLSchema#decimal,literal,7000,http://www.w3.org/2001/XMLSchema#dateTime,literal,1948-04-07T00:00:00Z,uri,http://www.wikidata.org/entity/Q30,literal,http://www.wikidata.org/entity/Q29584363,literal,,literal,,literal,http://www.wikidata.org/entity/Q71,literal,,zh-hans,literal,世界卫生组织,,,,wd:Q79
287,uri,http://www.wikidata.org/entity/Q12236500,en,literal,Cook Door,,,,http://www.w3.org/2001/XMLSchema#dateTime,literal,1988-01-01T00:00:00Z,uri,http://www.wikidata.org/entity/Q79,literal,http://www.wikidata.org/entity/Q81799,literal,,literal,,literal,http://www.wikidata.org/entity/Q85,literal,,,,,,,,wd:Q79
288,uri,http://www.wikidata.org/entity/Q110488009,en,literal,Nefertiti Hotel,,,,,,,uri,http://www.wikidata.org/entity/Q79,literal,,literal,,literal,,literal,,literal,,,,,,,,wd:Q79
289,uri,http://www.wikidata.org/entity/Q111522985,en,literal,Misr Hotel,,,,,,,uri,http://www.wikidata.org/entity/Q79,literal,,literal,,literal,,literal,,literal,,,,,,,,wd:Q79
290,uri,http://www.wikidata.org/entity/Q110552722,en,literal,Steigenberger Nile Palace,,,,,,,uri,http://www.wikidata.org/entity/Q79,literal,,literal,,literal,,literal,,literal,,,,,,,,wd:Q79
291,uri,http://www.wikidata.org/entity/Q63985038,en,literal,Paradise Inn Metropole Hotel,,,,,,,uri,http://www.wikidata.org/entity/Q79,literal,,literal,,literal,,literal,,literal,,,,,,,,wd:Q79
292,uri,http://www.wikidata.org/entity/Q7817,en,literal,World Health Organization,http://www.w3.org/2001/XMLSchema#decimal,literal,7000,http://www.w3.org/2001/XMLSchema#dateTime,literal,1948-04-07T00:00:00Z,uri,http://www.wikidata.org/entity/Q35,literal,http://www.wikidata.org/entity/Q29584363,literal,,literal,,literal,http://www.wikidata.org/entity/Q71,literal,,zh-hans,literal,世界卫生组织,,,,wd:Q79
