,business.type,business.value,businessLabel.xml:lang,businessLabel.type,businessLabel.value,origindate.datatype,origindate.type,origindate.value,country.type,country.value,industries.type,industries.value,ceos.type,ceos.value,chairs.type,chairs.value,hqs.type,hqs.value,groups.type,groups.value,employees.datatype,employees.type,employees.value,profit.datatype,profit.type,profit.value,country
0,uri,http://www.wikidata.org/entity/Q3666590,en,literal,Hawler Medical University,http://www.w3.org/2001/XMLSchema#dateTime,literal,2005-01-01T00:00:00Z,uri,http://www.wikidata.org/entity/Q796,literal,,literal,,literal,,literal,http://www.wikidata.org/entity/Q132754,literal,,,,,,,,wd:Q796
1,uri,http://www.wikidata.org/entity/Q7370229,en,literal,Rotana Hotels,http://www.w3.org/2001/XMLSchema#dateTime,literal,1992-01-01T00:00:00Z,uri,http://www.wikidata.org/entity/Q1049,literal,,literal,,literal,,literal,http://www.wikidata.org/entity/Q1519,literal,,,,,,,,wd:Q796
2,uri,http://www.wikidata.org/entity/Q550376,en,literal,University of Baghdad,http://www.w3.org/2001/XMLSchema#dateTime,literal,1957-08-21T00:00:00Z,uri,http://www.wikidata.org/entity/Q796,literal,,literal,,literal,,literal,http://www.wikidata.org/entity/Q1530,literal,,,,,,,,wd:Q796
3,uri,http://www.wikidata.org/entity/Q7370229,en,literal,Rotana Hotels,http://www.w3.org/2001/XMLSchema#dateTime,literal,1992-01-01T00:00:00Z,uri,http://www.wikidata.org/entity/Q79,literal,,literal,,literal,,literal,http://www.wikidata.org/entity/Q1519,literal,,,,,,,,wd:Q796
4,uri,http://www.wikidata.org/entity/Q1450490,en,literal,Koya University,http://www.w3.org/2001/XMLSchema#dateTime,literal,2003-01-01T00:00:00Z,uri,http://www.wikidata.org/entity/Q796,literal,,literal,,literal,,literal,http://www.wikidata.org/entity/Q132754,literal,,http://www.w3.org/2001/XMLSchema#decimal,literal,435,,,,wd:Q796
5,uri,http://www.wikidata.org/entity/Q15261242,en,literal,Slemani Polytechnic University,http://www.w3.org/2001/XMLSchema#dateTime,literal,1996-01-01T00:00:00Z,uri,http://www.wikidata.org/entity/Q796,literal,,literal,,literal,,literal,http://www.wikidata.org/entity/Q191204,literal,,http://www.w3.org/2001/XMLSchema#decimal,literal,2368,,,,wd:Q796
6,uri,http://www.wikidata.org/entity/Q6080223,en,literal,Tishk International University,http://www.w3.org/2001/XMLSchema#dateTime,literal,2008-01-01T00:00:00Z,uri,http://www.wikidata.org/entity/Q796,literal,,literal,,literal,,literal,,literal,,,,,,,,wd:Q796
7,uri,http://www.wikidata.org/entity/Q110814753,en,literal,Yeksani,http://www.w3.org/2001/XMLSchema#dateTime,literal,2021-02-14T00:00:00Z,uri,http://www.wikidata.org/entity/Q796,literal,,literal,,literal,,literal,,literal,,,,,,,,wd:Q796
8,uri,http://www.wikidata.org/entity/Q12251168,en,literal,Iraqi News Agency,http://www.w3.org/2001/XMLSchema#dateTime,literal,1959-03-01T00:00:00Z,uri,http://www.wikidata.org/entity/Q796,literal,,literal,,literal,,literal,http://www.wikidata.org/entity/Q1530,literal,,,,,,,,wd:Q796
9,uri,http://www.wikidata.org/entity/Q7370229,en,literal,Rotana Hotels,http://www.w3.org/2001/XMLSchema#dateTime,literal,1992-01-01T00:00:00Z,uri,http://www.wikidata.org/entity/Q796,literal,,literal,,literal,,literal,http://www.wikidata.org/entity/Q1519,literal,,,,,,,,wd:Q796
10,uri,http://www.wikidata.org/entity/Q6432127,en,literal,Korek Telecom,http://www.w3.org/2001/XMLSchema#dateTime,literal,2000-01-01T00:00:00Z,uri,http://www.wikidata.org/entity/Q796,literal,"http://www.wikidata.org/entity/Q56598901, http://www.wikidata.org/entity/Q25245117",literal,,literal,,literal,http://www.wikidata.org/entity/Q132754,literal,,,,,,,,wd:Q796
11,uri,http://www.wikidata.org/entity/Q7370229,en,literal,Rotana Hotels,http://www.w3.org/2001/XMLSchema#dateTime,literal,1992-01-01T00:00:00Z,uri,http://www.wikidata.org/entity/Q810,literal,,literal,,literal,,literal,http://www.wikidata.org/entity/Q1519,literal,,,,,,,,wd:Q796
12,uri,http://www.wikidata.org/entity/Q7370229,en,literal,Rotana Hotels,http://www.w3.org/2001/XMLSchema#dateTime,literal,1992-01-01T00:00:00Z,uri,http://www.wikidata.org/entity/Q817,literal,,literal,,literal,,literal,http://www.wikidata.org/entity/Q1519,literal,,,,,,,,wd:Q796
13,uri,http://www.wikidata.org/entity/Q7370229,en,literal,Rotana Hotels,http://www.w3.org/2001/XMLSchema#dateTime,literal,1992-01-01T00:00:00Z,uri,http://www.wikidata.org/entity/Q822,literal,,literal,,literal,,literal,http://www.wikidata.org/entity/Q1519,literal,,,,,,,,wd:Q796
14,uri,http://www.wikidata.org/entity/Q7370229,en,literal,Rotana Hotels,http://www.w3.org/2001/XMLSchema#dateTime,literal,1992-01-01T00:00:00Z,uri,http://www.wikidata.org/entity/Q974,literal,,literal,,literal,,literal,http://www.wikidata.org/entity/Q1519,literal,,,,,,,,wd:Q796
15,uri,http://www.wikidata.org/entity/Q4120421,en,literal,AsiaCell,http://www.w3.org/2001/XMLSchema#dateTime,literal,1999-01-01T00:00:00Z,uri,http://www.wikidata.org/entity/Q796,literal,"http://www.wikidata.org/entity/Q56598901, http://www.wikidata.org/entity/Q25245117",literal,,literal,,literal,http://www.wikidata.org/entity/Q191204,literal,,http://www.w3.org/2001/XMLSchema#decimal,literal,2936,http://www.w3.org/2001/XMLSchema#decimal,literal,243618000000,wd:Q796
16,uri,http://www.wikidata.org/entity/Q110551999,en,literal,Alnahrain For printing and advertising,,,,uri,http://www.wikidata.org/entity/Q796,literal,,literal,,literal,,literal,http://www.wikidata.org/entity/Q1530,literal,,,,,,,,wd:Q796
17,uri,http://www.wikidata.org/entity/Q369629,en,literal,Salahaddin University,http://www.w3.org/2001/XMLSchema#dateTime,literal,1981-01-01T00:00:00Z,uri,http://www.wikidata.org/entity/Q796,literal,,literal,,literal,,literal,http://www.wikidata.org/entity/Q132754,literal,,,,,,,,wd:Q796
18,uri,http://www.wikidata.org/entity/Q1778674,en,literal,Central Bank of Iraq,http://www.w3.org/2001/XMLSchema#dateTime,literal,1947-01-01T00:00:00Z,uri,http://www.wikidata.org/entity/Q796,literal,,literal,,literal,,literal,,literal,,,,,,,,wd:Q796
19,uri,http://www.wikidata.org/entity/Q7896464,en,literal,University of Tikrit,http://www.w3.org/2001/XMLSchema#dateTime,literal,1987-01-01T00:00:00Z,uri,http://www.wikidata.org/entity/Q796,literal,,literal,,literal,,literal,,literal,,,,,,,,wd:Q796
20,uri,http://www.wikidata.org/entity/Q7370229,en,literal,Rotana Hotels,http://www.w3.org/2001/XMLSchema#dateTime,literal,1992-01-01T00:00:00Z,uri,http://www.wikidata.org/entity/Q842,literal,,literal,,literal,,literal,http://www.wikidata.org/entity/Q1519,literal,,,,,,,,wd:Q796
21,uri,http://www.wikidata.org/entity/Q7370229,en,literal,Rotana Hotels,http://www.w3.org/2001/XMLSchema#dateTime,literal,1992-01-01T00:00:00Z,uri,http://www.wikidata.org/entity/Q846,literal,,literal,,literal,,literal,http://www.wikidata.org/entity/Q1519,literal,,,,,,,,wd:Q796
22,uri,http://www.wikidata.org/entity/Q7370229,en,literal,Rotana Hotels,http://www.w3.org/2001/XMLSchema#dateTime,literal,1992-01-01T00:00:00Z,uri,http://www.wikidata.org/entity/Q398,literal,,literal,,literal,,literal,http://www.wikidata.org/entity/Q1519,literal,,,,,,,,wd:Q796
23,uri,http://www.wikidata.org/entity/Q7370229,en,literal,Rotana Hotels,http://www.w3.org/2001/XMLSchema#dateTime,literal,1992-01-01T00:00:00Z,uri,http://www.wikidata.org/entity/Q851,literal,,literal,,literal,,literal,http://www.wikidata.org/entity/Q1519,literal,,,,,,,,wd:Q796
24,uri,http://www.wikidata.org/entity/Q3668446,en,literal,University of Kurdistan – Hawler,http://www.w3.org/2001/XMLSchema#dateTime,literal,2006-01-01T00:00:00Z,uri,http://www.wikidata.org/entity/Q796,literal,,literal,,literal,,literal,http://www.wikidata.org/entity/Q132754,literal,,http://www.w3.org/2001/XMLSchema#decimal,literal,24,,,,wd:Q796
25,uri,http://www.wikidata.org/entity/Q7370229,en,literal,Rotana Hotels,http://www.w3.org/2001/XMLSchema#dateTime,literal,1992-01-01T00:00:00Z,uri,http://www.wikidata.org/entity/Q878,literal,,literal,,literal,,literal,http://www.wikidata.org/entity/Q1519,literal,,,,,,,,wd:Q796
26,uri,http://www.wikidata.org/entity/Q7370229,en,literal,Rotana Hotels,http://www.w3.org/2001/XMLSchema#dateTime,literal,1992-01-01T00:00:00Z,uri,http://www.wikidata.org/entity/Q43,literal,,literal,,literal,,literal,http://www.wikidata.org/entity/Q1519,literal,,,,,,,,wd:Q796
27,uri,http://www.wikidata.org/entity/Q8064821,en,literal,Zain Iraq,http://www.w3.org/2001/XMLSchema#dateTime,literal,2007-12-01T00:00:00Z,uri,http://www.wikidata.org/entity/Q796,literal,"http://www.wikidata.org/entity/Q56598901, http://www.wikidata.org/entity/Q25245117",literal,,literal,,literal,,literal,,,,,,,,wd:Q796
28,uri,http://www.wikidata.org/entity/Q310842,en,literal,Al-Mustansiriya University,http://www.w3.org/2001/XMLSchema#dateTime,literal,1227-01-01T00:00:00Z,uri,http://www.wikidata.org/entity/Q796,literal,,literal,,literal,,literal,,literal,,,,,,,,wd:Q796
29,uri,http://www.wikidata.org/entity/Q7895102,en,literal,University of Babylon,http://www.w3.org/2001/XMLSchema#dateTime,literal,1991-01-01T00:00:00Z,uri,http://www.wikidata.org/entity/Q796,literal,,literal,,literal,,literal,,literal,,,,,,,,wd:Q796
