,business.type,business.value,businessLabel.type,businessLabel.value,origindate.datatype,origindate.type,origindate.value,country.type,country.value,industries.type,industries.value,ceos.type,ceos.value,chairs.type,chairs.value,hqs.type,hqs.value,groups.type,groups.value,businessLabel.xml:lang,officialname.xml:lang,officialname.type,officialname.value,employees.datatype,employees.type,employees.value,profit.datatype,profit.type,profit.value,country
0,uri,http://www.wikidata.org/entity/Q25490608,literal,Q25490608,http://www.w3.org/2001/XMLSchema#dateTime,literal,2012-01-01T00:00:00Z,uri,http://www.wikidata.org/entity/Q801,literal,http://www.wikidata.org/entity/Q3972943,literal,,literal,,literal,http://www.wikidata.org/entity/Q33935,literal,,,,,,,,,,,,wd:Q801
1,uri,http://www.wikidata.org/entity/Q30561822,literal,Sella Meir Publishing,http://www.w3.org/2001/XMLSchema#dateTime,literal,2013-01-01T00:00:00Z,uri,http://www.wikidata.org/entity/Q801,literal,http://www.wikidata.org/entity/Q3972943,literal,,literal,,literal,"http://www.wikidata.org/entity/Q152413, http://www.wikidata.org/entity/Q1218",literal,,en,,,,,,,,,,wd:Q801
2,uri,http://www.wikidata.org/entity/Q65252074,literal,Q65252074,http://www.w3.org/2001/XMLSchema#dateTime,literal,2000-01-01T00:00:00Z,uri,http://www.wikidata.org/entity/Q801,literal,,literal,,literal,http://www.wikidata.org/entity/Q13577132,literal,http://www.wikidata.org/entity/Q2636679,literal,,,he,literal,מכון אורות הירושלמי,,,,,,,wd:Q801
3,uri,http://www.wikidata.org/entity/Q558002,literal,Israir Airlines,http://www.w3.org/2001/XMLSchema#dateTime,literal,1989-01-01T00:00:00Z,uri,http://www.wikidata.org/entity/Q801,literal,,literal,,literal,,literal,http://www.wikidata.org/entity/Q33935,literal,,en,,,,,,,,,,wd:Q801
4,uri,http://www.wikidata.org/entity/Q22907681,literal,DBMaestro,http://www.w3.org/2001/XMLSchema#dateTime,literal,2012-01-01T00:00:00Z,uri,http://www.wikidata.org/entity/Q801,literal,http://www.wikidata.org/entity/Q880371,literal,,literal,,literal,http://www.wikidata.org/entity/Q190828,literal,,en,,,,,,,,,,wd:Q801
5,uri,http://www.wikidata.org/entity/Q38219356,literal,Kinar Galil Hotel,,,,uri,http://www.wikidata.org/entity/Q801,literal,,literal,,literal,http://www.wikidata.org/entity/Q38126947,literal,,literal,,en,he,literal,מלון כינר גליל,,,,,,,wd:Q801
6,uri,http://www.wikidata.org/entity/Q2666775,literal,Bank Hapoalim,http://www.w3.org/2001/XMLSchema#dateTime,literal,1921-01-01T00:00:00Z,uri,http://www.wikidata.org/entity/Q801,literal,http://www.wikidata.org/entity/Q1416657,literal,http://www.wikidata.org/entity/Q86006538,literal,,literal,http://www.wikidata.org/entity/Q33935,literal,,en,,,,,,,,,,wd:Q801
7,uri,http://www.wikidata.org/entity/Q110908176,literal,Haven Originals,http://www.w3.org/2001/XMLSchema#dateTime,literal,2020-01-01T00:00:00Z,uri,http://www.wikidata.org/entity/Q801,literal,http://www.wikidata.org/entity/Q1415395,literal,,literal,,literal,http://www.wikidata.org/entity/Q33935,literal,,en,,,,,,,,,,wd:Q801
8,uri,http://www.wikidata.org/entity/Q4523181,literal,Shufersal,http://www.w3.org/2001/XMLSchema#dateTime,literal,1958-01-01T00:00:00Z,uri,http://www.wikidata.org/entity/Q801,literal,http://www.wikidata.org/entity/Q126793,literal,,literal,,literal,http://www.wikidata.org/entity/Q201051,literal,,en,,,,,,,,,,wd:Q801
9,uri,http://www.wikidata.org/entity/Q7205567,literal,Pluri Inc.,http://www.w3.org/2001/XMLSchema#dateTime,literal,2001-01-01T00:00:00Z,uri,http://www.wikidata.org/entity/Q801,literal,http://www.wikidata.org/entity/Q7108,literal,,literal,,literal,http://www.wikidata.org/entity/Q41621,literal,,en,,,,,,,,,,wd:Q801
10,uri,http://www.wikidata.org/entity/Q2915481,literal,Israel Electric Corporation,http://www.w3.org/2001/XMLSchema#dateTime,literal,1921-01-01T00:00:00Z,uri,http://www.wikidata.org/entity/Q801,literal,http://www.wikidata.org/entity/Q1326624,literal,,literal,,literal,http://www.wikidata.org/entity/Q41621,literal,,en,,,,,,,,,,wd:Q801
11,uri,http://www.wikidata.org/entity/Q6784385,literal,Menora Mivtachim,http://www.w3.org/2001/XMLSchema#dateTime,literal,1935-01-01T00:00:00Z,uri,http://www.wikidata.org/entity/Q801,literal,http://www.wikidata.org/entity/Q43183,literal,,literal,,literal,,literal,,en,,,,,,,,,,wd:Q801
12,uri,http://www.wikidata.org/entity/Q43295781,literal,Tamnoon,http://www.w3.org/2001/XMLSchema#dateTime,literal,1993-01-01T00:00:00Z,uri,http://www.wikidata.org/entity/Q801,literal,,literal,,literal,,literal,,literal,,en,,,,http://www.w3.org/2001/XMLSchema#decimal,literal,400,,,,wd:Q801
13,uri,http://www.wikidata.org/entity/Q133706,literal,Israel Medical Association,http://www.w3.org/2001/XMLSchema#dateTime,literal,1912-01-01T00:00:00Z,uri,http://www.wikidata.org/entity/Q801,literal,,literal,,literal,http://www.wikidata.org/entity/Q56751630,literal,,literal,,en,,,,,,,,,,wd:Q801
14,uri,http://www.wikidata.org/entity/Q111506692,literal,Q111506692,http://www.w3.org/2001/XMLSchema#dateTime,literal,2005-01-01T00:00:00Z,uri,http://www.wikidata.org/entity/Q801,literal,,literal,,literal,,literal,"http://www.wikidata.org/entity/Q12408446, http://www.wikidata.org/entity/Q192807",literal,,,,,,,,,,,,wd:Q801
15,uri,http://www.wikidata.org/entity/Q73878156,literal,Nine Lives,http://www.w3.org/2001/XMLSchema#dateTime,literal,2016-01-01T00:00:00Z,uri,http://www.wikidata.org/entity/Q801,literal,http://www.wikidata.org/entity/Q3972943,literal,,literal,,literal,http://www.wikidata.org/entity/Q33935,literal,,en,,,,,,,,,,wd:Q801
16,uri,http://www.wikidata.org/entity/Q13220217,literal,Super-Pharm,http://www.w3.org/2001/XMLSchema#dateTime,literal,1978-01-01T00:00:00Z,uri,http://www.wikidata.org/entity/Q148,literal,http://www.wikidata.org/entity/Q126793,literal,,literal,,literal,http://www.wikidata.org/entity/Q152491,literal,,en,,,,,,,,,,wd:Q801
17,uri,http://www.wikidata.org/entity/Q57981223,literal,Hoodies,http://www.w3.org/2001/XMLSchema#dateTime,literal,2007-07-05T00:00:00Z,uri,http://www.wikidata.org/entity/Q801,literal,http://www.wikidata.org/entity/Q126793,literal,,literal,,literal,,literal,,en,,,,http://www.w3.org/2001/XMLSchema#decimal,literal,5000,,,,wd:Q801
18,uri,http://www.wikidata.org/entity/Q96398827,literal,Perimeter 81,http://www.w3.org/2001/XMLSchema#dateTime,literal,2018-01-01T00:00:00Z,uri,http://www.wikidata.org/entity/Q801,literal,http://www.wikidata.org/entity/Q989632,literal,,literal,,literal,,literal,,en,,,,,,,,,,wd:Q801
19,uri,http://www.wikidata.org/entity/Q5063615,literal,Ceragon,http://www.w3.org/2001/XMLSchema#dateTime,literal,1996-01-01T00:00:00Z,uri,http://www.wikidata.org/entity/Q801,literal,http://www.wikidata.org/entity/Q418,literal,,literal,,literal,http://www.wikidata.org/entity/Q33935,literal,,en,,,,,,,,,,wd:Q801
20,uri,http://www.wikidata.org/entity/Q7187667,literal,Bank Massad,http://www.w3.org/2001/XMLSchema#dateTime,literal,1929-01-01T00:00:00Z,uri,http://www.wikidata.org/entity/Q801,literal,http://www.wikidata.org/entity/Q22687,literal,,literal,,literal,http://www.wikidata.org/entity/Q33935,literal,,en,,,,,,,,,,wd:Q801
21,uri,http://www.wikidata.org/entity/Q2777497,literal,First International Bank of Israel,http://www.w3.org/2001/XMLSchema#dateTime,literal,1972-01-01T00:00:00Z,uri,http://www.wikidata.org/entity/Q801,literal,http://www.wikidata.org/entity/Q22687,literal,,literal,,literal,http://www.wikidata.org/entity/Q33935,literal,,en,,,,,,,,,,wd:Q801
22,uri,http://www.wikidata.org/entity/Q6561327,literal,Yenot Bitan,http://www.w3.org/2001/XMLSchema#dateTime,literal,1995-01-01T00:00:00Z,uri,http://www.wikidata.org/entity/Q801,literal,http://www.wikidata.org/entity/Q126793,literal,,literal,,literal,,literal,,en,,,,,,,,,,wd:Q801
23,uri,http://www.wikidata.org/entity/Q106946293,literal,BigID,http://www.w3.org/2001/XMLSchema#dateTime,literal,2016-01-01T00:00:00Z,uri,http://www.wikidata.org/entity/Q801,literal,http://www.wikidata.org/entity/Q880371,literal,,literal,,literal,http://www.wikidata.org/entity/Q60,literal,,en,,,,,,,,,,wd:Q801
24,uri,http://www.wikidata.org/entity/Q7253897,literal,Psagot Investment House,http://www.w3.org/2001/XMLSchema#dateTime,literal,2003-01-01T00:00:00Z,uri,http://www.wikidata.org/entity/Q801,literal,http://www.wikidata.org/entity/Q837171,literal,,literal,,literal,http://www.wikidata.org/entity/Q33935,literal,,en,,,,,,,,,,wd:Q801
25,uri,http://www.wikidata.org/entity/Q2091479,literal,NICE Systems,http://www.w3.org/2001/XMLSchema#dateTime,literal,1986-01-01T00:00:00Z,uri,http://www.wikidata.org/entity/Q801,literal,http://www.wikidata.org/entity/Q7397,literal,,literal,,literal,http://www.wikidata.org/entity/Q309164,literal,,en,,,,,,,,,,wd:Q801
26,uri,http://www.wikidata.org/entity/Q12061542,literal,McDonald's Israel,http://www.w3.org/2001/XMLSchema#dateTime,literal,1993-10-14T00:00:00Z,uri,http://www.wikidata.org/entity/Q801,literal,http://www.wikidata.org/entity/Q81799,literal,,literal,,literal,http://www.wikidata.org/entity/Q2889806,literal,,en,,,,,,,,,,wd:Q801
27,uri,http://www.wikidata.org/entity/Q16130352,literal,Dor Alon,http://www.w3.org/2001/XMLSchema#dateTime,literal,1988-01-01T00:00:00Z,uri,http://www.wikidata.org/entity/Q801,literal,http://www.wikidata.org/entity/Q2151621,literal,,literal,,literal,,literal,,en,,,,,,,,,,wd:Q801
28,uri,http://www.wikidata.org/entity/Q7251166,literal,Protalix BioTherapeutics,http://www.w3.org/2001/XMLSchema#dateTime,literal,1993-01-01T00:00:00Z,uri,http://www.wikidata.org/entity/Q801,literal,http://www.wikidata.org/entity/Q7108,literal,,literal,,literal,http://www.wikidata.org/entity/Q152418,literal,,en,,,,,,,,,,wd:Q801
29,uri,http://www.wikidata.org/entity/Q109676211,literal,XM Cyber,http://www.w3.org/2001/XMLSchema#dateTime,literal,2016-04-01T00:00:00Z,uri,http://www.wikidata.org/entity/Q801,literal,,literal,,literal,,literal,http://www.wikidata.org/entity/Q152491,literal,,en,,,,,,,,,,wd:Q801
30,uri,http://www.wikidata.org/entity/Q2894259,literal,Golan Telecom,http://www.w3.org/2001/XMLSchema#dateTime,literal,2010-01-01T00:00:00Z,uri,http://www.wikidata.org/entity/Q801,literal,"http://www.wikidata.org/entity/Q56598901, http://www.wikidata.org/entity/Q25245117, http://www.wikidata.org/entity/Q418",literal,,literal,,literal,"http://www.wikidata.org/entity/Q33935, http://www.wikidata.org/entity/Q801",literal,,en,,,,http://www.w3.org/2001/XMLSchema#decimal,literal,200,,,,wd:Q801
31,uri,http://www.wikidata.org/entity/Q55649682,literal,Kley Zemer,http://www.w3.org/2001/XMLSchema#dateTime,literal,1967-01-01T00:00:00Z,uri,http://www.wikidata.org/entity/Q801,literal,,literal,,literal,,literal,http://www.wikidata.org/entity/Q190828,literal,,en,,,,,,,,,,wd:Q801
32,uri,http://www.wikidata.org/entity/Q64767402,literal,Fokatcha,http://www.w3.org/2001/XMLSchema#dateTime,literal,2004-01-01T00:00:00Z,uri,http://www.wikidata.org/entity/Q801,literal,,literal,,literal,,literal,http://www.wikidata.org/entity/Q801,literal,,en,,,,,,,,,,wd:Q801
33,uri,http://www.wikidata.org/entity/Q84765510,literal,MoviePlus,http://www.w3.org/2001/XMLSchema#dateTime,literal,2005-01-01T00:00:00Z,uri,http://www.wikidata.org/entity/Q801,literal,,literal,,literal,,literal,,literal,,en,,,,,,,,,,wd:Q801
34,uri,http://www.wikidata.org/entity/Q420506,literal,Wix.com,http://www.w3.org/2001/XMLSchema#dateTime,literal,2006-03-01T00:00:00Z,uri,http://www.wikidata.org/entity/Q801,literal,"http://www.wikidata.org/entity/Q1625990, http://www.wikidata.org/entity/Q75",literal,,literal,,literal,http://www.wikidata.org/entity/Q33935,literal,,en,,,,http://www.w3.org/2001/XMLSchema#decimal,literal,5000,,,,wd:Q801
35,uri,http://www.wikidata.org/entity/Q66881275,literal,Bat Yaar,,,,uri,http://www.wikidata.org/entity/Q801,literal,,literal,,literal,,literal,,literal,,en,,,,,,,,,,wd:Q801
36,uri,http://www.wikidata.org/entity/Q61126698,literal,RGE,http://www.w3.org/2001/XMLSchema#dateTime,literal,1999-03-10T00:00:00Z,uri,http://www.wikidata.org/entity/Q801,literal,,literal,,literal,,literal,http://www.wikidata.org/entity/Q152491,literal,,en,,,,,,,,,,wd:Q801
37,uri,http://www.wikidata.org/entity/Q7035131,literal,Waldorf Astoria Jerusalem,http://www.w3.org/2001/XMLSchema#dateTime,literal,2014-04-16T00:00:00Z,uri,http://www.wikidata.org/entity/Q801,literal,,literal,,literal,,literal,,literal,,en,,,,,,,,,,wd:Q801
38,uri,http://www.wikidata.org/entity/Q96179406,literal,Renuar,http://www.w3.org/2001/XMLSchema#dateTime,literal,1993-01-01T00:00:00Z,uri,http://www.wikidata.org/entity/Q801,literal,http://www.wikidata.org/entity/Q12684,literal,,literal,,literal,,literal,,en,,,,http://www.w3.org/2001/XMLSchema#decimal,literal,1300,,,,wd:Q801
39,uri,http://www.wikidata.org/entity/Q1265181,literal,Dun & Bradstreet,http://www.w3.org/2001/XMLSchema#dateTime,literal,1841-01-01T00:00:00Z,uri,http://www.wikidata.org/entity/Q801,literal,,literal,,literal,,literal,"http://www.wikidata.org/entity/Q3472467, http://www.wikidata.org/entity/Q16568",literal,,en,,,,,,,,,,wd:Q801
40,uri,http://www.wikidata.org/entity/Q55649044,literal,Halavluv,http://www.w3.org/2001/XMLSchema#dateTime,literal,2015-01-01T00:00:00Z,uri,http://www.wikidata.org/entity/Q801,literal,,literal,,literal,,literal,,literal,,en,,,,,,,,,,wd:Q801
41,uri,http://www.wikidata.org/entity/Q105577061,literal,Asia Publishers,,,,uri,http://www.wikidata.org/entity/Q801,literal,,literal,,literal,,literal,,literal,,en,,,,,,,,,,wd:Q801
42,uri,http://www.wikidata.org/entity/Q1132126,literal,Yedioth Ahronoth,http://www.w3.org/2001/XMLSchema#dateTime,literal,1939-01-01T00:00:00Z,uri,http://www.wikidata.org/entity/Q801,literal,,literal,,literal,,literal,http://www.wikidata.org/entity/Q33935,literal,,en,,,,,,,,,,wd:Q801
43,uri,http://www.wikidata.org/entity/Q111399918,literal,Cucu Hotel,,,,uri,http://www.wikidata.org/entity/Q801,literal,,literal,,literal,,literal,,literal,,en,,,,,,,,,,wd:Q801
44,uri,http://www.wikidata.org/entity/Q108837504,literal,Pagaya technologies,http://www.w3.org/2001/XMLSchema#dateTime,literal,2016-03-01T00:00:00Z,uri,http://www.wikidata.org/entity/Q801,literal,,literal,,literal,,literal,http://www.wikidata.org/entity/Q33935,literal,,en,,,,,,,,,,wd:Q801
45,uri,http://www.wikidata.org/entity/Q112078977,literal,Otonomo,http://www.w3.org/2001/XMLSchema#dateTime,literal,2015-01-01T00:00:00Z,uri,http://www.wikidata.org/entity/Q801,literal,http://www.wikidata.org/entity/Q11661,literal,,literal,,literal,http://www.wikidata.org/entity/Q152491,literal,,en,,,,,,,,,,wd:Q801
46,uri,http://www.wikidata.org/entity/Q5410132,literal,Fiverr,http://www.w3.org/2001/XMLSchema#dateTime,literal,2010-01-01T00:00:00Z,uri,http://www.wikidata.org/entity/Q801,literal,,literal,http://www.wikidata.org/entity/Q79483467,literal,,literal,http://www.wikidata.org/entity/Q33935,literal,,en,,,,,,,,,,wd:Q801
47,uri,http://www.wikidata.org/entity/Q250362,literal,Israel Discount Bank,http://www.w3.org/2001/XMLSchema#dateTime,literal,1935-01-01T00:00:00Z,uri,http://www.wikidata.org/entity/Q801,literal,http://www.wikidata.org/entity/Q1416657,literal,,literal,,literal,"http://www.wikidata.org/entity/Q2882599, http://www.wikidata.org/entity/Q33935",literal,,en,,,,,,,,,,wd:Q801
48,uri,http://www.wikidata.org/entity/Q16132374,literal,Sami VeSusu,http://www.w3.org/2001/XMLSchema#dateTime,literal,1970-01-01T00:00:00Z,uri,http://www.wikidata.org/entity/Q801,literal,,literal,,literal,,literal,,literal,,en,,,,,,,,,,wd:Q801
49,uri,http://www.wikidata.org/entity/Q7024318,literal,Q7024318,http://www.w3.org/2001/XMLSchema#dateTime,literal,2001-01-01T00:00:00Z,uri,http://www.wikidata.org/entity/Q801,literal,,literal,,literal,,literal,,literal,,,,,,,,,,,,wd:Q801
50,uri,http://www.wikidata.org/entity/Q86001741,literal,Q86001741,http://www.w3.org/2001/XMLSchema#dateTime,literal,1983-01-01T00:00:00Z,uri,http://www.wikidata.org/entity/Q801,literal,http://www.wikidata.org/entity/Q3972943,literal,,literal,,literal,http://www.wikidata.org/entity/Q1218,literal,,,,,,,,,,,,wd:Q801
51,uri,http://www.wikidata.org/entity/Q112844954,literal,Q112844954,http://www.w3.org/2001/XMLSchema#dateTime,literal,2020-01-01T00:00:00Z,uri,http://www.wikidata.org/entity/Q801,literal,,literal,,literal,,literal,http://www.wikidata.org/entity/Q950347,literal,,,,,,,,,,,,wd:Q801
52,uri,http://www.wikidata.org/entity/Q59016148,literal,Nener & Co.,http://www.w3.org/2001/XMLSchema#dateTime,literal,1951-01-01T00:00:00Z,uri,http://www.wikidata.org/entity/Q801,literal,,literal,,literal,,literal,,literal,,en,,,,,,,,,,wd:Q801
53,uri,http://www.wikidata.org/entity/Q98608948,literal,JFrog Ltd,http://www.w3.org/2001/XMLSchema#dateTime,literal,2008-04-28T00:00:00Z,uri,http://www.wikidata.org/entity/Q801,literal,http://www.wikidata.org/entity/Q3025536,literal,,literal,,literal,http://www.wikidata.org/entity/Q208459,literal,,en,,,,http://www.w3.org/2001/XMLSchema#decimal,literal,1300,,,,wd:Q801
54,uri,http://www.wikidata.org/entity/Q553149,literal,Sun d'Or International Airlines,http://www.w3.org/2001/XMLSchema#dateTime,literal,1977-01-01T00:00:00Z,uri,http://www.wikidata.org/entity/Q801,literal,,literal,,literal,,literal,http://www.wikidata.org/entity/Q33935,literal,,en,,,,,,,,,,wd:Q801
55,uri,http://www.wikidata.org/entity/Q96739624,literal,Rabbi Interactive,http://www.w3.org/2001/XMLSchema#dateTime,literal,2005-06-11T00:00:00Z,uri,http://www.wikidata.org/entity/Q801,literal,http://www.wikidata.org/entity/Q880371,literal,,literal,,literal,http://www.wikidata.org/entity/Q33935,literal,,en,en,literal,Rabbi Interactive ltd,http://www.w3.org/2001/XMLSchema#decimal,literal,50,,,,wd:Q801
56,uri,http://www.wikidata.org/entity/Q108828690,literal,Reuveni Pridan,http://www.w3.org/2001/XMLSchema#dateTime,literal,1986-01-01T00:00:00Z,uri,http://www.wikidata.org/entity/Q801,literal,http://www.wikidata.org/entity/Q216931,literal,,literal,,literal,http://www.wikidata.org/entity/Q6794201,literal,,en,,,,,,,,,,wd:Q801
57,uri,http://www.wikidata.org/entity/Q61126718,literal,Golan Brewery,http://www.w3.org/2001/XMLSchema#dateTime,literal,2006-01-01T00:00:00Z,uri,http://www.wikidata.org/entity/Q801,literal,,literal,,literal,,literal,http://www.wikidata.org/entity/Q1736959,literal,,en,,,,,,,,,,wd:Q801
58,uri,http://www.wikidata.org/entity/Q601702,literal,Makor Rishon,http://www.w3.org/2001/XMLSchema#dateTime,literal,1997-01-01T00:00:00Z,uri,http://www.wikidata.org/entity/Q801,literal,,literal,,literal,,literal,http://www.wikidata.org/entity/Q1218,literal,,en,,,,,,,,,,wd:Q801
59,uri,http://www.wikidata.org/entity/Q55647697,literal,Cato Networks,http://www.w3.org/2001/XMLSchema#dateTime,literal,2015-01-01T00:00:00Z,uri,http://www.wikidata.org/entity/Q801,literal,http://www.wikidata.org/entity/Q1301371,literal,,literal,,literal,http://www.wikidata.org/entity/Q33935,literal,,en,,,,,,,,,,wd:Q801
60,uri,http://www.wikidata.org/entity/Q876017,literal,Israel Aerospace Industries,http://www.w3.org/2001/XMLSchema#dateTime,literal,1953-01-01T00:00:00Z,uri,http://www.wikidata.org/entity/Q801,literal,"http://www.wikidata.org/entity/Q3477363, http://www.wikidata.org/entity/Q392933",literal,,literal,,literal,http://www.wikidata.org/entity/Q207540,literal,,en,,,,http://www.w3.org/2001/XMLSchema#decimal,literal,16500,http://www.w3.org/2001/XMLSchema#decimal,literal,75000000,wd:Q801
61,uri,http://www.wikidata.org/entity/Q53762345,literal,Q53762345,http://www.w3.org/2001/XMLSchema#dateTime,literal,2013-01-01T00:00:00Z,uri,http://www.wikidata.org/entity/Q801,literal,http://www.wikidata.org/entity/Q3972943,literal,,literal,,literal,,literal,,,,,,,,,,,,wd:Q801
62,uri,http://www.wikidata.org/entity/Q1995995,literal,Dan Bus Company,http://www.w3.org/2001/XMLSchema#dateTime,literal,1945-01-01T00:00:00Z,uri,http://www.wikidata.org/entity/Q801,literal,http://www.wikidata.org/entity/Q294362,literal,,literal,,literal,http://www.wikidata.org/entity/Q33935,literal,,en,,,,,,,,,,wd:Q801
63,uri,http://www.wikidata.org/entity/Q114865959,literal,Twins Falafel,http://www.w3.org/2001/XMLSchema#dateTime,literal,1978-01-01T00:00:00Z,uri,http://www.wikidata.org/entity/Q801,literal,,literal,,literal,,literal,,literal,,en,,,,,,,,,,wd:Q801
64,uri,http://www.wikidata.org/entity/Q96407472,literal,TIPA Corp,http://www.w3.org/2001/XMLSchema#dateTime,literal,2010-01-01T00:00:00Z,uri,http://www.wikidata.org/entity/Q801,literal,,literal,,literal,,literal,,literal,,en,,,,,,,,,,wd:Q801
65,uri,http://www.wikidata.org/entity/Q17051632,literal,Outbrain,http://www.w3.org/2001/XMLSchema#dateTime,literal,2006-01-01T00:00:00Z,uri,http://www.wikidata.org/entity/Q801,literal,http://www.wikidata.org/entity/Q39809,literal,,literal,,literal,http://www.wikidata.org/entity/Q60,literal,,en,,,,,,,,,,wd:Q801
66,uri,http://www.wikidata.org/entity/Q104888165,literal,Q104888165,http://www.w3.org/2001/XMLSchema#dateTime,literal,1981-01-01T00:00:00Z,uri,http://www.wikidata.org/entity/Q801,literal,,literal,,literal,,literal,,literal,,,,,,,,,,,,wd:Q801
67,uri,http://www.wikidata.org/entity/Q716861,literal,Arutz Sheva,http://www.w3.org/2001/XMLSchema#dateTime,literal,1988-10-01T00:00:00Z,uri,http://www.wikidata.org/entity/Q801,literal,http://www.wikidata.org/entity/Q56611639,literal,,literal,,literal,http://www.wikidata.org/entity/Q430939,literal,http://www.wikidata.org/entity/Q4568494,en,,,,,,,,,,wd:Q801
68,uri,http://www.wikidata.org/entity/Q2909707,literal,Leumit Health Fund,http://www.w3.org/2001/XMLSchema#dateTime,literal,1933-01-01T00:00:00Z,uri,http://www.wikidata.org/entity/Q801,literal,,literal,,literal,,literal,,literal,,en,he,literal,קופת חולים לאומית,,,,,,,wd:Q801
69,uri,http://www.wikidata.org/entity/Q100292119,literal,Q100292119,,,,uri,http://www.wikidata.org/entity/Q801,literal,,literal,,literal,,literal,,literal,,,,,,,,,,,,wd:Q801
70,uri,http://www.wikidata.org/entity/Q17050559,literal,IronSource,http://www.w3.org/2001/XMLSchema#dateTime,literal,2011-01-01T00:00:00Z,uri,http://www.wikidata.org/entity/Q801,literal,,literal,,literal,,literal,http://www.wikidata.org/entity/Q33935,literal,,en,,,,,,,,,,wd:Q801
71,uri,http://www.wikidata.org/entity/Q12404107,literal,Q12404107,http://www.w3.org/2001/XMLSchema#dateTime,literal,1948-01-01T00:00:00Z,uri,http://www.wikidata.org/entity/Q801,literal,http://www.wikidata.org/entity/Q423208,literal,,literal,,literal,http://www.wikidata.org/entity/Q33935,literal,,,,,,,,,,,,wd:Q801
72,uri,http://www.wikidata.org/entity/Q28016084,literal,Engie Motors,http://www.w3.org/2001/XMLSchema#dateTime,literal,2014-01-01T00:00:00Z,uri,http://www.wikidata.org/entity/Q801,literal,,literal,,literal,,literal,http://www.wikidata.org/entity/Q33935,literal,,en,,,,,,,,,,wd:Q801
73,uri,http://www.wikidata.org/entity/Q6781793,literal,Israel Coins and Medals Corp.,http://www.w3.org/2001/XMLSchema#dateTime,literal,1958-01-01T00:00:00Z,uri,http://www.wikidata.org/entity/Q801,literal,,literal,,literal,,literal,,literal,,en,,,,,,,,,,wd:Q801
74,uri,http://www.wikidata.org/entity/Q17089575,literal,Webydo,http://www.w3.org/2001/XMLSchema#dateTime,literal,2012-01-01T00:00:00Z,uri,http://www.wikidata.org/entity/Q801,literal,,literal,,literal,,literal,http://www.wikidata.org/entity/Q33935,literal,,en,,,,,,,,,,wd:Q801
75,uri,http://www.wikidata.org/entity/Q2120867,literal,Rambam Health Care Campus,http://www.w3.org/2001/XMLSchema#dateTime,literal,1938-01-01T00:00:00Z,uri,http://www.wikidata.org/entity/Q801,literal,,literal,,literal,,literal,,literal,,en,,,,,,,,,,wd:Q801
76,uri,http://www.wikidata.org/entity/Q113965744,literal,Q113965744,http://www.w3.org/2001/XMLSchema#dateTime,literal,2005-01-01T00:00:00Z,uri,http://www.wikidata.org/entity/Q801,literal,"http://www.wikidata.org/entity/Q4438117, http://www.wikidata.org/entity/Q200253",literal,,literal,,literal,"http://www.wikidata.org/entity/Q2891017, http://www.wikidata.org/entity/Q33935",literal,,,,,,,,,,,,wd:Q801
77,uri,http://www.wikidata.org/entity/Q17492375,literal,Burgers Bar,http://www.w3.org/2001/XMLSchema#dateTime,literal,1999-01-01T00:00:00Z,uri,http://www.wikidata.org/entity/Q801,literal,http://www.wikidata.org/entity/Q126793,literal,,literal,,literal,http://www.wikidata.org/entity/Q801,literal,,en,,,,,,,,,,wd:Q801
78,uri,http://www.wikidata.org/entity/Q65089744,literal,Oramed,http://www.w3.org/2001/XMLSchema#dateTime,literal,2002-01-01T00:00:00Z,uri,http://www.wikidata.org/entity/Q801,literal,http://www.wikidata.org/entity/Q507443,literal,,literal,,literal,,literal,,en,,,,,,,,,,wd:Q801
79,uri,http://www.wikidata.org/entity/Q106687542,literal,TransJerusalem J-Net LTD,http://www.w3.org/2001/XMLSchema#dateTime,literal,2019-01-01T00:00:00Z,uri,http://www.wikidata.org/entity/Q801,literal,http://www.wikidata.org/entity/Q3565868,literal,,literal,,literal,http://www.wikidata.org/entity/Q1218,literal,,en,,,,,,,,,,wd:Q801
80,uri,http://www.wikidata.org/entity/Q7216435,literal,Hilton Tel Aviv,http://www.w3.org/2001/XMLSchema#dateTime,literal,1965-01-01T00:00:00Z,uri,http://www.wikidata.org/entity/Q801,literal,,literal,,literal,,literal,,literal,,en,,,,,,,,,,wd:Q801
81,uri,http://www.wikidata.org/entity/Q671700,literal,Israel Postal Company,http://www.w3.org/2001/XMLSchema#dateTime,literal,2006-01-01T00:00:00Z,uri,http://www.wikidata.org/entity/Q801,literal,http://www.wikidata.org/entity/Q49845,literal,,literal,,literal,http://www.wikidata.org/entity/Q1218,literal,,en,,,,,,,,,,wd:Q801
82,uri,http://www.wikidata.org/entity/Q109711537,literal,Verbit Software,http://www.w3.org/2001/XMLSchema#dateTime,literal,2016-11-01T00:00:00Z,uri,http://www.wikidata.org/entity/Q801,literal,,literal,,literal,,literal,http://www.wikidata.org/entity/Q192807,literal,,en,,,,,,,,,,wd:Q801
83,uri,http://www.wikidata.org/entity/Q73409061,literal,Chaos Minds,http://www.w3.org/2001/XMLSchema#dateTime,literal,2019-01-01T00:00:00Z,uri,http://www.wikidata.org/entity/Q801,literal,http://www.wikidata.org/entity/Q941594,literal,,literal,,literal,http://www.wikidata.org/entity/Q41621,literal,,en,,,,,,,,,,wd:Q801
84,uri,http://www.wikidata.org/entity/Q1028633,literal,Cameri Theater,http://www.w3.org/2001/XMLSchema#dateTime,literal,1945-01-01T00:00:00Z,uri,http://www.wikidata.org/entity/Q801,literal,,literal,,literal,,literal,,literal,,en,,,,,,,,,,wd:Q801
85,uri,http://www.wikidata.org/entity/Q109648854,literal,Nano-X Imaging,http://www.w3.org/2001/XMLSchema#dateTime,literal,2018-12-01T00:00:00Z,uri,http://www.wikidata.org/entity/Q801,literal,http://www.wikidata.org/entity/Q63383285,literal,,literal,,literal,http://www.wikidata.org/entity/Q2916719,literal,,en,,,,,,,,,,wd:Q801
86,uri,http://www.wikidata.org/entity/Q6593578,literal,Lapid,http://www.w3.org/2001/XMLSchema#dateTime,literal,1943-01-01T00:00:00Z,uri,http://www.wikidata.org/entity/Q801,literal,http://www.wikidata.org/entity/Q10302047,literal,,literal,,literal,http://www.wikidata.org/entity/Q180294,literal,,en,,,,,,,,,,wd:Q801
87,uri,http://www.wikidata.org/entity/Q108884640,literal,Hailo Tecnologies,http://www.w3.org/2001/XMLSchema#dateTime,literal,2017-02-01T00:00:00Z,uri,http://www.wikidata.org/entity/Q801,literal,http://www.wikidata.org/entity/Q11650,literal,,literal,,literal,http://www.wikidata.org/entity/Q33935,literal,,en,,,,,,,,,,wd:Q801
88,uri,http://www.wikidata.org/entity/Q7045006,literal,Ma'ariv La'noar,http://www.w3.org/2001/XMLSchema#dateTime,literal,1957-01-01T00:00:00Z,uri,http://www.wikidata.org/entity/Q801,literal,,literal,,literal,,literal,,literal,,en,,,,,,,,,,wd:Q801
89,uri,http://www.wikidata.org/entity/Q5968953,literal,IBM Israel,http://www.w3.org/2001/XMLSchema#dateTime,literal,1972-01-01T00:00:00Z,uri,http://www.wikidata.org/entity/Q801,literal,http://www.wikidata.org/entity/Q11661,literal,,literal,,literal,http://www.wikidata.org/entity/Q190828,literal,,en,,,,,,,,,,wd:Q801
90,uri,http://www.wikidata.org/entity/Q106483061,literal,Q106483061,http://www.w3.org/2001/XMLSchema#dateTime,literal,2019-01-01T00:00:00Z,uri,http://www.wikidata.org/entity/Q801,literal,,literal,,literal,,literal,,literal,,,,,,,,,,,,wd:Q801
91,uri,http://www.wikidata.org/entity/Q13220217,literal,Super-Pharm,http://www.w3.org/2001/XMLSchema#dateTime,literal,1978-01-01T00:00:00Z,uri,http://www.wikidata.org/entity/Q36,literal,http://www.wikidata.org/entity/Q126793,literal,,literal,,literal,http://www.wikidata.org/entity/Q152491,literal,,en,,,,,,,,,,wd:Q801
92,uri,http://www.wikidata.org/entity/Q6795120,literal,Kfar HaMaccabiah,http://www.w3.org/2001/XMLSchema#dateTime,literal,1957-01-01T00:00:00Z,uri,http://www.wikidata.org/entity/Q801,literal,,literal,,literal,,literal,,literal,,en,,,,,,,,,,wd:Q801
93,uri,http://www.wikidata.org/entity/Q16129872,literal,PhotoHouse,http://www.w3.org/2001/XMLSchema#dateTime,literal,1936-01-01T00:00:00Z,uri,http://www.wikidata.org/entity/Q801,literal,,literal,,literal,,literal,,literal,,en,,,,,,,,,,wd:Q801
94,uri,http://www.wikidata.org/entity/Q54621346,literal,BiondVax,http://www.w3.org/2001/XMLSchema#dateTime,literal,2003-01-01T00:00:00Z,uri,http://www.wikidata.org/entity/Q801,literal,,literal,,literal,,literal,http://www.wikidata.org/entity/Q168162,literal,,en,,,,,,,,,,wd:Q801
95,uri,http://www.wikidata.org/entity/Q7643090,literal,Superbus,http://www.w3.org/2001/XMLSchema#dateTime,literal,2000-01-01T00:00:00Z,uri,http://www.wikidata.org/entity/Q801,literal,http://www.wikidata.org/entity/Q178512,literal,,literal,,literal,,literal,,en,,,,,,,,,,wd:Q801
96,uri,http://www.wikidata.org/entity/Q110739707,literal,GOOD PHARM,http://www.w3.org/2001/XMLSchema#dateTime,literal,2016-01-01T00:00:00Z,uri,http://www.wikidata.org/entity/Q801,literal,,literal,,literal,,literal,,literal,,en,,,,,,,,,,wd:Q801
97,uri,http://www.wikidata.org/entity/Q156591,literal,Yad Vashem,http://www.w3.org/2001/XMLSchema#dateTime,literal,1953-01-01T00:00:00Z,uri,http://www.wikidata.org/entity/Q801,literal,,literal,,literal,,literal,,literal,,en,,,,,,,,,,wd:Q801
98,uri,http://www.wikidata.org/entity/Q18390972,literal,Roladin,http://www.w3.org/2001/XMLSchema#dateTime,literal,1989-01-01T00:00:00Z,uri,http://www.wikidata.org/entity/Q801,literal,,literal,,literal,,literal,http://www.wikidata.org/entity/Q801,literal,,en,,,,,,,,,,wd:Q801
99,uri,http://www.wikidata.org/entity/Q55267081,literal,Q55267081,http://www.w3.org/2001/XMLSchema#dateTime,literal,1962-01-01T00:00:00Z,uri,http://www.wikidata.org/entity/Q801,literal,http://www.wikidata.org/entity/Q746359,literal,,literal,,literal,http://www.wikidata.org/entity/Q33935,literal,,,,,,,,,,,,wd:Q801
100,uri,http://www.wikidata.org/entity/Q319239,literal,Tel Aviv University,http://www.w3.org/2001/XMLSchema#dateTime,literal,1956-01-01T00:00:00Z,uri,http://www.wikidata.org/entity/Q801,literal,,literal,,literal,,literal,http://www.wikidata.org/entity/Q33935,literal,,en,,,,,,,,,,wd:Q801
101,uri,http://www.wikidata.org/entity/Q48969811,literal,Argus Cyber Security,http://www.w3.org/2001/XMLSchema#dateTime,literal,2013-01-01T00:00:00Z,uri,http://www.wikidata.org/entity/Q801,literal,,literal,,literal,,literal,http://www.wikidata.org/entity/Q33935,literal,,en,,,,,,,,,,wd:Q801
102,uri,http://www.wikidata.org/entity/Q65252368,literal,Q65252368,http://www.w3.org/2001/XMLSchema#dateTime,literal,2010-01-01T00:00:00Z,uri,http://www.wikidata.org/entity/Q801,literal,http://www.wikidata.org/entity/Q1285245,literal,,literal,,literal,,literal,,,,,,,,,,,,wd:Q801
103,uri,http://www.wikidata.org/entity/Q2000500,literal,Partner Communications Company,http://www.w3.org/2001/XMLSchema#dateTime,literal,1999-01-01T00:00:00Z,uri,http://www.wikidata.org/entity/Q801,literal,http://www.wikidata.org/entity/Q25245117,literal,,literal,,literal,http://www.wikidata.org/entity/Q168202,literal,,en,,,,http://www.w3.org/2001/XMLSchema#decimal,literal,5700,,,,wd:Q801
104,uri,http://www.wikidata.org/entity/Q7913486,literal,Van Leer Jerusalem Institute,http://www.w3.org/2001/XMLSchema#dateTime,literal,1959-01-01T00:00:00Z,uri,http://www.wikidata.org/entity/Q801,literal,,literal,,literal,,literal,,literal,,en,,,,,,,,,,wd:Q801
105,uri,http://www.wikidata.org/entity/Q5058279,literal,Cellebrite,http://www.w3.org/2001/XMLSchema#dateTime,literal,1999-01-01T00:00:00Z,uri,http://www.wikidata.org/entity/Q801,literal,,literal,,literal,,literal,http://www.wikidata.org/entity/Q190828,literal,,en,,,,http://www.w3.org/2001/XMLSchema#decimal,literal,520,,,,wd:Q801
106,uri,http://www.wikidata.org/entity/Q4770444,literal,Anova Music,http://www.w3.org/2001/XMLSchema#dateTime,literal,2006-01-01T00:00:00Z,uri,http://www.wikidata.org/entity/Q801,literal,,literal,,literal,,literal,,literal,,en,,,,,,,,,,wd:Q801
107,uri,http://www.wikidata.org/entity/Q96249637,literal,Fat Cow,,,,uri,http://www.wikidata.org/entity/Q801,literal,,literal,,literal,,literal,,literal,,en,,,,,,,,,,wd:Q801
108,uri,http://www.wikidata.org/entity/Q92583548,literal,Mashkar,http://www.w3.org/2001/XMLSchema#dateTime,literal,1988-01-01T00:00:00Z,uri,http://www.wikidata.org/entity/Q801,literal,,literal,,literal,,literal,,literal,,en,,,,,,,,,,wd:Q801
109,uri,http://www.wikidata.org/entity/Q73878156,literal,Nine Lives,http://www.w3.org/2001/XMLSchema#dateTime,literal,2015-01-01T00:00:00Z,uri,http://www.wikidata.org/entity/Q801,literal,http://www.wikidata.org/entity/Q3972943,literal,,literal,,literal,http://www.wikidata.org/entity/Q33935,literal,,en,,,,,,,,,,wd:Q801
110,uri,http://www.wikidata.org/entity/Q1632726,literal,Israel Hayom,http://www.w3.org/2001/XMLSchema#dateTime,literal,2007-07-30T00:00:00Z,uri,http://www.wikidata.org/entity/Q801,literal,,literal,,literal,,literal,http://www.wikidata.org/entity/Q33935,literal,,en,,,,,,,,,,wd:Q801
111,uri,http://www.wikidata.org/entity/Q25496011,literal,Israeli Public Broadcasting Corporation,http://www.w3.org/2001/XMLSchema#dateTime,literal,2016-01-01T00:00:00Z,uri,http://www.wikidata.org/entity/Q801,literal,,literal,,literal,,literal,http://www.wikidata.org/entity/Q1218,literal,,en,,,,,,,,,,wd:Q801
112,uri,http://www.wikidata.org/entity/Q80471925,literal,Tabor Winery,http://www.w3.org/2001/XMLSchema#dateTime,literal,1999-01-01T00:00:00Z,uri,http://www.wikidata.org/entity/Q801,literal,http://www.wikidata.org/entity/Q11451,literal,,literal,,literal,,literal,,en,,,,,,,,,,wd:Q801
113,uri,http://www.wikidata.org/entity/Q65120554,literal,Glassbox,http://www.w3.org/2001/XMLSchema#dateTime,literal,2010-11-01T00:00:00Z,uri,http://www.wikidata.org/entity/Q801,literal,http://www.wikidata.org/entity/Q11661,literal,,literal,,literal,,literal,,en,,,,,,,,,,wd:Q801
114,uri,http://www.wikidata.org/entity/Q109289353,literal,Augury Systems,http://www.w3.org/2001/XMLSchema#dateTime,literal,2011-10-01T00:00:00Z,uri,http://www.wikidata.org/entity/Q801,literal,,literal,,literal,,literal,http://www.wikidata.org/entity/Q41621,literal,,en,,,,,,,,,,wd:Q801
115,uri,http://www.wikidata.org/entity/Q100989567,literal,Blustein Maps & More,,,,uri,http://www.wikidata.org/entity/Q801,literal,,literal,,literal,,literal,,literal,,en,,,,,,,,,,wd:Q801
116,uri,http://www.wikidata.org/entity/Q15614811,literal,Up,http://www.w3.org/2001/XMLSchema#dateTime,literal,2013-01-01T00:00:00Z,uri,http://www.wikidata.org/entity/Q801,literal,,literal,,literal,,literal,"http://www.wikidata.org/entity/Q207540, http://www.wikidata.org/entity/Q33935",literal,,en,,,,,,,,,,wd:Q801
117,uri,http://www.wikidata.org/entity/Q55708368,literal,Lightstream Israel,http://www.w3.org/2001/XMLSchema#dateTime,literal,2006-01-01T00:00:00Z,uri,http://www.wikidata.org/entity/Q801,literal,,literal,,literal,,literal,http://www.wikidata.org/entity/Q33935,literal,,en,,,,,,,,,,wd:Q801
118,uri,http://www.wikidata.org/entity/Q7857371,literal,Tvinci,http://www.w3.org/2001/XMLSchema#dateTime,literal,2007-01-01T00:00:00Z,uri,http://www.wikidata.org/entity/Q801,literal,,literal,,literal,,literal,http://www.wikidata.org/entity/Q33935,literal,,en,,,,,,,,,,wd:Q801
119,uri,http://www.wikidata.org/entity/Q114093396,literal,Lingopie,http://www.w3.org/2001/XMLSchema#dateTime,literal,2018-01-01T00:00:00Z,uri,http://www.wikidata.org/entity/Q801,literal,http://www.wikidata.org/entity/Q1074158,literal,,literal,,literal,http://www.wikidata.org/entity/Q33935,literal,,en,,,,,,,,,,wd:Q801
120,uri,http://www.wikidata.org/entity/Q63223576,literal,Q63223576,http://www.w3.org/2001/XMLSchema#dateTime,literal,1887-01-01T00:00:00Z,uri,http://www.wikidata.org/entity/Q801,literal,,literal,,literal,,literal,,literal,,,,,,,,,,,,wd:Q801
121,uri,http://www.wikidata.org/entity/Q55705977,literal,United King Films,http://www.w3.org/2001/XMLSchema#dateTime,literal,1974-01-01T00:00:00Z,uri,http://www.wikidata.org/entity/Q801,literal,http://www.wikidata.org/entity/Q932586,literal,,literal,,literal,,literal,,en,,,,,,,,,,wd:Q801
122,uri,http://www.wikidata.org/entity/Q16131796,literal,Q16131796,http://www.w3.org/2001/XMLSchema#dateTime,literal,2008-01-01T00:00:00Z,uri,http://www.wikidata.org/entity/Q801,literal,http://www.wikidata.org/entity/Q746359,literal,,literal,,literal,,literal,,,,,,,,,,,,wd:Q801
123,uri,http://www.wikidata.org/entity/Q86005273,literal,Gal Einai,http://www.w3.org/2001/XMLSchema#dateTime,literal,1986-01-01T00:00:00Z,uri,http://www.wikidata.org/entity/Q801,literal,,literal,,literal,,literal,http://www.wikidata.org/entity/Q2570492,literal,,en,,,,,,,,,,wd:Q801
124,uri,http://www.wikidata.org/entity/Q589757,literal,MyHeritage,http://www.w3.org/2001/XMLSchema#dateTime,literal,2003-01-01T00:00:00Z,uri,http://www.wikidata.org/entity/Q801,literal,http://www.wikidata.org/entity/Q47307,literal,,literal,,literal,http://www.wikidata.org/entity/Q950347,literal,,en,,,,http://www.w3.org/2001/XMLSchema#decimal,literal,430,,,,wd:Q801
125,uri,http://www.wikidata.org/entity/Q898750,literal,Teva Pharmaceutical Industries,http://www.w3.org/2001/XMLSchema#dateTime,literal,1901-01-01T00:00:00Z,uri,http://www.wikidata.org/entity/Q801,literal,http://www.wikidata.org/entity/Q507443,literal,http://www.wikidata.org/entity/Q21002708,literal,,literal,http://www.wikidata.org/entity/Q2776362,literal,,en,,,,http://www.w3.org/2001/XMLSchema#decimal,literal,42535,,,,wd:Q801
126,uri,http://www.wikidata.org/entity/Q111033086,literal,Fortissimo Capital,http://www.w3.org/2001/XMLSchema#dateTime,literal,2004-01-01T00:00:00Z,uri,http://www.wikidata.org/entity/Q801,literal,,literal,,literal,,literal,http://www.wikidata.org/entity/Q33935,literal,,en,,,,,,,,,,wd:Q801
127,uri,http://www.wikidata.org/entity/Q2903995,literal,Steimatzky,http://www.w3.org/2001/XMLSchema#dateTime,literal,1925-01-01T00:00:00Z,uri,http://www.wikidata.org/entity/Q801,literal,,literal,,literal,,literal,http://www.wikidata.org/entity/Q152659,literal,,en,,,,,,,,,,wd:Q801
128,uri,http://www.wikidata.org/entity/Q6629012,literal,Carmel Publishing House,http://www.w3.org/2001/XMLSchema#dateTime,literal,1987-01-01T00:00:00Z,uri,http://www.wikidata.org/entity/Q801,literal,http://www.wikidata.org/entity/Q3972943,literal,,literal,,literal,,literal,,en,,,,,,,,,,wd:Q801
129,uri,http://www.wikidata.org/entity/Q6594741,literal,iDigital,http://www.w3.org/2001/XMLSchema#dateTime,literal,2008-01-01T00:00:00Z,uri,http://www.wikidata.org/entity/Q801,literal,,literal,,literal,,literal,,literal,,en,,,,,,,,,,wd:Q801
130,uri,http://www.wikidata.org/entity/Q106946293,literal,BigID,http://www.w3.org/2001/XMLSchema#dateTime,literal,2016-01-01T00:00:00Z,uri,http://www.wikidata.org/entity/Q30,literal,http://www.wikidata.org/entity/Q880371,literal,,literal,,literal,http://www.wikidata.org/entity/Q60,literal,,en,,,,,,,,,,wd:Q801
131,uri,http://www.wikidata.org/entity/Q25489624,literal,Café Margoa,http://www.w3.org/2001/XMLSchema#dateTime,literal,1936-01-01T00:00:00Z,uri,http://www.wikidata.org/entity/Q801,literal,,literal,,literal,,literal,,literal,,en,,,,,,,,,,wd:Q801
132,uri,http://www.wikidata.org/entity/Q16129882,literal,Ov Publishing,http://www.w3.org/2001/XMLSchema#dateTime,literal,2002-01-01T00:00:00Z,uri,http://www.wikidata.org/entity/Q801,literal,,literal,,literal,,literal,http://www.wikidata.org/entity/Q33935,literal,,en,,,,,,,,,,wd:Q801
133,uri,http://www.wikidata.org/entity/Q102242426,literal,Har Bracha Tahini,http://www.w3.org/2001/XMLSchema#dateTime,literal,2009-01-01T00:00:00Z,uri,http://www.wikidata.org/entity/Q801,literal,http://www.wikidata.org/entity/Q627371,literal,,literal,,literal,http://www.wikidata.org/entity/Q2304906,literal,,en,,,,,,,,,,wd:Q801
134,uri,http://www.wikidata.org/entity/Q2910498,literal,Spacecom,http://www.w3.org/2001/XMLSchema#dateTime,literal,1993-01-01T00:00:00Z,uri,http://www.wikidata.org/entity/Q801,literal,http://www.wikidata.org/entity/Q25245117,literal,,literal,,literal,http://www.wikidata.org/entity/Q192807,literal,,en,,,,,,,,,,wd:Q801
135,uri,http://www.wikidata.org/entity/Q6775183,literal,Market warehouses,http://www.w3.org/2001/XMLSchema#dateTime,literal,1996-01-01T00:00:00Z,uri,http://www.wikidata.org/entity/Q801,literal,,literal,,literal,,literal,http://www.wikidata.org/entity/Q41843,literal,,en,,,,,,,,,,wd:Q801
136,uri,http://www.wikidata.org/entity/Q110932992,literal,Q110932992,http://www.w3.org/2001/XMLSchema#dateTime,literal,1994-07-01T00:00:00Z,uri,http://www.wikidata.org/entity/Q801,literal,,literal,,literal,,literal,http://www.wikidata.org/entity/Q152491,literal,,,,,,,,,,,,wd:Q801
137,uri,http://www.wikidata.org/entity/Q50809155,literal,Massivit 3d Printing Technologies Ltd,http://www.w3.org/2001/XMLSchema#dateTime,literal,2013-01-01T00:00:00Z,uri,http://www.wikidata.org/entity/Q801,literal,http://www.wikidata.org/entity/Q229367,literal,,literal,,literal,,literal,,en,,,,,,,,,,wd:Q801
138,uri,http://www.wikidata.org/entity/Q28887850,literal,Tedy Productions,http://www.w3.org/2001/XMLSchema#dateTime,literal,1973-01-01T00:00:00Z,uri,http://www.wikidata.org/entity/Q801,literal,,literal,,literal,,literal,http://www.wikidata.org/entity/Q33935,literal,,en,,,,,,,,,,wd:Q801
139,uri,http://www.wikidata.org/entity/Q7695595,literal,Telad,http://www.w3.org/2001/XMLSchema#dateTime,literal,1973-01-01T00:00:00Z,uri,http://www.wikidata.org/entity/Q801,literal,,literal,,literal,,literal,http://www.wikidata.org/entity/Q845866,literal,,en,,,,,,,,,,wd:Q801
140,uri,http://www.wikidata.org/entity/Q18191316,literal,Q18191316,http://www.w3.org/2001/XMLSchema#dateTime,literal,2011-01-01T00:00:00Z,uri,http://www.wikidata.org/entity/Q801,literal,,literal,,literal,,literal,,literal,,,,,,,,,,,,wd:Q801
141,uri,http://www.wikidata.org/entity/Q244411,literal,Bank of Israel,http://www.w3.org/2001/XMLSchema#dateTime,literal,1954-01-01T00:00:00Z,uri,http://www.wikidata.org/entity/Q801,literal,,literal,,literal,http://www.wikidata.org/entity/Q41800340,literal,http://www.wikidata.org/entity/Q1218,literal,,en,he,literal,בנק ישראל,,,,,,,wd:Q801
142,uri,http://www.wikidata.org/entity/Q6620913,literal,Q6620913,http://www.w3.org/2001/XMLSchema#dateTime,literal,1993-01-01T00:00:00Z,uri,http://www.wikidata.org/entity/Q801,literal,,literal,,literal,,literal,,literal,,,,,,,,,,,,wd:Q801
143,uri,http://www.wikidata.org/entity/Q104844406,literal,SentinelOne,http://www.w3.org/2001/XMLSchema#dateTime,literal,2013-01-01T00:00:00Z,uri,http://www.wikidata.org/entity/Q801,literal,http://www.wikidata.org/entity/Q3510521,literal,,literal,,literal,http://www.wikidata.org/entity/Q486860,literal,,en,,,,,,,,,,wd:Q801
144,uri,http://www.wikidata.org/entity/Q2897763,literal,Bauhaus Center Tel Aviv,http://www.w3.org/2001/XMLSchema#dateTime,literal,2000-01-01T00:00:00Z,uri,http://www.wikidata.org/entity/Q801,literal,"http://www.wikidata.org/entity/Q3972943, http://www.wikidata.org/entity/Q3369996, http://www.wikidata.org/entity/Q49389",literal,,literal,,literal,http://www.wikidata.org/entity/Q33935,literal,,en,,,,,,,,,,wd:Q801
145,uri,http://www.wikidata.org/entity/Q6635912,literal,Q6635912,http://www.w3.org/2001/XMLSchema#dateTime,literal,1987-01-01T00:00:00Z,uri,http://www.wikidata.org/entity/Q801,literal,,literal,,literal,,literal,,literal,,,,,,,,,,,,wd:Q801
146,uri,http://www.wikidata.org/entity/Q64769233,literal,Hagoshrim Hotel and Nature,,,,uri,http://www.wikidata.org/entity/Q801,literal,,literal,,literal,,literal,,literal,,en,,,,,,,,,,wd:Q801
147,uri,http://www.wikidata.org/entity/Q22022271,literal,Cross River Bank,http://www.w3.org/2001/XMLSchema#dateTime,literal,2008-01-01T00:00:00Z,uri,http://www.wikidata.org/entity/Q801,literal,"http://www.wikidata.org/entity/Q806718, http://www.wikidata.org/entity/Q16319025, http://www.wikidata.org/entity/Q1416657",literal,,literal,,literal,http://www.wikidata.org/entity/Q1408,literal,,en,,,,,,,,,,wd:Q801
148,uri,http://www.wikidata.org/entity/Q1287771,literal,Caesarstone Sdot-Yam,http://www.w3.org/2001/XMLSchema#dateTime,literal,1987-01-01T00:00:00Z,uri,http://www.wikidata.org/entity/Q801,literal,http://www.wikidata.org/entity/Q187939,literal,,literal,,literal,http://www.wikidata.org/entity/Q1615560,literal,,en,,,,,,,,,,wd:Q801
149,uri,http://www.wikidata.org/entity/Q683006,literal,SodaStream,http://www.w3.org/2001/XMLSchema#dateTime,literal,1903-01-01T00:00:00Z,uri,http://www.wikidata.org/entity/Q801,literal,http://www.wikidata.org/entity/Q4899370,literal,,literal,,literal,http://www.wikidata.org/entity/Q33935,literal,,en,,,,,,,,,,wd:Q801
150,uri,http://www.wikidata.org/entity/Q30282200,literal,Myers-JDC-Brookdale Institute,http://www.w3.org/2001/XMLSchema#dateTime,literal,1974-01-01T00:00:00Z,uri,http://www.wikidata.org/entity/Q801,literal,,literal,,literal,,literal,,literal,,en,,,,,,,,,,wd:Q801
151,uri,http://www.wikidata.org/entity/Q110935815,literal,Apollo Power,,,,uri,http://www.wikidata.org/entity/Q801,literal,,literal,,literal,,literal,http://www.wikidata.org/entity/Q167582,literal,,en,,,,,,,,,,wd:Q801
152,uri,http://www.wikidata.org/entity/Q6957261,literal,Schalgi,http://www.w3.org/2001/XMLSchema#dateTime,literal,1964-01-01T00:00:00Z,uri,http://www.wikidata.org/entity/Q801,literal,,literal,,literal,,literal,,literal,,en,,,,,,,,,,wd:Q801
153,uri,http://www.wikidata.org/entity/Q6124655,literal,Aurora,http://www.w3.org/2001/XMLSchema#dateTime,literal,1963-01-01T00:00:00Z,uri,http://www.wikidata.org/entity/Q801,literal,,literal,,literal,,literal,,literal,,en,,,,,,,,,,wd:Q801
154,uri,http://www.wikidata.org/entity/Q1265181,literal,Dun & Bradstreet,http://www.w3.org/2001/XMLSchema#dateTime,literal,1841-01-01T00:00:00Z,uri,http://www.wikidata.org/entity/Q30,literal,,literal,,literal,,literal,"http://www.wikidata.org/entity/Q3472467, http://www.wikidata.org/entity/Q16568",literal,,en,,,,,,,,,,wd:Q801
155,uri,http://www.wikidata.org/entity/Q7829730,literal,Tower Semiconductor,http://www.w3.org/2001/XMLSchema#dateTime,literal,1993-01-01T00:00:00Z,uri,http://www.wikidata.org/entity/Q801,literal,http://www.wikidata.org/entity/Q11456,literal,http://www.wikidata.org/entity/Q111285418,literal,,literal,http://www.wikidata.org/entity/Q168337,literal,,en,,,,,,,,,,wd:Q801
156,uri,http://www.wikidata.org/entity/Q76596988,literal,Abadi Bakery,http://www.w3.org/2001/XMLSchema#dateTime,literal,1948-01-01T00:00:00Z,uri,http://www.wikidata.org/entity/Q801,literal,http://www.wikidata.org/entity/Q2836940,literal,,literal,,literal,http://www.wikidata.org/entity/Q1218,literal,,en,,,,,,,,,,wd:Q801
157,uri,http://www.wikidata.org/entity/Q65071572,literal,Vayyar,http://www.w3.org/2001/XMLSchema#dateTime,literal,2011-12-01T00:00:00Z,uri,http://www.wikidata.org/entity/Q801,literal,,literal,,literal,,literal,http://www.wikidata.org/entity/Q1948533,literal,,en,,,,http://www.w3.org/2001/XMLSchema#decimal,literal,178,,,,wd:Q801
158,uri,http://www.wikidata.org/entity/Q56148954,literal,Heymann Brothers Films,,,,uri,http://www.wikidata.org/entity/Q801,literal,,literal,,literal,,literal,,literal,,en,,,,,,,,,,wd:Q801
159,uri,http://www.wikidata.org/entity/Q30527239,literal,Ofir Bicurim,http://www.w3.org/2001/XMLSchema#dateTime,literal,2005-01-01T00:00:00Z,uri,http://www.wikidata.org/entity/Q801,literal,,literal,,literal,,literal,,literal,,en,,,,,,,,,,wd:Q801
160,uri,http://www.wikidata.org/entity/Q11286604,literal,Israel Cleantech Ventures,http://www.w3.org/2001/XMLSchema#dateTime,literal,2006-01-01T00:00:00Z,uri,http://www.wikidata.org/entity/Q801,literal,,literal,,literal,,literal,http://www.wikidata.org/entity/Q845866,literal,,en,,,,,,,,,,wd:Q801
161,uri,http://www.wikidata.org/entity/Q3315661,literal,Minute,http://www.w3.org/2001/XMLSchema#dateTime,literal,1962-01-01T00:00:00Z,uri,http://www.wikidata.org/entity/Q801,literal,,literal,,literal,,literal,http://www.wikidata.org/entity/Q90,literal,,en,,,,,,,,,,wd:Q801
162,uri,http://www.wikidata.org/entity/Q28605484,literal,Dynamic Yield,http://www.w3.org/2001/XMLSchema#dateTime,literal,2011-01-01T00:00:00Z,uri,http://www.wikidata.org/entity/Q801,literal,http://www.wikidata.org/entity/Q880371,literal,http://www.wikidata.org/entity/Q28605492,literal,,literal,"http://www.wikidata.org/entity/Q33935, http://www.wikidata.org/entity/Q1492, http://www.wikidata.org/entity/Q597, http://www.wikidata.org/entity/Q64, http://www.wikidata.org/entity/Q60",literal,,en,,,,http://www.w3.org/2001/XMLSchema#decimal,literal,350,,,,wd:Q801
163,uri,http://www.wikidata.org/entity/Q109592043,literal,Gong.io,http://www.w3.org/2001/XMLSchema#dateTime,literal,2015-08-01T00:00:00Z,uri,http://www.wikidata.org/entity/Q801,literal,http://www.wikidata.org/entity/Q1254596,literal,,literal,,literal,http://www.wikidata.org/entity/Q192807,literal,,en,,,,,,,,,,wd:Q801
164,uri,http://www.wikidata.org/entity/Q846655,literal,Israel Railways,http://www.w3.org/2001/XMLSchema#dateTime,literal,1948-01-01T00:00:00Z,uri,http://www.wikidata.org/entity/Q801,literal,http://www.wikidata.org/entity/Q7283969,literal,,literal,,literal,http://www.wikidata.org/entity/Q2440741,literal,,en,,,,http://www.w3.org/2001/XMLSchema#decimal,literal,1900,,,,wd:Q801
165,uri,http://www.wikidata.org/entity/Q145848,literal,Egged,http://www.w3.org/2001/XMLSchema#dateTime,literal,1933-01-01T00:00:00Z,uri,http://www.wikidata.org/entity/Q801,literal,http://www.wikidata.org/entity/Q1740966,literal,,literal,,literal,http://www.wikidata.org/entity/Q33935,literal,,en,,,,,,,,,,wd:Q801
166,uri,http://www.wikidata.org/entity/Q7057154,literal,Q7057154,,,,uri,http://www.wikidata.org/entity/Q801,literal,,literal,,literal,,literal,,literal,,,,,,,,,,,,wd:Q801
167,uri,http://www.wikidata.org/entity/Q898750,literal,Teva Pharmaceutical Industries,http://www.w3.org/2001/XMLSchema#dateTime,literal,1944-02-13T00:00:00Z,uri,http://www.wikidata.org/entity/Q801,literal,http://www.wikidata.org/entity/Q507443,literal,http://www.wikidata.org/entity/Q21002708,literal,,literal,http://www.wikidata.org/entity/Q2776362,literal,,en,,,,http://www.w3.org/2001/XMLSchema#decimal,literal,42535,,,,wd:Q801
168,uri,http://www.wikidata.org/entity/Q1132126,literal,Yedioth Ahronoth,http://www.w3.org/2001/XMLSchema#dateTime,literal,1939-12-11T00:00:00Z,uri,http://www.wikidata.org/entity/Q801,literal,,literal,,literal,,literal,http://www.wikidata.org/entity/Q33935,literal,,en,,,,,,,,,,wd:Q801
169,uri,http://www.wikidata.org/entity/Q853619,literal,Bezeq,http://www.w3.org/2001/XMLSchema#dateTime,literal,1984-01-01T00:00:00Z,uri,http://www.wikidata.org/entity/Q801,literal,http://www.wikidata.org/entity/Q25245117,literal,,literal,http://www.wikidata.org/entity/Q98012738,literal,http://www.wikidata.org/entity/Q192213,literal,,en,,,,http://www.w3.org/2001/XMLSchema#decimal,literal,5305,http://www.w3.org/2001/XMLSchema#decimal,literal,1040000000,wd:Q801
170,uri,http://www.wikidata.org/entity/Q741891,literal,Al-Ittihad,http://www.w3.org/2001/XMLSchema#dateTime,literal,1944-01-01T00:00:00Z,uri,http://www.wikidata.org/entity/Q801,literal,,literal,,literal,,literal,http://www.wikidata.org/entity/Q41621,literal,,en,,,,,,,,,,wd:Q801
171,uri,http://www.wikidata.org/entity/Q64767399,literal,Port 19,,,,uri,http://www.wikidata.org/entity/Q801,literal,,literal,,literal,,literal,http://www.wikidata.org/entity/Q33935,literal,,en,,,,,,,,,,wd:Q801
172,uri,http://www.wikidata.org/entity/Q7210646,literal,New Israeli Opera,http://www.w3.org/2001/XMLSchema#dateTime,literal,1985-01-01T00:00:00Z,uri,http://www.wikidata.org/entity/Q801,literal,,literal,,literal,,literal,,literal,,en,,,,,,,,,,wd:Q801
173,uri,http://www.wikidata.org/entity/Q106803133,literal,Prashkovsky,http://www.w3.org/2001/XMLSchema#dateTime,literal,2006-04-03T00:00:00Z,uri,http://www.wikidata.org/entity/Q801,literal,,literal,,literal,,literal,,literal,,en,,,,,,,,,,wd:Q801
174,uri,http://www.wikidata.org/entity/Q98608948,literal,JFrog Ltd,http://www.w3.org/2001/XMLSchema#dateTime,literal,2008-04-28T00:00:00Z,uri,http://www.wikidata.org/entity/Q30,literal,http://www.wikidata.org/entity/Q3025536,literal,,literal,,literal,http://www.wikidata.org/entity/Q208459,literal,,en,,,,http://www.w3.org/2001/XMLSchema#decimal,literal,1300,,,,wd:Q801
175,uri,http://www.wikidata.org/entity/Q6743833,literal,Tzomet Sfarim,http://www.w3.org/2001/XMLSchema#dateTime,literal,2002-01-01T00:00:00Z,uri,http://www.wikidata.org/entity/Q801,literal,,literal,,literal,,literal,http://www.wikidata.org/entity/Q221447,literal,,en,,,,,,,,,,wd:Q801
176,uri,http://www.wikidata.org/entity/Q6846557,literal,Q6846557,http://www.w3.org/2001/XMLSchema#dateTime,literal,1987-01-01T00:00:00Z,uri,http://www.wikidata.org/entity/Q801,literal,,literal,,literal,,literal,,literal,,,,,,,,,,,,wd:Q801
177,uri,http://www.wikidata.org/entity/Q216393,literal,Haaretz,http://www.w3.org/2001/XMLSchema#dateTime,literal,1918-01-01T00:00:00Z,uri,http://www.wikidata.org/entity/Q801,literal,,literal,,literal,,literal,http://www.wikidata.org/entity/Q33935,literal,,en,,,,,,,,,,wd:Q801
178,uri,http://www.wikidata.org/entity/Q60752890,literal,Sarine,,,,uri,http://www.wikidata.org/entity/Q801,literal,,literal,,literal,,literal,,literal,,en,,,,,,,,,,wd:Q801
179,uri,http://www.wikidata.org/entity/Q1536651,literal,Pelephone,http://www.w3.org/2001/XMLSchema#dateTime,literal,1986-01-01T00:00:00Z,uri,http://www.wikidata.org/entity/Q801,literal,"http://www.wikidata.org/entity/Q56598901, http://www.wikidata.org/entity/Q25245117",literal,http://www.wikidata.org/entity/Q105217686,literal,,literal,http://www.wikidata.org/entity/Q190828,literal,,en,,,,,,,http://www.w3.org/2001/XMLSchema#decimal,literal,-25000000,wd:Q801
180,uri,http://www.wikidata.org/entity/Q65249705,literal,Gad dairies,http://www.w3.org/2001/XMLSchema#dateTime,literal,1980-01-01T00:00:00Z,uri,http://www.wikidata.org/entity/Q801,literal,,literal,,literal,,literal,,literal,,en,,,,,,,,,,wd:Q801
181,uri,http://www.wikidata.org/entity/Q7444794,literal,Seculert,http://www.w3.org/2001/XMLSchema#dateTime,literal,2010-01-01T00:00:00Z,uri,http://www.wikidata.org/entity/Q801,literal,http://www.wikidata.org/entity/Q3510521,literal,,literal,,literal,http://www.wikidata.org/entity/Q190828,literal,,en,,,,,,,,,,wd:Q801
182,uri,http://www.wikidata.org/entity/Q6979325,literal,The Eight Note,http://www.w3.org/2001/XMLSchema#dateTime,literal,1993-01-01T00:00:00Z,uri,http://www.wikidata.org/entity/Q801,literal,,literal,,literal,,literal,,literal,,en,,,,,,,,,,wd:Q801
183,uri,http://www.wikidata.org/entity/Q110687861,literal,New Deli,http://www.w3.org/2001/XMLSchema#dateTime,literal,2004-01-01T00:00:00Z,uri,http://www.wikidata.org/entity/Q801,literal,http://www.wikidata.org/entity/Q81799,literal,,literal,,literal,,literal,,en,he,literal,ניו דלי,,,,,,,wd:Q801
184,uri,http://www.wikidata.org/entity/Q1987800,literal,Vesti,http://www.w3.org/2001/XMLSchema#dateTime,literal,1992-01-01T00:00:00Z,uri,http://www.wikidata.org/entity/Q801,literal,,literal,,literal,,literal,http://www.wikidata.org/entity/Q201051,literal,,en,,,,,,,,,,wd:Q801
185,uri,http://www.wikidata.org/entity/Q25489639,literal,High Fiber Productions,http://www.w3.org/2001/XMLSchema#dateTime,literal,2004-01-01T00:00:00Z,uri,http://www.wikidata.org/entity/Q801,literal,http://www.wikidata.org/entity/Q746359,literal,,literal,,literal,,literal,,en,,,,,,,,,,wd:Q801
186,uri,http://www.wikidata.org/entity/Q28404455,literal,ThetaRay,http://www.w3.org/2001/XMLSchema#dateTime,literal,2013-01-01T00:00:00Z,uri,http://www.wikidata.org/entity/Q801,literal,http://www.wikidata.org/entity/Q97466080,literal,,literal,,literal,http://www.wikidata.org/entity/Q152379,literal,,en,,,,,,,,,,wd:Q801
187,uri,http://www.wikidata.org/entity/Q64423008,literal,Nizachon Restaurant,http://www.w3.org/2001/XMLSchema#dateTime,literal,1949-01-01T00:00:00Z,uri,http://www.wikidata.org/entity/Q801,literal,,literal,,literal,,literal,,literal,,en,,,,,,,,,,wd:Q801
188,uri,http://www.wikidata.org/entity/Q112083313,literal,Yedioth Ahronoth Ltd,http://www.w3.org/2001/XMLSchema#dateTime,literal,1952-01-01T00:00:00Z,uri,http://www.wikidata.org/entity/Q801,literal,"http://www.wikidata.org/entity/Q3972943, http://www.wikidata.org/entity/Q11030",literal,,literal,,literal,"http://www.wikidata.org/entity/Q201051, http://www.wikidata.org/entity/Q33935",literal,,en,,,,,,,,,,wd:Q801
189,uri,http://www.wikidata.org/entity/Q101435480,literal,Ananey Communications,http://www.w3.org/2001/XMLSchema#dateTime,literal,1996-01-01T00:00:00Z,uri,http://www.wikidata.org/entity/Q801,literal,,literal,,literal,,literal,http://www.wikidata.org/entity/Q33935,literal,,en,en,literal,Ananey Communications,,,,,,,wd:Q801
190,uri,http://www.wikidata.org/entity/Q108836932,literal,Orca Security,http://www.w3.org/2001/XMLSchema#dateTime,literal,2019-01-01T00:00:00Z,uri,http://www.wikidata.org/entity/Q801,literal,,literal,,literal,,literal,http://www.wikidata.org/entity/Q33935,literal,,en,,,,,,,,,,wd:Q801
191,uri,http://www.wikidata.org/entity/Q847262,literal,Hot mobile,http://www.w3.org/2001/XMLSchema#dateTime,literal,1994-01-01T00:00:00Z,uri,http://www.wikidata.org/entity/Q801,literal,"http://www.wikidata.org/entity/Q56598901, http://www.wikidata.org/entity/Q25245117",literal,,literal,,literal,http://www.wikidata.org/entity/Q33935,literal,,en,,,,,,,,,,wd:Q801
192,uri,http://www.wikidata.org/entity/Q105355950,literal,Crazy Labs,http://www.w3.org/2001/XMLSchema#dateTime,literal,2011-01-01T00:00:00Z,uri,http://www.wikidata.org/entity/Q801,literal,http://www.wikidata.org/entity/Q941594,literal,,literal,,literal,http://www.wikidata.org/entity/Q33935,literal,,en,,,,,,,,,,wd:Q801
193,uri,http://www.wikidata.org/entity/Q109567777,literal,Lusha Systems,http://www.w3.org/2001/XMLSchema#dateTime,literal,2016-01-01T00:00:00Z,uri,http://www.wikidata.org/entity/Q801,literal,,literal,,literal,,literal,http://www.wikidata.org/entity/Q33935,literal,,en,,,,,,,,,,wd:Q801
194,uri,http://www.wikidata.org/entity/Q55649393,literal,Q55649393,http://www.w3.org/2001/XMLSchema#dateTime,literal,1983-01-01T00:00:00Z,uri,http://www.wikidata.org/entity/Q801,literal,http://www.wikidata.org/entity/Q126793,literal,,literal,,literal,,literal,,,,,,,,,,,,wd:Q801
195,uri,http://www.wikidata.org/entity/Q66005347,literal,Palphot,http://www.w3.org/2001/XMLSchema#dateTime,literal,1934-01-01T00:00:00Z,uri,http://www.wikidata.org/entity/Q801,literal,,literal,,literal,,literal,,literal,,en,,,,http://www.w3.org/2001/XMLSchema#decimal,literal,150,,,,wd:Q801
196,uri,http://www.wikidata.org/entity/Q2909872,literal,Aroma Espresso Bar,http://www.w3.org/2001/XMLSchema#dateTime,literal,1994-01-01T00:00:00Z,uri,http://www.wikidata.org/entity/Q801,literal,,literal,,literal,,literal,http://www.wikidata.org/entity/Q862725,literal,,en,,,,,,,,,,wd:Q801
197,uri,http://www.wikidata.org/entity/Q104599955,literal,Q104599955,http://www.w3.org/2001/XMLSchema#dateTime,literal,2017-01-01T00:00:00Z,uri,http://www.wikidata.org/entity/Q801,literal,,literal,,literal,,literal,http://www.wikidata.org/entity/Q33935,literal,,,,,,,,,,,,wd:Q801
198,uri,http://www.wikidata.org/entity/Q111745027,literal,Q111745027,http://www.w3.org/2001/XMLSchema#dateTime,literal,1920-01-01T00:00:00Z,uri,http://www.wikidata.org/entity/Q801,literal,,literal,,literal,,literal,http://www.wikidata.org/entity/Q33935,literal,,,,,,,,,,,,wd:Q801
199,uri,http://www.wikidata.org/entity/Q820517,literal,Metropoline Public Transportation,http://www.w3.org/2001/XMLSchema#dateTime,literal,2000-01-01T00:00:00Z,uri,http://www.wikidata.org/entity/Q801,literal,http://www.wikidata.org/entity/Q178512,literal,,literal,,literal,http://www.wikidata.org/entity/Q152436,literal,,en,,,,,,,,,,wd:Q801
200,uri,http://www.wikidata.org/entity/Q25492540,literal,Q25492540,http://www.w3.org/2001/XMLSchema#dateTime,literal,2011-01-01T00:00:00Z,uri,http://www.wikidata.org/entity/Q801,literal,http://www.wikidata.org/entity/Q19595701,literal,,literal,,literal,,literal,,,,,,,,,,,,wd:Q801
201,uri,http://www.wikidata.org/entity/Q2915148,literal,Mekorot,http://www.w3.org/2001/XMLSchema#dateTime,literal,1937-01-01T00:00:00Z,uri,http://www.wikidata.org/entity/Q801,literal,http://www.wikidata.org/entity/Q474883,literal,,literal,,literal,http://www.wikidata.org/entity/Q33935,literal,,en,,,,,,,,,,wd:Q801
202,uri,http://www.wikidata.org/entity/Q113882479,literal,Capricia Productions,http://www.w3.org/2001/XMLSchema#dateTime,literal,2013-01-01T00:00:00Z,uri,http://www.wikidata.org/entity/Q801,literal,http://www.wikidata.org/entity/Q941594,literal,,literal,,literal,http://www.wikidata.org/entity/Q1218,literal,,en,,,,,,,,,,wd:Q801
203,uri,http://www.wikidata.org/entity/Q30527111,literal,Gemara Sdura,http://www.w3.org/2001/XMLSchema#dateTime,literal,1991-01-01T00:00:00Z,uri,http://www.wikidata.org/entity/Q801,literal,http://www.wikidata.org/entity/Q2085381,literal,,literal,,literal,,literal,,en,,,,,,,,,,wd:Q801
204,uri,http://www.wikidata.org/entity/Q1319103,literal,CAL Cargo Airlines,http://www.w3.org/2001/XMLSchema#dateTime,literal,1976-01-01T00:00:00Z,uri,http://www.wikidata.org/entity/Q801,literal,,literal,,literal,,literal,http://www.wikidata.org/entity/Q33935,literal,,en,,,,,,,,,,wd:Q801
205,uri,http://www.wikidata.org/entity/Q64606192,literal,Cafe Nimrod,,,,uri,http://www.wikidata.org/entity/Q801,literal,,literal,,literal,,literal,http://www.wikidata.org/entity/Q801,literal,,en,,,,,,,,,,wd:Q801
206,uri,http://www.wikidata.org/entity/Q61126385,literal,Q61126385,http://www.w3.org/2001/XMLSchema#dateTime,literal,1979-01-01T00:00:00Z,uri,http://www.wikidata.org/entity/Q801,literal,,literal,,literal,,literal,,literal,,,,,,,,,,,,wd:Q801
207,uri,http://www.wikidata.org/entity/Q2920691,literal,Calcalist,http://www.w3.org/2001/XMLSchema#dateTime,literal,2008-01-01T00:00:00Z,uri,http://www.wikidata.org/entity/Q801,literal,,literal,,literal,,literal,http://www.wikidata.org/entity/Q33935,literal,,en,,,,,,,,,,wd:Q801
208,uri,http://www.wikidata.org/entity/Q2912134,literal,Kul al-Arab,http://www.w3.org/2001/XMLSchema#dateTime,literal,1987-01-01T00:00:00Z,uri,http://www.wikidata.org/entity/Q801,literal,,literal,,literal,,literal,http://www.wikidata.org/entity/Q430776,literal,,en,,,,,,,,,,wd:Q801
209,uri,http://www.wikidata.org/entity/Q99524961,literal,Q99524961,http://www.w3.org/2001/XMLSchema#dateTime,literal,2017-01-01T00:00:00Z,uri,http://www.wikidata.org/entity/Q801,literal,,literal,,literal,,literal,,literal,,,,,,,,,,,,wd:Q801
210,uri,http://www.wikidata.org/entity/Q20502713,literal,Q20502713,http://www.w3.org/2001/XMLSchema#dateTime,literal,1993-01-01T00:00:00Z,uri,http://www.wikidata.org/entity/Q801,literal,http://www.wikidata.org/entity/Q3972943,literal,,literal,,literal,,literal,,,,,,,,,,,,wd:Q801
211,uri,http://www.wikidata.org/entity/Q4902449,literal,Bialik Institute,http://www.w3.org/2001/XMLSchema#dateTime,literal,1935-01-01T00:00:00Z,uri,http://www.wikidata.org/entity/Q801,literal,,literal,,literal,http://www.wikidata.org/entity/Q2661879,literal,http://www.wikidata.org/entity/Q1218,literal,,en,,,,,,,,,,wd:Q801
212,uri,http://www.wikidata.org/entity/Q20502713,literal,Q20502713,http://www.w3.org/2001/XMLSchema#dateTime,literal,1993-11-21T00:00:00Z,uri,http://www.wikidata.org/entity/Q801,literal,http://www.wikidata.org/entity/Q3972943,literal,,literal,,literal,,literal,,,,,,,,,,,,wd:Q801
213,uri,http://www.wikidata.org/entity/Q111804995,literal,Innoviz Technologies,http://www.w3.org/2001/XMLSchema#dateTime,literal,2016-01-01T00:00:00Z,uri,http://www.wikidata.org/entity/Q801,literal,http://www.wikidata.org/entity/Q190117,literal,,literal,,literal,http://www.wikidata.org/entity/Q168202,literal,,en,,,,,,,,,,wd:Q801
214,uri,http://www.wikidata.org/entity/Q6485288,literal,Landwer coffee,http://www.w3.org/2001/XMLSchema#dateTime,literal,1919-01-01T00:00:00Z,uri,http://www.wikidata.org/entity/Q801,literal,http://www.wikidata.org/entity/Q126793,literal,,literal,,literal,http://www.wikidata.org/entity/Q192213,literal,,en,,,,,,,,,,wd:Q801
215,uri,http://www.wikidata.org/entity/Q244411,literal,Bank of Israel,http://www.w3.org/2001/XMLSchema#dateTime,literal,1954-01-01T00:00:00Z,uri,http://www.wikidata.org/entity/Q801,literal,,literal,,literal,http://www.wikidata.org/entity/Q41800340,literal,http://www.wikidata.org/entity/Q1218,literal,,en,ar,literal,بنك إسرائيل,,,,,,,wd:Q801
216,uri,http://www.wikidata.org/entity/Q806641,literal,Bank Leumi,http://www.w3.org/2001/XMLSchema#dateTime,literal,1902-01-01T00:00:00Z,uri,http://www.wikidata.org/entity/Q801,literal,http://www.wikidata.org/entity/Q1416657,literal,,literal,,literal,"http://www.wikidata.org/entity/Q33935, http://www.wikidata.org/entity/Q84",literal,,en,,,,,,,,,,wd:Q801
217,uri,http://www.wikidata.org/entity/Q108896760,literal,Fireblocks,http://www.w3.org/2001/XMLSchema#dateTime,literal,2018-06-01T00:00:00Z,uri,http://www.wikidata.org/entity/Q801,literal,http://www.wikidata.org/entity/Q16319025,literal,,literal,,literal,http://www.wikidata.org/entity/Q33935,literal,,en,,,,,,,,,,wd:Q801
218,uri,http://www.wikidata.org/entity/Q55655335,literal,Q55655335,http://www.w3.org/2001/XMLSchema#dateTime,literal,2002-01-01T00:00:00Z,uri,http://www.wikidata.org/entity/Q801,literal,,literal,,literal,,literal,,literal,,,,,,,,,,,,wd:Q801
219,uri,http://www.wikidata.org/entity/Q72549965,literal,Q72549965,http://www.w3.org/2001/XMLSchema#dateTime,literal,1993-01-01T00:00:00Z,uri,http://www.wikidata.org/entity/Q801,literal,,literal,,literal,,literal,,literal,,,,,,,,,,,,wd:Q801
220,uri,http://www.wikidata.org/entity/Q12403216,literal,HOM-Mega Productions,http://www.w3.org/2001/XMLSchema#dateTime,literal,1997-01-01T00:00:00Z,uri,http://www.wikidata.org/entity/Q801,literal,,literal,,literal,,literal,,literal,,en,,,,,,,,,,wd:Q801
221,uri,http://www.wikidata.org/entity/Q553915,literal,Arkia,http://www.w3.org/2001/XMLSchema#dateTime,literal,1949-01-01T00:00:00Z,uri,http://www.wikidata.org/entity/Q801,literal,,literal,,literal,,literal,http://www.wikidata.org/entity/Q33935,literal,,en,,,,,,,,,,wd:Q801
222,uri,http://www.wikidata.org/entity/Q66827446,literal,La Vaca Loca,,,,uri,http://www.wikidata.org/entity/Q801,literal,,literal,,literal,,literal,,literal,,en,,,,,,,,,,wd:Q801
223,uri,http://www.wikidata.org/entity/Q6039750,literal,Al-Sinnara,http://www.w3.org/2001/XMLSchema#dateTime,literal,1983-01-01T00:00:00Z,uri,http://www.wikidata.org/entity/Q801,literal,,literal,,literal,,literal,http://www.wikidata.org/entity/Q430776,literal,http://www.wikidata.org/entity/Q4568494,en,,,,,,,,,,wd:Q801
224,uri,http://www.wikidata.org/entity/Q97220286,literal,Teva Deli,http://www.w3.org/2001/XMLSchema#dateTime,literal,1995-01-01T00:00:00Z,uri,http://www.wikidata.org/entity/Q801,literal,http://www.wikidata.org/entity/Q2836940,literal,,literal,,literal,http://www.wikidata.org/entity/Q152396,literal,,en,,,,,,,,,,wd:Q801
225,uri,http://www.wikidata.org/entity/Q47481944,literal,Endemol Shine Israel,http://www.w3.org/2001/XMLSchema#dateTime,literal,2005-01-01T00:00:00Z,uri,http://www.wikidata.org/entity/Q801,literal,http://www.wikidata.org/entity/Q289,literal,,literal,,literal,http://www.wikidata.org/entity/Q33935,literal,,en,,,,,,,,,,wd:Q801
226,uri,http://www.wikidata.org/entity/Q903957,literal,ICL Group Ltd.,http://www.w3.org/2001/XMLSchema#dateTime,literal,1968-01-01T00:00:00Z,uri,http://www.wikidata.org/entity/Q801,literal,,literal,http://www.wikidata.org/entity/Q18205587,literal,,literal,http://www.wikidata.org/entity/Q33935,literal,,en,,,,,,,,,,wd:Q801
227,uri,http://www.wikidata.org/entity/Q17003938,literal,Appsee,http://www.w3.org/2001/XMLSchema#dateTime,literal,2012-01-01T00:00:00Z,uri,http://www.wikidata.org/entity/Q801,literal,,literal,,literal,,literal,http://www.wikidata.org/entity/Q65,literal,,en,,,,,,,,,,wd:Q801
228,uri,http://www.wikidata.org/entity/Q35438,literal,The Jerusalem Post,http://www.w3.org/2001/XMLSchema#dateTime,literal,1932-12-01T00:00:00Z,uri,http://www.wikidata.org/entity/Q801,literal,,literal,,literal,,literal,http://www.wikidata.org/entity/Q1218,literal,,en,,,,,,,,,,wd:Q801
229,uri,http://www.wikidata.org/entity/Q108874744,literal,Realworks Ltd,,,,uri,http://www.wikidata.org/entity/Q801,literal,,literal,,literal,,literal,,literal,,en,,,,,,,,,,wd:Q801
230,uri,http://www.wikidata.org/entity/Q636231,literal,Oil Refineries Ltd,http://www.w3.org/2001/XMLSchema#dateTime,literal,1954-01-01T00:00:00Z,uri,http://www.wikidata.org/entity/Q801,literal,http://www.wikidata.org/entity/Q862571,literal,,literal,,literal,http://www.wikidata.org/entity/Q41621,literal,,en,,,,,,,,,,wd:Q801
231,uri,http://www.wikidata.org/entity/Q6296982,literal,JoyTunes,http://www.w3.org/2001/XMLSchema#dateTime,literal,2010-07-01T00:00:00Z,uri,http://www.wikidata.org/entity/Q801,literal,http://www.wikidata.org/entity/Q1068473,literal,,literal,,literal,http://www.wikidata.org/entity/Q33935,literal,,en,,,,,,,,,,wd:Q801
232,uri,http://www.wikidata.org/entity/Q97210886,literal,Flafel Orion,http://www.w3.org/2001/XMLSchema#dateTime,literal,1949-01-01T00:00:00Z,uri,http://www.wikidata.org/entity/Q801,literal,,literal,,literal,,literal,,literal,,en,,,,,,,,,,wd:Q801
233,uri,http://www.wikidata.org/entity/Q3701622,literal,Sonol,http://www.w3.org/2001/XMLSchema#dateTime,literal,1922-01-01T00:00:00Z,uri,http://www.wikidata.org/entity/Q801,literal,http://www.wikidata.org/entity/Q2151621,literal,,literal,,literal,http://www.wikidata.org/entity/Q192225,literal,,en,,,,,,,,,,wd:Q801
234,uri,http://www.wikidata.org/entity/Q61994838,literal,Journeys,http://www.w3.org/2001/XMLSchema#dateTime,literal,2007-05-01T00:00:00Z,uri,http://www.wikidata.org/entity/Q801,literal,"http://www.wikidata.org/entity/Q11828862, http://www.wikidata.org/entity/Q126793",literal,,literal,,literal,http://www.wikidata.org/entity/Q33935,literal,,en,,,,,,,,,,wd:Q801
235,uri,http://www.wikidata.org/entity/Q58207104,literal,Yotpo,http://www.w3.org/2001/XMLSchema#dateTime,literal,2011-01-01T00:00:00Z,uri,http://www.wikidata.org/entity/Q801,literal,,literal,,literal,,literal,http://www.wikidata.org/entity/Q60,literal,,en,,,,,,,,,,wd:Q801
236,uri,http://www.wikidata.org/entity/Q20502341,literal,Q20502341,http://www.w3.org/2001/XMLSchema#dateTime,literal,1971-01-01T00:00:00Z,uri,http://www.wikidata.org/entity/Q801,literal,,literal,,literal,,literal,,literal,,,,,,,,,,,,wd:Q801
237,uri,http://www.wikidata.org/entity/Q2777129,literal,Bank Mizrahi-Tfahot,http://www.w3.org/2001/XMLSchema#dateTime,literal,1923-01-01T00:00:00Z,uri,http://www.wikidata.org/entity/Q801,literal,http://www.wikidata.org/entity/Q22687,literal,,literal,,literal,http://www.wikidata.org/entity/Q192807,literal,,en,,,,,,,,,,wd:Q801
238,uri,http://www.wikidata.org/entity/Q187212,literal,SolarEdge,http://www.w3.org/2001/XMLSchema#dateTime,literal,2006-01-01T00:00:00Z,uri,http://www.wikidata.org/entity/Q801,literal,http://www.wikidata.org/entity/Q192127,literal,,literal,,literal,http://www.wikidata.org/entity/Q152491,literal,,en,,,,,,,,,,wd:Q801
239,uri,http://www.wikidata.org/entity/Q20050673,literal,AppsFlyer,http://www.w3.org/2001/XMLSchema#dateTime,literal,2011-01-01T00:00:00Z,uri,http://www.wikidata.org/entity/Q801,literal,,literal,,literal,,literal,http://www.wikidata.org/entity/Q152491,literal,,en,,,,,,,,,,wd:Q801
240,uri,http://www.wikidata.org/entity/Q2351312,literal,"Herzog, Fox & Ne'eman",http://www.w3.org/2001/XMLSchema#dateTime,literal,1972-01-01T00:00:00Z,uri,http://www.wikidata.org/entity/Q801,literal,http://www.wikidata.org/entity/Q40348,literal,,literal,,literal,"http://www.wikidata.org/entity/Q7185494, http://www.wikidata.org/entity/Q33935",literal,,en,,,,,,,,,,wd:Q801
241,uri,http://www.wikidata.org/entity/Q64769225,literal,Kimaia,http://www.w3.org/2001/XMLSchema#dateTime,literal,2012-01-01T00:00:00Z,uri,http://www.wikidata.org/entity/Q801,literal,http://www.wikidata.org/entity/Q7397,literal,,literal,,literal,http://www.wikidata.org/entity/Q2889835,literal,,en,,,,,,,,,,wd:Q801
242,uri,http://www.wikidata.org/entity/Q6761151,literal,BUG MultiSystem,http://www.w3.org/2001/XMLSchema#dateTime,literal,1984-01-01T00:00:00Z,uri,http://www.wikidata.org/entity/Q801,literal,http://www.wikidata.org/entity/Q126793,literal,,literal,,literal,http://www.wikidata.org/entity/Q2895304,literal,,en,,,,,,,,,,wd:Q801
243,uri,http://www.wikidata.org/entity/Q108119368,literal,City Transformer,http://www.w3.org/2001/XMLSchema#dateTime,literal,2014-01-01T00:00:00Z,uri,http://www.wikidata.org/entity/Q801,literal,http://www.wikidata.org/entity/Q190117,literal,,literal,,literal,http://www.wikidata.org/entity/Q33935,literal,,en,,,,,,,,,,wd:Q801
244,uri,http://www.wikidata.org/entity/Q13220217,literal,Super-Pharm,http://www.w3.org/2001/XMLSchema#dateTime,literal,1978-01-01T00:00:00Z,uri,http://www.wikidata.org/entity/Q801,literal,http://www.wikidata.org/entity/Q126793,literal,,literal,,literal,http://www.wikidata.org/entity/Q152491,literal,,en,,,,,,,,,,wd:Q801
245,uri,http://www.wikidata.org/entity/Q104772219,literal,Q104772219,http://www.w3.org/2001/XMLSchema#dateTime,literal,2015-01-01T00:00:00Z,uri,http://www.wikidata.org/entity/Q801,literal,http://www.wikidata.org/entity/Q3972943,literal,,literal,,literal,,literal,,,,,,,,,,,,wd:Q801
246,uri,http://www.wikidata.org/entity/Q6632716,literal,Queen of Sheba Eilat,http://www.w3.org/2001/XMLSchema#dateTime,literal,1999-01-01T00:00:00Z,uri,http://www.wikidata.org/entity/Q801,literal,,literal,,literal,,literal,,literal,,en,,,,,,,,,,wd:Q801
247,uri,http://www.wikidata.org/entity/Q6812624,literal,NaNa Disc,http://www.w3.org/2001/XMLSchema#dateTime,literal,1988-01-01T00:00:00Z,uri,http://www.wikidata.org/entity/Q801,literal,,literal,,literal,,literal,,literal,,en,,,,,,,,,,wd:Q801
248,uri,http://www.wikidata.org/entity/Q24909927,literal,Logz.io,http://www.w3.org/2001/XMLSchema#dateTime,literal,2014-01-01T00:00:00Z,uri,http://www.wikidata.org/entity/Q801,literal,http://www.wikidata.org/entity/Q1318054,literal,,literal,,literal,http://www.wikidata.org/entity/Q33935,literal,,en,,,,,,,,,,wd:Q801
249,uri,http://www.wikidata.org/entity/Q17013305,literal,OurCrowd,http://www.w3.org/2001/XMLSchema#dateTime,literal,2013-01-01T00:00:00Z,uri,http://www.wikidata.org/entity/Q801,literal,,literal,,literal,,literal,http://www.wikidata.org/entity/Q1218,literal,,en,,,,,,,,,,wd:Q801
250,uri,http://www.wikidata.org/entity/Q7187611,literal,Bank Yahav,http://www.w3.org/2001/XMLSchema#dateTime,literal,1954-01-01T00:00:00Z,uri,http://www.wikidata.org/entity/Q801,literal,,literal,,literal,,literal,http://www.wikidata.org/entity/Q1218,literal,,en,,,,,,,,,,wd:Q801
251,uri,http://www.wikidata.org/entity/Q109638916,literal,Papaya Global,http://www.w3.org/2001/XMLSchema#dateTime,literal,2016-01-01T00:00:00Z,uri,http://www.wikidata.org/entity/Q801,literal,,literal,,literal,,literal,http://www.wikidata.org/entity/Q152491,literal,,en,,,,,,,,,,wd:Q801
252,uri,http://www.wikidata.org/entity/Q110088556,literal,Epitomee medical,http://www.w3.org/2001/XMLSchema#dateTime,literal,2005-08-01T00:00:00Z,uri,http://www.wikidata.org/entity/Q801,literal,,literal,,literal,,literal,http://www.wikidata.org/entity/Q25489681,literal,,en,,,,,,,,,,wd:Q801
253,uri,http://www.wikidata.org/entity/Q2120877,literal,Strauss,http://www.w3.org/2001/XMLSchema#dateTime,literal,1933-01-01T00:00:00Z,uri,http://www.wikidata.org/entity/Q801,literal,http://www.wikidata.org/entity/Q627371,literal,,literal,,literal,http://www.wikidata.org/entity/Q190828,literal,,en,,,,,,,,,,wd:Q801
254,uri,http://www.wikidata.org/entity/Q6087908,literal,Isrotel,http://www.w3.org/2001/XMLSchema#dateTime,literal,1981-01-01T00:00:00Z,uri,http://www.wikidata.org/entity/Q801,literal,http://www.wikidata.org/entity/Q27686,literal,,literal,,literal,http://www.wikidata.org/entity/Q33935,literal,,en,,,,,,,,,,wd:Q801
255,uri,http://www.wikidata.org/entity/Q56239767,literal,Adama Music,,,,uri,http://www.wikidata.org/entity/Q801,literal,,literal,,literal,,literal,http://www.wikidata.org/entity/Q33935,literal,,en,,,,,,,,,,wd:Q801
256,uri,http://www.wikidata.org/entity/Q43008529,literal,VEANVEU,http://www.w3.org/2001/XMLSchema#dateTime,literal,2016-01-01T00:00:00Z,uri,http://www.wikidata.org/entity/Q801,literal,http://www.wikidata.org/entity/Q484847,literal,,literal,,literal,http://www.wikidata.org/entity/Q213274,literal,,en,,,,,,,,,,wd:Q801
257,uri,http://www.wikidata.org/entity/Q104599960,literal,Q104599960,http://www.w3.org/2001/XMLSchema#dateTime,literal,2017-01-01T00:00:00Z,uri,http://www.wikidata.org/entity/Q801,literal,,literal,,literal,,literal,http://www.wikidata.org/entity/Q1218,literal,,,,,,,,,,,,wd:Q801
258,uri,http://www.wikidata.org/entity/Q6565462,literal,Q6565462,http://www.w3.org/2001/XMLSchema#dateTime,literal,1972-01-01T00:00:00Z,uri,http://www.wikidata.org/entity/Q801,literal,http://www.wikidata.org/entity/Q3972943,literal,,literal,,literal,,literal,,,,,,,,,,,,wd:Q801
259,uri,http://www.wikidata.org/entity/Q105690872,literal,Next-Pro,http://www.w3.org/2001/XMLSchema#dateTime,literal,2004-01-01T00:00:00Z,uri,http://www.wikidata.org/entity/Q801,literal,,literal,,literal,,literal,,literal,,en,,,,,,,,,,wd:Q801
260,uri,http://www.wikidata.org/entity/Q6583383,literal,Noga Communications,http://www.w3.org/2001/XMLSchema#dateTime,literal,1996-01-01T00:00:00Z,uri,http://www.wikidata.org/entity/Q801,literal,http://www.wikidata.org/entity/Q1407228,literal,,literal,,literal,,literal,,en,,,,,,,,,,wd:Q801
261,uri,http://www.wikidata.org/entity/Q89314470,literal,Merkaza,http://www.w3.org/2001/XMLSchema#dateTime,literal,1993-01-01T00:00:00Z,uri,http://www.wikidata.org/entity/Q801,literal,http://www.wikidata.org/entity/Q126793,literal,,literal,,literal,http://www.wikidata.org/entity/Q2640151,literal,,en,,,,,,,,,,wd:Q801
262,uri,http://www.wikidata.org/entity/Q6619039,literal,Yavneh Publishing House,http://www.w3.org/2001/XMLSchema#dateTime,literal,1932-01-01T00:00:00Z,uri,http://www.wikidata.org/entity/Q801,literal,,literal,,literal,,literal,,literal,,en,,,,,,,,,,wd:Q801
263,uri,http://www.wikidata.org/entity/Q105620681,literal,Q105620681,,,,uri,http://www.wikidata.org/entity/Q801,literal,,literal,,literal,,literal,http://www.wikidata.org/entity/Q190828,literal,,,,,,,,,,,,wd:Q801
264,uri,http://www.wikidata.org/entity/Q16341218,literal,Q16341218,http://www.w3.org/2001/XMLSchema#dateTime,literal,2008-01-01T00:00:00Z,uri,http://www.wikidata.org/entity/Q801,literal,,literal,,literal,,literal,,literal,,,,,,,,,,,,wd:Q801
265,uri,http://www.wikidata.org/entity/Q2903265,literal,Union Bank of Israel,http://www.w3.org/2001/XMLSchema#dateTime,literal,1951-01-01T00:00:00Z,uri,http://www.wikidata.org/entity/Q801,literal,http://www.wikidata.org/entity/Q22687,literal,,literal,,literal,http://www.wikidata.org/entity/Q33935,literal,,en,,,,,,,,,,wd:Q801
266,uri,http://www.wikidata.org/entity/Q176587,literal,Check Point,http://www.w3.org/2001/XMLSchema#dateTime,literal,1993-01-01T00:00:00Z,uri,http://www.wikidata.org/entity/Q801,literal,http://www.wikidata.org/entity/Q870898,literal,,literal,,literal,http://www.wikidata.org/entity/Q33935,literal,http://www.wikidata.org/entity/Q507306,en,en,literal,Check Point Software Technologies Ltd.,,,,,,,wd:Q801
267,uri,http://www.wikidata.org/entity/Q105620578,literal,Q105620578,http://www.w3.org/2001/XMLSchema#dateTime,literal,2016-01-01T00:00:00Z,uri,http://www.wikidata.org/entity/Q801,literal,,literal,,literal,,literal,http://www.wikidata.org/entity/Q863886,literal,,,,,,,,,,,,wd:Q801
268,uri,http://www.wikidata.org/entity/Q115120229,literal,Cable Express,http://www.w3.org/2001/XMLSchema#dateTime,literal,2019-01-01T00:00:00Z,uri,http://www.wikidata.org/entity/Q801,literal,,literal,,literal,,literal,,literal,,en,,,,,,,,,,wd:Q801
269,uri,http://www.wikidata.org/entity/Q2909872,literal,Aroma Espresso Bar,http://www.w3.org/2001/XMLSchema#dateTime,literal,1994-01-01T00:00:00Z,uri,http://www.wikidata.org/entity/Q159,literal,,literal,,literal,,literal,http://www.wikidata.org/entity/Q862725,literal,,en,,,,,,,,,,wd:Q801
270,uri,http://www.wikidata.org/entity/Q108678966,literal,Moshbutz,,,,uri,http://www.wikidata.org/entity/Q801,literal,,literal,,literal,,literal,http://www.wikidata.org/entity/Q801,literal,,en,,,,,,,,,,wd:Q801
271,uri,http://www.wikidata.org/entity/Q6578464,literal,Infinya Recycling Ltd,http://www.w3.org/2001/XMLSchema#dateTime,literal,1962-01-01T00:00:00Z,uri,http://www.wikidata.org/entity/Q801,literal,,literal,,literal,,literal,,literal,,en,,,,,,,,,,wd:Q801
272,uri,http://www.wikidata.org/entity/Q22022271,literal,Cross River Bank,http://www.w3.org/2001/XMLSchema#dateTime,literal,2008-01-01T00:00:00Z,uri,http://www.wikidata.org/entity/Q30,literal,"http://www.wikidata.org/entity/Q806718, http://www.wikidata.org/entity/Q16319025, http://www.wikidata.org/entity/Q1416657",literal,,literal,,literal,http://www.wikidata.org/entity/Q1408,literal,,en,,,,,,,,,,wd:Q801
273,uri,http://www.wikidata.org/entity/Q97323112,literal,Jolt,http://www.w3.org/2001/XMLSchema#dateTime,literal,2015-01-01T00:00:00Z,uri,http://www.wikidata.org/entity/Q801,literal,,literal,,literal,,literal,http://www.wikidata.org/entity/Q33935,literal,,en,,,,,,,,,,wd:Q801
274,uri,http://www.wikidata.org/entity/Q99632665,literal,Comikaza,http://www.w3.org/2001/XMLSchema#dateTime,literal,2003-09-15T00:00:00Z,uri,http://www.wikidata.org/entity/Q801,literal,,literal,,literal,,literal,,literal,,en,,,,,,,,,,wd:Q801
275,uri,http://www.wikidata.org/entity/Q2910545,literal,Keshet Media Group,http://www.w3.org/2001/XMLSchema#dateTime,literal,1993-01-01T00:00:00Z,uri,http://www.wikidata.org/entity/Q801,literal,http://www.wikidata.org/entity/Q1727518,literal,,literal,,literal,http://www.wikidata.org/entity/Q801,literal,,en,,,,,,,,,,wd:Q801
276,uri,http://www.wikidata.org/entity/Q105219425,literal,Q105219425,http://www.w3.org/2001/XMLSchema#dateTime,literal,2017-01-01T00:00:00Z,uri,http://www.wikidata.org/entity/Q801,literal,,literal,,literal,,literal,,literal,,,,,,,,,,,,wd:Q801
277,uri,http://www.wikidata.org/entity/Q111793494,literal,Remilk,http://www.w3.org/2001/XMLSchema#dateTime,literal,2019-06-14T00:00:00Z,uri,http://www.wikidata.org/entity/Q801,literal,http://www.wikidata.org/entity/Q540912,literal,,literal,,literal,http://www.wikidata.org/entity/Q207350,literal,,en,,,,,,,,,,wd:Q801
278,uri,http://www.wikidata.org/entity/Q109967445,literal,Windward,http://www.w3.org/2001/XMLSchema#dateTime,literal,2010-01-01T00:00:00Z,uri,http://www.wikidata.org/entity/Q801,literal,,literal,,literal,,literal,http://www.wikidata.org/entity/Q33935,literal,,en,,,,,,,,,,wd:Q801
279,uri,http://www.wikidata.org/entity/Q109289327,literal,Get Fabric,http://www.w3.org/2001/XMLSchema#dateTime,literal,2015-03-01T00:00:00Z,uri,http://www.wikidata.org/entity/Q801,literal,,literal,,literal,,literal,http://www.wikidata.org/entity/Q33935,literal,,en,,,,,,,,,,wd:Q801
280,uri,http://www.wikidata.org/entity/Q2901365,literal,Mobileye,http://www.w3.org/2001/XMLSchema#dateTime,literal,1999-01-01T00:00:00Z,uri,http://www.wikidata.org/entity/Q801,literal,"http://www.wikidata.org/entity/Q1060280, http://www.wikidata.org/entity/Q508378, http://www.wikidata.org/entity/Q449343, http://www.wikidata.org/entity/Q190117",literal,,literal,,literal,http://www.wikidata.org/entity/Q1218,literal,,en,,,,http://www.w3.org/2001/XMLSchema#decimal,literal,404,http://www.w3.org/2001/XMLSchema#decimal,literal,108370000,wd:Q801
281,uri,http://www.wikidata.org/entity/Q208489,literal,El Al,http://www.w3.org/2001/XMLSchema#dateTime,literal,1948-01-01T00:00:00Z,uri,http://www.wikidata.org/entity/Q801,literal,,literal,http://www.wikidata.org/entity/Q111687393,literal,,literal,"http://www.wikidata.org/entity/Q181479, http://www.wikidata.org/entity/Q33935",literal,,en,,,,,,,,,,wd:Q801
282,uri,http://www.wikidata.org/entity/Q6964738,literal,Naot,http://www.w3.org/2001/XMLSchema#dateTime,literal,1942-01-01T00:00:00Z,uri,http://www.wikidata.org/entity/Q801,literal,,literal,,literal,,literal,http://www.wikidata.org/entity/Q2916678,literal,,en,,,,http://www.w3.org/2001/XMLSchema#decimal,literal,600,,,,wd:Q801
283,uri,http://www.wikidata.org/entity/Q2893391,literal,Anobit,http://www.w3.org/2001/XMLSchema#dateTime,literal,2006-01-01T00:00:00Z,uri,http://www.wikidata.org/entity/Q801,literal,http://www.wikidata.org/entity/Q5830907,literal,,literal,,literal,http://www.wikidata.org/entity/Q17061570,literal,,en,,,,,,,,,,wd:Q801
284,uri,http://www.wikidata.org/entity/Q6035779,literal,Rami Levy Hashikma Marketing,http://www.w3.org/2001/XMLSchema#dateTime,literal,1976-01-01T00:00:00Z,uri,http://www.wikidata.org/entity/Q801,literal,"http://www.wikidata.org/entity/Q56598901, http://www.wikidata.org/entity/Q25245117, http://www.wikidata.org/entity/Q126793",literal,,literal,,literal,http://www.wikidata.org/entity/Q1218,literal,,en,,,,,,,,,,wd:Q801
285,uri,http://www.wikidata.org/entity/Q66827629,literal,Uma,,,,uri,http://www.wikidata.org/entity/Q801,literal,,literal,,literal,,literal,,literal,,en,,,,,,,,,,wd:Q801
286,uri,http://www.wikidata.org/entity/Q100621757,literal,Levy-Stevenson Academic Editing,http://www.w3.org/2001/XMLSchema#dateTime,literal,2018-01-01T00:00:00Z,uri,http://www.wikidata.org/entity/Q801,literal,http://www.wikidata.org/entity/Q27983256,literal,,literal,,literal,,literal,,en,,,,,,,,,,wd:Q801
287,uri,http://www.wikidata.org/entity/Q61125746,literal,NEXT TV,http://www.w3.org/2001/XMLSchema#dateTime,literal,2017-03-01T00:00:00Z,uri,http://www.wikidata.org/entity/Q801,literal,,literal,,literal,,literal,,literal,,en,,,,,,,,,,wd:Q801
288,uri,http://www.wikidata.org/entity/Q67170818,literal,Bistro 56,http://www.w3.org/2001/XMLSchema#dateTime,literal,2004-01-01T00:00:00Z,uri,http://www.wikidata.org/entity/Q801,literal,,literal,,literal,,literal,,literal,,en,,,,,,,,,,wd:Q801
289,uri,http://www.wikidata.org/entity/Q59229674,literal,Suncrash,http://www.w3.org/2001/XMLSchema#dateTime,literal,2014-12-01T00:00:00Z,uri,http://www.wikidata.org/entity/Q801,literal,http://www.wikidata.org/entity/Q941594,literal,,literal,,literal,,literal,,en,,,,,,,,,,wd:Q801
290,uri,http://www.wikidata.org/entity/Q98124750,literal,Q98124750,http://www.w3.org/2001/XMLSchema#dateTime,literal,2012-01-01T00:00:00Z,uri,http://www.wikidata.org/entity/Q801,literal,,literal,,literal,,literal,,literal,,,,,,,,,,,,wd:Q801
291,uri,http://www.wikidata.org/entity/Q110460017,literal,Q110460017,,,,uri,http://www.wikidata.org/entity/Q801,literal,,literal,,literal,,literal,,literal,,,,,,,,,,,,wd:Q801
292,uri,http://www.wikidata.org/entity/Q22908338,literal,Riskified,http://www.w3.org/2001/XMLSchema#dateTime,literal,2012-01-01T00:00:00Z,uri,http://www.wikidata.org/entity/Q801,literal,http://www.wikidata.org/entity/Q484847,literal,,literal,,literal,http://www.wikidata.org/entity/Q33935,literal,,en,,,,,,,,,,wd:Q801
293,uri,http://www.wikidata.org/entity/Q846655,literal,Israel Railways,http://www.w3.org/2001/XMLSchema#dateTime,literal,2003-01-01T00:00:00Z,uri,http://www.wikidata.org/entity/Q801,literal,http://www.wikidata.org/entity/Q7283969,literal,,literal,,literal,http://www.wikidata.org/entity/Q2440741,literal,,en,,,,http://www.w3.org/2001/XMLSchema#decimal,literal,1900,,,,wd:Q801
294,uri,http://www.wikidata.org/entity/Q110739667,literal,Be,http://www.w3.org/2001/XMLSchema#dateTime,literal,1991-01-01T00:00:00Z,uri,http://www.wikidata.org/entity/Q801,literal,,literal,,literal,,literal,,literal,,en,,,,,,,,,,wd:Q801
295,uri,http://www.wikidata.org/entity/Q114836180,literal,Argaman Institute,http://www.w3.org/2001/XMLSchema#dateTime,literal,2019-01-01T00:00:00Z,uri,http://www.wikidata.org/entity/Q801,literal,,literal,,literal,,literal,,literal,,en,,,,,,,,,,wd:Q801
296,uri,http://www.wikidata.org/entity/Q114056884,literal,Q114056884,http://www.w3.org/2001/XMLSchema#dateTime,literal,2013-01-01T00:00:00Z,uri,http://www.wikidata.org/entity/Q801,literal,http://www.wikidata.org/entity/Q26897133,literal,,literal,,literal,http://www.wikidata.org/entity/Q207540,literal,,,,,,,,,,,,wd:Q801
297,uri,http://www.wikidata.org/entity/Q63529503,literal,Daroma Productions,,,,uri,http://www.wikidata.org/entity/Q801,literal,,literal,,literal,,literal,,literal,,en,,,,,,,,,,wd:Q801
298,uri,http://www.wikidata.org/entity/Q2912104,literal,B'Sheva,http://www.w3.org/2001/XMLSchema#dateTime,literal,2002-07-19T00:00:00Z,uri,http://www.wikidata.org/entity/Q801,literal,,literal,,literal,,literal,http://www.wikidata.org/entity/Q190828,literal,,en,,,,,,,,,,wd:Q801
299,uri,http://www.wikidata.org/entity/Q31197421,literal,CityPass Ltd,http://www.w3.org/2001/XMLSchema#dateTime,literal,2001-01-01T00:00:00Z,uri,http://www.wikidata.org/entity/Q801,literal,,literal,,literal,,literal,http://www.wikidata.org/entity/Q1218,literal,,en,,,,,,,,,,wd:Q801
300,uri,http://www.wikidata.org/entity/Q7219274,literal,Kibbutzim College of Education,http://www.w3.org/2001/XMLSchema#dateTime,literal,1939-01-01T00:00:00Z,uri,http://www.wikidata.org/entity/Q801,literal,,literal,,literal,,literal,,literal,,en,,,,,,,,,,wd:Q801
301,uri,http://www.wikidata.org/entity/Q6891113,literal,AM:PM,http://www.w3.org/2001/XMLSchema#dateTime,literal,2001-01-01T00:00:00Z,uri,http://www.wikidata.org/entity/Q801,literal,http://www.wikidata.org/entity/Q126793,literal,,literal,,literal,http://www.wikidata.org/entity/Q33935,literal,,en,,,,,,,,,,wd:Q801
302,uri,http://www.wikidata.org/entity/Q30561822,literal,Sella Meir Publishing,http://www.w3.org/2001/XMLSchema#dateTime,literal,2014-01-01T00:00:00Z,uri,http://www.wikidata.org/entity/Q801,literal,http://www.wikidata.org/entity/Q3972943,literal,,literal,,literal,"http://www.wikidata.org/entity/Q152413, http://www.wikidata.org/entity/Q1218",literal,,en,,,,,,,,,,wd:Q801
303,uri,http://www.wikidata.org/entity/Q97207539,literal,gnat,http://www.w3.org/2001/XMLSchema#dateTime,literal,2016-01-01T00:00:00Z,uri,http://www.wikidata.org/entity/Q801,literal,http://www.wikidata.org/entity/Q3972943,literal,,literal,,literal,,literal,,en,,,,,,,,,,wd:Q801
304,uri,http://www.wikidata.org/entity/Q1566222,literal,Hamodia,http://www.w3.org/2001/XMLSchema#dateTime,literal,1950-01-01T00:00:00Z,uri,http://www.wikidata.org/entity/Q801,literal,,literal,,literal,,literal,http://www.wikidata.org/entity/Q18419,literal,,en,,,,,,,,,,wd:Q801
305,uri,http://www.wikidata.org/entity/Q60642552,literal,Wiliot,http://www.w3.org/2001/XMLSchema#dateTime,literal,2017-01-01T00:00:00Z,uri,http://www.wikidata.org/entity/Q801,literal,,literal,,literal,,literal,http://www.wikidata.org/entity/Q1615560,literal,,en,,,,,,,,,,wd:Q801
