,business.type,business.value,businessLabel.xml:lang,businessLabel.type,businessLabel.value,origindate.datatype,origindate.type,origindate.value,country.type,country.value,industries.type,industries.value,ceos.type,ceos.value,chairs.type,chairs.value,hqs.type,hqs.value,groups.type,groups.value,employees.datatype,employees.type,employees.value,officialname.xml:lang,officialname.type,officialname.value,profit.datatype,profit.type,profit.value,country
0,uri,http://www.wikidata.org/entity/Q17103499,en,literal,MedicAlert,http://www.w3.org/2001/XMLSchema#dateTime,literal,1956-01-01T00:00:00Z,uri,http://www.wikidata.org/entity/Q229,literal,http://www.wikidata.org/entity/Q870895,literal,,literal,,literal,http://www.wikidata.org/entity/Q1011205,literal,,http://www.w3.org/2001/XMLSchema#decimal,literal,18,,,,,,,wd:Q833
1,uri,http://www.wikidata.org/entity/Q113021615,en,literal,Bimasakti Records,http://www.w3.org/2001/XMLSchema#dateTime,literal,2020-01-01T00:00:00Z,uri,http://www.wikidata.org/entity/Q833,literal,http://www.wikidata.org/entity/Q746359,literal,,literal,,literal,http://www.wikidata.org/entity/Q1865,literal,,,,,,,,,,,wd:Q833
2,uri,http://www.wikidata.org/entity/Q308952,en,literal,Malaysia Airlines,http://www.w3.org/2001/XMLSchema#dateTime,literal,1972-09-30T00:00:00Z,uri,http://www.wikidata.org/entity/Q833,literal,,literal,,literal,,literal,http://www.wikidata.org/entity/Q1431802,literal,,,,,,,,,,,wd:Q833
3,uri,http://www.wikidata.org/entity/Q96235971,en,literal,RZ Hotel,,,,uri,http://www.wikidata.org/entity/Q833,literal,,literal,,literal,,literal,,literal,,,,,,,,,,,wd:Q833
4,uri,http://www.wikidata.org/entity/Q683146,en,literal,LexisNexis,http://www.w3.org/2001/XMLSchema#dateTime,literal,1973-01-01T00:00:00Z,uri,http://www.wikidata.org/entity/Q668,literal,http://www.wikidata.org/entity/Q3972943,literal,,literal,,literal,http://www.wikidata.org/entity/Q60,literal,,http://www.w3.org/2001/XMLSchema#decimal,literal,10000,,,,,,,wd:Q833
5,uri,http://www.wikidata.org/entity/Q105044323,en,literal,MR.DIY,http://www.w3.org/2001/XMLSchema#dateTime,literal,2005-07-01T00:00:00Z,uri,http://www.wikidata.org/entity/Q833,literal,http://www.wikidata.org/entity/Q126793,literal,,literal,,literal,,literal,,,,,,,,,,,wd:Q833
6,uri,http://www.wikidata.org/entity/Q822202,en,literal,Bernama,http://www.w3.org/2001/XMLSchema#dateTime,literal,1967-01-01T00:00:00Z,uri,http://www.wikidata.org/entity/Q833,literal,,literal,,literal,,literal,http://www.wikidata.org/entity/Q1865,literal,,,,,,,,,,,wd:Q833
7,uri,http://www.wikidata.org/entity/Q95703172,en,literal,Grill Bar Steakhouse,,,,uri,http://www.wikidata.org/entity/Q833,literal,,literal,,literal,,literal,,literal,,,,,,,,,,,wd:Q833
8,uri,http://www.wikidata.org/entity/Q76099070,en,literal,Tiger Sugar,,,,uri,http://www.wikidata.org/entity/Q334,literal,"http://www.wikidata.org/entity/Q4899370, http://www.wikidata.org/entity/Q540912",literal,,literal,,literal,http://www.wikidata.org/entity/Q569548,literal,,,,,,,,,,,wd:Q833
9,uri,http://www.wikidata.org/entity/Q21806375,en,literal,Rayani Air,http://www.w3.org/2001/XMLSchema#dateTime,literal,2015-01-01T00:00:00Z,uri,http://www.wikidata.org/entity/Q833,literal,,literal,,literal,,literal,http://www.wikidata.org/entity/Q500033,literal,,,,,,,,,,,wd:Q833
10,uri,http://www.wikidata.org/entity/Q95703673,en,literal,Jeju Black Korean Noodle Restaurant,,,,uri,http://www.wikidata.org/entity/Q833,literal,,literal,,literal,,literal,,literal,,,,,,,,,,,wd:Q833
11,uri,http://www.wikidata.org/entity/Q7767315,en,literal,The Sun,http://www.w3.org/2001/XMLSchema#dateTime,literal,1993-06-01T00:00:00Z,uri,http://www.wikidata.org/entity/Q833,literal,,literal,,literal,,literal,http://www.wikidata.org/entity/Q864965,literal,,,,,,,,,,,wd:Q833
12,uri,http://www.wikidata.org/entity/Q112626365,en,literal,Penerbit X,,,,uri,http://www.wikidata.org/entity/Q833,literal,,literal,,literal,,literal,,literal,,,,,,,,,,,wd:Q833
13,uri,http://www.wikidata.org/entity/Q95992730,en,literal,Econsave Simpang Renggam,,,,uri,http://www.wikidata.org/entity/Q833,literal,,literal,,literal,,literal,,literal,,,,,,,,,,,wd:Q833
14,uri,http://www.wikidata.org/entity/Q12709598,,literal,Q12709598,http://www.w3.org/2001/XMLSchema#dateTime,literal,1988-12-12T00:00:00Z,uri,http://www.wikidata.org/entity/Q833,literal,http://www.wikidata.org/entity/Q867147,literal,,literal,,literal,http://www.wikidata.org/entity/Q1202476,literal,,,,,ms,literal,Speedy Video Distributors Sdn Bhd,,,,wd:Q833
15,uri,http://www.wikidata.org/entity/Q97872336,en,literal,Senso Art Gallery Cafe,http://www.w3.org/2001/XMLSchema#dateTime,literal,2017-11-01T00:00:00Z,uri,http://www.wikidata.org/entity/Q833,literal,,literal,,literal,,literal,,literal,,,,,,,,,,,wd:Q833
16,uri,http://www.wikidata.org/entity/Q683146,en,literal,LexisNexis,http://www.w3.org/2001/XMLSchema#dateTime,literal,1973-01-01T00:00:00Z,uri,http://www.wikidata.org/entity/Q142,literal,http://www.wikidata.org/entity/Q3972943,literal,,literal,,literal,http://www.wikidata.org/entity/Q60,literal,,http://www.w3.org/2001/XMLSchema#decimal,literal,10000,,,,,,,wd:Q833
17,uri,http://www.wikidata.org/entity/Q106959816,en,literal,Ninso,,,,uri,http://www.wikidata.org/entity/Q833,literal,,literal,,literal,,literal,,literal,,,,,,,,,,,wd:Q833
18,uri,http://www.wikidata.org/entity/Q2378901,en,literal,Lotus's,http://www.w3.org/2001/XMLSchema#dateTime,literal,2021-01-01T00:00:00Z,uri,http://www.wikidata.org/entity/Q869,literal,http://www.wikidata.org/entity/Q126793,literal,,literal,,literal,http://www.wikidata.org/entity/Q1861,literal,,,,,,,,,,,wd:Q833
19,uri,http://www.wikidata.org/entity/Q96319243,en,literal,RNZ Cafe Chinese Muslim & Malay Ala Carte,,,,uri,http://www.wikidata.org/entity/Q833,literal,,literal,,literal,,literal,,literal,,,,,,,,,,,wd:Q833
20,uri,http://www.wikidata.org/entity/Q17103499,en,literal,MedicAlert,http://www.w3.org/2001/XMLSchema#dateTime,literal,1956-01-01T00:00:00Z,uri,http://www.wikidata.org/entity/Q189,literal,http://www.wikidata.org/entity/Q870895,literal,,literal,,literal,http://www.wikidata.org/entity/Q1011205,literal,,http://www.w3.org/2001/XMLSchema#decimal,literal,22,,,,,,,wd:Q833
21,uri,http://www.wikidata.org/entity/Q14476374,en,literal,The Edge,http://www.w3.org/2001/XMLSchema#dateTime,literal,1994-01-01T00:00:00Z,uri,http://www.wikidata.org/entity/Q833,literal,,literal,,literal,,literal,,literal,,,,,,,,,,,wd:Q833
22,uri,http://www.wikidata.org/entity/Q96236295,en,literal,RG Grand Hotel,,,,uri,http://www.wikidata.org/entity/Q833,literal,,literal,,literal,,literal,,literal,,,,,,,,,,,wd:Q833
23,uri,http://www.wikidata.org/entity/Q4204533,en,literal,Harakah,http://www.w3.org/2001/XMLSchema#dateTime,literal,1999-08-01T00:00:00Z,uri,http://www.wikidata.org/entity/Q833,literal,,literal,,literal,,literal,,literal,,,,,,,,,,,wd:Q833
24,uri,http://www.wikidata.org/entity/Q17103499,en,literal,MedicAlert,http://www.w3.org/2001/XMLSchema#dateTime,literal,1956-01-01T00:00:00Z,uri,http://www.wikidata.org/entity/Q664,literal,http://www.wikidata.org/entity/Q870895,literal,,literal,,literal,http://www.wikidata.org/entity/Q1011205,literal,,http://www.w3.org/2001/XMLSchema#decimal,literal,21,,,,,,,wd:Q833
25,uri,http://www.wikidata.org/entity/Q4765200,en,literal,Animonsta Studios,http://www.w3.org/2001/XMLSchema#dateTime,literal,2009-09-15T00:00:00Z,uri,http://www.wikidata.org/entity/Q833,literal,http://www.wikidata.org/entity/Q11033,literal,,literal,,literal,http://www.wikidata.org/entity/Q1147163,literal,,,,,,,,,,,wd:Q833
26,uri,http://www.wikidata.org/entity/Q18712406,en,literal,Lazada Group,http://www.w3.org/2001/XMLSchema#dateTime,literal,2012-01-01T00:00:00Z,uri,http://www.wikidata.org/entity/Q833,literal,http://www.wikidata.org/entity/Q484847,literal,,literal,,literal,http://www.wikidata.org/entity/Q334,literal,,http://www.w3.org/2001/XMLSchema#decimal,literal,4000,,,,,,,wd:Q833
27,uri,http://www.wikidata.org/entity/Q95993036,en,literal,KiPMall Kota Tinggi,,,,uri,http://www.wikidata.org/entity/Q833,literal,,literal,,literal,,literal,,literal,,,,,,,,,,,wd:Q833
28,uri,http://www.wikidata.org/entity/Q76099070,en,literal,Tiger Sugar,,,,uri,http://www.wikidata.org/entity/Q252,literal,"http://www.wikidata.org/entity/Q4899370, http://www.wikidata.org/entity/Q540912",literal,,literal,,literal,http://www.wikidata.org/entity/Q569548,literal,,,,,,,,,,,wd:Q833
29,uri,http://www.wikidata.org/entity/Q7521499,en,literal,Sin Chew Daily,,,,uri,http://www.wikidata.org/entity/Q833,literal,,literal,,literal,,literal,,literal,,,,,,,,,,,wd:Q833
30,uri,http://www.wikidata.org/entity/Q112742112,en,literal,PTS Digital,,,,uri,http://www.wikidata.org/entity/Q833,literal,,literal,,literal,,literal,,literal,,,,,,,,,,,wd:Q833
31,uri,http://www.wikidata.org/entity/Q95698270,en,literal,Crystal Crown Hotel Johor Bahru,http://www.w3.org/2001/XMLSchema#dateTime,literal,1993-01-16T00:00:00Z,uri,http://www.wikidata.org/entity/Q833,literal,,literal,,literal,,literal,,literal,,,,,,,,,,,wd:Q833
32,uri,http://www.wikidata.org/entity/Q96779496,en,literal,Lover Bridge Resort,,,,uri,http://www.wikidata.org/entity/Q833,literal,,literal,,literal,,literal,,literal,,,,,,,,,,,wd:Q833
33,uri,http://www.wikidata.org/entity/Q683146,en,literal,LexisNexis,http://www.w3.org/2001/XMLSchema#dateTime,literal,1973-01-01T00:00:00Z,uri,http://www.wikidata.org/entity/Q145,literal,http://www.wikidata.org/entity/Q3972943,literal,,literal,,literal,http://www.wikidata.org/entity/Q60,literal,,http://www.w3.org/2001/XMLSchema#decimal,literal,10000,,,,,,,wd:Q833
34,uri,http://www.wikidata.org/entity/Q105476579,en,literal,Treasure Trove,,,,uri,http://www.wikidata.org/entity/Q833,literal,,literal,,literal,,literal,,literal,,,,,,,,,,,wd:Q833
35,uri,http://www.wikidata.org/entity/Q95677618,en,literal,Jen Hotel Puteri Harbour,,,,uri,http://www.wikidata.org/entity/Q833,literal,,literal,,literal,,literal,,literal,,,,,,,,,,,wd:Q833
36,uri,http://www.wikidata.org/entity/Q96143187,en,literal,Mydin Mall Mutiara Rini,,,,uri,http://www.wikidata.org/entity/Q833,literal,,literal,,literal,,literal,,literal,,,,,,,,,,,wd:Q833
37,uri,http://www.wikidata.org/entity/Q96077711,en,literal,Wawasan Hotel,,,,uri,http://www.wikidata.org/entity/Q833,literal,,literal,,literal,,literal,,literal,,,,,,,,,,,wd:Q833
38,uri,http://www.wikidata.org/entity/Q3046561,en,literal,Public Bank Berhad,http://www.w3.org/2001/XMLSchema#dateTime,literal,1966-01-01T00:00:00Z,uri,http://www.wikidata.org/entity/Q833,literal,,literal,,literal,,literal,http://www.wikidata.org/entity/Q1865,literal,,,,,,,,,,,wd:Q833
39,uri,http://www.wikidata.org/entity/Q683146,en,literal,LexisNexis,http://www.w3.org/2001/XMLSchema#dateTime,literal,1973-01-01T00:00:00Z,uri,http://www.wikidata.org/entity/Q833,literal,http://www.wikidata.org/entity/Q3972943,literal,,literal,,literal,http://www.wikidata.org/entity/Q60,literal,,http://www.w3.org/2001/XMLSchema#decimal,literal,10000,,,,,,,wd:Q833
40,uri,http://www.wikidata.org/entity/Q683146,en,literal,LexisNexis,http://www.w3.org/2001/XMLSchema#dateTime,literal,1973-01-01T00:00:00Z,uri,http://www.wikidata.org/entity/Q148,literal,http://www.wikidata.org/entity/Q3972943,literal,,literal,,literal,http://www.wikidata.org/entity/Q60,literal,,http://www.w3.org/2001/XMLSchema#decimal,literal,10000,,,,,,,wd:Q833
41,uri,http://www.wikidata.org/entity/Q85990990,en,literal,Brainy Bones Studios,http://www.w3.org/2001/XMLSchema#dateTime,literal,2014-01-01T00:00:00Z,uri,http://www.wikidata.org/entity/Q833,literal,http://www.wikidata.org/entity/Q11425,literal,,literal,,literal,,literal,,,,,,,,,,,wd:Q833
42,uri,http://www.wikidata.org/entity/Q6743729,en,literal,Batik Air Malaysia,http://www.w3.org/2001/XMLSchema#dateTime,literal,2012-01-01T00:00:00Z,uri,http://www.wikidata.org/entity/Q833,literal,,literal,,literal,,literal,http://www.wikidata.org/entity/Q500253,literal,,,,,,,,,,,wd:Q833
43,uri,http://www.wikidata.org/entity/Q96097448,en,literal,Ayer Hitam Inn Hotel,,,,uri,http://www.wikidata.org/entity/Q833,literal,,literal,,literal,,literal,,literal,,,,,,,,,,,wd:Q833
44,uri,http://www.wikidata.org/entity/Q1584297,en,literal,Tenaga Nasional,http://www.w3.org/2001/XMLSchema#dateTime,literal,1990-01-01T00:00:00Z,uri,http://www.wikidata.org/entity/Q833,literal,,literal,,literal,,literal,http://www.wikidata.org/entity/Q1865,literal,,http://www.w3.org/2001/XMLSchema#decimal,literal,29000,,,,,,,wd:Q833
45,uri,http://www.wikidata.org/entity/Q4855972,en,literal,National Savings Bank,http://www.w3.org/2001/XMLSchema#dateTime,literal,1974-12-01T00:00:00Z,uri,http://www.wikidata.org/entity/Q833,literal,http://www.wikidata.org/entity/Q22687,literal,,literal,,literal,http://www.wikidata.org/entity/Q1865,literal,,,,,,,,,,,wd:Q833
46,uri,http://www.wikidata.org/entity/Q95721269,en,literal,eco-shop,,,,uri,http://www.wikidata.org/entity/Q833,literal,,literal,,literal,,literal,http://www.wikidata.org/entity/Q6177107,literal,,,,,,,,,,,wd:Q833
47,uri,http://www.wikidata.org/entity/Q112620594,en,literal,Patriots Publishing Sdn Bhd,http://www.w3.org/2001/XMLSchema#dateTime,literal,2015-01-01T00:00:00Z,uri,http://www.wikidata.org/entity/Q833,literal,http://www.wikidata.org/entity/Q29585658,literal,,literal,,literal,http://www.wikidata.org/entity/Q7456354,literal,,,,,,,,,,,wd:Q833
48,uri,http://www.wikidata.org/entity/Q17103499,en,literal,MedicAlert,http://www.w3.org/2001/XMLSchema#dateTime,literal,1956-01-01T00:00:00Z,uri,http://www.wikidata.org/entity/Q954,literal,http://www.wikidata.org/entity/Q870895,literal,,literal,,literal,http://www.wikidata.org/entity/Q1011205,literal,,http://www.w3.org/2001/XMLSchema#decimal,literal,23,,,,,,,wd:Q833
49,uri,http://www.wikidata.org/entity/Q95697574,en,literal,New York Hotel,,,,uri,http://www.wikidata.org/entity/Q833,literal,,literal,,literal,,literal,,literal,,,,,,,,,,,wd:Q833
50,uri,http://www.wikidata.org/entity/Q95991762,en,literal,Mayres Hotel,,,,uri,http://www.wikidata.org/entity/Q833,literal,,literal,,literal,,literal,,literal,,,,,,,,,,,wd:Q833
51,uri,http://www.wikidata.org/entity/Q63371124,en,literal,Guardian,,,,uri,http://www.wikidata.org/entity/Q833,literal,http://www.wikidata.org/entity/Q126793,literal,,literal,,literal,,literal,,,,,,,,,,,wd:Q833
52,uri,http://www.wikidata.org/entity/Q95722097,en,literal,Tealive,,,,uri,http://www.wikidata.org/entity/Q833,literal,,literal,,literal,,literal,,literal,,,,,,,,,,,wd:Q833
53,uri,http://www.wikidata.org/entity/Q683146,en,literal,LexisNexis,http://www.w3.org/2001/XMLSchema#dateTime,literal,1973-01-01T00:00:00Z,uri,http://www.wikidata.org/entity/Q8646,literal,http://www.wikidata.org/entity/Q3972943,literal,,literal,,literal,http://www.wikidata.org/entity/Q60,literal,,http://www.w3.org/2001/XMLSchema#decimal,literal,10000,,,,,,,wd:Q833
54,uri,http://www.wikidata.org/entity/Q111933827,en,literal,Reka Hotel Genting Highlands,,,,uri,http://www.wikidata.org/entity/Q833,literal,,literal,,literal,,literal,,literal,,,,,,,,,,,wd:Q833
55,uri,http://www.wikidata.org/entity/Q17103499,en,literal,MedicAlert,http://www.w3.org/2001/XMLSchema#dateTime,literal,1956-01-01T00:00:00Z,uri,http://www.wikidata.org/entity/Q145,literal,http://www.wikidata.org/entity/Q870895,literal,,literal,,literal,http://www.wikidata.org/entity/Q1011205,literal,,http://www.w3.org/2001/XMLSchema#decimal,literal,21,,,,,,,wd:Q833
56,uri,http://www.wikidata.org/entity/Q836827,en,literal,Celcom,http://www.w3.org/2001/XMLSchema#dateTime,literal,1988-01-01T00:00:00Z,uri,http://www.wikidata.org/entity/Q833,literal,"http://www.wikidata.org/entity/Q56598901, http://www.wikidata.org/entity/Q25245117",literal,,literal,,literal,http://www.wikidata.org/entity/Q1865,literal,,,,,,,,,,,wd:Q833
57,uri,http://www.wikidata.org/entity/Q8052735,en,literal,Yes 4G,http://www.w3.org/2001/XMLSchema#dateTime,literal,2010-11-01T00:00:00Z,uri,http://www.wikidata.org/entity/Q833,literal,"http://www.wikidata.org/entity/Q56598901, http://www.wikidata.org/entity/Q25245117",literal,,literal,,literal,http://www.wikidata.org/entity/Q1865,literal,,,,,,,,,,,wd:Q833
58,uri,http://www.wikidata.org/entity/Q19853582,en,literal,Koho Hotel,,,,uri,http://www.wikidata.org/entity/Q833,literal,,literal,,literal,,literal,,literal,,,,,,,,,,,wd:Q833
59,uri,http://www.wikidata.org/entity/Q17103499,en,literal,MedicAlert,http://www.w3.org/2001/XMLSchema#dateTime,literal,1956-01-01T00:00:00Z,uri,http://www.wikidata.org/entity/Q833,literal,http://www.wikidata.org/entity/Q870895,literal,,literal,,literal,http://www.wikidata.org/entity/Q1011205,literal,,http://www.w3.org/2001/XMLSchema#decimal,literal,21,,,,,,,wd:Q833
60,uri,http://www.wikidata.org/entity/Q107343529,en,literal,Radius One,http://www.w3.org/2001/XMLSchema#dateTime,literal,1996-01-01T00:00:00Z,uri,http://www.wikidata.org/entity/Q833,literal,,literal,,literal,,literal,,literal,,,,,,,,,,,wd:Q833
61,uri,http://www.wikidata.org/entity/Q4918709,en,literal,Malaysiakini,http://www.w3.org/2001/XMLSchema#dateTime,literal,1999-11-20T00:00:00Z,uri,http://www.wikidata.org/entity/Q833,literal,,literal,,literal,,literal,,literal,,,,,,,,,,,wd:Q833
62,uri,http://www.wikidata.org/entity/Q17103499,en,literal,MedicAlert,http://www.w3.org/2001/XMLSchema#dateTime,literal,1956-01-01T00:00:00Z,uri,http://www.wikidata.org/entity/Q229,literal,http://www.wikidata.org/entity/Q870895,literal,,literal,,literal,http://www.wikidata.org/entity/Q1011205,literal,,http://www.w3.org/2001/XMLSchema#decimal,literal,27,,,,,,,wd:Q833
63,uri,http://www.wikidata.org/entity/Q177747,en,literal,Radio Televisyen Malaysia,http://www.w3.org/2001/XMLSchema#dateTime,literal,1946-04-01T00:00:00Z,uri,http://www.wikidata.org/entity/Q833,literal,,literal,,literal,,literal,http://www.wikidata.org/entity/Q1865,literal,,,,,,,,,,,wd:Q833
64,uri,http://www.wikidata.org/entity/Q95703417,en,literal,Chakra Restaurant,http://www.w3.org/2001/XMLSchema#dateTime,literal,2004-01-01T00:00:00Z,uri,http://www.wikidata.org/entity/Q833,literal,,literal,,literal,,literal,,literal,,,,,,,,,,,wd:Q833
65,uri,http://www.wikidata.org/entity/Q17103499,en,literal,MedicAlert,http://www.w3.org/2001/XMLSchema#dateTime,literal,1956-01-01T00:00:00Z,uri,http://www.wikidata.org/entity/Q664,literal,http://www.wikidata.org/entity/Q870895,literal,,literal,,literal,http://www.wikidata.org/entity/Q1011205,literal,,http://www.w3.org/2001/XMLSchema#decimal,literal,23,,,,,,,wd:Q833
66,uri,http://www.wikidata.org/entity/Q4132947,en,literal,AmBank,http://www.w3.org/2001/XMLSchema#dateTime,literal,1975-01-01T00:00:00Z,uri,http://www.wikidata.org/entity/Q833,literal,http://www.wikidata.org/entity/Q806718,literal,,literal,,literal,http://www.wikidata.org/entity/Q1865,literal,,,,,,,,,,,wd:Q833
67,uri,http://www.wikidata.org/entity/Q95699448,en,literal,CIQ Hotel,,,,uri,http://www.wikidata.org/entity/Q833,literal,,literal,,literal,,literal,,literal,,,,,,,,,,,wd:Q833
68,uri,http://www.wikidata.org/entity/Q683146,en,literal,LexisNexis,http://www.w3.org/2001/XMLSchema#dateTime,literal,1973-01-01T00:00:00Z,uri,http://www.wikidata.org/entity/Q16,literal,http://www.wikidata.org/entity/Q3972943,literal,,literal,,literal,http://www.wikidata.org/entity/Q60,literal,,http://www.w3.org/2001/XMLSchema#decimal,literal,10000,,,,,,,wd:Q833
69,uri,http://www.wikidata.org/entity/Q113551268,,literal,Q113551268,http://www.w3.org/2001/XMLSchema#dateTime,literal,2014-01-01T00:00:00Z,uri,http://www.wikidata.org/entity/Q833,literal,,literal,,literal,,literal,http://www.wikidata.org/entity/Q864965,literal,,,,,,,,,,,wd:Q833
70,uri,http://www.wikidata.org/entity/Q17103499,en,literal,MedicAlert,http://www.w3.org/2001/XMLSchema#dateTime,literal,1956-01-01T00:00:00Z,uri,http://www.wikidata.org/entity/Q954,literal,http://www.wikidata.org/entity/Q870895,literal,,literal,,literal,http://www.wikidata.org/entity/Q1011205,literal,,http://www.w3.org/2001/XMLSchema#decimal,literal,18,,,,,,,wd:Q833
71,uri,http://www.wikidata.org/entity/Q99767556,en,literal,A to Z Language Centre Johor Bahru,,,,uri,http://www.wikidata.org/entity/Q833,literal,,literal,,literal,,literal,,literal,,,,,,,,,,,wd:Q833
72,uri,http://www.wikidata.org/entity/Q683146,en,literal,LexisNexis,http://www.w3.org/2001/XMLSchema#dateTime,literal,1973-01-01T00:00:00Z,uri,http://www.wikidata.org/entity/Q17,literal,http://www.wikidata.org/entity/Q3972943,literal,,literal,,literal,http://www.wikidata.org/entity/Q60,literal,,http://www.w3.org/2001/XMLSchema#decimal,literal,10000,,,,,,,wd:Q833
73,uri,http://www.wikidata.org/entity/Q96591940,en,literal,Fung Seng Bakery,,,,uri,http://www.wikidata.org/entity/Q833,literal,,literal,,literal,,literal,,literal,,,,,,,,,,,wd:Q833
74,uri,http://www.wikidata.org/entity/Q17054075,en,literal,Southern University College,http://www.w3.org/2001/XMLSchema#dateTime,literal,1990-01-01T00:00:00Z,uri,http://www.wikidata.org/entity/Q833,literal,,literal,,literal,,literal,,literal,,,,,,,,,,,wd:Q833
75,uri,http://www.wikidata.org/entity/Q95993049,en,literal,TJ Mart,,,,uri,http://www.wikidata.org/entity/Q833,literal,,literal,,literal,,literal,,literal,,,,,,,,,,,wd:Q833
76,uri,http://www.wikidata.org/entity/Q113606458,,literal,Q113606458,http://www.w3.org/2001/XMLSchema#dateTime,literal,2014-01-01T00:00:00Z,uri,http://www.wikidata.org/entity/Q833,literal,,literal,,literal,,literal,,literal,,,,,,,,,,,wd:Q833
77,uri,http://www.wikidata.org/entity/Q2211269,en,literal,Berita Harian,http://www.w3.org/2001/XMLSchema#dateTime,literal,1957-07-01T00:00:00Z,uri,http://www.wikidata.org/entity/Q833,literal,,literal,,literal,,literal,http://www.wikidata.org/entity/Q1865,literal,,,,,,,,,,,wd:Q833
78,uri,http://www.wikidata.org/entity/Q96070840,en,literal,Sinar Eco Resort,,,,uri,http://www.wikidata.org/entity/Q833,literal,,literal,,literal,,literal,,literal,,,,,,,,,,,wd:Q833
79,uri,http://www.wikidata.org/entity/Q95677854,en,literal,Grand Paragon Hotel,,,,uri,http://www.wikidata.org/entity/Q833,literal,,literal,,literal,,literal,,literal,,,,,,,,,,,wd:Q833
80,uri,http://www.wikidata.org/entity/Q683146,en,literal,LexisNexis,http://www.w3.org/2001/XMLSchema#dateTime,literal,1973-01-01T00:00:00Z,uri,http://www.wikidata.org/entity/Q408,literal,http://www.wikidata.org/entity/Q3972943,literal,,literal,,literal,http://www.wikidata.org/entity/Q60,literal,,http://www.w3.org/2001/XMLSchema#decimal,literal,10000,,,,,,,wd:Q833
81,uri,http://www.wikidata.org/entity/Q105834087,en,literal,Universal Music Malaysia,http://www.w3.org/2001/XMLSchema#dateTime,literal,1999-01-01T00:00:00Z,uri,http://www.wikidata.org/entity/Q833,literal,http://www.wikidata.org/entity/Q10302058,literal,,literal,,literal,http://www.wikidata.org/entity/Q189710,literal,,,,,,,,,,,wd:Q833
82,uri,http://www.wikidata.org/entity/Q12712446,en,literal,Warner Music Malaysia,http://www.w3.org/2001/XMLSchema#dateTime,literal,1978-01-01T00:00:00Z,uri,http://www.wikidata.org/entity/Q833,literal,http://www.wikidata.org/entity/Q10302058,literal,,literal,,literal,http://www.wikidata.org/entity/Q6943920,literal,,,,,ms,literal,Warner Music (Malaysia) Sdn. Bhd.,,,,wd:Q833
83,uri,http://www.wikidata.org/entity/Q98066487,en,literal,Achya Fruits,,,,uri,http://www.wikidata.org/entity/Q833,literal,,literal,,literal,,literal,,literal,,,,,,,,,,,wd:Q833
84,uri,http://www.wikidata.org/entity/Q105840544,en,literal,Melty Bytes,,,,uri,http://www.wikidata.org/entity/Q833,literal,,literal,,literal,,literal,,literal,,,,,,,,,,,wd:Q833
85,uri,http://www.wikidata.org/entity/Q113023275,en,literal,Soutul Amal Records,,,,uri,http://www.wikidata.org/entity/Q833,literal,,literal,,literal,,literal,,literal,,,,,,,,,,,wd:Q833
86,uri,http://www.wikidata.org/entity/Q1640639,en,literal,Telekom Malaysia,http://www.w3.org/2001/XMLSchema#dateTime,literal,1984-10-12T00:00:00Z,uri,http://www.wikidata.org/entity/Q833,literal,"http://www.wikidata.org/entity/Q56598901, http://www.wikidata.org/entity/Q25245117",literal,,literal,,literal,http://www.wikidata.org/entity/Q118214,literal,,,,,,,,,,,wd:Q833
87,uri,http://www.wikidata.org/entity/Q96076302,en,literal,Tesco Parit Raja,http://www.w3.org/2001/XMLSchema#dateTime,literal,2017-09-14T00:00:00Z,uri,http://www.wikidata.org/entity/Q833,literal,,literal,,literal,,literal,,literal,,,,,,,,,,,wd:Q833
88,uri,http://www.wikidata.org/entity/Q4207443,en,literal,RHB Bank,http://www.w3.org/2001/XMLSchema#dateTime,literal,1997-01-01T00:00:00Z,uri,http://www.wikidata.org/entity/Q833,literal,,literal,,literal,,literal,http://www.wikidata.org/entity/Q1865,literal,,,,,,,,,,,wd:Q833
89,uri,http://www.wikidata.org/entity/Q683146,en,literal,LexisNexis,http://www.w3.org/2001/XMLSchema#dateTime,literal,1973-01-01T00:00:00Z,uri,http://www.wikidata.org/entity/Q30,literal,http://www.wikidata.org/entity/Q3972943,literal,,literal,,literal,http://www.wikidata.org/entity/Q60,literal,,http://www.w3.org/2001/XMLSchema#decimal,literal,10000,,,,,,,wd:Q833
90,uri,http://www.wikidata.org/entity/Q68150977,en,literal,Namewee Studio Production,,,,uri,http://www.wikidata.org/entity/Q833,literal,,literal,http://www.wikidata.org/entity/Q717075,literal,,literal,http://www.wikidata.org/entity/Q1865,literal,,,,,,,,,,,wd:Q833
91,uri,http://www.wikidata.org/entity/Q683146,en,literal,LexisNexis,http://www.w3.org/2001/XMLSchema#dateTime,literal,1973-01-01T00:00:00Z,uri,http://www.wikidata.org/entity/Q31,literal,http://www.wikidata.org/entity/Q3972943,literal,,literal,,literal,http://www.wikidata.org/entity/Q60,literal,,http://www.w3.org/2001/XMLSchema#decimal,literal,10000,,,,,,,wd:Q833
92,uri,http://www.wikidata.org/entity/Q113858405,en,literal,Hello Health Group,http://www.w3.org/2001/XMLSchema#dateTime,literal,2015-01-01T00:00:00Z,uri,http://www.wikidata.org/entity/Q928,literal,http://www.wikidata.org/entity/Q12147,literal,,literal,,literal,http://www.wikidata.org/entity/Q334,literal,,http://www.w3.org/2001/XMLSchema#decimal,literal,351,en,literal,Hello Health Group Pte. Ltd,,,,wd:Q833
93,uri,http://www.wikidata.org/entity/Q18712406,en,literal,Lazada Group,http://www.w3.org/2001/XMLSchema#dateTime,literal,2012-01-01T00:00:00Z,uri,http://www.wikidata.org/entity/Q869,literal,http://www.wikidata.org/entity/Q484847,literal,,literal,,literal,http://www.wikidata.org/entity/Q334,literal,,http://www.w3.org/2001/XMLSchema#decimal,literal,4000,,,,,,,wd:Q833
94,uri,http://www.wikidata.org/entity/Q7659479,en,literal,Sarawak Energy,http://www.w3.org/2001/XMLSchema#dateTime,literal,1932-01-01T00:00:00Z,uri,http://www.wikidata.org/entity/Q833,literal,,literal,,literal,,literal,http://www.wikidata.org/entity/Q170462,literal,,,,,,,,,,,wd:Q833
95,uri,http://www.wikidata.org/entity/Q17103499,en,literal,MedicAlert,http://www.w3.org/2001/XMLSchema#dateTime,literal,1956-01-01T00:00:00Z,uri,http://www.wikidata.org/entity/Q229,literal,http://www.wikidata.org/entity/Q870895,literal,,literal,,literal,http://www.wikidata.org/entity/Q1011205,literal,,http://www.w3.org/2001/XMLSchema#decimal,literal,22,,,,,,,wd:Q833
96,uri,http://www.wikidata.org/entity/Q17103499,en,literal,MedicAlert,http://www.w3.org/2001/XMLSchema#dateTime,literal,1956-01-01T00:00:00Z,uri,http://www.wikidata.org/entity/Q16,literal,http://www.wikidata.org/entity/Q870895,literal,,literal,,literal,http://www.wikidata.org/entity/Q1011205,literal,,http://www.w3.org/2001/XMLSchema#decimal,literal,21,,,,,,,wd:Q833
97,uri,http://www.wikidata.org/entity/Q734581,en,literal,Borneo Post,http://www.w3.org/2001/XMLSchema#dateTime,literal,1978-01-01T00:00:00Z,uri,http://www.wikidata.org/entity/Q833,literal,,literal,,literal,,literal,,literal,,,,,,,,,,,wd:Q833
98,uri,http://www.wikidata.org/entity/Q683146,en,literal,LexisNexis,http://www.w3.org/2001/XMLSchema#dateTime,literal,1973-01-01T00:00:00Z,uri,http://www.wikidata.org/entity/Q183,literal,http://www.wikidata.org/entity/Q3972943,literal,,literal,,literal,http://www.wikidata.org/entity/Q60,literal,,http://www.w3.org/2001/XMLSchema#decimal,literal,10000,,,,,,,wd:Q833
99,uri,http://www.wikidata.org/entity/Q113858405,en,literal,Hello Health Group,http://www.w3.org/2001/XMLSchema#dateTime,literal,2015-01-01T00:00:00Z,uri,http://www.wikidata.org/entity/Q334,literal,http://www.wikidata.org/entity/Q12147,literal,,literal,,literal,http://www.wikidata.org/entity/Q334,literal,,http://www.w3.org/2001/XMLSchema#decimal,literal,351,en,literal,Hello Health Group Pte. Ltd,,,,wd:Q833
100,uri,http://www.wikidata.org/entity/Q4383943,en,literal,Hong Leong Bank,http://www.w3.org/2001/XMLSchema#dateTime,literal,1905-01-01T00:00:00Z,uri,http://www.wikidata.org/entity/Q833,literal,"http://www.wikidata.org/entity/Q1416657, http://www.wikidata.org/entity/Q837171, http://www.wikidata.org/entity/Q806718",literal,,literal,,literal,http://www.wikidata.org/entity/Q1865,literal,,,,,,,,,,,wd:Q833
101,uri,http://www.wikidata.org/entity/Q95702692,en,literal,Thy Executive Hotel,,,,uri,http://www.wikidata.org/entity/Q833,literal,,literal,,literal,,literal,,literal,,,,,,,,,,,wd:Q833
102,uri,http://www.wikidata.org/entity/Q17103499,en,literal,MedicAlert,http://www.w3.org/2001/XMLSchema#dateTime,literal,1956-01-01T00:00:00Z,uri,http://www.wikidata.org/entity/Q664,literal,http://www.wikidata.org/entity/Q870895,literal,,literal,,literal,http://www.wikidata.org/entity/Q1011205,literal,,http://www.w3.org/2001/XMLSchema#decimal,literal,18,,,,,,,wd:Q833
103,uri,http://www.wikidata.org/entity/Q5499915,en,literal,Free Malaysia Today,http://www.w3.org/2001/XMLSchema#dateTime,literal,2009-01-01T00:00:00Z,uri,http://www.wikidata.org/entity/Q833,literal,,literal,,literal,,literal,,literal,,,,,,,,,,,wd:Q833
104,uri,http://www.wikidata.org/entity/Q96103244,en,literal,Lim Mini Hotel,,,,uri,http://www.wikidata.org/entity/Q833,literal,,literal,,literal,,literal,,literal,,,,,,,,,,,wd:Q833
105,uri,http://www.wikidata.org/entity/Q17103499,en,literal,MedicAlert,http://www.w3.org/2001/XMLSchema#dateTime,literal,1956-01-01T00:00:00Z,uri,http://www.wikidata.org/entity/Q258,literal,http://www.wikidata.org/entity/Q870895,literal,,literal,,literal,http://www.wikidata.org/entity/Q1011205,literal,,http://www.w3.org/2001/XMLSchema#decimal,literal,21,,,,,,,wd:Q833
106,uri,http://www.wikidata.org/entity/Q12709477,en,literal,Skop Productions,http://www.w3.org/2001/XMLSchema#dateTime,literal,1985-03-13T00:00:00Z,uri,http://www.wikidata.org/entity/Q833,literal,,literal,,literal,,literal,http://www.wikidata.org/entity/Q1865,literal,,,,,,,,,,,wd:Q833
107,uri,http://www.wikidata.org/entity/Q17103499,en,literal,MedicAlert,http://www.w3.org/2001/XMLSchema#dateTime,literal,1956-01-01T00:00:00Z,uri,http://www.wikidata.org/entity/Q145,literal,http://www.wikidata.org/entity/Q870895,literal,,literal,,literal,http://www.wikidata.org/entity/Q1011205,literal,,http://www.w3.org/2001/XMLSchema#decimal,literal,23,,,,,,,wd:Q833
108,uri,http://www.wikidata.org/entity/Q683146,en,literal,LexisNexis,http://www.w3.org/2001/XMLSchema#dateTime,literal,1973-01-01T00:00:00Z,uri,http://www.wikidata.org/entity/Q32,literal,http://www.wikidata.org/entity/Q3972943,literal,,literal,,literal,http://www.wikidata.org/entity/Q60,literal,,http://www.w3.org/2001/XMLSchema#decimal,literal,10000,,,,,,,wd:Q833
109,uri,http://www.wikidata.org/entity/Q115135284,en,literal,96ACESlotEwallet,,,,uri,http://www.wikidata.org/entity/Q833,literal,,literal,,literal,,literal,http://www.wikidata.org/entity/Q833,literal,,,,,,,,,,,wd:Q833
110,uri,http://www.wikidata.org/entity/Q96353685,en,literal,Promised Garden,,,,uri,http://www.wikidata.org/entity/Q833,literal,,literal,,literal,,literal,,literal,,,,,,,,,,,wd:Q833
111,uri,http://www.wikidata.org/entity/Q111962373,en,literal,Rustcamps Glamping Resort,,,,uri,http://www.wikidata.org/entity/Q833,literal,,literal,,literal,,literal,,literal,,,,,,,,,,,wd:Q833
112,uri,http://www.wikidata.org/entity/Q107149003,en,literal,Creative Skill Solution,http://www.w3.org/2001/XMLSchema#dateTime,literal,2012-01-01T00:00:00Z,uri,http://www.wikidata.org/entity/Q833,literal,,literal,,literal,,literal,http://www.wikidata.org/entity/Q1865,literal,,,,,,,,,,,wd:Q833
113,uri,http://www.wikidata.org/entity/Q104376981,en,literal,1988's Florist Cafe,,,,uri,http://www.wikidata.org/entity/Q833,literal,,literal,,literal,,literal,,literal,,,,,,,,,,,wd:Q833
114,uri,http://www.wikidata.org/entity/Q17103499,en,literal,MedicAlert,http://www.w3.org/2001/XMLSchema#dateTime,literal,1956-01-01T00:00:00Z,uri,http://www.wikidata.org/entity/Q833,literal,http://www.wikidata.org/entity/Q870895,literal,,literal,,literal,http://www.wikidata.org/entity/Q1011205,literal,,http://www.w3.org/2001/XMLSchema#decimal,literal,23,,,,,,,wd:Q833
115,uri,http://www.wikidata.org/entity/Q113623540,,literal,Q113623540,http://www.w3.org/2001/XMLSchema#dateTime,literal,2007-01-01T00:00:00Z,uri,http://www.wikidata.org/entity/Q833,literal,,literal,,literal,,literal,,literal,,,,,,,,,,,wd:Q833
116,uri,http://www.wikidata.org/entity/Q95698041,en,literal,Tune Hotel Danga Bay,,,,uri,http://www.wikidata.org/entity/Q833,literal,,literal,,literal,,literal,,literal,,,,,,,,,,,wd:Q833
117,uri,http://www.wikidata.org/entity/Q17103499,en,literal,MedicAlert,http://www.w3.org/2001/XMLSchema#dateTime,literal,1956-01-01T00:00:00Z,uri,http://www.wikidata.org/entity/Q408,literal,http://www.wikidata.org/entity/Q870895,literal,,literal,,literal,http://www.wikidata.org/entity/Q1011205,literal,,http://www.w3.org/2001/XMLSchema#decimal,literal,21,,,,,,,wd:Q833
118,uri,http://www.wikidata.org/entity/Q96319154,en,literal,Adam's Kitchen,,,,uri,http://www.wikidata.org/entity/Q833,literal,,literal,,literal,,literal,,literal,,,,,,,,,,,wd:Q833
119,uri,http://www.wikidata.org/entity/Q7444079,en,literal,Secret Recipe,http://www.w3.org/2001/XMLSchema#dateTime,literal,1997-01-01T00:00:00Z,uri,http://www.wikidata.org/entity/Q833,literal,http://www.wikidata.org/entity/Q30022,literal,,literal,,literal,http://www.wikidata.org/entity/Q1865,literal,,,,,,,,,,,wd:Q833
120,uri,http://www.wikidata.org/entity/Q113858405,en,literal,Hello Health Group,http://www.w3.org/2001/XMLSchema#dateTime,literal,2015-01-01T00:00:00Z,uri,http://www.wikidata.org/entity/Q252,literal,http://www.wikidata.org/entity/Q12147,literal,,literal,,literal,http://www.wikidata.org/entity/Q334,literal,,http://www.w3.org/2001/XMLSchema#decimal,literal,351,en,literal,Hello Health Group Pte. Ltd,,,,wd:Q833
121,uri,http://www.wikidata.org/entity/Q111077449,en,literal,ITD World,http://www.w3.org/2001/XMLSchema#dateTime,literal,1984-01-01T00:00:00Z,uri,http://www.wikidata.org/entity/Q833,literal,"http://www.wikidata.org/entity/Q1104185, http://www.wikidata.org/entity/Q918385",literal,http://www.wikidata.org/entity/Q111077342,literal,,literal,http://www.wikidata.org/entity/Q188096,literal,,,,,en,literal,Institute Of Training & Development,,,,wd:Q833
122,uri,http://www.wikidata.org/entity/Q76099070,en,literal,Tiger Sugar,,,,uri,http://www.wikidata.org/entity/Q833,literal,"http://www.wikidata.org/entity/Q4899370, http://www.wikidata.org/entity/Q540912",literal,,literal,,literal,http://www.wikidata.org/entity/Q569548,literal,,,,,,,,,,,wd:Q833
123,uri,http://www.wikidata.org/entity/Q76099070,en,literal,Tiger Sugar,,,,uri,http://www.wikidata.org/entity/Q148,literal,"http://www.wikidata.org/entity/Q4899370, http://www.wikidata.org/entity/Q540912",literal,,literal,,literal,http://www.wikidata.org/entity/Q569548,literal,,,,,,,,,,,wd:Q833
124,uri,http://www.wikidata.org/entity/Q95677574,en,literal,Thistle Johor Bahru Hotel,,,,uri,http://www.wikidata.org/entity/Q833,literal,,literal,,literal,,literal,,literal,,,,,,,,,,,wd:Q833
125,uri,http://www.wikidata.org/entity/Q17103499,en,literal,MedicAlert,http://www.w3.org/2001/XMLSchema#dateTime,literal,1956-01-01T00:00:00Z,uri,http://www.wikidata.org/entity/Q30,literal,http://www.wikidata.org/entity/Q870895,literal,,literal,,literal,http://www.wikidata.org/entity/Q1011205,literal,,http://www.w3.org/2001/XMLSchema#decimal,literal,21,,,,,,,wd:Q833
126,uri,http://www.wikidata.org/entity/Q113793988,,literal,Q113793988,,,,uri,http://www.wikidata.org/entity/Q833,literal,,literal,,literal,,literal,,literal,,,,,,,,,,,wd:Q833
127,uri,http://www.wikidata.org/entity/Q18712406,en,literal,Lazada Group,http://www.w3.org/2001/XMLSchema#dateTime,literal,2012-01-01T00:00:00Z,uri,http://www.wikidata.org/entity/Q881,literal,http://www.wikidata.org/entity/Q484847,literal,,literal,,literal,http://www.wikidata.org/entity/Q334,literal,,http://www.w3.org/2001/XMLSchema#decimal,literal,4000,,,,,,,wd:Q833
128,uri,http://www.wikidata.org/entity/Q96076985,en,literal,Lee Hotel,,,,uri,http://www.wikidata.org/entity/Q833,literal,,literal,,literal,,literal,,literal,,,,,,,,,,,wd:Q833
129,uri,http://www.wikidata.org/entity/Q56827407,en,literal,Hilton Garden Inn Puchong,http://www.w3.org/2001/XMLSchema#dateTime,literal,2018-09-17T00:00:00Z,uri,http://www.wikidata.org/entity/Q833,literal,,literal,,literal,,literal,,literal,,,,,en,literal,Hilton Garden Inn Puchong,,,,wd:Q833
130,uri,http://www.wikidata.org/entity/Q104529359,en,literal,M2 Cafe,,,,uri,http://www.wikidata.org/entity/Q833,literal,,literal,,literal,,literal,,literal,,,,,,,,,,,wd:Q833
131,uri,http://www.wikidata.org/entity/Q110122154,,literal,Q110122154,http://www.w3.org/2001/XMLSchema#dateTime,literal,2019-12-08T00:00:00Z,uri,http://www.wikidata.org/entity/Q833,literal,http://www.wikidata.org/entity/Q171141,literal,,literal,,literal,http://www.wikidata.org/entity/Q7258228,literal,,,,,,,,,,,wd:Q833
132,uri,http://www.wikidata.org/entity/Q95696826,en,literal,Berjaya Waterfront,,,,uri,http://www.wikidata.org/entity/Q833,literal,,literal,,literal,,literal,,literal,,,,,,,,,,,wd:Q833
133,uri,http://www.wikidata.org/entity/Q113032793,en,literal,Sunway Resort,,,,uri,http://www.wikidata.org/entity/Q833,literal,,literal,,literal,,literal,,literal,,,,,,,,,,,wd:Q833
134,uri,http://www.wikidata.org/entity/Q95697268,en,literal,T-Hotel Johor Bahru,,,,uri,http://www.wikidata.org/entity/Q833,literal,,literal,,literal,,literal,,literal,,,,,,,,,,,wd:Q833
135,uri,http://www.wikidata.org/entity/Q112657938,en,literal,Bookiut,,,,uri,http://www.wikidata.org/entity/Q833,literal,,literal,,literal,,literal,,literal,,,,,,,,,,,wd:Q833
136,uri,http://www.wikidata.org/entity/Q576741,en,literal,Comics House,,,,uri,http://www.wikidata.org/entity/Q833,literal,http://www.wikidata.org/entity/Q3972943,literal,,literal,,literal,http://www.wikidata.org/entity/Q864965,literal,,,,,,,,,,,wd:Q833
137,uri,http://www.wikidata.org/entity/Q62274381,en,literal,BHPetrol,,,,uri,http://www.wikidata.org/entity/Q833,literal,http://www.wikidata.org/entity/Q862571,literal,,literal,,literal,,literal,,,,,,,,,,,wd:Q833
138,uri,http://www.wikidata.org/entity/Q1141386,en,literal,University Malaysia Sarawak,http://www.w3.org/2001/XMLSchema#dateTime,literal,1992-01-01T00:00:00Z,uri,http://www.wikidata.org/entity/Q833,literal,,literal,,literal,,literal,http://www.wikidata.org/entity/Q6433814,literal,,http://www.w3.org/2001/XMLSchema#decimal,literal,1950,,,,,,,wd:Q833
139,uri,http://www.wikidata.org/entity/Q65219501,en,literal,Laguna Music,,,,uri,http://www.wikidata.org/entity/Q833,literal,,literal,,literal,,literal,,literal,,,,,,,,,,,wd:Q833
140,uri,http://www.wikidata.org/entity/Q63371124,en,literal,Guardian,,,,uri,http://www.wikidata.org/entity/Q424,literal,http://www.wikidata.org/entity/Q126793,literal,,literal,,literal,,literal,,,,,,,,,,,wd:Q833
141,uri,http://www.wikidata.org/entity/Q5657276,en,literal,Harian Metro,http://www.w3.org/2001/XMLSchema#dateTime,literal,1991-03-25T00:00:00Z,uri,http://www.wikidata.org/entity/Q833,literal,,literal,,literal,,literal,,literal,,,,,,,,,,,wd:Q833
142,uri,http://www.wikidata.org/entity/Q95696510,en,literal,The Puteri Pacific Hotel,,,,uri,http://www.wikidata.org/entity/Q833,literal,,literal,,literal,,literal,,literal,,,,,,,,,,,wd:Q833
143,uri,http://www.wikidata.org/entity/Q28417305,en,literal,Q House,,,,uri,http://www.wikidata.org/entity/Q833,literal,,literal,,literal,,literal,,literal,,,,,,,,,,,wd:Q833
144,uri,http://www.wikidata.org/entity/Q5646575,en,literal,Han Chiang University College of Communication,http://www.w3.org/2001/XMLSchema#dateTime,literal,1999-01-01T00:00:00Z,uri,http://www.wikidata.org/entity/Q833,literal,,literal,,literal,,literal,http://www.wikidata.org/entity/Q61092,literal,,,,,,,,,,,wd:Q833
145,uri,http://www.wikidata.org/entity/Q17103499,en,literal,MedicAlert,http://www.w3.org/2001/XMLSchema#dateTime,literal,1956-01-01T00:00:00Z,uri,http://www.wikidata.org/entity/Q145,literal,http://www.wikidata.org/entity/Q870895,literal,,literal,,literal,http://www.wikidata.org/entity/Q1011205,literal,,http://www.w3.org/2001/XMLSchema#decimal,literal,18,,,,,,,wd:Q833
146,uri,http://www.wikidata.org/entity/Q3135691,en,literal,Hilton Kuala Lumpur,http://www.w3.org/2001/XMLSchema#dateTime,literal,2004-01-01T00:00:00Z,uri,http://www.wikidata.org/entity/Q833,literal,,literal,,literal,,literal,,literal,,,,,,,,,,,wd:Q833
147,uri,http://www.wikidata.org/entity/Q4382207,en,literal,Khazanah Nasional,http://www.w3.org/2001/XMLSchema#dateTime,literal,1993-01-01T00:00:00Z,uri,http://www.wikidata.org/entity/Q833,literal,http://www.wikidata.org/entity/Q1061648,literal,,literal,,literal,http://www.wikidata.org/entity/Q1865,literal,,,,,,,,,,,wd:Q833
148,uri,http://www.wikidata.org/entity/Q58775079,,literal,Q58775079,http://www.w3.org/2001/XMLSchema#dateTime,literal,1969-01-01T00:00:00Z,uri,http://www.wikidata.org/entity/Q833,literal,http://www.wikidata.org/entity/Q540912,literal,,literal,,literal,http://www.wikidata.org/entity/Q2929940,literal,,http://www.w3.org/2001/XMLSchema#decimal,literal,30,ms,literal,Perusahaan Azan Sdn. Bhd.,http://www.w3.org/2001/XMLSchema#decimal,literal,600000,wd:Q833
149,uri,http://www.wikidata.org/entity/Q96195627,en,literal,Econsave Taman Putri Kulai,,,,uri,http://www.wikidata.org/entity/Q833,literal,,literal,,literal,,literal,,literal,,,,,,,,,,,wd:Q833
150,uri,http://www.wikidata.org/entity/Q17103499,en,literal,MedicAlert,http://www.w3.org/2001/XMLSchema#dateTime,literal,1956-01-01T00:00:00Z,uri,http://www.wikidata.org/entity/Q954,literal,http://www.wikidata.org/entity/Q870895,literal,,literal,,literal,http://www.wikidata.org/entity/Q1011205,literal,,http://www.w3.org/2001/XMLSchema#decimal,literal,27,,,,,,,wd:Q833
151,uri,http://www.wikidata.org/entity/Q113156965,en,literal,Pustaka Cahaya Kasturi,http://www.w3.org/2001/XMLSchema#dateTime,literal,2012-01-01T00:00:00Z,uri,http://www.wikidata.org/entity/Q833,literal,,literal,,literal,,literal,http://www.wikidata.org/entity/Q2701093,literal,,,,,,,,,,,wd:Q833
152,uri,http://www.wikidata.org/entity/Q95701789,en,literal,Holmes GP Hotel,,,,uri,http://www.wikidata.org/entity/Q833,literal,,literal,,literal,,literal,,literal,,,,,,,,,,,wd:Q833
153,uri,http://www.wikidata.org/entity/Q95721282,en,literal,PappaRich,http://www.w3.org/2001/XMLSchema#dateTime,literal,2006-01-01T00:00:00Z,uri,http://www.wikidata.org/entity/Q833,literal,,literal,,literal,,literal,,literal,,,,,,,,,,,wd:Q833
154,uri,http://www.wikidata.org/entity/Q101935872,en,literal,Sutera Auto,,,,uri,http://www.wikidata.org/entity/Q833,literal,,literal,,literal,,literal,,literal,,,,,,,,,,,wd:Q833
155,uri,http://www.wikidata.org/entity/Q54652699,en,literal,DoubleTree Resort by Hilton Penang,http://www.w3.org/2001/XMLSchema#dateTime,literal,2018-01-01T00:00:00Z,uri,http://www.wikidata.org/entity/Q833,literal,,literal,,literal,,literal,,literal,,,,,en,literal,DoubleTree Resort by Hilton Penang,,,,wd:Q833
156,uri,http://www.wikidata.org/entity/Q17103499,en,literal,MedicAlert,http://www.w3.org/2001/XMLSchema#dateTime,literal,1956-01-01T00:00:00Z,uri,http://www.wikidata.org/entity/Q833,literal,http://www.wikidata.org/entity/Q870895,literal,,literal,,literal,http://www.wikidata.org/entity/Q1011205,literal,,http://www.w3.org/2001/XMLSchema#decimal,literal,18,,,,,,,wd:Q833
157,uri,http://www.wikidata.org/entity/Q111598830,en,literal,Sunway Hotel Big Box,,,,uri,http://www.wikidata.org/entity/Q833,literal,,literal,,literal,,literal,,literal,,,,,,,,,,,wd:Q833
158,uri,http://www.wikidata.org/entity/Q6268899,en,literal,Johor Premium Outlets,http://www.w3.org/2001/XMLSchema#dateTime,literal,2011-12-11T00:00:00Z,uri,http://www.wikidata.org/entity/Q833,literal,,literal,,literal,,literal,,literal,,,,,,,,,,,wd:Q833
159,uri,http://www.wikidata.org/entity/Q96077340,en,literal,Nalilo,,,,uri,http://www.wikidata.org/entity/Q833,literal,,literal,,literal,,literal,,literal,,,,,,,,,,,wd:Q833
160,uri,http://www.wikidata.org/entity/Q683146,en,literal,LexisNexis,http://www.w3.org/2001/XMLSchema#dateTime,literal,1973-01-01T00:00:00Z,uri,http://www.wikidata.org/entity/Q55,literal,http://www.wikidata.org/entity/Q3972943,literal,,literal,,literal,http://www.wikidata.org/entity/Q60,literal,,http://www.w3.org/2001/XMLSchema#decimal,literal,10000,,,,,,,wd:Q833
161,uri,http://www.wikidata.org/entity/Q17103499,en,literal,MedicAlert,http://www.w3.org/2001/XMLSchema#dateTime,literal,1956-01-01T00:00:00Z,uri,http://www.wikidata.org/entity/Q189,literal,http://www.wikidata.org/entity/Q870895,literal,,literal,,literal,http://www.wikidata.org/entity/Q1011205,literal,,http://www.w3.org/2001/XMLSchema#decimal,literal,21,,,,,,,wd:Q833
162,uri,http://www.wikidata.org/entity/Q110367825,en,literal,U Sentral Masai,,,,uri,http://www.wikidata.org/entity/Q833,literal,,literal,,literal,,literal,,literal,,,,,,,,,,,wd:Q833
163,uri,http://www.wikidata.org/entity/Q63371124,en,literal,Guardian,,,,uri,http://www.wikidata.org/entity/Q881,literal,http://www.wikidata.org/entity/Q126793,literal,,literal,,literal,,literal,,,,,,,,,,,wd:Q833
164,uri,http://www.wikidata.org/entity/Q17103499,en,literal,MedicAlert,http://www.w3.org/2001/XMLSchema#dateTime,literal,1956-01-01T00:00:00Z,uri,http://www.wikidata.org/entity/Q16,literal,http://www.wikidata.org/entity/Q870895,literal,,literal,,literal,http://www.wikidata.org/entity/Q1011205,literal,,http://www.w3.org/2001/XMLSchema#decimal,literal,23,,,,,,,wd:Q833
165,uri,http://www.wikidata.org/entity/Q96077019,en,literal,Hotel 29,,,,uri,http://www.wikidata.org/entity/Q833,literal,,literal,,literal,,literal,,literal,,,,,,,,,,,wd:Q833
166,uri,http://www.wikidata.org/entity/Q12699278,en,literal,PTS Media Group,http://www.w3.org/2001/XMLSchema#dateTime,literal,1988-08-29T00:00:00Z,uri,http://www.wikidata.org/entity/Q833,literal,,literal,,literal,,literal,http://www.wikidata.org/entity/Q4873304,literal,,,,,,,,,,,wd:Q833
167,uri,http://www.wikidata.org/entity/Q49393251,en,literal,DoubleTree by Hilton Hotel Kuala Lumpur,http://www.w3.org/2001/XMLSchema#dateTime,literal,2010-01-01T00:00:00Z,uri,http://www.wikidata.org/entity/Q833,literal,,literal,,literal,,literal,,literal,,,,,en,literal,DoubleTree by Hilton Hotel Kuala Lumpur,,,,wd:Q833
168,uri,http://www.wikidata.org/entity/Q5099860,en,literal,China Press,http://www.w3.org/2001/XMLSchema#dateTime,literal,1946-01-01T00:00:00Z,uri,http://www.wikidata.org/entity/Q833,literal,,literal,,literal,,literal,http://www.wikidata.org/entity/Q1865,literal,,,,,,,,,,,wd:Q833
169,uri,http://www.wikidata.org/entity/Q110059023,en,literal,Roomah Games,http://www.w3.org/2001/XMLSchema#dateTime,literal,2020-01-01T00:00:00Z,uri,http://www.wikidata.org/entity/Q833,literal,http://www.wikidata.org/entity/Q941594,literal,,literal,,literal,,literal,,,,,,,,,,,wd:Q833
170,uri,http://www.wikidata.org/entity/Q30499837,en,literal,Hilton Kota Kinabalu,,,,uri,http://www.wikidata.org/entity/Q833,literal,,literal,,literal,,literal,,literal,,,,,en,literal,Hilton Kota Kinabalu,,,,wd:Q833
171,uri,http://www.wikidata.org/entity/Q95699917,en,literal,Zamsaham Hotel,,,,uri,http://www.wikidata.org/entity/Q833,literal,,literal,,literal,,literal,,literal,,,,,,,,,,,wd:Q833
172,uri,http://www.wikidata.org/entity/Q17103499,en,literal,MedicAlert,http://www.w3.org/2001/XMLSchema#dateTime,literal,1956-01-01T00:00:00Z,uri,http://www.wikidata.org/entity/Q258,literal,http://www.wikidata.org/entity/Q870895,literal,,literal,,literal,http://www.wikidata.org/entity/Q1011205,literal,,http://www.w3.org/2001/XMLSchema#decimal,literal,23,,,,,,,wd:Q833
173,uri,http://www.wikidata.org/entity/Q221692,en,literal,Petronas,http://www.w3.org/2001/XMLSchema#dateTime,literal,1974-08-14T00:00:00Z,uri,http://www.wikidata.org/entity/Q833,literal,http://www.wikidata.org/entity/Q862571,literal,,literal,,literal,http://www.wikidata.org/entity/Q1865,literal,,http://www.w3.org/2001/XMLSchema#decimal,literal,33944,,,,,,,wd:Q833
174,uri,http://www.wikidata.org/entity/Q76099070,en,literal,Tiger Sugar,,,,uri,http://www.wikidata.org/entity/Q16,literal,"http://www.wikidata.org/entity/Q4899370, http://www.wikidata.org/entity/Q540912",literal,,literal,,literal,http://www.wikidata.org/entity/Q569548,literal,,,,,,,,,,,wd:Q833
175,uri,http://www.wikidata.org/entity/Q95702348,en,literal,Suan Bee Hotel,http://www.w3.org/2001/XMLSchema#dateTime,literal,2007-01-01T00:00:00Z,uri,http://www.wikidata.org/entity/Q833,literal,,literal,,literal,,literal,,literal,,,,,,,,,,,wd:Q833
176,uri,http://www.wikidata.org/entity/Q76099070,en,literal,Tiger Sugar,,,,uri,http://www.wikidata.org/entity/Q17,literal,"http://www.wikidata.org/entity/Q4899370, http://www.wikidata.org/entity/Q540912",literal,,literal,,literal,http://www.wikidata.org/entity/Q569548,literal,,,,,,,,,,,wd:Q833
177,uri,http://www.wikidata.org/entity/Q96235710,en,literal,Max Inn Hotel,,,,uri,http://www.wikidata.org/entity/Q833,literal,,literal,,literal,,literal,,literal,,,,,,,,,,,wd:Q833
178,uri,http://www.wikidata.org/entity/Q113320174,en,literal,Stalkers Cafe,,,,uri,http://www.wikidata.org/entity/Q833,literal,,literal,,literal,,literal,,literal,,,,,,,,,,,wd:Q833
179,uri,http://www.wikidata.org/entity/Q95677807,en,literal,V8 Hotel,,,,uri,http://www.wikidata.org/entity/Q833,literal,,literal,,literal,,literal,,literal,,,,,,,,,,,wd:Q833
180,uri,http://www.wikidata.org/entity/Q1187590,en,literal,Keretapi Tanah Melayu,http://www.w3.org/2001/XMLSchema#dateTime,literal,1992-01-01T00:00:00Z,uri,http://www.wikidata.org/entity/Q833,literal,,literal,,literal,,literal,http://www.wikidata.org/entity/Q1865,literal,,,,,,,,,,,wd:Q833
181,uri,http://www.wikidata.org/entity/Q111138998,en,literal,Resorts World Genting,http://www.w3.org/2001/XMLSchema#dateTime,literal,1971-01-01T00:00:00Z,uri,http://www.wikidata.org/entity/Q833,literal,,literal,,literal,,literal,,literal,,http://www.w3.org/2001/XMLSchema#decimal,literal,13000,,,,,,,wd:Q833
182,uri,http://www.wikidata.org/entity/Q111909655,en,literal,SCAPES Hotel Genting Highlands,,,,uri,http://www.wikidata.org/entity/Q833,literal,,literal,,literal,,literal,,literal,,,,,,,,,,,wd:Q833
183,uri,http://www.wikidata.org/entity/Q17103499,en,literal,MedicAlert,http://www.w3.org/2001/XMLSchema#dateTime,literal,1956-01-01T00:00:00Z,uri,http://www.wikidata.org/entity/Q408,literal,http://www.wikidata.org/entity/Q870895,literal,,literal,,literal,http://www.wikidata.org/entity/Q1011205,literal,,http://www.w3.org/2001/XMLSchema#decimal,literal,23,,,,,,,wd:Q833
184,uri,http://www.wikidata.org/entity/Q96679744,en,literal,TF Value-Mart,,,,uri,http://www.wikidata.org/entity/Q833,literal,,literal,,literal,,literal,,literal,,,,,,,,,,,wd:Q833
185,uri,http://www.wikidata.org/entity/Q54806889,en,literal,Amari Johor Bahru,,,,uri,http://www.wikidata.org/entity/Q833,literal,,literal,,literal,,literal,,literal,,,,,,,,,,,wd:Q833
186,uri,http://www.wikidata.org/entity/Q4258728,en,literal,Les' Copaque Production,http://www.w3.org/2001/XMLSchema#dateTime,literal,2005-01-01T00:00:00Z,uri,http://www.wikidata.org/entity/Q833,literal,http://www.wikidata.org/entity/Q1415395,literal,,literal,,literal,http://www.wikidata.org/entity/Q500033,literal,,,,,,,,,,,wd:Q833
187,uri,http://www.wikidata.org/entity/Q112620632,en,literal,The Bibliophile Bookshop,http://www.w3.org/2001/XMLSchema#dateTime,literal,2020-01-01T00:00:00Z,uri,http://www.wikidata.org/entity/Q833,literal,http://www.wikidata.org/entity/Q108542541,literal,,literal,,literal,http://www.wikidata.org/entity/Q864965,literal,,,,,,,,,,,wd:Q833
188,uri,http://www.wikidata.org/entity/Q95677782,en,literal,Millesime Hotel,,,,uri,http://www.wikidata.org/entity/Q833,literal,,literal,,literal,,literal,,literal,,,,,,,,,,,wd:Q833
189,uri,http://www.wikidata.org/entity/Q17103499,en,literal,MedicAlert,http://www.w3.org/2001/XMLSchema#dateTime,literal,1956-01-01T00:00:00Z,uri,http://www.wikidata.org/entity/Q664,literal,http://www.wikidata.org/entity/Q870895,literal,,literal,,literal,http://www.wikidata.org/entity/Q1011205,literal,,http://www.w3.org/2001/XMLSchema#decimal,literal,27,,,,,,,wd:Q833
190,uri,http://www.wikidata.org/entity/Q17103499,en,literal,MedicAlert,http://www.w3.org/2001/XMLSchema#dateTime,literal,1956-01-01T00:00:00Z,uri,http://www.wikidata.org/entity/Q30,literal,http://www.wikidata.org/entity/Q870895,literal,,literal,,literal,http://www.wikidata.org/entity/Q1011205,literal,,http://www.w3.org/2001/XMLSchema#decimal,literal,23,,,,,,,wd:Q833
191,uri,http://www.wikidata.org/entity/Q113011685,en,literal,Crackhouse Comedy Club KL,http://www.w3.org/2001/XMLSchema#dateTime,literal,2014-05-01T00:00:00Z,uri,http://www.wikidata.org/entity/Q833,literal,,literal,,literal,,literal,,literal,,,,,,,,,,,wd:Q833
192,uri,http://www.wikidata.org/entity/Q112273717,en,literal,Ikon Syabab Resources,http://www.w3.org/2001/XMLSchema#dateTime,literal,2017-01-01T00:00:00Z,uri,http://www.wikidata.org/entity/Q833,literal,,literal,,literal,,literal,http://www.wikidata.org/entity/Q846502,literal,,,,,,,,,,,wd:Q833
193,uri,http://www.wikidata.org/entity/Q17103499,en,literal,MedicAlert,http://www.w3.org/2001/XMLSchema#dateTime,literal,1956-01-01T00:00:00Z,uri,http://www.wikidata.org/entity/Q954,literal,http://www.wikidata.org/entity/Q870895,literal,,literal,,literal,http://www.wikidata.org/entity/Q1011205,literal,,http://www.w3.org/2001/XMLSchema#decimal,literal,22,,,,,,,wd:Q833
194,uri,http://www.wikidata.org/entity/Q96781221,en,literal,Ophir Hotel,,,,uri,http://www.wikidata.org/entity/Q833,literal,,literal,,literal,,literal,,literal,,,,,,,,,,,wd:Q833
195,uri,http://www.wikidata.org/entity/Q106959890,en,literal,MR.DOLLAR,http://www.w3.org/2001/XMLSchema#dateTime,literal,2020-08-01T00:00:00Z,uri,http://www.wikidata.org/entity/Q833,literal,,literal,,literal,,literal,,literal,,,,,,,,,,,wd:Q833
196,uri,http://www.wikidata.org/entity/Q76099070,en,literal,Tiger Sugar,,,,uri,http://www.wikidata.org/entity/Q30,literal,"http://www.wikidata.org/entity/Q4899370, http://www.wikidata.org/entity/Q540912",literal,,literal,,literal,http://www.wikidata.org/entity/Q569548,literal,,,,,,,,,,,wd:Q833
197,uri,http://www.wikidata.org/entity/Q95697040,en,literal,Grand Sentosa Hotel,,,,uri,http://www.wikidata.org/entity/Q833,literal,,literal,,literal,,literal,,literal,http://www.wikidata.org/entity/Q96023261,,,,,,,,,,wd:Q833
198,uri,http://www.wikidata.org/entity/Q113858405,en,literal,Hello Health Group,http://www.w3.org/2001/XMLSchema#dateTime,literal,2015-01-01T00:00:00Z,uri,http://www.wikidata.org/entity/Q668,literal,http://www.wikidata.org/entity/Q12147,literal,,literal,,literal,http://www.wikidata.org/entity/Q334,literal,,http://www.w3.org/2001/XMLSchema#decimal,literal,351,en,literal,Hello Health Group Pte. Ltd,,,,wd:Q833
199,uri,http://www.wikidata.org/entity/Q7876226,en,literal,U Mobile,http://www.w3.org/2001/XMLSchema#dateTime,literal,1998-01-01T00:00:00Z,uri,http://www.wikidata.org/entity/Q833,literal,"http://www.wikidata.org/entity/Q56598901, http://www.wikidata.org/entity/Q25245117",literal,,literal,,literal,http://www.wikidata.org/entity/Q1865,literal,,,,,,,,,,,wd:Q833
200,uri,http://www.wikidata.org/entity/Q2378901,en,literal,Lotus's,http://www.w3.org/2001/XMLSchema#dateTime,literal,2021-01-01T00:00:00Z,uri,http://www.wikidata.org/entity/Q833,literal,http://www.wikidata.org/entity/Q126793,literal,,literal,,literal,http://www.wikidata.org/entity/Q1861,literal,,,,,,,,,,,wd:Q833
201,uri,http://www.wikidata.org/entity/Q17103499,en,literal,MedicAlert,http://www.w3.org/2001/XMLSchema#dateTime,literal,1956-01-01T00:00:00Z,uri,http://www.wikidata.org/entity/Q258,literal,http://www.wikidata.org/entity/Q870895,literal,,literal,,literal,http://www.wikidata.org/entity/Q1011205,literal,,http://www.w3.org/2001/XMLSchema#decimal,literal,27,,,,,,,wd:Q833
202,uri,http://www.wikidata.org/entity/Q2496084,en,literal,Universiti Malaysia Pahang,http://www.w3.org/2001/XMLSchema#dateTime,literal,2002-01-01T00:00:00Z,uri,http://www.wikidata.org/entity/Q833,literal,,literal,,literal,,literal,,literal,,,,,,,,,,,wd:Q833
203,uri,http://www.wikidata.org/entity/Q95677756,en,literal,Mutiara Johor Bahru Hotel,http://www.w3.org/2001/XMLSchema#dateTime,literal,1982-01-01T00:00:00Z,uri,http://www.wikidata.org/entity/Q833,literal,,literal,,literal,,literal,,literal,,,,,,,,,,,wd:Q833
204,uri,http://www.wikidata.org/entity/Q17103499,en,literal,MedicAlert,http://www.w3.org/2001/XMLSchema#dateTime,literal,1956-01-01T00:00:00Z,uri,http://www.wikidata.org/entity/Q408,literal,http://www.wikidata.org/entity/Q870895,literal,,literal,,literal,http://www.wikidata.org/entity/Q1011205,literal,,http://www.w3.org/2001/XMLSchema#decimal,literal,27,,,,,,,wd:Q833
205,uri,http://www.wikidata.org/entity/Q114529858,,literal,Q114529858,,,,uri,http://www.wikidata.org/entity/Q833,literal,,literal,,literal,,literal,,literal,,,,,,,,,,,wd:Q833
206,uri,http://www.wikidata.org/entity/Q2378901,en,literal,Lotus's,http://www.w3.org/2001/XMLSchema#dateTime,literal,1994-01-01T00:00:00Z,uri,http://www.wikidata.org/entity/Q869,literal,http://www.wikidata.org/entity/Q126793,literal,,literal,,literal,http://www.wikidata.org/entity/Q1861,literal,,,,,,,,,,,wd:Q833
207,uri,http://www.wikidata.org/entity/Q2443143,en,literal,Top Glove,http://www.w3.org/2001/XMLSchema#dateTime,literal,1991-01-01T00:00:00Z,uri,http://www.wikidata.org/entity/Q833,literal,,literal,,literal,,literal,http://www.wikidata.org/entity/Q7456681,literal,,,,,,,,,,,wd:Q833
208,uri,http://www.wikidata.org/entity/Q107295543,en,literal,Hotel Seri Malaysia,,,,uri,http://www.wikidata.org/entity/Q833,literal,,literal,,literal,,literal,,literal,,,,,,,,,,,wd:Q833
209,uri,http://www.wikidata.org/entity/Q7365618,en,literal,Komik-M,http://www.w3.org/2001/XMLSchema#dateTime,literal,2008-01-01T00:00:00Z,uri,http://www.wikidata.org/entity/Q833,literal,,literal,,literal,,literal,,literal,,,,,,,,,,,wd:Q833
210,uri,http://www.wikidata.org/entity/Q113669359,,literal,Q113669359,,,,uri,http://www.wikidata.org/entity/Q833,literal,,literal,,literal,,literal,,literal,,,,,,,,,,,wd:Q833
211,uri,http://www.wikidata.org/entity/Q63371124,en,literal,Guardian,,,,uri,http://www.wikidata.org/entity/Q252,literal,http://www.wikidata.org/entity/Q126793,literal,,literal,,literal,,literal,,,,,,,,,,,wd:Q833
212,uri,http://www.wikidata.org/entity/Q3268530,en,literal,DiGi Telecommunications,http://www.w3.org/2001/XMLSchema#dateTime,literal,1995-01-01T00:00:00Z,uri,http://www.wikidata.org/entity/Q833,literal,"http://www.wikidata.org/entity/Q56598901, http://www.wikidata.org/entity/Q25245117",literal,,literal,,literal,http://www.wikidata.org/entity/Q500033,literal,,,,,,,,,,,wd:Q833
213,uri,http://www.wikidata.org/entity/Q83813641,en,literal,Parkamaya,,,,uri,http://www.wikidata.org/entity/Q833,literal,,literal,,literal,,literal,,literal,,,,,,,,,,,wd:Q833
214,uri,http://www.wikidata.org/entity/Q16827441,en,literal,Alliance Bank,,,,uri,http://www.wikidata.org/entity/Q833,literal,"http://www.wikidata.org/entity/Q837171, http://www.wikidata.org/entity/Q806718",literal,,literal,,literal,http://www.wikidata.org/entity/Q1865,literal,,,,,,,,,,,wd:Q833
215,uri,http://www.wikidata.org/entity/Q3045976,en,literal,CIMB,http://www.w3.org/2001/XMLSchema#dateTime,literal,1974-01-01T00:00:00Z,uri,http://www.wikidata.org/entity/Q833,literal,http://www.wikidata.org/entity/Q837171,literal,,literal,,literal,http://www.wikidata.org/entity/Q1865,literal,,,,,,,,,,,wd:Q833
216,uri,http://www.wikidata.org/entity/Q17103499,en,literal,MedicAlert,http://www.w3.org/2001/XMLSchema#dateTime,literal,1956-01-01T00:00:00Z,uri,http://www.wikidata.org/entity/Q30,literal,http://www.wikidata.org/entity/Q870895,literal,,literal,,literal,http://www.wikidata.org/entity/Q1011205,literal,,http://www.w3.org/2001/XMLSchema#decimal,literal,27,,,,,,,wd:Q833
217,uri,http://www.wikidata.org/entity/Q96289011,en,literal,Princess Hotel,,,,uri,http://www.wikidata.org/entity/Q833,literal,,literal,,literal,,literal,,literal,,,,,,,,,,,wd:Q833
218,uri,http://www.wikidata.org/entity/Q30965308,en,literal,Holiday Villa,,,,uri,http://www.wikidata.org/entity/Q833,literal,,literal,,literal,,literal,,literal,,,,,,,,,,,wd:Q833
219,uri,http://www.wikidata.org/entity/Q24401,en,literal,University of Technology Malaysia,http://www.w3.org/2001/XMLSchema#dateTime,literal,1904-01-01T00:00:00Z,uri,http://www.wikidata.org/entity/Q833,literal,,literal,,literal,,literal,,literal,,,,,,,,,,,wd:Q833
220,uri,http://www.wikidata.org/entity/Q1524992,en,literal,International Islamic University Malaysia,http://www.w3.org/2001/XMLSchema#dateTime,literal,1983-01-01T00:00:00Z,uri,http://www.wikidata.org/entity/Q833,literal,,literal,,literal,,literal,,literal,,,,,,,,,,,wd:Q833
221,uri,http://www.wikidata.org/entity/Q113858405,en,literal,Hello Health Group,http://www.w3.org/2001/XMLSchema#dateTime,literal,2015-01-01T00:00:00Z,uri,http://www.wikidata.org/entity/Q865,literal,http://www.wikidata.org/entity/Q12147,literal,,literal,,literal,http://www.wikidata.org/entity/Q334,literal,,http://www.w3.org/2001/XMLSchema#decimal,literal,351,en,literal,Hello Health Group Pte. Ltd,,,,wd:Q833
222,uri,http://www.wikidata.org/entity/Q11103434,en,literal,Oriental Daily News,http://www.w3.org/2001/XMLSchema#dateTime,literal,2003-01-01T00:00:00Z,uri,http://www.wikidata.org/entity/Q833,literal,,literal,,literal,,literal,,literal,,,,,,,,,,,wd:Q833
223,uri,http://www.wikidata.org/entity/Q96103084,en,literal,DreamLiner Airways Cafe,http://www.w3.org/2001/XMLSchema#dateTime,literal,2016-01-01T00:00:00Z,uri,http://www.wikidata.org/entity/Q833,literal,,literal,,literal,,literal,,literal,,,,,,,,,,,wd:Q833
224,uri,http://www.wikidata.org/entity/Q95721993,en,literal,KK Super Mart,,,,uri,http://www.wikidata.org/entity/Q833,literal,http://www.wikidata.org/entity/Q126793,literal,,literal,,literal,,literal,,,,,,,,,,,wd:Q833
225,uri,http://www.wikidata.org/entity/Q17103499,en,literal,MedicAlert,http://www.w3.org/2001/XMLSchema#dateTime,literal,1956-01-01T00:00:00Z,uri,http://www.wikidata.org/entity/Q229,literal,http://www.wikidata.org/entity/Q870895,literal,,literal,,literal,http://www.wikidata.org/entity/Q1011205,literal,,http://www.w3.org/2001/XMLSchema#decimal,literal,23,,,,,,,wd:Q833
226,uri,http://www.wikidata.org/entity/Q112628493,en,literal,PTS Junior,,,,uri,http://www.wikidata.org/entity/Q833,literal,,literal,,literal,,literal,,literal,,,,,,,,,,,wd:Q833
227,uri,http://www.wikidata.org/entity/Q406643,en,literal,AirAsia,http://www.w3.org/2001/XMLSchema#dateTime,literal,1993-01-01T00:00:00Z,uri,http://www.wikidata.org/entity/Q833,literal,,literal,"http://www.wikidata.org/entity/Q57205005, http://www.wikidata.org/entity/Q1524647, http://www.wikidata.org/entity/Q173381",literal,,literal,http://www.wikidata.org/entity/Q500253,literal,,,,,,,,,,,wd:Q833
228,uri,http://www.wikidata.org/entity/Q17103499,en,literal,MedicAlert,http://www.w3.org/2001/XMLSchema#dateTime,literal,1956-01-01T00:00:00Z,uri,http://www.wikidata.org/entity/Q16,literal,http://www.wikidata.org/entity/Q870895,literal,,literal,,literal,http://www.wikidata.org/entity/Q1011205,literal,,http://www.w3.org/2001/XMLSchema#decimal,literal,22,,,,,,,wd:Q833
229,uri,http://www.wikidata.org/entity/Q20451494,en,literal,Suria Records,http://www.w3.org/2001/XMLSchema#dateTime,literal,1970-01-01T00:00:00Z,uri,http://www.wikidata.org/entity/Q833,literal,http://www.wikidata.org/entity/Q746359,literal,,literal,,literal,http://www.wikidata.org/entity/Q1865,literal,,,,,,,,,,,wd:Q833
230,uri,http://www.wikidata.org/entity/Q113858405,en,literal,Hello Health Group,http://www.w3.org/2001/XMLSchema#dateTime,literal,2015-01-01T00:00:00Z,uri,http://www.wikidata.org/entity/Q869,literal,http://www.wikidata.org/entity/Q12147,literal,,literal,,literal,http://www.wikidata.org/entity/Q334,literal,,http://www.w3.org/2001/XMLSchema#decimal,literal,351,en,literal,Hello Health Group Pte. Ltd,,,,wd:Q833
231,uri,http://www.wikidata.org/entity/Q17103499,en,literal,MedicAlert,http://www.w3.org/2001/XMLSchema#dateTime,literal,1956-01-01T00:00:00Z,uri,http://www.wikidata.org/entity/Q258,literal,http://www.wikidata.org/entity/Q870895,literal,,literal,,literal,http://www.wikidata.org/entity/Q1011205,literal,,http://www.w3.org/2001/XMLSchema#decimal,literal,22,,,,,,,wd:Q833
232,uri,http://www.wikidata.org/entity/Q4694216,en,literal,Agrobank Malaysia,http://www.w3.org/2001/XMLSchema#dateTime,literal,1969-01-01T00:00:00Z,uri,http://www.wikidata.org/entity/Q833,literal,http://www.wikidata.org/entity/Q806718,literal,,literal,,literal,http://www.wikidata.org/entity/Q1865,literal,,,,,ms,literal,Bank Pertanian Malaysia Berhad,,,,wd:Q833
233,uri,http://www.wikidata.org/entity/Q113156940,en,literal,Maktabah Al-Bakri,http://www.w3.org/2001/XMLSchema#dateTime,literal,2021-10-19T00:00:00Z,uri,http://www.wikidata.org/entity/Q833,literal,,literal,,literal,,literal,,literal,,,,,,,,,,,wd:Q833
234,uri,http://www.wikidata.org/entity/Q17103499,en,literal,MedicAlert,http://www.w3.org/2001/XMLSchema#dateTime,literal,1956-01-01T00:00:00Z,uri,http://www.wikidata.org/entity/Q408,literal,http://www.wikidata.org/entity/Q870895,literal,,literal,,literal,http://www.wikidata.org/entity/Q1011205,literal,,http://www.w3.org/2001/XMLSchema#decimal,literal,22,,,,,,,wd:Q833
235,uri,http://www.wikidata.org/entity/Q109850065,en,literal,Four Points by Sheraton Desaru Hotel,http://www.w3.org/2001/XMLSchema#dateTime,literal,2021-11-18T00:00:00Z,uri,http://www.wikidata.org/entity/Q833,literal,,literal,,literal,,literal,,literal,,,,,,,,,,,wd:Q833
236,uri,http://www.wikidata.org/entity/Q17103499,en,literal,MedicAlert,http://www.w3.org/2001/XMLSchema#dateTime,literal,1956-01-01T00:00:00Z,uri,http://www.wikidata.org/entity/Q189,literal,http://www.wikidata.org/entity/Q870895,literal,,literal,,literal,http://www.wikidata.org/entity/Q1011205,literal,,http://www.w3.org/2001/XMLSchema#decimal,literal,27,,,,,,,wd:Q833
237,uri,http://www.wikidata.org/entity/Q113858405,en,literal,Hello Health Group,http://www.w3.org/2001/XMLSchema#dateTime,literal,2015-01-01T00:00:00Z,uri,http://www.wikidata.org/entity/Q424,literal,http://www.wikidata.org/entity/Q12147,literal,,literal,,literal,http://www.wikidata.org/entity/Q334,literal,,http://www.w3.org/2001/XMLSchema#decimal,literal,351,en,literal,Hello Health Group Pte. Ltd,,,,wd:Q833
238,uri,http://www.wikidata.org/entity/Q1973130,en,literal,University of Science Malaysia,http://www.w3.org/2001/XMLSchema#dateTime,literal,1969-01-01T00:00:00Z,uri,http://www.wikidata.org/entity/Q833,literal,,literal,,literal,,literal,,literal,,,,,,,,,,,wd:Q833
239,uri,http://www.wikidata.org/entity/Q1364018,en,literal,Maybank,http://www.w3.org/2001/XMLSchema#dateTime,literal,1960-05-31T00:00:00Z,uri,http://www.wikidata.org/entity/Q833,literal,http://www.wikidata.org/entity/Q837171,literal,,literal,,literal,"http://www.wikidata.org/entity/Q2745033, http://www.wikidata.org/entity/Q1865",literal,,,,,,,,,,,wd:Q833
240,uri,http://www.wikidata.org/entity/Q2399323,en,literal,Universiti Teknikal Malaysia Melaka,http://www.w3.org/2001/XMLSchema#dateTime,literal,2000-12-01T00:00:00Z,uri,http://www.wikidata.org/entity/Q833,literal,,literal,,literal,,literal,http://www.wikidata.org/entity/Q4449161,literal,,http://www.w3.org/2001/XMLSchema#decimal,literal,879,ms,literal,Universiti Teknikal Malaysia Melaka,,,,wd:Q833
241,uri,http://www.wikidata.org/entity/Q95677865,en,literal,Citrus Johor Bahru,,,,uri,http://www.wikidata.org/entity/Q833,literal,,literal,,literal,,literal,,literal,,,,,,,,,,,wd:Q833
242,uri,http://www.wikidata.org/entity/Q110220770,en,literal,Dayangs' Camp and Forest Resort,,,,uri,http://www.wikidata.org/entity/Q833,literal,,literal,,literal,,literal,,literal,,,,,,,,,,,wd:Q833
243,uri,http://www.wikidata.org/entity/Q55384958,en,literal,Q Bar,,,,uri,http://www.wikidata.org/entity/Q833,literal,,literal,,literal,,literal,,literal,,,,,,,,,,,wd:Q833
244,uri,http://www.wikidata.org/entity/Q76099070,en,literal,Tiger Sugar,,,,uri,http://www.wikidata.org/entity/Q921,literal,"http://www.wikidata.org/entity/Q4899370, http://www.wikidata.org/entity/Q540912",literal,,literal,,literal,http://www.wikidata.org/entity/Q569548,literal,,,,,,,,,,,wd:Q833
245,uri,http://www.wikidata.org/entity/Q99517071,en,literal,Kanzas Studio,,,,uri,http://www.wikidata.org/entity/Q833,literal,,literal,,literal,,literal,,literal,,,,,,,,,,,wd:Q833
246,uri,http://www.wikidata.org/entity/Q17103499,en,literal,MedicAlert,http://www.w3.org/2001/XMLSchema#dateTime,literal,1956-01-01T00:00:00Z,uri,http://www.wikidata.org/entity/Q30,literal,http://www.wikidata.org/entity/Q870895,literal,,literal,,literal,http://www.wikidata.org/entity/Q1011205,literal,,http://www.w3.org/2001/XMLSchema#decimal,literal,22,,,,,,,wd:Q833
247,uri,http://www.wikidata.org/entity/Q7670188,en,literal,TGV Cinemas,http://www.w3.org/2001/XMLSchema#dateTime,literal,1995-01-01T00:00:00Z,uri,http://www.wikidata.org/entity/Q833,literal,http://www.wikidata.org/entity/Q11033,literal,,literal,,literal,http://www.wikidata.org/entity/Q5260261,literal,,,,,,,,,,,wd:Q833
248,uri,http://www.wikidata.org/entity/Q12697551,,literal,Q12697551,http://www.w3.org/2001/XMLSchema#dateTime,literal,1982-05-08T00:00:00Z,uri,http://www.wikidata.org/entity/Q833,literal,http://www.wikidata.org/entity/Q11030,literal,,literal,,literal,,literal,,,,,,,,,,,wd:Q833
249,uri,http://www.wikidata.org/entity/Q17103499,en,literal,MedicAlert,http://www.w3.org/2001/XMLSchema#dateTime,literal,1956-01-01T00:00:00Z,uri,http://www.wikidata.org/entity/Q954,literal,http://www.wikidata.org/entity/Q870895,literal,,literal,,literal,http://www.wikidata.org/entity/Q1011205,literal,,http://www.w3.org/2001/XMLSchema#decimal,literal,21,,,,,,,wd:Q833
250,uri,http://www.wikidata.org/entity/Q107819981,en,literal,Global Station,http://www.w3.org/2001/XMLSchema#dateTime,literal,2000-01-01T00:00:00Z,uri,http://www.wikidata.org/entity/Q833,literal,,literal,,literal,,literal,,literal,,,,,,,,,,,wd:Q833
251,uri,http://www.wikidata.org/entity/Q66912875,en,literal,Metronomik,http://www.w3.org/2001/XMLSchema#dateTime,literal,2017-12-03T00:00:00Z,uri,http://www.wikidata.org/entity/Q833,literal,,literal,,literal,,literal,http://www.wikidata.org/entity/Q4855623,literal,,,,,,,,,,,wd:Q833
252,uri,http://www.wikidata.org/entity/Q6947269,en,literal,Mydin,,,,uri,http://www.wikidata.org/entity/Q833,literal,http://www.wikidata.org/entity/Q126793,literal,,literal,,literal,http://www.wikidata.org/entity/Q189710,literal,,,,,,,,,,,wd:Q833
253,uri,http://www.wikidata.org/entity/Q113858405,en,literal,Hello Health Group,http://www.w3.org/2001/XMLSchema#dateTime,literal,2015-01-01T00:00:00Z,uri,http://www.wikidata.org/entity/Q881,literal,http://www.wikidata.org/entity/Q12147,literal,,literal,,literal,http://www.wikidata.org/entity/Q334,literal,,http://www.w3.org/2001/XMLSchema#decimal,literal,351,en,literal,Hello Health Group Pte. Ltd,,,,wd:Q833
254,uri,http://www.wikidata.org/entity/Q17103499,en,literal,MedicAlert,http://www.w3.org/2001/XMLSchema#dateTime,literal,1956-01-01T00:00:00Z,uri,http://www.wikidata.org/entity/Q16,literal,http://www.wikidata.org/entity/Q870895,literal,,literal,,literal,http://www.wikidata.org/entity/Q1011205,literal,,http://www.w3.org/2001/XMLSchema#decimal,literal,18,,,,,,,wd:Q833
255,uri,http://www.wikidata.org/entity/Q111934008,en,literal,Genting View Resort,,,,uri,http://www.wikidata.org/entity/Q833,literal,,literal,,literal,,literal,,literal,,,,,,,,,,,wd:Q833
256,uri,http://www.wikidata.org/entity/Q2627330,en,literal,Maxis Communications,http://www.w3.org/2001/XMLSchema#dateTime,literal,1993-01-01T00:00:00Z,uri,http://www.wikidata.org/entity/Q833,literal,"http://www.wikidata.org/entity/Q56598901, http://www.wikidata.org/entity/Q25245117",literal,,literal,,literal,http://www.wikidata.org/entity/Q1865,literal,http://www.wikidata.org/entity/Q4966205,,,,,,,,,,wd:Q833
257,uri,http://www.wikidata.org/entity/Q76099070,en,literal,Tiger Sugar,,,,uri,http://www.wikidata.org/entity/Q865,literal,"http://www.wikidata.org/entity/Q4899370, http://www.wikidata.org/entity/Q540912",literal,,literal,,literal,http://www.wikidata.org/entity/Q569548,literal,,,,,,,,,,,wd:Q833
258,uri,http://www.wikidata.org/entity/Q61366960,en,literal,Z Hotel,,,,uri,http://www.wikidata.org/entity/Q833,literal,,literal,,literal,,literal,,literal,,,,,,,,,,,wd:Q833
259,uri,http://www.wikidata.org/entity/Q2168802,en,literal,Rotiboy,http://www.w3.org/2001/XMLSchema#dateTime,literal,1998-04-01T00:00:00Z,uri,http://www.wikidata.org/entity/Q833,literal,http://www.wikidata.org/entity/Q1751445,literal,,literal,,literal,http://www.wikidata.org/entity/Q1865,literal,,,,,,,,,,,wd:Q833
260,uri,http://www.wikidata.org/entity/Q76721707,en,literal,Hilton Kuching,http://www.w3.org/2001/XMLSchema#dateTime,literal,1988-01-01T00:00:00Z,uri,http://www.wikidata.org/entity/Q833,literal,,literal,,literal,,literal,,literal,,,,,en,literal,Hilton Kuching,,,,wd:Q833
261,uri,http://www.wikidata.org/entity/Q17103499,en,literal,MedicAlert,http://www.w3.org/2001/XMLSchema#dateTime,literal,1956-01-01T00:00:00Z,uri,http://www.wikidata.org/entity/Q258,literal,http://www.wikidata.org/entity/Q870895,literal,,literal,,literal,http://www.wikidata.org/entity/Q1011205,literal,,http://www.w3.org/2001/XMLSchema#decimal,literal,18,,,,,,,wd:Q833
262,uri,http://www.wikidata.org/entity/Q111772320,en,literal,Genting Highlands Premium Outlets,,,,uri,http://www.wikidata.org/entity/Q833,literal,,literal,,literal,,literal,,literal,,,,,,,,,,,wd:Q833
263,uri,http://www.wikidata.org/entity/Q2378901,en,literal,Lotus's,http://www.w3.org/2001/XMLSchema#dateTime,literal,1994-01-01T00:00:00Z,uri,http://www.wikidata.org/entity/Q833,literal,http://www.wikidata.org/entity/Q126793,literal,,literal,,literal,http://www.wikidata.org/entity/Q1861,literal,,,,,,,,,,,wd:Q833
264,uri,http://www.wikidata.org/entity/Q112621725,en,literal,JIWA,http://www.w3.org/2001/XMLSchema#dateTime,literal,2021-01-01T00:00:00Z,uri,http://www.wikidata.org/entity/Q833,literal,,literal,,literal,,literal,http://www.wikidata.org/entity/Q3633920,literal,,,,,,,,,,,wd:Q833
265,uri,http://www.wikidata.org/entity/Q111837325,en,literal,Crockfords Hotel,,,,uri,http://www.wikidata.org/entity/Q833,literal,,literal,,literal,,literal,,literal,,,,,,,,,,,wd:Q833
266,uri,http://www.wikidata.org/entity/Q105413215,,literal,Q105413215,,,,uri,http://www.wikidata.org/entity/Q833,literal,,literal,,literal,,literal,http://www.wikidata.org/entity/Q7880748,literal,,,,,,,,,,,wd:Q833
267,uri,http://www.wikidata.org/entity/Q76099070,en,literal,Tiger Sugar,,,,uri,http://www.wikidata.org/entity/Q869,literal,"http://www.wikidata.org/entity/Q4899370, http://www.wikidata.org/entity/Q540912",literal,,literal,,literal,http://www.wikidata.org/entity/Q569548,literal,,,,,,,,,,,wd:Q833
268,uri,http://www.wikidata.org/entity/Q97704691,en,literal,Eco Palladium,,,,uri,http://www.wikidata.org/entity/Q833,literal,,literal,,literal,,literal,,literal,,,,,,,,,,,wd:Q833
269,uri,http://www.wikidata.org/entity/Q17103499,en,literal,MedicAlert,http://www.w3.org/2001/XMLSchema#dateTime,literal,1956-01-01T00:00:00Z,uri,http://www.wikidata.org/entity/Q408,literal,http://www.wikidata.org/entity/Q870895,literal,,literal,,literal,http://www.wikidata.org/entity/Q1011205,literal,,http://www.w3.org/2001/XMLSchema#decimal,literal,18,,,,,,,wd:Q833
270,uri,http://www.wikidata.org/entity/Q17103499,en,literal,MedicAlert,http://www.w3.org/2001/XMLSchema#dateTime,literal,1956-01-01T00:00:00Z,uri,http://www.wikidata.org/entity/Q189,literal,http://www.wikidata.org/entity/Q870895,literal,,literal,,literal,http://www.wikidata.org/entity/Q1011205,literal,,http://www.w3.org/2001/XMLSchema#decimal,literal,23,,,,,,,wd:Q833
271,uri,http://www.wikidata.org/entity/Q65220296,en,literal,Yuna Room Records,http://www.w3.org/2001/XMLSchema#dateTime,literal,2008-01-01T00:00:00Z,uri,http://www.wikidata.org/entity/Q833,literal,,literal,,literal,,literal,,literal,,,,,,,,,,,wd:Q833
272,uri,http://www.wikidata.org/entity/Q5329938,en,literal,Eastern & Oriental Hotel,http://www.w3.org/2001/XMLSchema#dateTime,literal,1885-01-01T00:00:00Z,uri,http://www.wikidata.org/entity/Q833,literal,,literal,,literal,,literal,,literal,,,,,,,,,,,wd:Q833
273,uri,http://www.wikidata.org/entity/Q17103499,en,literal,MedicAlert,http://www.w3.org/2001/XMLSchema#dateTime,literal,1956-01-01T00:00:00Z,uri,http://www.wikidata.org/entity/Q664,literal,http://www.wikidata.org/entity/Q870895,literal,,literal,,literal,http://www.wikidata.org/entity/Q1011205,literal,,http://www.w3.org/2001/XMLSchema#decimal,literal,22,,,,,,,wd:Q833
274,uri,http://www.wikidata.org/entity/Q17103499,en,literal,MedicAlert,http://www.w3.org/2001/XMLSchema#dateTime,literal,1956-01-01T00:00:00Z,uri,http://www.wikidata.org/entity/Q30,literal,http://www.wikidata.org/entity/Q870895,literal,,literal,,literal,http://www.wikidata.org/entity/Q1011205,literal,,http://www.w3.org/2001/XMLSchema#decimal,literal,18,,,,,,,wd:Q833
275,uri,http://www.wikidata.org/entity/Q113605957,,literal,Q113605957,http://www.w3.org/2001/XMLSchema#dateTime,literal,2009-01-01T00:00:00Z,uri,http://www.wikidata.org/entity/Q833,literal,,literal,,literal,,literal,http://www.wikidata.org/entity/Q876876,literal,,,,,,,,,,,wd:Q833
276,uri,http://www.wikidata.org/entity/Q109109052,en,literal,6D Cafe Mount Austin,,,,uri,http://www.wikidata.org/entity/Q833,literal,,literal,,literal,,literal,,literal,,,,,,,,,,,wd:Q833
277,uri,http://www.wikidata.org/entity/Q76099070,en,literal,Tiger Sugar,,,,uri,http://www.wikidata.org/entity/Q878,literal,"http://www.wikidata.org/entity/Q4899370, http://www.wikidata.org/entity/Q540912",literal,,literal,,literal,http://www.wikidata.org/entity/Q569548,literal,,,,,,,,,,,wd:Q833
278,uri,http://www.wikidata.org/entity/Q70206906,en,literal,Hilton Garden Inn Kuala Lumpur Jalan Tuanku Abdul Rahman North,,,,uri,http://www.wikidata.org/entity/Q833,literal,,literal,,literal,,literal,,literal,,,,,en,literal,Hilton Garden Inn Kuala Lumpur Jalan Tuanku Abdul Rahman North,,,,wd:Q833
279,uri,http://www.wikidata.org/entity/Q76099070,en,literal,Tiger Sugar,,,,uri,http://www.wikidata.org/entity/Q424,literal,"http://www.wikidata.org/entity/Q4899370, http://www.wikidata.org/entity/Q540912",literal,,literal,,literal,http://www.wikidata.org/entity/Q569548,literal,,,,,,,,,,,wd:Q833
280,uri,http://www.wikidata.org/entity/Q5449175,en,literal,Filmscape,http://www.w3.org/2001/XMLSchema#dateTime,literal,1994-01-01T00:00:00Z,uri,http://www.wikidata.org/entity/Q833,literal,,literal,,literal,,literal,http://www.wikidata.org/entity/Q833,literal,,,,,,,,,,,wd:Q833
281,uri,http://www.wikidata.org/entity/Q31050859,en,literal,Renaissance Johor Bahru Hotel,http://www.w3.org/2001/XMLSchema#dateTime,literal,2013-05-29T00:00:00Z,uri,http://www.wikidata.org/entity/Q833,literal,,literal,,literal,,literal,,literal,,,,,,,,,,,wd:Q833
282,uri,http://www.wikidata.org/entity/Q17103499,en,literal,MedicAlert,http://www.w3.org/2001/XMLSchema#dateTime,literal,1956-01-01T00:00:00Z,uri,http://www.wikidata.org/entity/Q145,literal,http://www.wikidata.org/entity/Q870895,literal,,literal,,literal,http://www.wikidata.org/entity/Q1011205,literal,,http://www.w3.org/2001/XMLSchema#decimal,literal,27,,,,,,,wd:Q833
283,uri,http://www.wikidata.org/entity/Q105268951,en,literal,Red Rock Hotel,http://www.w3.org/2001/XMLSchema#dateTime,literal,2007-04-01T00:00:00Z,uri,http://www.wikidata.org/entity/Q833,literal,,literal,,literal,,literal,,literal,,,,,,,,,,,wd:Q833
284,uri,http://www.wikidata.org/entity/Q112656378,en,literal,Kedai Buku PTS,,,,uri,http://www.wikidata.org/entity/Q833,literal,,literal,,literal,,literal,,literal,,,,,,,,,,,wd:Q833
285,uri,http://www.wikidata.org/entity/Q55632855,en,literal,Senheng Electric,http://www.w3.org/2001/XMLSchema#dateTime,literal,1989-01-01T00:00:00Z,uri,http://www.wikidata.org/entity/Q833,literal,"http://www.wikidata.org/entity/Q126793, http://www.wikidata.org/entity/Q11650",literal,,literal,,literal,,literal,,,,,,,,,,,wd:Q833
286,uri,http://www.wikidata.org/entity/Q13646560,en,literal,Mannings,http://www.w3.org/2001/XMLSchema#dateTime,literal,1972-01-01T00:00:00Z,uri,http://www.wikidata.org/entity/Q833,literal,http://www.wikidata.org/entity/Q126793,literal,,literal,,literal,"http://www.wikidata.org/entity/Q14773, http://www.wikidata.org/entity/Q8646, http://www.wikidata.org/entity/Q148",literal,,,,,,,,,,,wd:Q833
287,uri,http://www.wikidata.org/entity/Q13646560,en,literal,Mannings,http://www.w3.org/2001/XMLSchema#dateTime,literal,1972-01-01T00:00:00Z,uri,http://www.wikidata.org/entity/Q148,literal,http://www.wikidata.org/entity/Q126793,literal,,literal,,literal,"http://www.wikidata.org/entity/Q14773, http://www.wikidata.org/entity/Q8646, http://www.wikidata.org/entity/Q148",literal,,,,,,,,,,,wd:Q833
288,uri,http://www.wikidata.org/entity/Q96679754,en,literal,The Store,http://www.w3.org/2001/XMLSchema#dateTime,literal,1968-01-01T00:00:00Z,uri,http://www.wikidata.org/entity/Q833,literal,,literal,,literal,,literal,http://www.wikidata.org/entity/Q864965,literal,,,,,,,,,,,wd:Q833
289,uri,http://www.wikidata.org/entity/Q1953092,en,literal,New Straits Times,http://www.w3.org/2001/XMLSchema#dateTime,literal,1965-01-01T00:00:00Z,uri,http://www.wikidata.org/entity/Q833,literal,,literal,,literal,,literal,,literal,,,,,,,,,,,wd:Q833
290,uri,http://www.wikidata.org/entity/Q17103499,en,literal,MedicAlert,http://www.w3.org/2001/XMLSchema#dateTime,literal,1956-01-01T00:00:00Z,uri,http://www.wikidata.org/entity/Q833,literal,http://www.wikidata.org/entity/Q870895,literal,,literal,,literal,http://www.wikidata.org/entity/Q1011205,literal,,http://www.w3.org/2001/XMLSchema#decimal,literal,27,,,,,,,wd:Q833
291,uri,http://www.wikidata.org/entity/Q95697411,en,literal,GBW Hotel,,,,uri,http://www.wikidata.org/entity/Q833,literal,,literal,,literal,,literal,,literal,,,,,,,,,,,wd:Q833
292,uri,http://www.wikidata.org/entity/Q113858405,en,literal,Hello Health Group,http://www.w3.org/2001/XMLSchema#dateTime,literal,2015-01-01T00:00:00Z,uri,http://www.wikidata.org/entity/Q833,literal,http://www.wikidata.org/entity/Q12147,literal,,literal,,literal,http://www.wikidata.org/entity/Q334,literal,,http://www.w3.org/2001/XMLSchema#decimal,literal,351,en,literal,Hello Health Group Pte. Ltd,,,,wd:Q833
293,uri,http://www.wikidata.org/entity/Q96093532,en,literal,Uncle Tan Orchard Stingless Bee Farm,,,,uri,http://www.wikidata.org/entity/Q833,literal,,literal,,literal,,literal,,literal,,,,,,,,,,,wd:Q833
294,uri,http://www.wikidata.org/entity/Q95677191,en,literal,KiPMall Tampoi,,,,uri,http://www.wikidata.org/entity/Q833,literal,,literal,,literal,,literal,,literal,,,,,,,,,,,wd:Q833
295,uri,http://www.wikidata.org/entity/Q113001486,en,literal,Casa De Madani,,,,uri,http://www.wikidata.org/entity/Q833,literal,,literal,,literal,,literal,,literal,,,,,,,,,,,wd:Q833
296,uri,http://www.wikidata.org/entity/Q112626351,en,literal,Puteh Press,,,,uri,http://www.wikidata.org/entity/Q833,literal,,literal,,literal,,literal,,literal,,,,,,,,,,,wd:Q833
297,uri,http://www.wikidata.org/entity/Q112621539,en,literal,JT Books PLT,http://www.w3.org/2001/XMLSchema#dateTime,literal,2012-01-01T00:00:00Z,uri,http://www.wikidata.org/entity/Q833,literal,,literal,,literal,,literal,http://www.wikidata.org/entity/Q3633920,literal,,,,,,,,,,,wd:Q833
298,uri,http://www.wikidata.org/entity/Q113319987,en,literal,Meat Cartel,http://www.w3.org/2001/XMLSchema#dateTime,literal,2020-06-01T00:00:00Z,uri,http://www.wikidata.org/entity/Q833,literal,,literal,,literal,,literal,http://www.wikidata.org/entity/Q7442490,literal,,,,,,,,,,,wd:Q833
299,uri,http://www.wikidata.org/entity/Q95698563,en,literal,Aseania Beach Resort,,,,uri,http://www.wikidata.org/entity/Q833,literal,,literal,,literal,,literal,,literal,,,,,,,,,,,wd:Q833
300,uri,http://www.wikidata.org/entity/Q73509819,en,literal,DoubleTree by Hilton Hotel Johor Bahru,,,,uri,http://www.wikidata.org/entity/Q833,literal,,literal,,literal,,literal,,literal,,,,,en,literal,DoubleTree by Hilton Hotel Johor Bahru,,,,wd:Q833
301,uri,http://www.wikidata.org/entity/Q95696896,en,literal,Impiana Hotel Senai,,,,uri,http://www.wikidata.org/entity/Q833,literal,,literal,,literal,,literal,,literal,,,,,,,,,,,wd:Q833
302,uri,http://www.wikidata.org/entity/Q12712446,en,literal,Warner Music Malaysia,http://www.w3.org/2001/XMLSchema#dateTime,literal,1978-01-01T00:00:00Z,uri,http://www.wikidata.org/entity/Q833,literal,http://www.wikidata.org/entity/Q10302058,literal,,literal,,literal,http://www.wikidata.org/entity/Q6943920,literal,,,,,ms,literal,Warner Music Malaysia,,,,wd:Q833
303,uri,http://www.wikidata.org/entity/Q113858405,en,literal,Hello Health Group,http://www.w3.org/2001/XMLSchema#dateTime,literal,2015-01-01T00:00:00Z,uri,http://www.wikidata.org/entity/Q836,literal,http://www.wikidata.org/entity/Q12147,literal,,literal,,literal,http://www.wikidata.org/entity/Q334,literal,,http://www.w3.org/2001/XMLSchema#decimal,literal,351,en,literal,Hello Health Group Pte. Ltd,,,,wd:Q833
304,uri,http://www.wikidata.org/entity/Q2399323,en,literal,Universiti Teknikal Malaysia Melaka,http://www.w3.org/2001/XMLSchema#dateTime,literal,2000-12-01T00:00:00Z,uri,http://www.wikidata.org/entity/Q833,literal,,literal,,literal,,literal,http://www.wikidata.org/entity/Q4449161,literal,,http://www.w3.org/2001/XMLSchema#decimal,literal,1141,ms,literal,Universiti Teknikal Malaysia Melaka,,,,wd:Q833
305,uri,http://www.wikidata.org/entity/Q105742792,en,literal,Pulai Springs Resort,,,,uri,http://www.wikidata.org/entity/Q833,literal,,literal,,literal,,literal,,literal,,,,,,,,,,,wd:Q833
306,uri,http://www.wikidata.org/entity/Q54652699,en,literal,DoubleTree Resort by Hilton Penang,http://www.w3.org/2001/XMLSchema#dateTime,literal,2018-01-01T00:00:00Z,uri,http://www.wikidata.org/entity/Q833,literal,,literal,,literal,,literal,,literal,,,,,ms,literal,DoubleTree Resort by Hilton Penang,,,,wd:Q833
307,uri,http://www.wikidata.org/entity/Q95702020,en,literal,Prince 33 Hotel,,,,uri,http://www.wikidata.org/entity/Q833,literal,,literal,,literal,,literal,,literal,,,,,,,,,,,wd:Q833
308,uri,http://www.wikidata.org/entity/Q18712406,en,literal,Lazada Group,http://www.w3.org/2001/XMLSchema#dateTime,literal,2012-01-01T00:00:00Z,uri,http://www.wikidata.org/entity/Q928,literal,http://www.wikidata.org/entity/Q484847,literal,,literal,,literal,http://www.wikidata.org/entity/Q334,literal,,http://www.w3.org/2001/XMLSchema#decimal,literal,4000,,,,,,,wd:Q833
309,uri,http://www.wikidata.org/entity/Q56827407,en,literal,Hilton Garden Inn Puchong,http://www.w3.org/2001/XMLSchema#dateTime,literal,2018-09-17T00:00:00Z,uri,http://www.wikidata.org/entity/Q833,literal,,literal,,literal,,literal,,literal,,,,,ms,literal,Hilton Garden Inn Puchong,,,,wd:Q833
310,uri,http://www.wikidata.org/entity/Q95676655,en,literal,Giant Hypermarket Plentong,,,,uri,http://www.wikidata.org/entity/Q833,literal,,literal,,literal,,literal,,literal,,,,,,,,,,,wd:Q833
311,uri,http://www.wikidata.org/entity/Q18712406,en,literal,Lazada Group,http://www.w3.org/2001/XMLSchema#dateTime,literal,2012-01-01T00:00:00Z,uri,http://www.wikidata.org/entity/Q334,literal,http://www.wikidata.org/entity/Q484847,literal,,literal,,literal,http://www.wikidata.org/entity/Q334,literal,,http://www.w3.org/2001/XMLSchema#decimal,literal,4000,,,,,,,wd:Q833
312,uri,http://www.wikidata.org/entity/Q112656237,en,literal,Kedai Borong PTS,,,,uri,http://www.wikidata.org/entity/Q833,literal,http://www.wikidata.org/entity/Q108542541,literal,,literal,,literal,,literal,,,,,,,,,,,wd:Q833
313,uri,http://www.wikidata.org/entity/Q64371300,,literal,Q64371300,http://www.w3.org/2001/XMLSchema#dateTime,literal,2012-06-19T00:00:00Z,uri,http://www.wikidata.org/entity/Q833,literal,,literal,,literal,,literal,http://www.wikidata.org/entity/Q7692580,literal,,,,,,,,,,,wd:Q833
314,uri,http://www.wikidata.org/entity/Q103841037,en,literal,Mysumber,http://www.w3.org/2001/XMLSchema#dateTime,literal,2013-04-23T00:00:00Z,uri,http://www.wikidata.org/entity/Q833,literal,http://www.wikidata.org/entity/Q56611639,literal,,literal,,literal,http://www.wikidata.org/entity/Q1865,literal,,,,,,,,,,,wd:Q833
315,uri,http://www.wikidata.org/entity/Q96319232,en,literal,Little Yunnan Restaurant,,,,uri,http://www.wikidata.org/entity/Q833,literal,,literal,,literal,,literal,,literal,,,,,,,,,,,wd:Q833
316,uri,http://www.wikidata.org/entity/Q1584305,en,literal,Sabah State Railway,,,,uri,http://www.wikidata.org/entity/Q833,literal,,literal,,literal,,literal,http://www.wikidata.org/entity/Q137271,literal,,,,,,,,,,,wd:Q833
317,uri,http://www.wikidata.org/entity/Q111837285,en,literal,GEO Resort and Hotel,,,,uri,http://www.wikidata.org/entity/Q833,literal,,literal,,literal,,literal,,literal,,,,,,,,,,,wd:Q833
318,uri,http://www.wikidata.org/entity/Q17103499,en,literal,MedicAlert,http://www.w3.org/2001/XMLSchema#dateTime,literal,1956-01-01T00:00:00Z,uri,http://www.wikidata.org/entity/Q189,literal,http://www.wikidata.org/entity/Q870895,literal,,literal,,literal,http://www.wikidata.org/entity/Q1011205,literal,,http://www.w3.org/2001/XMLSchema#decimal,literal,18,,,,,,,wd:Q833
319,uri,http://www.wikidata.org/entity/Q113614973,,literal,Q113614973,http://www.w3.org/2001/XMLSchema#dateTime,literal,2011-01-01T00:00:00Z,uri,http://www.wikidata.org/entity/Q833,literal,,literal,,literal,,literal,,literal,,,,,,,,,,,wd:Q833
320,uri,http://www.wikidata.org/entity/Q17103499,en,literal,MedicAlert,http://www.w3.org/2001/XMLSchema#dateTime,literal,1956-01-01T00:00:00Z,uri,http://www.wikidata.org/entity/Q229,literal,http://www.wikidata.org/entity/Q870895,literal,,literal,,literal,http://www.wikidata.org/entity/Q1011205,literal,,http://www.w3.org/2001/XMLSchema#decimal,literal,21,,,,,,,wd:Q833
321,uri,http://www.wikidata.org/entity/Q101413766,en,literal,Hiap Joo Bakery,http://www.w3.org/2001/XMLSchema#dateTime,literal,1919-01-01T00:00:00Z,uri,http://www.wikidata.org/entity/Q833,literal,,literal,,literal,,literal,,literal,,,,,,,,,,,wd:Q833
322,uri,http://www.wikidata.org/entity/Q6805531,en,literal,Media Prima,http://www.w3.org/2001/XMLSchema#dateTime,literal,2003-09-23T00:00:00Z,uri,http://www.wikidata.org/entity/Q833,literal,http://www.wikidata.org/entity/Q11033,literal,,literal,,literal,http://www.wikidata.org/entity/Q1865,literal,,,,,,,,,,,wd:Q833
323,uri,http://www.wikidata.org/entity/Q6900715,en,literal,Alternate Records & Talents,http://www.w3.org/2001/XMLSchema#dateTime,literal,2006-01-01T00:00:00Z,uri,http://www.wikidata.org/entity/Q833,literal,,literal,,literal,,literal,http://www.wikidata.org/entity/Q20464826,literal,,,,,,,,,,,wd:Q833
324,uri,http://www.wikidata.org/entity/Q63371124,en,literal,Guardian,,,,uri,http://www.wikidata.org/entity/Q921,literal,http://www.wikidata.org/entity/Q126793,literal,,literal,,literal,,literal,,,,,,,,,,,wd:Q833
325,uri,http://www.wikidata.org/entity/Q96901762,en,literal,Rakuten Trade,,,,uri,http://www.wikidata.org/entity/Q833,literal,,literal,,literal,,literal,,literal,,,,,,,,,,,wd:Q833
326,uri,http://www.wikidata.org/entity/Q683146,en,literal,LexisNexis,http://www.w3.org/2001/XMLSchema#dateTime,literal,1973-01-01T00:00:00Z,uri,http://www.wikidata.org/entity/Q334,literal,http://www.wikidata.org/entity/Q3972943,literal,,literal,,literal,http://www.wikidata.org/entity/Q60,literal,,http://www.w3.org/2001/XMLSchema#decimal,literal,10000,,,,,,,wd:Q833
327,uri,http://www.wikidata.org/entity/Q95677794,en,literal,Austin Park Hotel,,,,uri,http://www.wikidata.org/entity/Q833,literal,,literal,,literal,,literal,,literal,,,,,,,,,,,wd:Q833
328,uri,http://www.wikidata.org/entity/Q17103499,en,literal,MedicAlert,http://www.w3.org/2001/XMLSchema#dateTime,literal,1956-01-01T00:00:00Z,uri,http://www.wikidata.org/entity/Q145,literal,http://www.wikidata.org/entity/Q870895,literal,,literal,,literal,http://www.wikidata.org/entity/Q1011205,literal,,http://www.w3.org/2001/XMLSchema#decimal,literal,22,,,,,,,wd:Q833
329,uri,http://www.wikidata.org/entity/Q1142924,en,literal,University of Malaya,http://www.w3.org/2001/XMLSchema#dateTime,literal,1934-01-01T00:00:00Z,uri,http://www.wikidata.org/entity/Q833,literal,,literal,,literal,,literal,http://www.wikidata.org/entity/Q1865,literal,,,,,,,,,,,wd:Q833
330,uri,http://www.wikidata.org/entity/Q107801364,en,literal,Baker's Cottage,http://www.w3.org/2001/XMLSchema#dateTime,literal,1994-01-01T00:00:00Z,uri,http://www.wikidata.org/entity/Q833,literal,,literal,,literal,,literal,http://www.wikidata.org/entity/Q1865,literal,,,,,,,,,,,wd:Q833
331,uri,http://www.wikidata.org/entity/Q112274551,en,literal,KUIZM Publication,,,,uri,http://www.wikidata.org/entity/Q833,literal,,literal,,literal,,literal,http://www.wikidata.org/entity/Q12710914,literal,,,,,,,,,,,wd:Q833
332,uri,http://www.wikidata.org/entity/Q6749864,en,literal,Manis FM Corporation,http://www.w3.org/2001/XMLSchema#dateTime,literal,1998-01-01T00:00:00Z,uri,http://www.wikidata.org/entity/Q833,literal,,literal,,literal,,literal,http://www.wikidata.org/entity/Q846502,literal,,,,,,,,,,,wd:Q833
333,uri,http://www.wikidata.org/entity/Q106989381,en,literal,Billion Shopping Centre,http://www.w3.org/2001/XMLSchema#dateTime,literal,1985-01-01T00:00:00Z,uri,http://www.wikidata.org/entity/Q833,literal,,literal,,literal,,literal,http://www.wikidata.org/entity/Q189710,literal,,,,,,,,,,,wd:Q833
334,uri,http://www.wikidata.org/entity/Q18712406,en,literal,Lazada Group,http://www.w3.org/2001/XMLSchema#dateTime,literal,2012-01-01T00:00:00Z,uri,http://www.wikidata.org/entity/Q252,literal,http://www.wikidata.org/entity/Q484847,literal,,literal,,literal,http://www.wikidata.org/entity/Q334,literal,,http://www.w3.org/2001/XMLSchema#decimal,literal,4000,,,,,,,wd:Q833
335,uri,http://www.wikidata.org/entity/Q94673702,en,literal,Granada Hotel,,,,uri,http://www.wikidata.org/entity/Q833,literal,,literal,,literal,,literal,,literal,,,,,,,,,,,wd:Q833
336,uri,http://www.wikidata.org/entity/Q22909136,en,literal,iflix,http://www.w3.org/2001/XMLSchema#dateTime,literal,2014-01-01T00:00:00Z,uri,http://www.wikidata.org/entity/Q833,literal,,literal,,literal,,literal,http://www.wikidata.org/entity/Q1865,literal,,,,,,,,,,,wd:Q833
337,uri,http://www.wikidata.org/entity/Q17103499,en,literal,MedicAlert,http://www.w3.org/2001/XMLSchema#dateTime,literal,1956-01-01T00:00:00Z,uri,http://www.wikidata.org/entity/Q833,literal,http://www.wikidata.org/entity/Q870895,literal,,literal,,literal,http://www.wikidata.org/entity/Q1011205,literal,,http://www.w3.org/2001/XMLSchema#decimal,literal,22,,,,,,,wd:Q833
338,uri,http://www.wikidata.org/entity/Q7333194,en,literal,FMC Music,http://www.w3.org/2001/XMLSchema#dateTime,literal,1991-01-01T00:00:00Z,uri,http://www.wikidata.org/entity/Q833,literal,,literal,,literal,,literal,http://www.wikidata.org/entity/Q1865,literal,,,,,,,,,,,wd:Q833
339,uri,http://www.wikidata.org/entity/Q112620629,en,literal,The Biblio Press,http://www.w3.org/2001/XMLSchema#dateTime,literal,2021-01-01T00:00:00Z,uri,http://www.wikidata.org/entity/Q833,literal,http://www.wikidata.org/entity/Q29585658,literal,,literal,,literal,http://www.wikidata.org/entity/Q864965,literal,,,,,,,,,,,wd:Q833
340,uri,http://www.wikidata.org/entity/Q112274610,en,literal,Hilal Asyraf Resources,http://www.w3.org/2001/XMLSchema#dateTime,literal,2016-09-01T00:00:00Z,uri,http://www.wikidata.org/entity/Q833,literal,,literal,,literal,,literal,http://www.wikidata.org/entity/Q5254191,literal,,,,,,,,,,,wd:Q833
341,uri,http://www.wikidata.org/entity/Q17103499,en,literal,MedicAlert,http://www.w3.org/2001/XMLSchema#dateTime,literal,1956-01-01T00:00:00Z,uri,http://www.wikidata.org/entity/Q16,literal,http://www.wikidata.org/entity/Q870895,literal,,literal,,literal,http://www.wikidata.org/entity/Q1011205,literal,,http://www.w3.org/2001/XMLSchema#decimal,literal,27,,,,,,,wd:Q833
342,uri,http://www.wikidata.org/entity/Q61110645,,literal,Q61110645,,,,uri,http://www.wikidata.org/entity/Q833,literal,,literal,,literal,,literal,http://www.wikidata.org/entity/Q2185791,literal,,,,,,,,,,,wd:Q833
343,uri,http://www.wikidata.org/entity/Q96319236,en,literal,Huizhu Chinese Muslim Cuisine,,,,uri,http://www.wikidata.org/entity/Q833,literal,,literal,,literal,,literal,,literal,,,,,,,,,,,wd:Q833
344,uri,http://www.wikidata.org/entity/Q4204533,en,literal,Harakah,http://www.w3.org/2001/XMLSchema#dateTime,literal,1987-01-01T00:00:00Z,uri,http://www.wikidata.org/entity/Q833,literal,,literal,,literal,,literal,,literal,,,,,,,,,,,wd:Q833
345,uri,http://www.wikidata.org/entity/Q112273589,en,literal,Pustaka Permata Ummah,http://www.w3.org/2001/XMLSchema#dateTime,literal,2019-01-01T00:00:00Z,uri,http://www.wikidata.org/entity/Q833,literal,,literal,,literal,,literal,http://www.wikidata.org/entity/Q28219683,literal,,,,,,,,,,,wd:Q833
346,uri,http://www.wikidata.org/entity/Q57252431,en,literal,Spacepup Entertainment,,,,uri,http://www.wikidata.org/entity/Q833,literal,http://www.wikidata.org/entity/Q941594,literal,,literal,,literal,http://www.wikidata.org/entity/Q1865,literal,,,,,,,,,,,wd:Q833
347,uri,http://www.wikidata.org/entity/Q768164,en,literal,MASwings,http://www.w3.org/2001/XMLSchema#dateTime,literal,2007-01-01T00:00:00Z,uri,http://www.wikidata.org/entity/Q833,literal,,literal,,literal,,literal,http://www.wikidata.org/entity/Q986803,literal,,,,,,,,,,,wd:Q833
348,uri,http://www.wikidata.org/entity/Q4115279,en,literal,Bank Islam Malaysia,http://www.w3.org/2001/XMLSchema#dateTime,literal,1983-07-01T00:00:00Z,uri,http://www.wikidata.org/entity/Q833,literal,http://www.wikidata.org/entity/Q457753,literal,,literal,,literal,http://www.wikidata.org/entity/Q1865,literal,,,,,,,,,,,wd:Q833
349,uri,http://www.wikidata.org/entity/Q63371124,en,literal,Guardian,,,,uri,http://www.wikidata.org/entity/Q334,literal,http://www.wikidata.org/entity/Q126793,literal,,literal,,literal,,literal,,,,,,,,,,,wd:Q833
350,uri,http://www.wikidata.org/entity/Q20715991,en,literal,MyHSR Corp,,,,uri,http://www.wikidata.org/entity/Q833,literal,,literal,,literal,,literal,,literal,,,,,,,,,,,wd:Q833
351,uri,http://www.wikidata.org/entity/Q106420998,,literal,Q106420998,http://www.w3.org/2001/XMLSchema#dateTime,literal,2017-10-26T00:00:00Z,uri,http://www.wikidata.org/entity/Q833,literal,,literal,,literal,,literal,http://www.wikidata.org/entity/Q1865,literal,,,,,,,,,,,wd:Q833
352,uri,http://www.wikidata.org/entity/Q96102845,en,literal,New Dawn Hotel,,,,uri,http://www.wikidata.org/entity/Q833,literal,,literal,,literal,,literal,,literal,,,,,,,,,,,wd:Q833
353,uri,http://www.wikidata.org/entity/Q113597098,,literal,Q113597098,,,,uri,http://www.wikidata.org/entity/Q833,literal,,literal,,literal,,literal,,literal,,,,,,,,,,,wd:Q833
