,business.type,business.value,businessLabel.xml:lang,businessLabel.type,businessLabel.value,origindate.datatype,origindate.type,origindate.value,country.type,country.value,industries.type,industries.value,ceos.type,ceos.value,chairs.type,chairs.value,hqs.type,hqs.value,groups.type,groups.value,country
0,uri,http://www.wikidata.org/entity/Q7370229,en,literal,Rotana Hotels,http://www.w3.org/2001/XMLSchema#dateTime,literal,1992-01-01T00:00:00Z,uri,http://www.wikidata.org/entity/Q1049,literal,,literal,,literal,,literal,http://www.wikidata.org/entity/Q1519,literal,,wd:Q842
1,uri,http://www.wikidata.org/entity/Q7370229,en,literal,Rotana Hotels,http://www.w3.org/2001/XMLSchema#dateTime,literal,1992-01-01T00:00:00Z,uri,http://www.wikidata.org/entity/Q79,literal,,literal,,literal,,literal,http://www.wikidata.org/entity/Q1519,literal,,wd:Q842
2,uri,http://www.wikidata.org/entity/Q2843943,en,literal,Amouage,http://www.w3.org/2001/XMLSchema#dateTime,literal,1983-01-01T00:00:00Z,uri,http://www.wikidata.org/entity/Q842,literal,,literal,,literal,,literal,"http://www.wikidata.org/entity/Q623504, http://www.wikidata.org/entity/Q3826",literal,,wd:Q842
3,uri,http://www.wikidata.org/entity/Q1808326,en,literal,Sultan Qaboos University,http://www.w3.org/2001/XMLSchema#dateTime,literal,1986-01-01T00:00:00Z,uri,http://www.wikidata.org/entity/Q842,literal,,literal,,literal,,literal,,literal,,wd:Q842
4,uri,http://www.wikidata.org/entity/Q7370229,en,literal,Rotana Hotels,http://www.w3.org/2001/XMLSchema#dateTime,literal,1992-01-01T00:00:00Z,uri,http://www.wikidata.org/entity/Q796,literal,,literal,,literal,,literal,http://www.wikidata.org/entity/Q1519,literal,,wd:Q842
5,uri,http://www.wikidata.org/entity/Q860379,en,literal,Oman Air,http://www.w3.org/2001/XMLSchema#dateTime,literal,1993-01-01T00:00:00Z,uri,http://www.wikidata.org/entity/Q842,literal,,literal,,literal,,literal,http://www.wikidata.org/entity/Q3826,literal,,wd:Q842
6,uri,http://www.wikidata.org/entity/Q7370229,en,literal,Rotana Hotels,http://www.w3.org/2001/XMLSchema#dateTime,literal,1992-01-01T00:00:00Z,uri,http://www.wikidata.org/entity/Q810,literal,,literal,,literal,,literal,http://www.wikidata.org/entity/Q1519,literal,,wd:Q842
7,uri,http://www.wikidata.org/entity/Q105581055,en,literal,Vision Insurance SAOG,http://www.w3.org/2001/XMLSchema#dateTime,literal,2007-09-01T00:00:00Z,uri,http://www.wikidata.org/entity/Q842,literal,http://www.wikidata.org/entity/Q43183,literal,,literal,,literal,,literal,,wd:Q842
8,uri,http://www.wikidata.org/entity/Q7370229,en,literal,Rotana Hotels,http://www.w3.org/2001/XMLSchema#dateTime,literal,1992-01-01T00:00:00Z,uri,http://www.wikidata.org/entity/Q817,literal,,literal,,literal,,literal,http://www.wikidata.org/entity/Q1519,literal,,wd:Q842
9,uri,http://www.wikidata.org/entity/Q7370229,en,literal,Rotana Hotels,http://www.w3.org/2001/XMLSchema#dateTime,literal,1992-01-01T00:00:00Z,uri,http://www.wikidata.org/entity/Q822,literal,,literal,,literal,,literal,http://www.wikidata.org/entity/Q1519,literal,,wd:Q842
10,uri,http://www.wikidata.org/entity/Q7370229,en,literal,Rotana Hotels,http://www.w3.org/2001/XMLSchema#dateTime,literal,1992-01-01T00:00:00Z,uri,http://www.wikidata.org/entity/Q974,literal,,literal,,literal,,literal,http://www.wikidata.org/entity/Q1519,literal,,wd:Q842
11,uri,http://www.wikidata.org/entity/Q7370229,en,literal,Rotana Hotels,http://www.w3.org/2001/XMLSchema#dateTime,literal,1992-01-01T00:00:00Z,uri,http://www.wikidata.org/entity/Q842,literal,,literal,,literal,,literal,http://www.wikidata.org/entity/Q1519,literal,,wd:Q842
12,uri,http://www.wikidata.org/entity/Q7370229,en,literal,Rotana Hotels,http://www.w3.org/2001/XMLSchema#dateTime,literal,1992-01-01T00:00:00Z,uri,http://www.wikidata.org/entity/Q846,literal,,literal,,literal,,literal,http://www.wikidata.org/entity/Q1519,literal,,wd:Q842
13,uri,http://www.wikidata.org/entity/Q7370229,en,literal,Rotana Hotels,http://www.w3.org/2001/XMLSchema#dateTime,literal,1992-01-01T00:00:00Z,uri,http://www.wikidata.org/entity/Q398,literal,,literal,,literal,,literal,http://www.wikidata.org/entity/Q1519,literal,,wd:Q842
14,uri,http://www.wikidata.org/entity/Q86499251,en,literal,Concept Technologies LLC,,,,uri,http://www.wikidata.org/entity/Q842,literal,,literal,,literal,,literal,,literal,,wd:Q842
15,uri,http://www.wikidata.org/entity/Q7370229,en,literal,Rotana Hotels,http://www.w3.org/2001/XMLSchema#dateTime,literal,1992-01-01T00:00:00Z,uri,http://www.wikidata.org/entity/Q851,literal,,literal,,literal,,literal,http://www.wikidata.org/entity/Q1519,literal,,wd:Q842
16,uri,http://www.wikidata.org/entity/Q7370229,en,literal,Rotana Hotels,http://www.w3.org/2001/XMLSchema#dateTime,literal,1992-01-01T00:00:00Z,uri,http://www.wikidata.org/entity/Q878,literal,,literal,,literal,,literal,http://www.wikidata.org/entity/Q1519,literal,,wd:Q842
17,uri,http://www.wikidata.org/entity/Q7370229,en,literal,Rotana Hotels,http://www.w3.org/2001/XMLSchema#dateTime,literal,1992-01-01T00:00:00Z,uri,http://www.wikidata.org/entity/Q43,literal,,literal,,literal,,literal,http://www.wikidata.org/entity/Q1519,literal,,wd:Q842
