,business.type,business.value,businessLabel.xml:lang,businessLabel.type,businessLabel.value,origindate.datatype,origindate.type,origindate.value,country.type,country.value,industries.type,industries.value,ceos.type,ceos.value,chairs.type,chairs.value,hqs.type,hqs.value,groups.type,groups.value,officialname.xml:lang,officialname.type,officialname.value,employees.datatype,employees.type,employees.value,country
0,uri,http://www.wikidata.org/entity/Q4849399,en,literal,Bakhtar News Agency,http://www.w3.org/2001/XMLSchema#dateTime,literal,1939-01-01T00:00:00Z,uri,http://www.wikidata.org/entity/Q889,literal,,literal,,literal,,literal,http://www.wikidata.org/entity/Q5838,literal,,,,,,,,wd:Q889
1,uri,http://www.wikidata.org/entity/Q63185661,en,literal,Oxygen Film Studio,http://www.w3.org/2001/XMLSchema#dateTime,literal,2014-01-01T00:00:00Z,uri,http://www.wikidata.org/entity/Q889,literal,http://www.wikidata.org/entity/Q1762059,literal,,literal,,literal,http://www.wikidata.org/entity/Q5838,literal,,,,,,,,wd:Q889
2,uri,http://www.wikidata.org/entity/Q7728705,en,literal,The Daily Outlook Afghanistan,http://www.w3.org/2001/XMLSchema#dateTime,literal,2004-01-01T00:00:00Z,uri,http://www.wikidata.org/entity/Q889,literal,,literal,,literal,,literal,,literal,,,,,,,,wd:Q889
3,uri,http://www.wikidata.org/entity/Q1156372,en,literal,Da Afghanistan Bank,http://www.w3.org/2001/XMLSchema#dateTime,literal,1939-01-01T00:00:00Z,uri,http://www.wikidata.org/entity/Q889,literal,,literal,,literal,,literal,http://www.wikidata.org/entity/Q5838,literal,,ps,literal,د افغانستان بانک,,,,wd:Q889
4,uri,http://www.wikidata.org/entity/Q5679623,,literal,Q5679623,,,,uri,http://www.wikidata.org/entity/Q889,literal,,literal,,literal,,literal,,literal,,,,,,,,wd:Q889
5,uri,http://www.wikidata.org/entity/Q3370273,en,literal,Daily Afghanistan,http://www.w3.org/2001/XMLSchema#dateTime,literal,2006-01-01T00:00:00Z,uri,http://www.wikidata.org/entity/Q889,literal,,literal,,literal,,literal,,literal,,,,,,,,wd:Q889
6,uri,http://www.wikidata.org/entity/Q383046,en,literal,Afghan Wireless,http://www.w3.org/2001/XMLSchema#dateTime,literal,2002-01-01T00:00:00Z,uri,http://www.wikidata.org/entity/Q889,literal,"http://www.wikidata.org/entity/Q56598901, http://www.wikidata.org/entity/Q25245117",literal,,literal,,literal,http://www.wikidata.org/entity/Q5838,literal,,,,,http://www.w3.org/2001/XMLSchema#decimal,literal,5500,wd:Q889
