,business.type,business.value,businessLabel.xml:lang,businessLabel.type,businessLabel.value,origindate.datatype,origindate.type,origindate.value,country.type,country.value,industries.type,industries.value,ceos.type,ceos.value,chairs.type,chairs.value,hqs.type,hqs.value,groups.type,groups.value,employees.datatype,employees.type,employees.value,officialname.xml:lang,officialname.type,officialname.value,country
0,uri,http://www.wikidata.org/entity/Q2691308,en,literal,Greenwich Pizza,http://www.w3.org/2001/XMLSchema#dateTime,literal,1971-01-01T00:00:00Z,uri,http://www.wikidata.org/entity/Q928,literal,"http://www.wikidata.org/entity/Q171141, http://www.wikidata.org/entity/Q126793",literal,,literal,,literal,http://www.wikidata.org/entity/Q1624,literal,,,,,,,,wd:Q928
1,uri,http://www.wikidata.org/entity/Q62391438,en,literal,Villarica Pawnshop,http://www.w3.org/2001/XMLSchema#dateTime,literal,1954-05-01T00:00:00Z,uri,http://www.wikidata.org/entity/Q928,literal,,literal,,literal,,literal,http://www.wikidata.org/entity/Q1461,literal,,,,,,,,wd:Q928
2,uri,http://www.wikidata.org/entity/Q60741625,en,literal,Potato Corner,http://www.w3.org/2001/XMLSchema#dateTime,literal,1992-01-01T00:00:00Z,uri,http://www.wikidata.org/entity/Q928,literal,,literal,,literal,,literal,,literal,,,,,,,,wd:Q928
3,uri,http://www.wikidata.org/entity/Q4680827,en,literal,Adarna House,http://www.w3.org/2001/XMLSchema#dateTime,literal,1980-01-01T00:00:00Z,uri,http://www.wikidata.org/entity/Q928,literal,,literal,,literal,,literal,http://www.wikidata.org/entity/Q1475,literal,,,,,,,,wd:Q928
4,uri,http://www.wikidata.org/entity/Q995151,en,literal,Cebu Pacific,http://www.w3.org/2001/XMLSchema#dateTime,literal,1996-01-01T00:00:00Z,uri,http://www.wikidata.org/entity/Q928,literal,,literal,,literal,,literal,http://www.wikidata.org/entity/Q1467,literal,,,,,,,,wd:Q928
5,uri,http://www.wikidata.org/entity/Q94480105,en,literal,BPI Family Savings Bank,http://www.w3.org/2001/XMLSchema#dateTime,literal,1985-07-01T00:00:00Z,uri,http://www.wikidata.org/entity/Q928,literal,http://www.wikidata.org/entity/Q837171,literal,,literal,,literal,http://www.wikidata.org/entity/Q1508,literal,,,,,,,,wd:Q928
6,uri,http://www.wikidata.org/entity/Q109766945,en,literal,Salazar Bakery,http://www.w3.org/2001/XMLSchema#dateTime,literal,1947-01-01T00:00:00Z,uri,http://www.wikidata.org/entity/Q928,literal,,literal,,literal,,literal,http://www.wikidata.org/entity/Q1903520,literal,,,,,,,,wd:Q928
7,uri,http://www.wikidata.org/entity/Q4667782,en,literal,Star Music,http://www.w3.org/2001/XMLSchema#dateTime,literal,1995-01-01T00:00:00Z,uri,http://www.wikidata.org/entity/Q928,literal,,literal,,literal,,literal,,literal,,,,,,,,wd:Q928
8,uri,http://www.wikidata.org/entity/Q35286220,en,literal,The Kinaray·a Chronicle,http://www.w3.org/2001/XMLSchema#dateTime,literal,2022-07-02T00:00:00Z,uri,http://www.wikidata.org/entity/Q928,literal,,literal,,literal,,literal,http://www.wikidata.org/entity/Q492619,literal,http://www.wikidata.org/entity/Q5292797,,,,,,,wd:Q928
9,uri,http://www.wikidata.org/entity/Q7817,en,literal,World Health Organization,http://www.w3.org/2001/XMLSchema#dateTime,literal,1948-04-07T00:00:00Z,uri,http://www.wikidata.org/entity/Q928,literal,http://www.wikidata.org/entity/Q29584363,literal,,literal,,literal,http://www.wikidata.org/entity/Q71,literal,,http://www.w3.org/2001/XMLSchema#decimal,literal,7000,ru,literal,Всемирная организация здравоохранения,wd:Q928
10,uri,http://www.wikidata.org/entity/Q62273503,en,literal,Minute Burger,http://www.w3.org/2001/XMLSchema#dateTime,literal,1982-01-01T00:00:00Z,uri,http://www.wikidata.org/entity/Q928,literal,,literal,,literal,,literal,,literal,,,,,,,,wd:Q928
11,uri,http://www.wikidata.org/entity/Q18387359,en,literal,China Bank Savings,,,,uri,http://www.wikidata.org/entity/Q928,literal,"http://www.wikidata.org/entity/Q1416657, http://www.wikidata.org/entity/Q837171",literal,,literal,,literal,http://www.wikidata.org/entity/Q1508,literal,,,,,,,,wd:Q928
12,uri,http://www.wikidata.org/entity/Q5513725,en,literal,GMA News and Public Affairs,,,,uri,http://www.wikidata.org/entity/Q928,literal,,literal,,literal,,literal,,literal,,,,,,,,wd:Q928
13,uri,http://www.wikidata.org/entity/Q113858405,en,literal,Hello Health Group,http://www.w3.org/2001/XMLSchema#dateTime,literal,2015-01-01T00:00:00Z,uri,http://www.wikidata.org/entity/Q928,literal,http://www.wikidata.org/entity/Q12147,literal,,literal,,literal,http://www.wikidata.org/entity/Q334,literal,,http://www.w3.org/2001/XMLSchema#decimal,literal,351,en,literal,Hello Health Group Pte. Ltd,wd:Q928
14,uri,http://www.wikidata.org/entity/Q1406037,en,literal,Philippine Postal Corporation,http://www.w3.org/2001/XMLSchema#dateTime,literal,1992-04-02T00:00:00Z,uri,http://www.wikidata.org/entity/Q928,literal,,literal,,literal,,literal,http://www.wikidata.org/entity/Q1997093,literal,,,,,,,,wd:Q928
15,uri,http://www.wikidata.org/entity/Q5975697,en,literal,iWant,http://www.w3.org/2001/XMLSchema#dateTime,literal,2011-01-01T00:00:00Z,uri,http://www.wikidata.org/entity/Q928,literal,,literal,,literal,,literal,,literal,,,,,,,,wd:Q928
16,uri,http://www.wikidata.org/entity/Q7817,en,literal,World Health Organization,http://www.w3.org/2001/XMLSchema#dateTime,literal,1948-04-07T00:00:00Z,uri,http://www.wikidata.org/entity/Q30,literal,http://www.wikidata.org/entity/Q29584363,literal,,literal,,literal,http://www.wikidata.org/entity/Q71,literal,,http://www.w3.org/2001/XMLSchema#decimal,literal,7000,ar,literal,منظمة الصحة العالمية,wd:Q928
17,uri,http://www.wikidata.org/entity/Q20726284,en,literal,Property Company of Friends,http://www.w3.org/2001/XMLSchema#dateTime,literal,1999-01-01T00:00:00Z,uri,http://www.wikidata.org/entity/Q928,literal,,literal,,literal,,literal,http://www.wikidata.org/entity/Q9085,literal,,,,,,,,wd:Q928
18,uri,http://www.wikidata.org/entity/Q6691186,en,literal,Love Radio Network,http://www.w3.org/2001/XMLSchema#dateTime,literal,1975-01-01T00:00:00Z,uri,http://www.wikidata.org/entity/Q928,literal,,literal,,literal,,literal,,literal,,,,,,,,wd:Q928
19,uri,http://www.wikidata.org/entity/Q113858405,en,literal,Hello Health Group,http://www.w3.org/2001/XMLSchema#dateTime,literal,2015-01-01T00:00:00Z,uri,http://www.wikidata.org/entity/Q334,literal,http://www.wikidata.org/entity/Q12147,literal,,literal,,literal,http://www.wikidata.org/entity/Q334,literal,,http://www.w3.org/2001/XMLSchema#decimal,literal,351,en,literal,Hello Health Group Pte. Ltd,wd:Q928
20,uri,http://www.wikidata.org/entity/Q2501256,en,literal,Bank of the Philippine Islands,http://www.w3.org/2001/XMLSchema#dateTime,literal,1851-08-01T00:00:00Z,uri,http://www.wikidata.org/entity/Q928,literal,http://www.wikidata.org/entity/Q837171,literal,,literal,,literal,http://www.wikidata.org/entity/Q1508,literal,,http://www.w3.org/2001/XMLSchema#decimal,literal,11925,,,,wd:Q928
21,uri,http://www.wikidata.org/entity/Q891930,en,literal,Bombo Radyo Philippines,http://www.w3.org/2001/XMLSchema#dateTime,literal,1966-07-06T00:00:00Z,uri,http://www.wikidata.org/entity/Q928,literal,http://www.wikidata.org/entity/Q1061197,literal,,literal,,literal,http://www.wikidata.org/entity/Q459787,literal,,,,,,,,wd:Q928
22,uri,http://www.wikidata.org/entity/Q1925799,en,literal,Metropolitan Bank and Trust Company,http://www.w3.org/2001/XMLSchema#dateTime,literal,1962-01-01T00:00:00Z,uri,http://www.wikidata.org/entity/Q928,literal,"http://www.wikidata.org/entity/Q1416657, http://www.wikidata.org/entity/Q837171, http://www.wikidata.org/entity/Q806718",literal,,literal,,literal,http://www.wikidata.org/entity/Q1508,literal,,,,,,,,wd:Q928
23,uri,http://www.wikidata.org/entity/Q83434356,en,literal,M Lhuillier,,,,uri,http://www.wikidata.org/entity/Q928,literal,,literal,,literal,,literal,,literal,,,,,,,,wd:Q928
24,uri,http://www.wikidata.org/entity/Q61090597,en,literal,Alpha Records,http://www.w3.org/2001/XMLSchema#dateTime,literal,1963-01-01T00:00:00Z,uri,http://www.wikidata.org/entity/Q928,literal,,literal,,literal,,literal,,literal,,,,,,,,wd:Q928
25,uri,http://www.wikidata.org/entity/Q7817,en,literal,World Health Organization,http://www.w3.org/2001/XMLSchema#dateTime,literal,1948-04-07T00:00:00Z,uri,http://www.wikidata.org/entity/Q35,literal,http://www.wikidata.org/entity/Q29584363,literal,,literal,,literal,http://www.wikidata.org/entity/Q71,literal,,http://www.w3.org/2001/XMLSchema#decimal,literal,7000,ar,literal,منظمة الصحة العالمية,wd:Q928
26,uri,http://www.wikidata.org/entity/Q7817,en,literal,World Health Organization,http://www.w3.org/2001/XMLSchema#dateTime,literal,1948-04-07T00:00:00Z,uri,http://www.wikidata.org/entity/Q971,literal,http://www.wikidata.org/entity/Q29584363,literal,,literal,,literal,http://www.wikidata.org/entity/Q71,literal,,http://www.w3.org/2001/XMLSchema#decimal,literal,7000,zh-hans,literal,世界卫生组织,wd:Q928
27,uri,http://www.wikidata.org/entity/Q5327595,en,literal,EastWest Bank,http://www.w3.org/2001/XMLSchema#dateTime,literal,1994-01-01T00:00:00Z,uri,http://www.wikidata.org/entity/Q928,literal,"http://www.wikidata.org/entity/Q1416657, http://www.wikidata.org/entity/Q837171, http://www.wikidata.org/entity/Q806718",literal,,literal,,literal,http://www.wikidata.org/entity/Q1508,literal,,,,,en,literal,East West Banking Corporation,wd:Q928
28,uri,http://www.wikidata.org/entity/Q13027508,en,literal,Jaltan,http://www.w3.org/2001/XMLSchema#dateTime,literal,1960-01-01T00:00:00Z,uri,http://www.wikidata.org/entity/Q928,literal,,literal,,literal,,literal,http://www.wikidata.org/entity/Q1473,literal,,,,,,,,wd:Q928
29,uri,http://www.wikidata.org/entity/Q7817,en,literal,World Health Organization,http://www.w3.org/2001/XMLSchema#dateTime,literal,1948-04-07T00:00:00Z,uri,http://www.wikidata.org/entity/Q668,literal,http://www.wikidata.org/entity/Q29584363,literal,,literal,,literal,http://www.wikidata.org/entity/Q71,literal,,http://www.w3.org/2001/XMLSchema#decimal,literal,7000,zh-hans,literal,世界卫生组织,wd:Q928
30,uri,http://www.wikidata.org/entity/Q113858405,en,literal,Hello Health Group,http://www.w3.org/2001/XMLSchema#dateTime,literal,2015-01-01T00:00:00Z,uri,http://www.wikidata.org/entity/Q252,literal,http://www.wikidata.org/entity/Q12147,literal,,literal,,literal,http://www.wikidata.org/entity/Q334,literal,,http://www.w3.org/2001/XMLSchema#decimal,literal,351,en,literal,Hello Health Group Pte. Ltd,wd:Q928
31,uri,http://www.wikidata.org/entity/Q37614,en,literal,Jollibee,http://www.w3.org/2001/XMLSchema#dateTime,literal,1975-01-01T00:00:00Z,uri,http://www.wikidata.org/entity/Q928,literal,http://www.wikidata.org/entity/Q1442415,literal,,literal,,literal,http://www.wikidata.org/entity/Q1624,literal,,,,,,,,wd:Q928
32,uri,http://www.wikidata.org/entity/Q7817,en,literal,World Health Organization,http://www.w3.org/2001/XMLSchema#dateTime,literal,1948-04-07T00:00:00Z,uri,http://www.wikidata.org/entity/Q39,literal,http://www.wikidata.org/entity/Q29584363,literal,,literal,,literal,http://www.wikidata.org/entity/Q71,literal,,http://www.w3.org/2001/XMLSchema#decimal,literal,7000,ar,literal,منظمة الصحة العالمية,wd:Q928
33,uri,http://www.wikidata.org/entity/Q16163148,en,literal,MyMusicStore,,,,uri,http://www.wikidata.org/entity/Q928,literal,,literal,,literal,,literal,,literal,,,,,,,,wd:Q928
34,uri,http://www.wikidata.org/entity/Q72361196,en,literal,Taytay sa Kauswagan,http://www.w3.org/2001/XMLSchema#dateTime,literal,1986-01-01T00:00:00Z,uri,http://www.wikidata.org/entity/Q928,literal,"http://www.wikidata.org/entity/Q837171, http://www.wikidata.org/entity/Q806718",literal,,literal,,literal,,literal,,,,,,,,wd:Q928
35,uri,http://www.wikidata.org/entity/Q18712406,en,literal,Lazada Group,http://www.w3.org/2001/XMLSchema#dateTime,literal,2012-01-01T00:00:00Z,uri,http://www.wikidata.org/entity/Q928,literal,http://www.wikidata.org/entity/Q484847,literal,,literal,,literal,http://www.wikidata.org/entity/Q334,literal,,http://www.w3.org/2001/XMLSchema#decimal,literal,4000,,,,wd:Q928
36,uri,http://www.wikidata.org/entity/Q7444945,en,literal,Security Bank Corporation,http://www.w3.org/2001/XMLSchema#dateTime,literal,1951-01-01T00:00:00Z,uri,http://www.wikidata.org/entity/Q928,literal,http://www.wikidata.org/entity/Q837171,literal,,literal,,literal,http://www.wikidata.org/entity/Q1508,literal,,,,,,,,wd:Q928
37,uri,http://www.wikidata.org/entity/Q97657682,en,literal,Inquirer Interactive,,,,uri,http://www.wikidata.org/entity/Q928,literal,,literal,,literal,,literal,,literal,http://www.wikidata.org/entity/Q60743627,,,,,,,wd:Q928
38,uri,http://www.wikidata.org/entity/Q18712406,en,literal,Lazada Group,http://www.w3.org/2001/XMLSchema#dateTime,literal,2012-01-01T00:00:00Z,uri,http://www.wikidata.org/entity/Q334,literal,http://www.wikidata.org/entity/Q484847,literal,,literal,,literal,http://www.wikidata.org/entity/Q334,literal,,http://www.w3.org/2001/XMLSchema#decimal,literal,4000,,,,wd:Q928
39,uri,http://www.wikidata.org/entity/Q5175263,en,literal,Cotabato Light and Power Company,http://www.w3.org/2001/XMLSchema#dateTime,literal,1938-01-01T00:00:00Z,uri,http://www.wikidata.org/entity/Q928,literal,http://www.wikidata.org/entity/Q2316331,literal,,literal,,literal,http://www.wikidata.org/entity/Q726993,literal,,,,,,,,wd:Q928
40,uri,http://www.wikidata.org/entity/Q105713967,en,literal,Orange Brutus,http://www.w3.org/2001/XMLSchema#dateTime,literal,1980-01-01T00:00:00Z,uri,http://www.wikidata.org/entity/Q928,literal,,literal,,literal,,literal,http://www.wikidata.org/entity/Q26821281,literal,,,,,,,,wd:Q928
41,uri,http://www.wikidata.org/entity/Q7817,en,literal,World Health Organization,http://www.w3.org/2001/XMLSchema#dateTime,literal,1948-04-07T00:00:00Z,uri,http://www.wikidata.org/entity/Q971,literal,http://www.wikidata.org/entity/Q29584363,literal,,literal,,literal,http://www.wikidata.org/entity/Q71,literal,,http://www.w3.org/2001/XMLSchema#decimal,literal,7000,fr,literal,Organisation mondiale de la Santé,wd:Q928
42,uri,http://www.wikidata.org/entity/Q7817,en,literal,World Health Organization,http://www.w3.org/2001/XMLSchema#dateTime,literal,1948-04-07T00:00:00Z,uri,http://www.wikidata.org/entity/Q668,literal,http://www.wikidata.org/entity/Q29584363,literal,,literal,,literal,http://www.wikidata.org/entity/Q71,literal,,http://www.w3.org/2001/XMLSchema#decimal,literal,7000,fr,literal,Organisation mondiale de la Santé,wd:Q928
43,uri,http://www.wikidata.org/entity/Q7817,en,literal,World Health Organization,http://www.w3.org/2001/XMLSchema#dateTime,literal,1948-04-07T00:00:00Z,uri,http://www.wikidata.org/entity/Q30,literal,http://www.wikidata.org/entity/Q29584363,literal,,literal,,literal,http://www.wikidata.org/entity/Q71,literal,,http://www.w3.org/2001/XMLSchema#decimal,literal,7000,en,literal,World Health Organization,wd:Q928
44,uri,http://www.wikidata.org/entity/Q3544836,en,literal,Radio Mindanao Network,http://www.w3.org/2001/XMLSchema#dateTime,literal,1952-01-01T00:00:00Z,uri,http://www.wikidata.org/entity/Q30,literal,http://www.wikidata.org/entity/Q1061197,literal,,literal,,literal,http://www.wikidata.org/entity/Q1508,literal,,,,,,,,wd:Q928
45,uri,http://www.wikidata.org/entity/Q7817,en,literal,World Health Organization,http://www.w3.org/2001/XMLSchema#dateTime,literal,1948-04-07T00:00:00Z,uri,http://www.wikidata.org/entity/Q971,literal,http://www.wikidata.org/entity/Q29584363,literal,,literal,,literal,http://www.wikidata.org/entity/Q71,literal,,http://www.w3.org/2001/XMLSchema#decimal,literal,7000,es,literal,Organización Mundial de la Salud,wd:Q928
46,uri,http://www.wikidata.org/entity/Q7817,en,literal,World Health Organization,http://www.w3.org/2001/XMLSchema#dateTime,literal,1948-04-07T00:00:00Z,uri,http://www.wikidata.org/entity/Q668,literal,http://www.wikidata.org/entity/Q29584363,literal,,literal,,literal,http://www.wikidata.org/entity/Q71,literal,,http://www.w3.org/2001/XMLSchema#decimal,literal,7000,es,literal,Organización Mundial de la Salud,wd:Q928
47,uri,http://www.wikidata.org/entity/Q18712406,en,literal,Lazada Group,http://www.w3.org/2001/XMLSchema#dateTime,literal,2012-01-01T00:00:00Z,uri,http://www.wikidata.org/entity/Q252,literal,http://www.wikidata.org/entity/Q484847,literal,,literal,,literal,http://www.wikidata.org/entity/Q334,literal,,http://www.w3.org/2001/XMLSchema#decimal,literal,4000,,,,wd:Q928
48,uri,http://www.wikidata.org/entity/Q7226103,en,literal,PolyEast Records,http://www.w3.org/2001/XMLSchema#dateTime,literal,1977-01-01T00:00:00Z,uri,http://www.wikidata.org/entity/Q928,literal,http://www.wikidata.org/entity/Q638,literal,,literal,,literal,http://www.wikidata.org/entity/Q1475,literal,,,,,,,,wd:Q928
49,uri,http://www.wikidata.org/entity/Q7817,en,literal,World Health Organization,http://www.w3.org/2001/XMLSchema#dateTime,literal,1948-04-07T00:00:00Z,uri,http://www.wikidata.org/entity/Q35,literal,http://www.wikidata.org/entity/Q29584363,literal,,literal,,literal,http://www.wikidata.org/entity/Q71,literal,,http://www.w3.org/2001/XMLSchema#decimal,literal,7000,en,literal,World Health Organization,wd:Q928
50,uri,http://www.wikidata.org/entity/Q644167,en,literal,PLDT,http://www.w3.org/2001/XMLSchema#dateTime,literal,1928-01-01T00:00:00Z,uri,http://www.wikidata.org/entity/Q928,literal,http://www.wikidata.org/entity/Q25245117,literal,,literal,,literal,http://www.wikidata.org/entity/Q1508,literal,,http://www.w3.org/2001/XMLSchema#decimal,literal,18926,,,,wd:Q928
51,uri,http://www.wikidata.org/entity/Q6483872,en,literal,Land Bank of the Philippines,http://www.w3.org/2001/XMLSchema#dateTime,literal,1963-01-01T00:00:00Z,uri,http://www.wikidata.org/entity/Q928,literal,"http://www.wikidata.org/entity/Q1416657, http://www.wikidata.org/entity/Q837171, http://www.wikidata.org/entity/Q806718",literal,,literal,,literal,http://www.wikidata.org/entity/Q1461,literal,,,,,,,,wd:Q928
52,uri,http://www.wikidata.org/entity/Q287617,en,literal,ABS-CBN Corporation,http://www.w3.org/2001/XMLSchema#dateTime,literal,1946-06-14T00:00:00Z,uri,http://www.wikidata.org/entity/Q928,literal,http://www.wikidata.org/entity/Q11033,literal,,literal,,literal,http://www.wikidata.org/entity/Q1475,literal,,http://www.w3.org/2001/XMLSchema#decimal,literal,7406,,,,wd:Q928
53,uri,http://www.wikidata.org/entity/Q5228152,en,literal,Davao Light and Power Company,http://www.w3.org/2001/XMLSchema#dateTime,literal,1929-01-01T00:00:00Z,uri,http://www.wikidata.org/entity/Q928,literal,http://www.wikidata.org/entity/Q2316331,literal,,literal,,literal,http://www.wikidata.org/entity/Q1473,literal,,,,,,,,wd:Q928
54,uri,http://www.wikidata.org/entity/Q7817,en,literal,World Health Organization,http://www.w3.org/2001/XMLSchema#dateTime,literal,1948-04-07T00:00:00Z,uri,http://www.wikidata.org/entity/Q39,literal,http://www.wikidata.org/entity/Q29584363,literal,,literal,,literal,http://www.wikidata.org/entity/Q71,literal,,http://www.w3.org/2001/XMLSchema#decimal,literal,7000,en,literal,World Health Organization,wd:Q928
55,uri,http://www.wikidata.org/entity/Q7389549,en,literal,SEAOIL Philippines,http://www.w3.org/2001/XMLSchema#dateTime,literal,1978-01-01T00:00:00Z,uri,http://www.wikidata.org/entity/Q928,literal,http://www.wikidata.org/entity/Q862571,literal,,literal,,literal,,literal,,,,,,,,wd:Q928
56,uri,http://www.wikidata.org/entity/Q62391488,en,literal,Palawan Pawnshop,http://www.w3.org/2001/XMLSchema#dateTime,literal,1985-08-17T00:00:00Z,uri,http://www.wikidata.org/entity/Q928,literal,,literal,,literal,,literal,http://www.wikidata.org/entity/Q111739,literal,,,,,,,,wd:Q928
57,uri,http://www.wikidata.org/entity/Q113882432,en,literal,Cabanatuan Electric Corporation,http://www.w3.org/2001/XMLSchema#dateTime,literal,1910-01-16T00:00:00Z,uri,http://www.wikidata.org/entity/Q928,literal,http://www.wikidata.org/entity/Q2316331,literal,,literal,,literal,http://www.wikidata.org/entity/Q55595,literal,,,,,,,,wd:Q928
58,uri,http://www.wikidata.org/entity/Q4886917,en,literal,Bench,http://www.w3.org/2001/XMLSchema#dateTime,literal,1987-08-03T00:00:00Z,uri,http://www.wikidata.org/entity/Q928,literal,http://www.wikidata.org/entity/Q11828862,literal,,literal,,literal,http://www.wikidata.org/entity/Q1508,literal,,,,,,,,wd:Q928
59,uri,http://www.wikidata.org/entity/Q106484141,en,literal,National Irrigation Administration,http://www.w3.org/2001/XMLSchema#dateTime,literal,1963-06-22T00:00:00Z,uri,http://www.wikidata.org/entity/Q928,literal,,literal,,literal,,literal,,literal,,,,,,,,wd:Q928
60,uri,http://www.wikidata.org/entity/Q17065023,en,literal,Chooks-to-Go,http://www.w3.org/2001/XMLSchema#dateTime,literal,2009-01-01T00:00:00Z,uri,http://www.wikidata.org/entity/Q928,literal,,literal,,literal,,literal,,literal,,,,,,,,wd:Q928
61,uri,http://www.wikidata.org/entity/Q5092432,en,literal,Cherry Mobile,http://www.w3.org/2001/XMLSchema#dateTime,literal,2009-01-01T00:00:00Z,uri,http://www.wikidata.org/entity/Q928,literal,,literal,,literal,,literal,http://www.wikidata.org/entity/Q1461,literal,,,,,,,,wd:Q928
62,uri,http://www.wikidata.org/entity/Q6083690,en,literal,Manila Broadcasting Company,http://www.w3.org/2001/XMLSchema#dateTime,literal,1946-06-12T00:00:00Z,uri,http://www.wikidata.org/entity/Q928,literal,http://www.wikidata.org/entity/Q11033,literal,,literal,,literal,http://www.wikidata.org/entity/Q17189,literal,,,,,,,,wd:Q928
63,uri,http://www.wikidata.org/entity/Q8062935,en,literal,Zamboanga City Electric Cooperative,http://www.w3.org/2001/XMLSchema#dateTime,literal,1974-02-23T00:00:00Z,uri,http://www.wikidata.org/entity/Q928,literal,http://www.wikidata.org/entity/Q2316331,literal,,literal,,literal,http://www.wikidata.org/entity/Q1629,literal,,,,,,,,wd:Q928
64,uri,http://www.wikidata.org/entity/Q7817,en,literal,World Health Organization,http://www.w3.org/2001/XMLSchema#dateTime,literal,1948-04-07T00:00:00Z,uri,http://www.wikidata.org/entity/Q971,literal,http://www.wikidata.org/entity/Q29584363,literal,,literal,,literal,http://www.wikidata.org/entity/Q71,literal,,http://www.w3.org/2001/XMLSchema#decimal,literal,7000,ru,literal,Всемирная организация здравоохранения,wd:Q928
65,uri,http://www.wikidata.org/entity/Q7817,en,literal,World Health Organization,http://www.w3.org/2001/XMLSchema#dateTime,literal,1948-04-07T00:00:00Z,uri,http://www.wikidata.org/entity/Q668,literal,http://www.wikidata.org/entity/Q29584363,literal,,literal,,literal,http://www.wikidata.org/entity/Q71,literal,,http://www.w3.org/2001/XMLSchema#decimal,literal,7000,ru,literal,Всемирная организация здравоохранения,wd:Q928
66,uri,http://www.wikidata.org/entity/Q48771333,en,literal,Philippine Charity Sweepstakes Office,http://www.w3.org/2001/XMLSchema#dateTime,literal,1934-01-01T00:00:00Z,uri,http://www.wikidata.org/entity/Q928,literal,,literal,,literal,,literal,,literal,,,,,,,,wd:Q928
67,uri,http://www.wikidata.org/entity/Q1657971,en,literal,Philippine National Bank,http://www.w3.org/2001/XMLSchema#dateTime,literal,1916-01-01T00:00:00Z,uri,http://www.wikidata.org/entity/Q928,literal,"http://www.wikidata.org/entity/Q837171, http://www.wikidata.org/entity/Q806718",literal,,literal,,literal,http://www.wikidata.org/entity/Q17189,literal,,,,,,,,wd:Q928
68,uri,http://www.wikidata.org/entity/Q14903716,en,literal,Rappler,http://www.w3.org/2001/XMLSchema#dateTime,literal,2012-01-01T00:00:00Z,uri,http://www.wikidata.org/entity/Q928,literal,,literal,,literal,,literal,http://www.wikidata.org/entity/Q1624,literal,,,,,,,,wd:Q928
69,uri,http://www.wikidata.org/entity/Q113858405,en,literal,Hello Health Group,http://www.w3.org/2001/XMLSchema#dateTime,literal,2015-01-01T00:00:00Z,uri,http://www.wikidata.org/entity/Q668,literal,http://www.wikidata.org/entity/Q12147,literal,,literal,,literal,http://www.wikidata.org/entity/Q334,literal,,http://www.w3.org/2001/XMLSchema#decimal,literal,351,en,literal,Hello Health Group Pte. Ltd,wd:Q928
70,uri,http://www.wikidata.org/entity/Q108822148,en,literal,Maya,,,,uri,http://www.wikidata.org/entity/Q928,literal,http://www.wikidata.org/entity/Q837171,literal,,literal,,literal,http://www.wikidata.org/entity/Q13580,literal,,,,,,,,wd:Q928
71,uri,http://www.wikidata.org/entity/Q7185037,en,literal,Philippine Deposit Insurance Corporation,http://www.w3.org/2001/XMLSchema#dateTime,literal,1963-01-01T00:00:00Z,uri,http://www.wikidata.org/entity/Q928,literal,http://www.wikidata.org/entity/Q837171,literal,,literal,,literal,,literal,,,,,,,,wd:Q928
72,uri,http://www.wikidata.org/entity/Q3250624,en,literal,Intercontinental Broadcasting Corporation,http://www.w3.org/2001/XMLSchema#dateTime,literal,1960-01-01T00:00:00Z,uri,http://www.wikidata.org/entity/Q928,literal,http://www.wikidata.org/entity/Q2324556,literal,,literal,,literal,http://www.wikidata.org/entity/Q1475,literal,,,,,,,,wd:Q928
73,uri,http://www.wikidata.org/entity/Q67907632,en,literal,Edukasyon.ph,,,,uri,http://www.wikidata.org/entity/Q928,literal,,literal,http://www.wikidata.org/entity/Q67908027,literal,,literal,http://www.wikidata.org/entity/Q13580,literal,,,,,,,,wd:Q928
74,uri,http://www.wikidata.org/entity/Q112161529,en,literal,UCPB Savings Bank,http://www.w3.org/2001/XMLSchema#dateTime,literal,1962-10-18T00:00:00Z,uri,http://www.wikidata.org/entity/Q928,literal,http://www.wikidata.org/entity/Q806718,literal,,literal,,literal,http://www.wikidata.org/entity/Q1508,literal,,,,,,,,wd:Q928
75,uri,http://www.wikidata.org/entity/Q62275048,en,literal,Flying V,,,,uri,http://www.wikidata.org/entity/Q928,literal,,literal,,literal,,literal,,literal,,,,,,,,wd:Q928
76,uri,http://www.wikidata.org/entity/Q1401524,en,literal,University of Santo Tomas,http://www.w3.org/2001/XMLSchema#dateTime,literal,1611-01-01T00:00:00Z,uri,http://www.wikidata.org/entity/Q928,literal,,literal,,literal,,literal,http://www.wikidata.org/entity/Q1461,literal,,,,,,,,wd:Q928
77,uri,http://www.wikidata.org/entity/Q114325646,en,literal,SeaBank Philippines,http://www.w3.org/2001/XMLSchema#dateTime,literal,1965-12-05T00:00:00Z,uri,http://www.wikidata.org/entity/Q928,literal,http://www.wikidata.org/entity/Q806718,literal,,literal,,literal,http://www.wikidata.org/entity/Q75905,literal,,,,,,,,wd:Q928
78,uri,http://www.wikidata.org/entity/Q1853468,en,literal,Bangko Sentral ng Pilipinas,http://www.w3.org/2001/XMLSchema#dateTime,literal,1993-07-03T00:00:00Z,uri,http://www.wikidata.org/entity/Q928,literal,,literal,,literal,http://www.wikidata.org/entity/Q29870794,literal,http://www.wikidata.org/entity/Q1461,literal,http://www.wikidata.org/entity/Q55713036,,,,,,,wd:Q928
79,uri,http://www.wikidata.org/entity/Q6508917,en,literal,Penshoppe,http://www.w3.org/2001/XMLSchema#dateTime,literal,1986-01-01T00:00:00Z,uri,http://www.wikidata.org/entity/Q928,literal,http://www.wikidata.org/entity/Q11828862,literal,,literal,,literal,http://www.wikidata.org/entity/Q1475,literal,,,,,,,,wd:Q928
80,uri,http://www.wikidata.org/entity/Q54133639,en,literal,trending.ph,http://www.w3.org/2001/XMLSchema#dateTime,literal,2015-01-01T00:00:00Z,uri,http://www.wikidata.org/entity/Q16,literal,http://www.wikidata.org/entity/Q56611639,literal,,literal,,literal,,literal,,,,,,,,wd:Q928
81,uri,http://www.wikidata.org/entity/Q7543955,en,literal,Smart Communications,http://www.w3.org/2001/XMLSchema#dateTime,literal,1991-01-01T00:00:00Z,uri,http://www.wikidata.org/entity/Q928,literal,"http://www.wikidata.org/entity/Q56598901, http://www.wikidata.org/entity/Q25245117, http://www.wikidata.org/entity/Q18390969",literal,,literal,,literal,"http://www.wikidata.org/entity/Q1508, http://www.wikidata.org/entity/Q1461",literal,,,,,,,,wd:Q928
82,uri,http://www.wikidata.org/entity/Q7817,en,literal,World Health Organization,http://www.w3.org/2001/XMLSchema#dateTime,literal,1948-04-07T00:00:00Z,uri,http://www.wikidata.org/entity/Q79,literal,http://www.wikidata.org/entity/Q29584363,literal,,literal,,literal,http://www.wikidata.org/entity/Q71,literal,,http://www.w3.org/2001/XMLSchema#decimal,literal,7000,ar,literal,منظمة الصحة العالمية,wd:Q928
83,uri,http://www.wikidata.org/entity/Q1319117,en,literal,AirAsia Philippines,http://www.w3.org/2001/XMLSchema#dateTime,literal,2010-01-01T00:00:00Z,uri,http://www.wikidata.org/entity/Q928,literal,,literal,,literal,,literal,http://www.wikidata.org/entity/Q55741,literal,,,,,,,,wd:Q928
84,uri,http://www.wikidata.org/entity/Q7702954,en,literal,Terno Recordings,,,,uri,http://www.wikidata.org/entity/Q928,literal,,literal,,literal,,literal,,literal,,,,,,,,wd:Q928
85,uri,http://www.wikidata.org/entity/Q7817,en,literal,World Health Organization,http://www.w3.org/2001/XMLSchema#dateTime,literal,1948-04-07T00:00:00Z,uri,http://www.wikidata.org/entity/Q30,literal,http://www.wikidata.org/entity/Q29584363,literal,,literal,,literal,http://www.wikidata.org/entity/Q71,literal,,http://www.w3.org/2001/XMLSchema#decimal,literal,7000,zh-hans,literal,世界卫生组织,wd:Q928
86,uri,http://www.wikidata.org/entity/Q17149004,en,literal,Vibal Publishing House,http://www.w3.org/2001/XMLSchema#dateTime,literal,1953-01-01T00:00:00Z,uri,http://www.wikidata.org/entity/Q928,literal,,literal,,literal,,literal,http://www.wikidata.org/entity/Q1475,literal,,,,,,,,wd:Q928
87,uri,http://www.wikidata.org/entity/Q113858405,en,literal,Hello Health Group,http://www.w3.org/2001/XMLSchema#dateTime,literal,2015-01-01T00:00:00Z,uri,http://www.wikidata.org/entity/Q833,literal,http://www.wikidata.org/entity/Q12147,literal,,literal,,literal,http://www.wikidata.org/entity/Q334,literal,,http://www.w3.org/2001/XMLSchema#decimal,literal,351,en,literal,Hello Health Group Pte. Ltd,wd:Q928
88,uri,http://www.wikidata.org/entity/Q7817,en,literal,World Health Organization,http://www.w3.org/2001/XMLSchema#dateTime,literal,1948-04-07T00:00:00Z,uri,http://www.wikidata.org/entity/Q35,literal,http://www.wikidata.org/entity/Q29584363,literal,,literal,,literal,http://www.wikidata.org/entity/Q71,literal,,http://www.w3.org/2001/XMLSchema#decimal,literal,7000,zh-hans,literal,世界卫生组织,wd:Q928
89,uri,http://www.wikidata.org/entity/Q3544661,en,literal,Universal Records,http://www.w3.org/2001/XMLSchema#dateTime,literal,1977-01-01T00:00:00Z,uri,http://www.wikidata.org/entity/Q928,literal,,literal,,literal,,literal,,literal,,,,,,,,wd:Q928
90,uri,http://www.wikidata.org/entity/Q113858405,en,literal,Hello Health Group,http://www.w3.org/2001/XMLSchema#dateTime,literal,2015-01-01T00:00:00Z,uri,http://www.wikidata.org/entity/Q836,literal,http://www.wikidata.org/entity/Q12147,literal,,literal,,literal,http://www.wikidata.org/entity/Q334,literal,,http://www.w3.org/2001/XMLSchema#decimal,literal,351,en,literal,Hello Health Group Pte. Ltd,wd:Q928
91,uri,http://www.wikidata.org/entity/Q7186949,en,literal,"Phoenix Petroleum Philippines, Inc.",http://www.w3.org/2001/XMLSchema#dateTime,literal,2002-01-01T00:00:00Z,uri,http://www.wikidata.org/entity/Q928,literal,http://www.wikidata.org/entity/Q862571,literal,,literal,,literal,http://www.wikidata.org/entity/Q1473,literal,,,,,,,,wd:Q928
92,uri,http://www.wikidata.org/entity/Q22907073,en,literal,Carousell,http://www.w3.org/2001/XMLSchema#dateTime,literal,2012-05-01T00:00:00Z,uri,http://www.wikidata.org/entity/Q928,literal,http://www.wikidata.org/entity/Q484847,literal,,literal,,literal,"http://www.wikidata.org/entity/Q928, http://www.wikidata.org/entity/Q334",literal,,,,,,,,wd:Q928
93,uri,http://www.wikidata.org/entity/Q7817,en,literal,World Health Organization,http://www.w3.org/2001/XMLSchema#dateTime,literal,1948-04-07T00:00:00Z,uri,http://www.wikidata.org/entity/Q30,literal,http://www.wikidata.org/entity/Q29584363,literal,,literal,,literal,http://www.wikidata.org/entity/Q71,literal,,http://www.w3.org/2001/XMLSchema#decimal,literal,7000,fr,literal,Organisation mondiale de la Santé,wd:Q928
94,uri,http://www.wikidata.org/entity/Q3543983,en,literal,Globe Telecom,http://www.w3.org/2001/XMLSchema#dateTime,literal,1935-01-01T00:00:00Z,uri,http://www.wikidata.org/entity/Q928,literal,"http://www.wikidata.org/entity/Q56598901, http://www.wikidata.org/entity/Q25245117, http://www.wikidata.org/entity/Q18390969",literal,,literal,,literal,"http://www.wikidata.org/entity/Q1508, http://www.wikidata.org/entity/Q1461",literal,http://www.wikidata.org/entity/Q4966205,,,,,,,wd:Q928
95,uri,http://www.wikidata.org/entity/Q7817,en,literal,World Health Organization,http://www.w3.org/2001/XMLSchema#dateTime,literal,1948-04-07T00:00:00Z,uri,http://www.wikidata.org/entity/Q39,literal,http://www.wikidata.org/entity/Q29584363,literal,,literal,,literal,http://www.wikidata.org/entity/Q71,literal,,http://www.w3.org/2001/XMLSchema#decimal,literal,7000,zh-hans,literal,世界卫生组织,wd:Q928
96,uri,http://www.wikidata.org/entity/Q1994975,en,literal,Ayala Corporation,http://www.w3.org/2001/XMLSchema#dateTime,literal,1834-01-01T00:00:00Z,uri,http://www.wikidata.org/entity/Q928,literal,,literal,,literal,,literal,http://www.wikidata.org/entity/Q1508,literal,,,,,,,,wd:Q928
97,uri,http://www.wikidata.org/entity/Q7637835,en,literal,Summit Media,http://www.w3.org/2001/XMLSchema#dateTime,literal,1995-01-01T00:00:00Z,uri,http://www.wikidata.org/entity/Q928,literal,http://www.wikidata.org/entity/Q3972943,literal,,literal,,literal,http://www.wikidata.org/entity/Q9085,literal,,,,,,,,wd:Q928
98,uri,http://www.wikidata.org/entity/Q22907073,en,literal,Carousell,http://www.w3.org/2001/XMLSchema#dateTime,literal,2012-05-01T00:00:00Z,uri,http://www.wikidata.org/entity/Q334,literal,http://www.wikidata.org/entity/Q484847,literal,,literal,,literal,"http://www.wikidata.org/entity/Q928, http://www.wikidata.org/entity/Q334",literal,,,,,,,,wd:Q928
99,uri,http://www.wikidata.org/entity/Q7185413,en,literal,Philippine News Agency,http://www.w3.org/2001/XMLSchema#dateTime,literal,1973-03-01T00:00:00Z,uri,http://www.wikidata.org/entity/Q928,literal,,literal,,literal,,literal,http://www.wikidata.org/entity/Q1475,literal,,,,,,,,wd:Q928
100,uri,http://www.wikidata.org/entity/Q7093019,en,literal,BDO Network Bank,http://www.w3.org/2001/XMLSchema#dateTime,literal,2004-01-01T00:00:00Z,uri,http://www.wikidata.org/entity/Q928,literal,"http://www.wikidata.org/entity/Q1416657, http://www.wikidata.org/entity/Q837171, http://www.wikidata.org/entity/Q806718",literal,,literal,,literal,,literal,,,,,,,,wd:Q928
101,uri,http://www.wikidata.org/entity/Q16931585,en,literal,Lyceum of the Philippines University–Batangas,http://www.w3.org/2001/XMLSchema#dateTime,literal,1966-09-01T00:00:00Z,uri,http://www.wikidata.org/entity/Q928,literal,,literal,,literal,,literal,,literal,,,,,,,,wd:Q928
102,uri,http://www.wikidata.org/entity/Q7817,en,literal,World Health Organization,http://www.w3.org/2001/XMLSchema#dateTime,literal,1948-04-07T00:00:00Z,uri,http://www.wikidata.org/entity/Q35,literal,http://www.wikidata.org/entity/Q29584363,literal,,literal,,literal,http://www.wikidata.org/entity/Q71,literal,,http://www.w3.org/2001/XMLSchema#decimal,literal,7000,fr,literal,Organisation mondiale de la Santé,wd:Q928
103,uri,http://www.wikidata.org/entity/Q7817,en,literal,World Health Organization,http://www.w3.org/2001/XMLSchema#dateTime,literal,1948-04-07T00:00:00Z,uri,http://www.wikidata.org/entity/Q30,literal,http://www.wikidata.org/entity/Q29584363,literal,,literal,,literal,http://www.wikidata.org/entity/Q71,literal,,http://www.w3.org/2001/XMLSchema#decimal,literal,7000,es,literal,Organización Mundial de la Salud,wd:Q928
104,uri,http://www.wikidata.org/entity/Q7391510,en,literal,SM Supermalls,http://www.w3.org/2001/XMLSchema#dateTime,literal,1985-11-08T00:00:00Z,uri,http://www.wikidata.org/entity/Q928,literal,,literal,,literal,,literal,,literal,,,,,,,,wd:Q928
105,uri,http://www.wikidata.org/entity/Q7817,en,literal,World Health Organization,http://www.w3.org/2001/XMLSchema#dateTime,literal,1948-04-07T00:00:00Z,uri,http://www.wikidata.org/entity/Q79,literal,http://www.wikidata.org/entity/Q29584363,literal,,literal,,literal,http://www.wikidata.org/entity/Q71,literal,,http://www.w3.org/2001/XMLSchema#decimal,literal,7000,en,literal,World Health Organization,wd:Q928
106,uri,http://www.wikidata.org/entity/Q18712406,en,literal,Lazada Group,http://www.w3.org/2001/XMLSchema#dateTime,literal,2012-01-01T00:00:00Z,uri,http://www.wikidata.org/entity/Q833,literal,http://www.wikidata.org/entity/Q484847,literal,,literal,,literal,http://www.wikidata.org/entity/Q334,literal,,http://www.w3.org/2001/XMLSchema#decimal,literal,4000,,,,wd:Q928
107,uri,http://www.wikidata.org/entity/Q6817918,en,literal,Meralco,,,,uri,http://www.wikidata.org/entity/Q928,literal,http://www.wikidata.org/entity/Q2316331,literal,,literal,,literal,http://www.wikidata.org/entity/Q1624,literal,,,,,,,,wd:Q928
108,uri,http://www.wikidata.org/entity/Q7817,en,literal,World Health Organization,http://www.w3.org/2001/XMLSchema#dateTime,literal,1948-04-07T00:00:00Z,uri,http://www.wikidata.org/entity/Q928,literal,http://www.wikidata.org/entity/Q29584363,literal,,literal,,literal,http://www.wikidata.org/entity/Q71,literal,,http://www.w3.org/2001/XMLSchema#decimal,literal,7000,ar,literal,منظمة الصحة العالمية,wd:Q928
109,uri,http://www.wikidata.org/entity/Q7817,en,literal,World Health Organization,http://www.w3.org/2001/XMLSchema#dateTime,literal,1948-04-07T00:00:00Z,uri,http://www.wikidata.org/entity/Q39,literal,http://www.wikidata.org/entity/Q29584363,literal,,literal,,literal,http://www.wikidata.org/entity/Q71,literal,,http://www.w3.org/2001/XMLSchema#decimal,literal,7000,fr,literal,Organisation mondiale de la Santé,wd:Q928
110,uri,http://www.wikidata.org/entity/Q86750472,en,literal,Sony Music Philippines,,,,uri,http://www.wikidata.org/entity/Q928,literal,,literal,,literal,,literal,,literal,,,,,,,,wd:Q928
111,uri,http://www.wikidata.org/entity/Q7817,en,literal,World Health Organization,http://www.w3.org/2001/XMLSchema#dateTime,literal,1948-04-07T00:00:00Z,uri,http://www.wikidata.org/entity/Q35,literal,http://www.wikidata.org/entity/Q29584363,literal,,literal,,literal,http://www.wikidata.org/entity/Q71,literal,,http://www.w3.org/2001/XMLSchema#decimal,literal,7000,es,literal,Organización Mundial de la Salud,wd:Q928
112,uri,http://www.wikidata.org/entity/Q7185272,en,literal,Philippine Veterans Bank,http://www.w3.org/2001/XMLSchema#dateTime,literal,1963-01-01T00:00:00Z,uri,http://www.wikidata.org/entity/Q928,literal,http://www.wikidata.org/entity/Q22687,literal,,literal,,literal,http://www.wikidata.org/entity/Q1508,literal,,,,,,,,wd:Q928
113,uri,http://www.wikidata.org/entity/Q5580198,en,literal,Goldilocks Bakeshop,http://www.w3.org/2001/XMLSchema#dateTime,literal,1966-01-01T00:00:00Z,uri,http://www.wikidata.org/entity/Q928,literal,http://www.wikidata.org/entity/Q15825471,literal,,literal,,literal,http://www.wikidata.org/entity/Q9085,literal,,,,,,,,wd:Q928
114,uri,http://www.wikidata.org/entity/Q17067223,en,literal,Philippine Statistics Authority,http://www.w3.org/2001/XMLSchema#dateTime,literal,2013-09-12T00:00:00Z,uri,http://www.wikidata.org/entity/Q928,literal,,literal,,literal,,literal,http://www.wikidata.org/entity/Q55224641,literal,"http://www.wikidata.org/entity/Q55704270, http://www.wikidata.org/entity/Q55713036",,,,en,literal,Philippine Statistics Authority,wd:Q928
115,uri,http://www.wikidata.org/entity/Q7314390,en,literal,Republic Biscuit Corporation,http://www.w3.org/2001/XMLSchema#dateTime,literal,1963-01-01T00:00:00Z,uri,http://www.wikidata.org/entity/Q928,literal,http://www.wikidata.org/entity/Q627371,literal,,literal,,literal,http://www.wikidata.org/entity/Q6296974,literal,,,,,,,,wd:Q928
116,uri,http://www.wikidata.org/entity/Q7817,en,literal,World Health Organization,http://www.w3.org/2001/XMLSchema#dateTime,literal,1948-04-07T00:00:00Z,uri,http://www.wikidata.org/entity/Q39,literal,http://www.wikidata.org/entity/Q29584363,literal,,literal,,literal,http://www.wikidata.org/entity/Q71,literal,,http://www.w3.org/2001/XMLSchema#decimal,literal,7000,es,literal,Organización Mundial de la Salud,wd:Q928
117,uri,http://www.wikidata.org/entity/Q109307644,en,literal,96Ace,http://www.w3.org/2001/XMLSchema#dateTime,literal,2007-01-01T00:00:00Z,uri,http://www.wikidata.org/entity/Q928,literal,http://www.wikidata.org/entity/Q3550859,literal,,literal,,literal,,literal,,,,,,,,wd:Q928
118,uri,http://www.wikidata.org/entity/Q94572570,en,literal,Radiowealth Finance,http://www.w3.org/2001/XMLSchema#dateTime,literal,1964-01-01T00:00:00Z,uri,http://www.wikidata.org/entity/Q928,literal,http://www.wikidata.org/entity/Q837171,literal,,literal,,literal,http://www.wikidata.org/entity/Q9085,literal,,,,,,,,wd:Q928
119,uri,http://www.wikidata.org/entity/Q7896756,en,literal,University of the Philippines Press,http://www.w3.org/2001/XMLSchema#dateTime,literal,1965-01-01T00:00:00Z,uri,http://www.wikidata.org/entity/Q928,literal,,literal,,literal,,literal,,literal,,,,,,,,wd:Q928
120,uri,http://www.wikidata.org/entity/Q11787430,en,literal,MyPhone,http://www.w3.org/2001/XMLSchema#dateTime,literal,2007-01-01T00:00:00Z,uri,http://www.wikidata.org/entity/Q928,literal,,literal,,literal,,literal,"http://www.wikidata.org/entity/Q1508, http://www.wikidata.org/entity/Q1461",literal,,,,,,,,wd:Q928
121,uri,http://www.wikidata.org/entity/Q4777986,en,literal,Anvil Publishing,http://www.w3.org/2001/XMLSchema#dateTime,literal,1990-01-01T00:00:00Z,uri,http://www.wikidata.org/entity/Q928,literal,http://www.wikidata.org/entity/Q3972943,literal,,literal,,literal,,literal,,,,,,,,wd:Q928
122,uri,http://www.wikidata.org/entity/Q28197109,en,literal,National Grid Corporation of the Philippines,http://www.w3.org/2001/XMLSchema#dateTime,literal,2009-01-15T00:00:00Z,uri,http://www.wikidata.org/entity/Q928,literal,http://www.wikidata.org/entity/Q112046,literal,,literal,,literal,http://www.wikidata.org/entity/Q1475,literal,,,,,,,,wd:Q928
123,uri,http://www.wikidata.org/entity/Q7817,en,literal,World Health Organization,http://www.w3.org/2001/XMLSchema#dateTime,literal,1948-04-07T00:00:00Z,uri,http://www.wikidata.org/entity/Q30,literal,http://www.wikidata.org/entity/Q29584363,literal,,literal,,literal,http://www.wikidata.org/entity/Q71,literal,,http://www.w3.org/2001/XMLSchema#decimal,literal,7000,ru,literal,Всемирная организация здравоохранения,wd:Q928
124,uri,http://www.wikidata.org/entity/Q15621383,en,literal,Dafabet,http://www.w3.org/2001/XMLSchema#dateTime,literal,2004-01-01T00:00:00Z,uri,http://www.wikidata.org/entity/Q928,literal,,literal,,literal,,literal,http://www.wikidata.org/entity/Q1508,literal,,,,,,,,wd:Q928
125,uri,http://www.wikidata.org/entity/Q62288720,en,literal,Jetti,,,,uri,http://www.wikidata.org/entity/Q928,literal,,literal,,literal,,literal,,literal,,,,,,,,wd:Q928
126,uri,http://www.wikidata.org/entity/Q7817,en,literal,World Health Organization,http://www.w3.org/2001/XMLSchema#dateTime,literal,1948-04-07T00:00:00Z,uri,http://www.wikidata.org/entity/Q928,literal,http://www.wikidata.org/entity/Q29584363,literal,,literal,,literal,http://www.wikidata.org/entity/Q71,literal,,http://www.w3.org/2001/XMLSchema#decimal,literal,7000,en,literal,World Health Organization,wd:Q928
127,uri,http://www.wikidata.org/entity/Q7817,en,literal,World Health Organization,http://www.w3.org/2001/XMLSchema#dateTime,literal,1948-04-07T00:00:00Z,uri,http://www.wikidata.org/entity/Q35,literal,http://www.wikidata.org/entity/Q29584363,literal,,literal,,literal,http://www.wikidata.org/entity/Q71,literal,,http://www.w3.org/2001/XMLSchema#decimal,literal,7000,ru,literal,Всемирная организация здравоохранения,wd:Q928
128,uri,http://www.wikidata.org/entity/Q28403067,en,literal,Sterling Bank of Asia,http://www.w3.org/2001/XMLSchema#dateTime,literal,2007-01-01T00:00:00Z,uri,http://www.wikidata.org/entity/Q928,literal,http://www.wikidata.org/entity/Q806718,literal,,literal,,literal,http://www.wikidata.org/entity/Q749283,literal,,,,,,,,wd:Q928
129,uri,http://www.wikidata.org/entity/Q15548065,en,literal,"GMA Network, Inc.",http://www.w3.org/2001/XMLSchema#dateTime,literal,1950-01-01T00:00:00Z,uri,http://www.wikidata.org/entity/Q928,literal,http://www.wikidata.org/entity/Q11033,literal,http://www.wikidata.org/entity/Q5441987,literal,,literal,http://www.wikidata.org/entity/Q5513717,literal,,http://www.w3.org/2001/XMLSchema#decimal,literal,7406,,,,wd:Q928
130,uri,http://www.wikidata.org/entity/Q3544836,en,literal,Radio Mindanao Network,http://www.w3.org/2001/XMLSchema#dateTime,literal,1952-01-01T00:00:00Z,uri,http://www.wikidata.org/entity/Q928,literal,http://www.wikidata.org/entity/Q1061197,literal,,literal,,literal,http://www.wikidata.org/entity/Q1508,literal,,,,,,,,wd:Q928
131,uri,http://www.wikidata.org/entity/Q113858405,en,literal,Hello Health Group,http://www.w3.org/2001/XMLSchema#dateTime,literal,2015-01-01T00:00:00Z,uri,http://www.wikidata.org/entity/Q865,literal,http://www.wikidata.org/entity/Q12147,literal,,literal,,literal,http://www.wikidata.org/entity/Q334,literal,,http://www.w3.org/2001/XMLSchema#decimal,literal,351,en,literal,Hello Health Group Pte. Ltd,wd:Q928
132,uri,http://www.wikidata.org/entity/Q6863597,en,literal,MindaNews,,,,uri,http://www.wikidata.org/entity/Q928,literal,,literal,,literal,,literal,,literal,,,,,,,,wd:Q928
133,uri,http://www.wikidata.org/entity/Q18204658,en,literal,Coins.ph,http://www.w3.org/2001/XMLSchema#dateTime,literal,2014-01-01T00:00:00Z,uri,http://www.wikidata.org/entity/Q928,literal,,literal,,literal,,literal,http://www.wikidata.org/entity/Q1461,literal,,,,,,,,wd:Q928
134,uri,http://www.wikidata.org/entity/Q7315775,en,literal,Resorts World Manila,,,,uri,http://www.wikidata.org/entity/Q928,literal,,literal,,literal,,literal,,literal,,,,,,,,wd:Q928
135,uri,http://www.wikidata.org/entity/Q7817,en,literal,World Health Organization,http://www.w3.org/2001/XMLSchema#dateTime,literal,1948-04-07T00:00:00Z,uri,http://www.wikidata.org/entity/Q39,literal,http://www.wikidata.org/entity/Q29584363,literal,,literal,,literal,http://www.wikidata.org/entity/Q71,literal,,http://www.w3.org/2001/XMLSchema#decimal,literal,7000,ru,literal,Всемирная организация здравоохранения,wd:Q928
136,uri,http://www.wikidata.org/entity/Q113858405,en,literal,Hello Health Group,http://www.w3.org/2001/XMLSchema#dateTime,literal,2015-01-01T00:00:00Z,uri,http://www.wikidata.org/entity/Q869,literal,http://www.wikidata.org/entity/Q12147,literal,,literal,,literal,http://www.wikidata.org/entity/Q334,literal,,http://www.w3.org/2001/XMLSchema#decimal,literal,351,en,literal,Hello Health Group Pte. Ltd,wd:Q928
137,uri,http://www.wikidata.org/entity/Q4650387,en,literal,ABS-CBN News and Current Affairs,,,,uri,http://www.wikidata.org/entity/Q928,literal,,literal,,literal,,literal,,literal,,,,,,,,wd:Q928
138,uri,http://www.wikidata.org/entity/Q7681088,en,literal,Tambunting,http://www.w3.org/2001/XMLSchema#dateTime,literal,1906-01-01T00:00:00Z,uri,http://www.wikidata.org/entity/Q928,literal,http://www.wikidata.org/entity/Q176637,literal,,literal,,literal,http://www.wikidata.org/entity/Q1508,literal,,,,,,,,wd:Q928
139,uri,http://www.wikidata.org/entity/Q62267228,en,literal,Angel's Burger,,,,uri,http://www.wikidata.org/entity/Q928,literal,http://www.wikidata.org/entity/Q171141,literal,,literal,,literal,,literal,,,,,,,,wd:Q928
140,uri,http://www.wikidata.org/entity/Q62564876,en,literal,Generika,http://www.w3.org/2001/XMLSchema#dateTime,literal,2004-01-01T00:00:00Z,uri,http://www.wikidata.org/entity/Q928,literal,,literal,,literal,,literal,,literal,,,,,,,,wd:Q928
141,uri,http://www.wikidata.org/entity/Q67050943,en,literal,AppSir,,,,uri,http://www.wikidata.org/entity/Q928,literal,http://www.wikidata.org/entity/Q941594,literal,,literal,,literal,http://www.wikidata.org/entity/Q1508,literal,,,,,,,,wd:Q928
142,uri,http://www.wikidata.org/entity/Q5100080,en,literal,Chinabank,http://www.w3.org/2001/XMLSchema#dateTime,literal,1920-08-16T00:00:00Z,uri,http://www.wikidata.org/entity/Q928,literal,"http://www.wikidata.org/entity/Q1416657, http://www.wikidata.org/entity/Q837171, http://www.wikidata.org/entity/Q806718",literal,,literal,,literal,http://www.wikidata.org/entity/Q1508,literal,,,,,,,,wd:Q928
143,uri,http://www.wikidata.org/entity/Q6794477,en,literal,Max's Restaurant,http://www.w3.org/2001/XMLSchema#dateTime,literal,1945-01-01T00:00:00Z,uri,http://www.wikidata.org/entity/Q928,literal,,literal,,literal,,literal,,literal,,,,,,,,wd:Q928
144,uri,http://www.wikidata.org/entity/Q113858405,en,literal,Hello Health Group,http://www.w3.org/2001/XMLSchema#dateTime,literal,2015-01-01T00:00:00Z,uri,http://www.wikidata.org/entity/Q424,literal,http://www.wikidata.org/entity/Q12147,literal,,literal,,literal,http://www.wikidata.org/entity/Q334,literal,,http://www.w3.org/2001/XMLSchema#decimal,literal,351,en,literal,Hello Health Group Pte. Ltd,wd:Q928
145,uri,http://www.wikidata.org/entity/Q746592,en,literal,University of the Philippines,http://www.w3.org/2001/XMLSchema#dateTime,literal,1908-01-01T00:00:00Z,uri,http://www.wikidata.org/entity/Q928,literal,,literal,,literal,,literal,,literal,,,,,,,,wd:Q928
146,uri,http://www.wikidata.org/entity/Q7817,en,literal,World Health Organization,http://www.w3.org/2001/XMLSchema#dateTime,literal,1948-04-07T00:00:00Z,uri,http://www.wikidata.org/entity/Q79,literal,http://www.wikidata.org/entity/Q29584363,literal,,literal,,literal,http://www.wikidata.org/entity/Q71,literal,,http://www.w3.org/2001/XMLSchema#decimal,literal,7000,zh-hans,literal,世界卫生组织,wd:Q928
147,uri,http://www.wikidata.org/entity/Q7550838,en,literal,Social Security System,http://www.w3.org/2001/XMLSchema#dateTime,literal,1997-01-01T00:00:00Z,uri,http://www.wikidata.org/entity/Q928,literal,,literal,,literal,,literal,,literal,,,,,,,,wd:Q928
148,uri,http://www.wikidata.org/entity/Q113680122,en,literal,Savers Appliances,http://www.w3.org/2001/XMLSchema#dateTime,literal,1986-01-01T00:00:00Z,uri,http://www.wikidata.org/entity/Q928,literal,http://www.wikidata.org/entity/Q126793,literal,,literal,,literal,,literal,,,,,,,,wd:Q928
149,uri,http://www.wikidata.org/entity/Q65090134,en,literal,Philippine Racing Club,http://www.w3.org/2001/XMLSchema#dateTime,literal,1937-05-02T00:00:00Z,uri,http://www.wikidata.org/entity/Q928,literal,http://www.wikidata.org/entity/Q187916,literal,,literal,,literal,,literal,,,,,,,,wd:Q928
150,uri,http://www.wikidata.org/entity/Q113858405,en,literal,Hello Health Group,http://www.w3.org/2001/XMLSchema#dateTime,literal,2015-01-01T00:00:00Z,uri,http://www.wikidata.org/entity/Q881,literal,http://www.wikidata.org/entity/Q12147,literal,,literal,,literal,http://www.wikidata.org/entity/Q334,literal,,http://www.w3.org/2001/XMLSchema#decimal,literal,351,en,literal,Hello Health Group Pte. Ltd,wd:Q928
151,uri,http://www.wikidata.org/entity/Q18712406,en,literal,Lazada Group,http://www.w3.org/2001/XMLSchema#dateTime,literal,2012-01-01T00:00:00Z,uri,http://www.wikidata.org/entity/Q869,literal,http://www.wikidata.org/entity/Q484847,literal,,literal,,literal,http://www.wikidata.org/entity/Q334,literal,,http://www.w3.org/2001/XMLSchema#decimal,literal,4000,,,,wd:Q928
152,uri,http://www.wikidata.org/entity/Q7304789,en,literal,Red Ribbon,http://www.w3.org/2001/XMLSchema#dateTime,literal,1979-01-01T00:00:00Z,uri,http://www.wikidata.org/entity/Q928,literal,http://www.wikidata.org/entity/Q15825471,literal,,literal,,literal,http://www.wikidata.org/entity/Q1475,literal,,,,,,,,wd:Q928
153,uri,http://www.wikidata.org/entity/Q17075584,en,literal,LBC Express,http://www.w3.org/2001/XMLSchema#dateTime,literal,1945-01-01T00:00:00Z,uri,http://www.wikidata.org/entity/Q928,literal,http://www.wikidata.org/entity/Q177777,literal,,literal,,literal,http://www.wikidata.org/entity/Q17189,literal,,,,,,,,wd:Q928
154,uri,http://www.wikidata.org/entity/Q316511,en,literal,Destiny Cable,http://www.w3.org/2001/XMLSchema#dateTime,literal,1995-01-01T00:00:00Z,uri,http://www.wikidata.org/entity/Q928,literal,,literal,,literal,,literal,http://www.wikidata.org/entity/Q1624,literal,,,,,,,,wd:Q928
155,uri,http://www.wikidata.org/entity/Q1138154,en,literal,Spirit of Manila Airlines,http://www.w3.org/2001/XMLSchema#dateTime,literal,2008-01-01T00:00:00Z,uri,http://www.wikidata.org/entity/Q928,literal,,literal,,literal,,literal,http://www.wikidata.org/entity/Q17189,literal,,,,,,,,wd:Q928
156,uri,http://www.wikidata.org/entity/Q7817,en,literal,World Health Organization,http://www.w3.org/2001/XMLSchema#dateTime,literal,1948-04-07T00:00:00Z,uri,http://www.wikidata.org/entity/Q971,literal,http://www.wikidata.org/entity/Q29584363,literal,,literal,,literal,http://www.wikidata.org/entity/Q71,literal,,http://www.w3.org/2001/XMLSchema#decimal,literal,7000,ar,literal,منظمة الصحة العالمية,wd:Q928
157,uri,http://www.wikidata.org/entity/Q4806482,en,literal,Asia United Bank,http://www.w3.org/2001/XMLSchema#dateTime,literal,1997-01-01T00:00:00Z,uri,http://www.wikidata.org/entity/Q928,literal,"http://www.wikidata.org/entity/Q1416657, http://www.wikidata.org/entity/Q837171, http://www.wikidata.org/entity/Q806718",literal,,literal,,literal,http://www.wikidata.org/entity/Q1624,literal,,,,,,,,wd:Q928
158,uri,http://www.wikidata.org/entity/Q7817,en,literal,World Health Organization,http://www.w3.org/2001/XMLSchema#dateTime,literal,1948-04-07T00:00:00Z,uri,http://www.wikidata.org/entity/Q668,literal,http://www.wikidata.org/entity/Q29584363,literal,,literal,,literal,http://www.wikidata.org/entity/Q71,literal,,http://www.w3.org/2001/XMLSchema#decimal,literal,7000,ar,literal,منظمة الصحة العالمية,wd:Q928
159,uri,http://www.wikidata.org/entity/Q29558898,en,literal,Davao Eagle Online,http://www.w3.org/2001/XMLSchema#dateTime,literal,2010-04-23T00:00:00Z,uri,http://www.wikidata.org/entity/Q928,literal,,literal,,literal,,literal,http://www.wikidata.org/entity/Q1473,literal,,,,,,,,wd:Q928
160,uri,http://www.wikidata.org/entity/Q7817,en,literal,World Health Organization,http://www.w3.org/2001/XMLSchema#dateTime,literal,1948-04-07T00:00:00Z,uri,http://www.wikidata.org/entity/Q79,literal,http://www.wikidata.org/entity/Q29584363,literal,,literal,,literal,http://www.wikidata.org/entity/Q71,literal,,http://www.w3.org/2001/XMLSchema#decimal,literal,7000,fr,literal,Organisation mondiale de la Santé,wd:Q928
161,uri,http://www.wikidata.org/entity/Q846910,en,literal,Philippine Airlines,http://www.w3.org/2001/XMLSchema#dateTime,literal,1941-01-01T00:00:00Z,uri,http://www.wikidata.org/entity/Q928,literal,,literal,http://www.wikidata.org/entity/Q716902,literal,,literal,http://www.wikidata.org/entity/Q17189,literal,,,,,,,,wd:Q928
162,uri,http://www.wikidata.org/entity/Q19858981,en,literal,FloWer Beach Resort Bohol,http://www.w3.org/2001/XMLSchema#dateTime,literal,2001-01-01T00:00:00Z,uri,http://www.wikidata.org/entity/Q928,literal,,literal,,literal,,literal,,literal,,,,,en,literal,FloWer Beach Resort Bohol,wd:Q928
163,uri,http://www.wikidata.org/entity/Q57320705,en,literal,Globe Studios,http://www.w3.org/2001/XMLSchema#dateTime,literal,2016-01-01T00:00:00Z,uri,http://www.wikidata.org/entity/Q928,literal,http://www.wikidata.org/entity/Q932586,literal,,literal,,literal,,literal,,,,,,,,wd:Q928
164,uri,http://www.wikidata.org/entity/Q104670193,en,literal,World Balance,http://www.w3.org/2001/XMLSchema#dateTime,literal,1980-01-01T00:00:00Z,uri,http://www.wikidata.org/entity/Q928,literal,http://www.wikidata.org/entity/Q161928,literal,,literal,,literal,http://www.wikidata.org/entity/Q1478,literal,,,,,,,,wd:Q928
165,uri,http://www.wikidata.org/entity/Q5208679,en,literal,Dagupan Bus Company,http://www.w3.org/2001/XMLSchema#dateTime,literal,1974-01-01T00:00:00Z,uri,http://www.wikidata.org/entity/Q928,literal,,literal,,literal,,literal,,literal,,,,,,,,wd:Q928
166,uri,http://www.wikidata.org/entity/Q7817,en,literal,World Health Organization,http://www.w3.org/2001/XMLSchema#dateTime,literal,1948-04-07T00:00:00Z,uri,http://www.wikidata.org/entity/Q79,literal,http://www.wikidata.org/entity/Q29584363,literal,,literal,,literal,http://www.wikidata.org/entity/Q71,literal,,http://www.w3.org/2001/XMLSchema#decimal,literal,7000,es,literal,Organización Mundial de la Salud,wd:Q928
167,uri,http://www.wikidata.org/entity/Q7184974,en,literal,Philippine Bank of Communications,http://www.w3.org/2001/XMLSchema#dateTime,literal,1939-09-04T00:00:00Z,uri,http://www.wikidata.org/entity/Q928,literal,http://www.wikidata.org/entity/Q837171,literal,,literal,,literal,http://www.wikidata.org/entity/Q1508,literal,,,,,,,,wd:Q928
168,uri,http://www.wikidata.org/entity/Q18712406,en,literal,Lazada Group,http://www.w3.org/2001/XMLSchema#dateTime,literal,2012-01-01T00:00:00Z,uri,http://www.wikidata.org/entity/Q881,literal,http://www.wikidata.org/entity/Q484847,literal,,literal,,literal,http://www.wikidata.org/entity/Q334,literal,,http://www.w3.org/2001/XMLSchema#decimal,literal,4000,,,,wd:Q928
169,uri,http://www.wikidata.org/entity/Q25245606,en,literal,Producers Bank,http://www.w3.org/2001/XMLSchema#dateTime,literal,1995-11-27T00:00:00Z,uri,http://www.wikidata.org/entity/Q928,literal,http://www.wikidata.org/entity/Q22687,literal,,literal,,literal,http://www.wikidata.org/entity/Q1624,literal,,,,,,,,wd:Q928
170,uri,http://www.wikidata.org/entity/Q26158081,en,literal,Conrad Manila,,,,uri,http://www.wikidata.org/entity/Q928,literal,,literal,,literal,,literal,,literal,,,,,en,literal,Conrad Manila,wd:Q928
171,uri,http://www.wikidata.org/entity/Q66457828,en,literal,Yangyang Mobile,,,,uri,http://www.wikidata.org/entity/Q928,literal,http://www.wikidata.org/entity/Q941594,literal,,literal,,literal,,literal,,,,,,,,wd:Q928
172,uri,http://www.wikidata.org/entity/Q7817,en,literal,World Health Organization,http://www.w3.org/2001/XMLSchema#dateTime,literal,1948-04-07T00:00:00Z,uri,http://www.wikidata.org/entity/Q928,literal,http://www.wikidata.org/entity/Q29584363,literal,,literal,,literal,http://www.wikidata.org/entity/Q71,literal,,http://www.w3.org/2001/XMLSchema#decimal,literal,7000,zh-hans,literal,世界卫生组织,wd:Q928
173,uri,http://www.wikidata.org/entity/Q62663208,en,literal,Rose Pharmacy,,,,uri,http://www.wikidata.org/entity/Q928,literal,http://www.wikidata.org/entity/Q507619,literal,,literal,,literal,,literal,,,,,,,,wd:Q928
174,uri,http://www.wikidata.org/entity/Q39092853,en,literal,Hilton Manila,http://www.w3.org/2001/XMLSchema#dateTime,literal,2018-10-25T00:00:00Z,uri,http://www.wikidata.org/entity/Q928,literal,,literal,,literal,,literal,,literal,,,,,en,literal,Hilton Manila,wd:Q928
175,uri,http://www.wikidata.org/entity/Q30639182,en,literal,Robinsons Bank,http://www.w3.org/2001/XMLSchema#dateTime,literal,1997-01-01T00:00:00Z,uri,http://www.wikidata.org/entity/Q928,literal,http://www.wikidata.org/entity/Q837171,literal,,literal,,literal,,literal,,,,,,,,wd:Q928
176,uri,http://www.wikidata.org/entity/Q108935868,en,literal,Association of Systematic Biologists of the Philippines,http://www.w3.org/2001/XMLSchema#dateTime,literal,1982-01-01T00:00:00Z,uri,http://www.wikidata.org/entity/Q928,literal,,literal,,literal,,literal,,literal,,,,,,,,wd:Q928
177,uri,http://www.wikidata.org/entity/Q7817,en,literal,World Health Organization,http://www.w3.org/2001/XMLSchema#dateTime,literal,1948-04-07T00:00:00Z,uri,http://www.wikidata.org/entity/Q971,literal,http://www.wikidata.org/entity/Q29584363,literal,,literal,,literal,http://www.wikidata.org/entity/Q71,literal,,http://www.w3.org/2001/XMLSchema#decimal,literal,7000,en,literal,World Health Organization,wd:Q928
178,uri,http://www.wikidata.org/entity/Q188822,en,literal,Asian Development Bank,http://www.w3.org/2001/XMLSchema#dateTime,literal,1966-12-19T00:00:00Z,uri,http://www.wikidata.org/entity/Q928,literal,http://www.wikidata.org/entity/Q865909,literal,,literal,http://www.wikidata.org/entity/Q73667919,literal,http://www.wikidata.org/entity/Q1461,literal,,,,,,,,wd:Q928
179,uri,http://www.wikidata.org/entity/Q7817,en,literal,World Health Organization,http://www.w3.org/2001/XMLSchema#dateTime,literal,1948-04-07T00:00:00Z,uri,http://www.wikidata.org/entity/Q668,literal,http://www.wikidata.org/entity/Q29584363,literal,,literal,,literal,http://www.wikidata.org/entity/Q71,literal,,http://www.w3.org/2001/XMLSchema#decimal,literal,7000,en,literal,World Health Organization,wd:Q928
180,uri,http://www.wikidata.org/entity/Q54133639,en,literal,trending.ph,http://www.w3.org/2001/XMLSchema#dateTime,literal,2015-01-01T00:00:00Z,uri,http://www.wikidata.org/entity/Q928,literal,http://www.wikidata.org/entity/Q56611639,literal,,literal,,literal,,literal,,,,,,,,wd:Q928
181,uri,http://www.wikidata.org/entity/Q7817,en,literal,World Health Organization,http://www.w3.org/2001/XMLSchema#dateTime,literal,1948-04-07T00:00:00Z,uri,http://www.wikidata.org/entity/Q928,literal,http://www.wikidata.org/entity/Q29584363,literal,,literal,,literal,http://www.wikidata.org/entity/Q71,literal,,http://www.w3.org/2001/XMLSchema#decimal,literal,7000,fr,literal,Organisation mondiale de la Santé,wd:Q928
182,uri,http://www.wikidata.org/entity/Q7079508,en,literal,Official Gazette,http://www.w3.org/2001/XMLSchema#dateTime,literal,1902-09-02T00:00:00Z,uri,http://www.wikidata.org/entity/Q928,literal,,literal,,literal,,literal,,literal,,,,,,,,wd:Q928
183,uri,http://www.wikidata.org/entity/Q7817,en,literal,World Health Organization,http://www.w3.org/2001/XMLSchema#dateTime,literal,1948-04-07T00:00:00Z,uri,http://www.wikidata.org/entity/Q79,literal,http://www.wikidata.org/entity/Q29584363,literal,,literal,,literal,http://www.wikidata.org/entity/Q71,literal,,http://www.w3.org/2001/XMLSchema#decimal,literal,7000,ru,literal,Всемирная организация здравоохранения,wd:Q928
184,uri,http://www.wikidata.org/entity/Q25212199,en,literal,UMG Philippines,,,,uri,http://www.wikidata.org/entity/Q928,literal,,literal,,literal,,literal,,literal,,,,,,,,wd:Q928
185,uri,http://www.wikidata.org/entity/Q4739919,en,literal,Amanpulo,http://www.w3.org/2001/XMLSchema#dateTime,literal,1993-01-01T00:00:00Z,uri,http://www.wikidata.org/entity/Q928,literal,,literal,,literal,,literal,,literal,,,,,,,,wd:Q928
186,uri,http://www.wikidata.org/entity/Q54826455,en,literal,LeapFroggr Inc.,,,,uri,http://www.wikidata.org/entity/Q928,literal,"http://www.wikidata.org/entity/Q1540863, http://www.wikidata.org/entity/Q880371",literal,,literal,,literal,,literal,,,,,,,,wd:Q928
187,uri,http://www.wikidata.org/entity/Q7817,en,literal,World Health Organization,http://www.w3.org/2001/XMLSchema#dateTime,literal,1948-04-07T00:00:00Z,uri,http://www.wikidata.org/entity/Q928,literal,http://www.wikidata.org/entity/Q29584363,literal,,literal,,literal,http://www.wikidata.org/entity/Q71,literal,,http://www.w3.org/2001/XMLSchema#decimal,literal,7000,es,literal,Organización Mundial de la Salud,wd:Q928
188,uri,http://www.wikidata.org/entity/Q62267166,en,literal,Andok's,http://www.w3.org/2001/XMLSchema#dateTime,literal,1985-12-01T00:00:00Z,uri,http://www.wikidata.org/entity/Q928,literal,http://www.wikidata.org/entity/Q171141,literal,,literal,,literal,,literal,,,,,,,,wd:Q928
