,business.type,business.value,businessLabel.xml:lang,businessLabel.type,businessLabel.value,origindate.datatype,origindate.type,origindate.value,country.type,country.value,industries.type,industries.value,ceos.type,ceos.value,chairs.type,chairs.value,hqs.type,hqs.value,groups.type,groups.value,officialname.xml:lang,officialname.type,officialname.value,employees.datatype,employees.type,employees.value,country
0,uri,http://www.wikidata.org/entity/Q581954,en,literal,University of Zimbabwe,http://www.w3.org/2001/XMLSchema#dateTime,literal,1952-01-01T00:00:00Z,uri,http://www.wikidata.org/entity/Q954,literal,,literal,,literal,,literal,http://www.wikidata.org/entity/Q3921,literal,,en,literal,University of Zimbabwe,,,,wd:Q954
1,uri,http://www.wikidata.org/entity/Q17103499,en,literal,MedicAlert,http://www.w3.org/2001/XMLSchema#dateTime,literal,1956-01-01T00:00:00Z,uri,http://www.wikidata.org/entity/Q229,literal,http://www.wikidata.org/entity/Q870895,literal,,literal,,literal,http://www.wikidata.org/entity/Q1011205,literal,,,,,http://www.w3.org/2001/XMLSchema#decimal,literal,18,wd:Q954
2,uri,http://www.wikidata.org/entity/Q16951392,en,literal,Steward Bank,http://www.w3.org/2001/XMLSchema#dateTime,literal,2009-01-01T00:00:00Z,uri,http://www.wikidata.org/entity/Q954,literal,http://www.wikidata.org/entity/Q837171,literal,,literal,,literal,,literal,,,,,,,,wd:Q954
3,uri,http://www.wikidata.org/entity/Q17103499,en,literal,MedicAlert,http://www.w3.org/2001/XMLSchema#dateTime,literal,1956-01-01T00:00:00Z,uri,http://www.wikidata.org/entity/Q189,literal,http://www.wikidata.org/entity/Q870895,literal,,literal,,literal,http://www.wikidata.org/entity/Q1011205,literal,,,,,http://www.w3.org/2001/XMLSchema#decimal,literal,22,wd:Q954
4,uri,http://www.wikidata.org/entity/Q7190735,en,literal,Pick n Pay,http://www.w3.org/2001/XMLSchema#dateTime,literal,1967-01-01T00:00:00Z,uri,http://www.wikidata.org/entity/Q963,literal,http://www.wikidata.org/entity/Q126793,literal,,literal,,literal,http://www.wikidata.org/entity/Q5179456,literal,,,,,,,,wd:Q954
5,uri,http://www.wikidata.org/entity/Q17103499,en,literal,MedicAlert,http://www.w3.org/2001/XMLSchema#dateTime,literal,1956-01-01T00:00:00Z,uri,http://www.wikidata.org/entity/Q664,literal,http://www.wikidata.org/entity/Q870895,literal,,literal,,literal,http://www.wikidata.org/entity/Q1011205,literal,,,,,http://www.w3.org/2001/XMLSchema#decimal,literal,21,wd:Q954
6,uri,http://www.wikidata.org/entity/Q1025119,en,literal,Reserve Bank of Zimbabwe,http://www.w3.org/2001/XMLSchema#dateTime,literal,1956-03-01T00:00:00Z,uri,http://www.wikidata.org/entity/Q954,literal,,literal,,literal,http://www.wikidata.org/entity/Q26935194,literal,http://www.wikidata.org/entity/Q3921,literal,,,,,,,,wd:Q954
7,uri,http://www.wikidata.org/entity/Q17103499,en,literal,MedicAlert,http://www.w3.org/2001/XMLSchema#dateTime,literal,1956-01-01T00:00:00Z,uri,http://www.wikidata.org/entity/Q954,literal,http://www.wikidata.org/entity/Q870895,literal,,literal,,literal,http://www.wikidata.org/entity/Q1011205,literal,,,,,http://www.w3.org/2001/XMLSchema#decimal,literal,23,wd:Q954
8,uri,http://www.wikidata.org/entity/Q60743252,en,literal,Infrastructure Development Bank of Zimbabwe,http://www.w3.org/2001/XMLSchema#dateTime,literal,2005-01-01T00:00:00Z,uri,http://www.wikidata.org/entity/Q954,literal,http://www.wikidata.org/entity/Q43015,literal,,literal,,literal,,literal,,,,,,,,wd:Q954
9,uri,http://www.wikidata.org/entity/Q17103499,en,literal,MedicAlert,http://www.w3.org/2001/XMLSchema#dateTime,literal,1956-01-01T00:00:00Z,uri,http://www.wikidata.org/entity/Q145,literal,http://www.wikidata.org/entity/Q870895,literal,,literal,,literal,http://www.wikidata.org/entity/Q1011205,literal,,,,,http://www.w3.org/2001/XMLSchema#decimal,literal,21,wd:Q954
10,uri,http://www.wikidata.org/entity/Q17103499,en,literal,MedicAlert,http://www.w3.org/2001/XMLSchema#dateTime,literal,1956-01-01T00:00:00Z,uri,http://www.wikidata.org/entity/Q833,literal,http://www.wikidata.org/entity/Q870895,literal,,literal,,literal,http://www.wikidata.org/entity/Q1011205,literal,,,,,http://www.w3.org/2001/XMLSchema#decimal,literal,21,wd:Q954
11,uri,http://www.wikidata.org/entity/Q17103499,en,literal,MedicAlert,http://www.w3.org/2001/XMLSchema#dateTime,literal,1956-01-01T00:00:00Z,uri,http://www.wikidata.org/entity/Q229,literal,http://www.wikidata.org/entity/Q870895,literal,,literal,,literal,http://www.wikidata.org/entity/Q1011205,literal,,,,,http://www.w3.org/2001/XMLSchema#decimal,literal,27,wd:Q954
12,uri,http://www.wikidata.org/entity/Q17103499,en,literal,MedicAlert,http://www.w3.org/2001/XMLSchema#dateTime,literal,1956-01-01T00:00:00Z,uri,http://www.wikidata.org/entity/Q664,literal,http://www.wikidata.org/entity/Q870895,literal,,literal,,literal,http://www.wikidata.org/entity/Q1011205,literal,,,,,http://www.w3.org/2001/XMLSchema#decimal,literal,23,wd:Q954
13,uri,http://www.wikidata.org/entity/Q17103499,en,literal,MedicAlert,http://www.w3.org/2001/XMLSchema#dateTime,literal,1956-01-01T00:00:00Z,uri,http://www.wikidata.org/entity/Q954,literal,http://www.wikidata.org/entity/Q870895,literal,,literal,,literal,http://www.wikidata.org/entity/Q1011205,literal,,,,,http://www.w3.org/2001/XMLSchema#decimal,literal,18,wd:Q954
14,uri,http://www.wikidata.org/entity/Q17103499,en,literal,MedicAlert,http://www.w3.org/2001/XMLSchema#dateTime,literal,1956-01-01T00:00:00Z,uri,http://www.wikidata.org/entity/Q229,literal,http://www.wikidata.org/entity/Q870895,literal,,literal,,literal,http://www.wikidata.org/entity/Q1011205,literal,,,,,http://www.w3.org/2001/XMLSchema#decimal,literal,22,wd:Q954
15,uri,http://www.wikidata.org/entity/Q17103499,en,literal,MedicAlert,http://www.w3.org/2001/XMLSchema#dateTime,literal,1956-01-01T00:00:00Z,uri,http://www.wikidata.org/entity/Q16,literal,http://www.wikidata.org/entity/Q870895,literal,,literal,,literal,http://www.wikidata.org/entity/Q1011205,literal,,,,,http://www.w3.org/2001/XMLSchema#decimal,literal,21,wd:Q954
16,uri,http://www.wikidata.org/entity/Q17103499,en,literal,MedicAlert,http://www.w3.org/2001/XMLSchema#dateTime,literal,1956-01-01T00:00:00Z,uri,http://www.wikidata.org/entity/Q664,literal,http://www.wikidata.org/entity/Q870895,literal,,literal,,literal,http://www.wikidata.org/entity/Q1011205,literal,,,,,http://www.w3.org/2001/XMLSchema#decimal,literal,18,wd:Q954
17,uri,http://www.wikidata.org/entity/Q17103499,en,literal,MedicAlert,http://www.w3.org/2001/XMLSchema#dateTime,literal,1956-01-01T00:00:00Z,uri,http://www.wikidata.org/entity/Q258,literal,http://www.wikidata.org/entity/Q870895,literal,,literal,,literal,http://www.wikidata.org/entity/Q1011205,literal,,,,,http://www.w3.org/2001/XMLSchema#decimal,literal,21,wd:Q954
18,uri,http://www.wikidata.org/entity/Q17103499,en,literal,MedicAlert,http://www.w3.org/2001/XMLSchema#dateTime,literal,1956-01-01T00:00:00Z,uri,http://www.wikidata.org/entity/Q145,literal,http://www.wikidata.org/entity/Q870895,literal,,literal,,literal,http://www.wikidata.org/entity/Q1011205,literal,,,,,http://www.w3.org/2001/XMLSchema#decimal,literal,23,wd:Q954
19,uri,http://www.wikidata.org/entity/Q17103499,en,literal,MedicAlert,http://www.w3.org/2001/XMLSchema#dateTime,literal,1956-01-01T00:00:00Z,uri,http://www.wikidata.org/entity/Q833,literal,http://www.wikidata.org/entity/Q870895,literal,,literal,,literal,http://www.wikidata.org/entity/Q1011205,literal,,,,,http://www.w3.org/2001/XMLSchema#decimal,literal,23,wd:Q954
20,uri,http://www.wikidata.org/entity/Q7190735,en,literal,Pick n Pay,http://www.w3.org/2001/XMLSchema#dateTime,literal,1967-01-01T00:00:00Z,uri,http://www.wikidata.org/entity/Q258,literal,http://www.wikidata.org/entity/Q126793,literal,,literal,,literal,http://www.wikidata.org/entity/Q5179456,literal,,,,,,,,wd:Q954
21,uri,http://www.wikidata.org/entity/Q17103499,en,literal,MedicAlert,http://www.w3.org/2001/XMLSchema#dateTime,literal,1956-01-01T00:00:00Z,uri,http://www.wikidata.org/entity/Q408,literal,http://www.wikidata.org/entity/Q870895,literal,,literal,,literal,http://www.wikidata.org/entity/Q1011205,literal,,,,,http://www.w3.org/2001/XMLSchema#decimal,literal,21,wd:Q954
22,uri,http://www.wikidata.org/entity/Q17103499,en,literal,MedicAlert,http://www.w3.org/2001/XMLSchema#dateTime,literal,1956-01-01T00:00:00Z,uri,http://www.wikidata.org/entity/Q30,literal,http://www.wikidata.org/entity/Q870895,literal,,literal,,literal,http://www.wikidata.org/entity/Q1011205,literal,,,,,http://www.w3.org/2001/XMLSchema#decimal,literal,21,wd:Q954
23,uri,http://www.wikidata.org/entity/Q7190735,en,literal,Pick n Pay,http://www.w3.org/2001/XMLSchema#dateTime,literal,1967-01-01T00:00:00Z,uri,http://www.wikidata.org/entity/Q1013,literal,http://www.wikidata.org/entity/Q126793,literal,,literal,,literal,http://www.wikidata.org/entity/Q5179456,literal,,,,,,,,wd:Q954
24,uri,http://www.wikidata.org/entity/Q17103499,en,literal,MedicAlert,http://www.w3.org/2001/XMLSchema#dateTime,literal,1956-01-01T00:00:00Z,uri,http://www.wikidata.org/entity/Q145,literal,http://www.wikidata.org/entity/Q870895,literal,,literal,,literal,http://www.wikidata.org/entity/Q1011205,literal,,,,,http://www.w3.org/2001/XMLSchema#decimal,literal,18,wd:Q954
25,uri,http://www.wikidata.org/entity/Q17103499,en,literal,MedicAlert,http://www.w3.org/2001/XMLSchema#dateTime,literal,1956-01-01T00:00:00Z,uri,http://www.wikidata.org/entity/Q954,literal,http://www.wikidata.org/entity/Q870895,literal,,literal,,literal,http://www.wikidata.org/entity/Q1011205,literal,,,,,http://www.w3.org/2001/XMLSchema#decimal,literal,27,wd:Q954
26,uri,http://www.wikidata.org/entity/Q4859966,en,literal,Barclays Bank,http://www.w3.org/2001/XMLSchema#dateTime,literal,1912-01-01T00:00:00Z,uri,http://www.wikidata.org/entity/Q954,literal,http://www.wikidata.org/entity/Q837171,literal,,literal,,literal,http://www.wikidata.org/entity/Q3921,literal,,,,,,,,wd:Q954
27,uri,http://www.wikidata.org/entity/Q17103499,en,literal,MedicAlert,http://www.w3.org/2001/XMLSchema#dateTime,literal,1956-01-01T00:00:00Z,uri,http://www.wikidata.org/entity/Q833,literal,http://www.wikidata.org/entity/Q870895,literal,,literal,,literal,http://www.wikidata.org/entity/Q1011205,literal,,,,,http://www.w3.org/2001/XMLSchema#decimal,literal,18,wd:Q954
28,uri,http://www.wikidata.org/entity/Q4693887,en,literal,Agricultural Development Bank of Zimbabwe,http://www.w3.org/2001/XMLSchema#dateTime,literal,1999-01-01T00:00:00Z,uri,http://www.wikidata.org/entity/Q954,literal,"http://www.wikidata.org/entity/Q1416657, http://www.wikidata.org/entity/Q837171, http://www.wikidata.org/entity/Q806718",literal,,literal,,literal,http://www.wikidata.org/entity/Q3921,literal,,,,,,,,wd:Q954
29,uri,http://www.wikidata.org/entity/Q17103499,en,literal,MedicAlert,http://www.w3.org/2001/XMLSchema#dateTime,literal,1956-01-01T00:00:00Z,uri,http://www.wikidata.org/entity/Q189,literal,http://www.wikidata.org/entity/Q870895,literal,,literal,,literal,http://www.wikidata.org/entity/Q1011205,literal,,,,,http://www.w3.org/2001/XMLSchema#decimal,literal,21,wd:Q954
30,uri,http://www.wikidata.org/entity/Q17103499,en,literal,MedicAlert,http://www.w3.org/2001/XMLSchema#dateTime,literal,1956-01-01T00:00:00Z,uri,http://www.wikidata.org/entity/Q16,literal,http://www.wikidata.org/entity/Q870895,literal,,literal,,literal,http://www.wikidata.org/entity/Q1011205,literal,,,,,http://www.w3.org/2001/XMLSchema#decimal,literal,23,wd:Q954
31,uri,http://www.wikidata.org/entity/Q17103499,en,literal,MedicAlert,http://www.w3.org/2001/XMLSchema#dateTime,literal,1956-01-01T00:00:00Z,uri,http://www.wikidata.org/entity/Q258,literal,http://www.wikidata.org/entity/Q870895,literal,,literal,,literal,http://www.wikidata.org/entity/Q1011205,literal,,,,,http://www.w3.org/2001/XMLSchema#decimal,literal,23,wd:Q954
32,uri,http://www.wikidata.org/entity/Q7190735,en,literal,Pick n Pay,http://www.w3.org/2001/XMLSchema#dateTime,literal,1967-01-01T00:00:00Z,uri,http://www.wikidata.org/entity/Q1030,literal,http://www.wikidata.org/entity/Q126793,literal,,literal,,literal,http://www.wikidata.org/entity/Q5179456,literal,,,,,,,,wd:Q954
33,uri,http://www.wikidata.org/entity/Q17103499,en,literal,MedicAlert,http://www.w3.org/2001/XMLSchema#dateTime,literal,1956-01-01T00:00:00Z,uri,http://www.wikidata.org/entity/Q408,literal,http://www.wikidata.org/entity/Q870895,literal,,literal,,literal,http://www.wikidata.org/entity/Q1011205,literal,,,,,http://www.w3.org/2001/XMLSchema#decimal,literal,23,wd:Q954
34,uri,http://www.wikidata.org/entity/Q17103499,en,literal,MedicAlert,http://www.w3.org/2001/XMLSchema#dateTime,literal,1956-01-01T00:00:00Z,uri,http://www.wikidata.org/entity/Q664,literal,http://www.wikidata.org/entity/Q870895,literal,,literal,,literal,http://www.wikidata.org/entity/Q1011205,literal,,,,,http://www.w3.org/2001/XMLSchema#decimal,literal,27,wd:Q954
35,uri,http://www.wikidata.org/entity/Q17103499,en,literal,MedicAlert,http://www.w3.org/2001/XMLSchema#dateTime,literal,1956-01-01T00:00:00Z,uri,http://www.wikidata.org/entity/Q30,literal,http://www.wikidata.org/entity/Q870895,literal,,literal,,literal,http://www.wikidata.org/entity/Q1011205,literal,,,,,http://www.w3.org/2001/XMLSchema#decimal,literal,23,wd:Q954
36,uri,http://www.wikidata.org/entity/Q17103499,en,literal,MedicAlert,http://www.w3.org/2001/XMLSchema#dateTime,literal,1956-01-01T00:00:00Z,uri,http://www.wikidata.org/entity/Q954,literal,http://www.wikidata.org/entity/Q870895,literal,,literal,,literal,http://www.wikidata.org/entity/Q1011205,literal,,,,,http://www.w3.org/2001/XMLSchema#decimal,literal,22,wd:Q954
37,uri,http://www.wikidata.org/entity/Q17107908,en,literal,NMB Bank Limited,http://www.w3.org/2001/XMLSchema#dateTime,literal,1992-01-01T00:00:00Z,uri,http://www.wikidata.org/entity/Q954,literal,http://www.wikidata.org/entity/Q837171,literal,,literal,,literal,http://www.wikidata.org/entity/Q3921,literal,,,,,,,,wd:Q954
38,uri,http://www.wikidata.org/entity/Q17103499,en,literal,MedicAlert,http://www.w3.org/2001/XMLSchema#dateTime,literal,1956-01-01T00:00:00Z,uri,http://www.wikidata.org/entity/Q16,literal,http://www.wikidata.org/entity/Q870895,literal,,literal,,literal,http://www.wikidata.org/entity/Q1011205,literal,,,,,http://www.w3.org/2001/XMLSchema#decimal,literal,18,wd:Q954
39,uri,http://www.wikidata.org/entity/Q17103499,en,literal,MedicAlert,http://www.w3.org/2001/XMLSchema#dateTime,literal,1956-01-01T00:00:00Z,uri,http://www.wikidata.org/entity/Q258,literal,http://www.wikidata.org/entity/Q870895,literal,,literal,,literal,http://www.wikidata.org/entity/Q1011205,literal,,,,,http://www.w3.org/2001/XMLSchema#decimal,literal,18,wd:Q954
40,uri,http://www.wikidata.org/entity/Q17103499,en,literal,MedicAlert,http://www.w3.org/2001/XMLSchema#dateTime,literal,1956-01-01T00:00:00Z,uri,http://www.wikidata.org/entity/Q408,literal,http://www.wikidata.org/entity/Q870895,literal,,literal,,literal,http://www.wikidata.org/entity/Q1011205,literal,,,,,http://www.w3.org/2001/XMLSchema#decimal,literal,18,wd:Q954
41,uri,http://www.wikidata.org/entity/Q17103499,en,literal,MedicAlert,http://www.w3.org/2001/XMLSchema#dateTime,literal,1956-01-01T00:00:00Z,uri,http://www.wikidata.org/entity/Q189,literal,http://www.wikidata.org/entity/Q870895,literal,,literal,,literal,http://www.wikidata.org/entity/Q1011205,literal,,,,,http://www.w3.org/2001/XMLSchema#decimal,literal,23,wd:Q954
42,uri,http://www.wikidata.org/entity/Q7190735,en,literal,Pick n Pay,http://www.w3.org/2001/XMLSchema#dateTime,literal,1967-01-01T00:00:00Z,uri,http://www.wikidata.org/entity/Q1050,literal,http://www.wikidata.org/entity/Q126793,literal,,literal,,literal,http://www.wikidata.org/entity/Q5179456,literal,,,,,,,,wd:Q954
43,uri,http://www.wikidata.org/entity/Q17103499,en,literal,MedicAlert,http://www.w3.org/2001/XMLSchema#dateTime,literal,1956-01-01T00:00:00Z,uri,http://www.wikidata.org/entity/Q664,literal,http://www.wikidata.org/entity/Q870895,literal,,literal,,literal,http://www.wikidata.org/entity/Q1011205,literal,,,,,http://www.w3.org/2001/XMLSchema#decimal,literal,22,wd:Q954
44,uri,http://www.wikidata.org/entity/Q17103499,en,literal,MedicAlert,http://www.w3.org/2001/XMLSchema#dateTime,literal,1956-01-01T00:00:00Z,uri,http://www.wikidata.org/entity/Q30,literal,http://www.wikidata.org/entity/Q870895,literal,,literal,,literal,http://www.wikidata.org/entity/Q1011205,literal,,,,,http://www.w3.org/2001/XMLSchema#decimal,literal,18,wd:Q954
45,uri,http://www.wikidata.org/entity/Q17103499,en,literal,MedicAlert,http://www.w3.org/2001/XMLSchema#dateTime,literal,1956-01-01T00:00:00Z,uri,http://www.wikidata.org/entity/Q145,literal,http://www.wikidata.org/entity/Q870895,literal,,literal,,literal,http://www.wikidata.org/entity/Q1011205,literal,,,,,http://www.w3.org/2001/XMLSchema#decimal,literal,27,wd:Q954
46,uri,http://www.wikidata.org/entity/Q17103499,en,literal,MedicAlert,http://www.w3.org/2001/XMLSchema#dateTime,literal,1956-01-01T00:00:00Z,uri,http://www.wikidata.org/entity/Q833,literal,http://www.wikidata.org/entity/Q870895,literal,,literal,,literal,http://www.wikidata.org/entity/Q1011205,literal,,,,,http://www.w3.org/2001/XMLSchema#decimal,literal,27,wd:Q954
47,uri,http://www.wikidata.org/entity/Q17103499,en,literal,MedicAlert,http://www.w3.org/2001/XMLSchema#dateTime,literal,1956-01-01T00:00:00Z,uri,http://www.wikidata.org/entity/Q189,literal,http://www.wikidata.org/entity/Q870895,literal,,literal,,literal,http://www.wikidata.org/entity/Q1011205,literal,,,,,http://www.w3.org/2001/XMLSchema#decimal,literal,18,wd:Q954
48,uri,http://www.wikidata.org/entity/Q17103499,en,literal,MedicAlert,http://www.w3.org/2001/XMLSchema#dateTime,literal,1956-01-01T00:00:00Z,uri,http://www.wikidata.org/entity/Q229,literal,http://www.wikidata.org/entity/Q870895,literal,,literal,,literal,http://www.wikidata.org/entity/Q1011205,literal,,,,,http://www.w3.org/2001/XMLSchema#decimal,literal,21,wd:Q954
49,uri,http://www.wikidata.org/entity/Q17103499,en,literal,MedicAlert,http://www.w3.org/2001/XMLSchema#dateTime,literal,1956-01-01T00:00:00Z,uri,http://www.wikidata.org/entity/Q145,literal,http://www.wikidata.org/entity/Q870895,literal,,literal,,literal,http://www.wikidata.org/entity/Q1011205,literal,,,,,http://www.w3.org/2001/XMLSchema#decimal,literal,22,wd:Q954
50,uri,http://www.wikidata.org/entity/Q17103499,en,literal,MedicAlert,http://www.w3.org/2001/XMLSchema#dateTime,literal,1956-01-01T00:00:00Z,uri,http://www.wikidata.org/entity/Q833,literal,http://www.wikidata.org/entity/Q870895,literal,,literal,,literal,http://www.wikidata.org/entity/Q1011205,literal,,,,,http://www.w3.org/2001/XMLSchema#decimal,literal,22,wd:Q954
51,uri,http://www.wikidata.org/entity/Q17103499,en,literal,MedicAlert,http://www.w3.org/2001/XMLSchema#dateTime,literal,1956-01-01T00:00:00Z,uri,http://www.wikidata.org/entity/Q16,literal,http://www.wikidata.org/entity/Q870895,literal,,literal,,literal,http://www.wikidata.org/entity/Q1011205,literal,,,,,http://www.w3.org/2001/XMLSchema#decimal,literal,27,wd:Q954
52,uri,http://www.wikidata.org/entity/Q17103499,en,literal,MedicAlert,http://www.w3.org/2001/XMLSchema#dateTime,literal,1956-01-01T00:00:00Z,uri,http://www.wikidata.org/entity/Q258,literal,http://www.wikidata.org/entity/Q870895,literal,,literal,,literal,http://www.wikidata.org/entity/Q1011205,literal,,,,,http://www.w3.org/2001/XMLSchema#decimal,literal,27,wd:Q954
53,uri,http://www.wikidata.org/entity/Q17103499,en,literal,MedicAlert,http://www.w3.org/2001/XMLSchema#dateTime,literal,1956-01-01T00:00:00Z,uri,http://www.wikidata.org/entity/Q408,literal,http://www.wikidata.org/entity/Q870895,literal,,literal,,literal,http://www.wikidata.org/entity/Q1011205,literal,,,,,http://www.w3.org/2001/XMLSchema#decimal,literal,27,wd:Q954
54,uri,http://www.wikidata.org/entity/Q17103499,en,literal,MedicAlert,http://www.w3.org/2001/XMLSchema#dateTime,literal,1956-01-01T00:00:00Z,uri,http://www.wikidata.org/entity/Q30,literal,http://www.wikidata.org/entity/Q870895,literal,,literal,,literal,http://www.wikidata.org/entity/Q1011205,literal,,,,,http://www.w3.org/2001/XMLSchema#decimal,literal,27,wd:Q954
55,uri,http://www.wikidata.org/entity/Q17103499,en,literal,MedicAlert,http://www.w3.org/2001/XMLSchema#dateTime,literal,1956-01-01T00:00:00Z,uri,http://www.wikidata.org/entity/Q229,literal,http://www.wikidata.org/entity/Q870895,literal,,literal,,literal,http://www.wikidata.org/entity/Q1011205,literal,,,,,http://www.w3.org/2001/XMLSchema#decimal,literal,23,wd:Q954
56,uri,http://www.wikidata.org/entity/Q17103499,en,literal,MedicAlert,http://www.w3.org/2001/XMLSchema#dateTime,literal,1956-01-01T00:00:00Z,uri,http://www.wikidata.org/entity/Q16,literal,http://www.wikidata.org/entity/Q870895,literal,,literal,,literal,http://www.wikidata.org/entity/Q1011205,literal,,,,,http://www.w3.org/2001/XMLSchema#decimal,literal,22,wd:Q954
57,uri,http://www.wikidata.org/entity/Q17103499,en,literal,MedicAlert,http://www.w3.org/2001/XMLSchema#dateTime,literal,1956-01-01T00:00:00Z,uri,http://www.wikidata.org/entity/Q258,literal,http://www.wikidata.org/entity/Q870895,literal,,literal,,literal,http://www.wikidata.org/entity/Q1011205,literal,,,,,http://www.w3.org/2001/XMLSchema#decimal,literal,22,wd:Q954
58,uri,http://www.wikidata.org/entity/Q17103499,en,literal,MedicAlert,http://www.w3.org/2001/XMLSchema#dateTime,literal,1956-01-01T00:00:00Z,uri,http://www.wikidata.org/entity/Q408,literal,http://www.wikidata.org/entity/Q870895,literal,,literal,,literal,http://www.wikidata.org/entity/Q1011205,literal,,,,,http://www.w3.org/2001/XMLSchema#decimal,literal,22,wd:Q954
59,uri,http://www.wikidata.org/entity/Q17103499,en,literal,MedicAlert,http://www.w3.org/2001/XMLSchema#dateTime,literal,1956-01-01T00:00:00Z,uri,http://www.wikidata.org/entity/Q189,literal,http://www.wikidata.org/entity/Q870895,literal,,literal,,literal,http://www.wikidata.org/entity/Q1011205,literal,,,,,http://www.w3.org/2001/XMLSchema#decimal,literal,27,wd:Q954
60,uri,http://www.wikidata.org/entity/Q17103499,en,literal,MedicAlert,http://www.w3.org/2001/XMLSchema#dateTime,literal,1956-01-01T00:00:00Z,uri,http://www.wikidata.org/entity/Q30,literal,http://www.wikidata.org/entity/Q870895,literal,,literal,,literal,http://www.wikidata.org/entity/Q1011205,literal,,,,,http://www.w3.org/2001/XMLSchema#decimal,literal,22,wd:Q954
61,uri,http://www.wikidata.org/entity/Q17103499,en,literal,MedicAlert,http://www.w3.org/2001/XMLSchema#dateTime,literal,1956-01-01T00:00:00Z,uri,http://www.wikidata.org/entity/Q954,literal,http://www.wikidata.org/entity/Q870895,literal,,literal,,literal,http://www.wikidata.org/entity/Q1011205,literal,,,,,http://www.w3.org/2001/XMLSchema#decimal,literal,21,wd:Q954
62,uri,http://www.wikidata.org/entity/Q7190735,en,literal,Pick n Pay,http://www.w3.org/2001/XMLSchema#dateTime,literal,1967-01-01T00:00:00Z,uri,http://www.wikidata.org/entity/Q954,literal,http://www.wikidata.org/entity/Q126793,literal,,literal,,literal,http://www.wikidata.org/entity/Q5179456,literal,,,,,,,,wd:Q954
