id,name,start_date
Q3579436,Éditions Mnémos,1996-01-01T00:00:00Z
Q51036245,La Bohème,
Q3204035,L'Impartial de la Drôme,1883-05-17T00:00:00Z
Q45320665,Wiki Valley,2016-06-24T00:00:00Z
Q96250806,Q96250806,2018-01-01T00:00:00Z
Q12268488,Udako Euskal Unibertsitatea,1973-01-01T00:00:00Z
Q107098493,Ohlala Equestrian,2018-02-21T00:00:00Z
Q283339,Paris Opera,1669-06-28T00:00:00Z
Q2529029,Système U,1894-01-01T00:00:00Z
Q64139027,Omoda,1875-01-01T00:00:00Z
Q97635518,microqlima,2014-09-01T00:00:00Z
Q188273,Ubisoft,1986-03-28T00:00:00Z
Q3088647,Le Télégramme,1944-09-18T00:00:00Z
Q16636890,France Université Numérique,2013-10-02T00:00:00Z
Q108890527,Q108890527,
Q4205,Opéra National de Lyon,1983-01-01T00:00:00Z
Q692179,Interflora,1946-01-01T00:00:00Z
Q63335,Foot Locker,1989-04-07T00:00:00Z
Q2870745,Audika,1976-01-01T00:00:00Z
Q2997613,Cornélius,1991-01-01T00:00:00Z
Q1389184,Fly,1978-01-01T00:00:00Z
Q106634464,Q106634464,2019-01-01T00:00:00Z
Q2518521,Vertbaudet,1963-01-01T00:00:00Z
Q683146,LexisNexis,1973-01-01T00:00:00Z
Q2930916,Q2930916,1999-01-01T00:00:00Z
Q53845265,La Villa,
Q86671322,Izivia,
Q2866735,Asobo Studio,2002-01-01T00:00:00Z
Q1376268,ASL Airlines France,2015-06-04T00:00:00Z
Q51329306,Auberge des Sources,
Q3046689,Eau de Paris,2009-01-01T00:00:00Z
Q115108529,Gaddy Games,2012-01-01T00:00:00Z
Q5244791,Champagne De Venoge,1837-01-01T00:00:00Z
Q1849871,Safran Helicopter Engines,1938-08-29T00:00:00Z
Q61630095,Accidental Queens,
Q286494,Quick,1971-01-01T00:00:00Z
Q19956091,La Gryffe,1978-01-01T00:00:00Z
Q1583780,La Samaritaine,1870-03-21T00:00:00Z
Q3106650,Gimar Montaz Mautino,1987-06-05T00:00:00Z
Q19698200,Orange France,
Q3012482,Dalloz,1845-01-01T00:00:00Z
Q3108652,Gleeden,
Q56071724,Montsoreau Flea Market,1990-01-01T00:00:00Z
Q3051036,Elior Group,1991-01-01T00:00:00Z
Q113628676,Parallel Studio,http://www.wikidata.org/.well-known/genid/b0d41038c3367343ce36dc379dcd5235
Q101239641,Papéthèque,
Q16675851,Scoop.it,2007-01-01T00:00:00Z
Q64416085,Q64416085,
Q106484541,Mangas.io,2019-10-01T00:00:00Z
Q54880786,Alan Health,
Q106998006,SVR,
Q62236290,Q62236290,2015-01-01T00:00:00Z
Q516033,Havas,1835-01-01T00:00:00Z
Q2190366,Éditions Albin Michel,1900-01-01T00:00:00Z
Q773875,Safran Aircraft Engines,1945-05-29T00:00:00Z
Q75530678,Temps Noir,2002-07-16T00:00:00Z
Q110194344,Martinez Fleurot,1973-01-01T00:00:00Z
Q2965077,Christian Bourgois,
Q3196299,Kiabi,1978-01-01T00:00:00Z
Q3561540,Q3561540,2012-01-01T00:00:00Z
Q109285858,White Star Capital,2007-01-01T00:00:00Z
Q6488471,Lapérouse,1766-01-01T00:00:00Z
Q1672300,Ipsos,1975-01-01T00:00:00Z
Q19906,France Bleu,1980-01-01T00:00:00Z
Q1142995,Super League,1996-01-01T00:00:00Z
Q97119297,Memo Bank,2017-04-27T00:00:00Z
Q2877535,BVA,1970-01-01T00:00:00Z
Q2889702,Brico Dépôt,1993-10-06T00:00:00Z
Q101788539,La Cervoiserie,
Q1071456,Bouillon Chartier Grands Boulevards,1896-01-01T00:00:00Z
Q115088395,Or en Cash,2009-01-01T00:00:00Z
Q114185120,Vousfinancer,
Q22047689,Q22047689,
Q104718978,Pablo,
Q1880627,L'Association,1990-01-01T00:00:00Z
Q22921399,Chez Julien,1820-01-01T00:00:00Z
Q3100057,Gedeon Programmes,
Q82291301,SRAB Films,2015-06-10T00:00:00Z
Q103845316,La Bonne Franquette,
Q1239347,Iliad,1980-01-01T00:00:00Z
Q56523562,Hotel Maison Astor Paris,
Q111526641,Paris en Scène,
Q13646,SNCF,1938-01-01T00:00:00Z
Q3230701,Les Arènes,1997-01-01T00:00:00Z
Q3123085,Ramsay Santé,1987-01-01T00:00:00Z
Q60887727,Le Ras Le Bol,
Q30035063,SoCloz,2010-01-01T00:00:00Z
Q3224319,Le Marin,1946-01-01T00:00:00Z
Q114463983,Shiva,2002-11-30T00:00:00Z
Q98266175,Pornsensuality,2016-01-01T00:00:00Z
Q2110465,Boursorama,1998-01-01T00:00:00Z
Q107058979,Q107058979,
Q16508304,Paris Marriott Rive Gauche,1972-01-01T00:00:00Z
Q848553,Boucheron,1858-01-01T00:00:00Z
Q2422884,American Vintage,2005-05-24T00:00:00Z
Q1653380,BlaBlaBus,2012-01-01T00:00:00Z
Q103812026,Exxelia,2009-01-01T00:00:00Z
Q62007152,Éditions La Thébaïde,2011-08-29T00:00:00Z
Q44281886,Le Média,2017-10-10T00:00:00Z
Q30593894,Hotel La Louisiane,1823-01-01T00:00:00Z
Q660769,Ouest-France,1944-08-07T00:00:00Z
Q58109810,Martin Belaysoud Expansion,1829-01-01T00:00:00Z
Q3331039,Mutuelle Générale de l'Éducation Nationale,1946-01-01T00:00:00Z
Q749558,Pullman Paris Montparnasse Hotel,1974-01-01T00:00:00Z
Q3579411,Éditions Liana Levi,1982-01-01T00:00:00Z
Q19945144,Groupe Majestic Cinémas,1997-08-01T00:00:00Z
Q22249328,Stokomani,1961-01-01T00:00:00Z
Q62010157,L'Esquina,
Q3574260,Yélo,
Q53844635,Q53844635,
Q16039715,Bluely,
Q108824569,Le Laurent,
Q672642,Arkane Studios,1999-01-01T00:00:00Z
Q3527885,National Theatre of Nice,
Q61972004,Adveniat Paris,
Q3579477,Éditions Philippe Rey,2002-01-01T00:00:00Z
Q128356,Thales Alenia Space,2007-01-01T00:00:00Z
Q21015527,Warum,2004-01-01T00:00:00Z
Q2439098,Darty France,2003-01-01T00:00:00Z
Q22681427,Les Jours,2016-01-01T00:00:00Z
Q104176272,Periscope Games,2017-10-09T00:00:00Z
Q52326416,Less,2016-10-19T00:00:00Z
Q85845553,Bondi Sands,2012-01-01T00:00:00Z
Q112520446,Procyclingmaps,2017-10-24T00:00:00Z
Q68458819,Point vert,
Q20177373,STELIA Aerospace,2015-01-01T00:00:00Z
Q2819236,ALD Automotive,1998-02-19T00:00:00Z
Q3488772,Sodern,1962-01-01T00:00:00Z
Q96707027,Megarama,
Q13416787,Engie,2008-07-22T00:00:00Z
Q3415245,RMC Sport,
Q384602,Ministry of Culture,1959-01-01T00:00:00Z
Q3012602,Damart,1953-01-01T00:00:00Z
Q97190486,ThrustMe,2017-02-03T00:00:00Z
Q2941396,Q2941396,
Q309084,Alstom,1928-01-01T00:00:00Z
Q3365052,Parfums Caron,1904-01-01T00:00:00Z
Q39938677,Neoen,2008-01-01T00:00:00Z
Q2007769,Office National d'Études et de Recherches Aérospatiales,1946-01-01T00:00:00Z
Q65588663,Illogic Studios,2018-01-01T00:00:00Z
Q689059,Habitat,1964-01-01T00:00:00Z
Q372681,Amaury Sport Organisation,1992-01-01T00:00:00Z
Q16631359,Euro-Information Telecom,2005-11-01T00:00:00Z
Q3113677,GrandOptical,1989-01-01T00:00:00Z
Q16678046,Studio Bagel,2012-11-01T00:00:00Z
Q91307483,Yesss Electrical,1975-01-01T00:00:00Z
Q822975,Mephisto,1965-01-01T00:00:00Z
Q104889718,Q104889718,
Q3552953,Vinci Immobilier,2005-01-01T00:00:00Z
Q28861916,Diaphana Distribution,
Q3402586,Presses de la Cité,1943-01-01T00:00:00Z
Q496302,Deere & Company,1868-01-01T00:00:00Z
Q107970885,Space Cow,
Q25857725,Q25857725,
Q1430113,Institut national des langues et civilisations orientales,1795-01-01T00:00:00Z
Q2828264,Safran Nacelles,
Q113644732,Moulin de la Galette,
Q21021580,Sopra Steria,20134-01-01T00:00:00Z
Q55334298,Toute une Histoire,
Q110603508,Auto Sécurité,
Q62529245,Histoire d'Or,1986-01-01T00:00:00Z
Q3350027,Okaïdi,2000-01-01T00:00:00Z
Q65128332,Ilek,2014-04-22T00:00:00Z
Q96064470,Pizza Tradizione,
Q11974283,"Hard Rock Café, Paris",1991-11-24T00:00:00Z
Q53649672,Corail Hélicoptères,2004-01-01T00:00:00Z
Q2350714,National Centre for Distance Education,1939-01-01T00:00:00Z
Q207589,Val-d'Isère,
Q276689,Motul,1853-01-01T00:00:00Z
Q729749,Le Courrier picard,
Q3312683,Midi Olympique,1929-01-01T00:00:00Z
Q568899,Look,1951-01-01T00:00:00Z
Q112679368,Q112679368,
Q1550912,GMV Innovating Solutions,1984-01-01T00:00:00Z
Q109135768,Elizabeth Czerczuk Theater,
Q62497463,Julien d'Orcel,1981-01-01T00:00:00Z
Q3212596,La République du Centre,
Q570081,Quantic Dream,1997-01-01T00:00:00Z
Q3230326,3 Brewers,1986-01-01T00:00:00Z
Q54720343,Fleurs des 4 Saisons,
Q29123664,STMicroelectronics,
Q112258971,Balthaz'Art,2007-03-14T00:00:00Z
Q1127887,Vivendi,1987-12-18T00:00:00Z
Q60849128,Q60849128,1997-01-01T00:00:00Z
Q111390901,Sofitel Paris Arc de Triomphe,1907-01-01T00:00:00Z
Q60462076,Côté Gare,
Q3027831,See Tickets,2007-10-16T00:00:00Z
Q1168517,Groupe SEB,1857-01-01T00:00:00Z
Q1230298,La Croix,1880-01-01T00:00:00Z
Q641722,John Lobb Bootmaker,1866-01-01T00:00:00Z
Q110067293,supeco,
Q88553596,Q88553596,2014-08-26T00:00:00Z
Q106197761,Q106197761,2016-10-01T00:00:00Z
Q3343549,Q3343549,1995-01-01T00:00:00Z
Q104771787,Q104771787,2017-01-01T00:00:00Z
Q501461,Le Journal du Dimanche,1948-01-01T00:00:00Z
Q408408,Aircalin,1983-01-01T00:00:00Z
Q105814704,Le Fournil de Fewen,
Q63247971,Studio Josepho,2015-10-28T00:00:00Z
Q41550,Organisation for Economic Cooperation and Development,1948-04-16T00:00:00Z
Q16674298,Régie Ligne d'Azur,2013-01-01T00:00:00Z
Q66757157,Grain de Malice,
Q2998637,Cotélac,1993-01-01T00:00:00Z
Q3579365,JC Lattès,
Q2408041,Sephora,1970-01-01T00:00:00Z
Q3145636,Hôtel Prince de Galles,
Q2945274,French Agricultural Research Centre for International Development,1984-06-05T00:00:00Z
Q3501007,Studio Pygmalion,1988-01-01T00:00:00Z
Q3579685,Éditions Édilivre,
Q3228558,Le Temps des Cerises,1998-01-01T00:00:00Z
Q55084633,Le Marillian,
Q110410864,Q110410864,1981-01-01T00:00:00Z
Q100604548,Renzo Piano Building Workshop,1981-01-01T00:00:00Z
Q94695504,Mansa,2019-07-08T00:00:00Z
Q2818105,Q2818105,1995-01-01T00:00:00Z
Q54862434,Théâtre du Beauvaisis,
Q112110520,Théâtre du Luxembourg,1933-01-01T00:00:00Z
Q61052488,Riz Paï,
Q67990219,Tocsin,2000-05-01T00:00:00Z
Q3276259,Madura,1971-01-01T00:00:00Z
Q1368909,Essilor,1972-01-01T00:00:00Z
Q2925067,Brice,1985-01-01T00:00:00Z
Q32560683,Bel Air Classiques,2004-01-01T00:00:00Z
Q3095296,GMF,1934-01-01T00:00:00Z
Q82736944,Thurmelec,
Q629326,Flunch,1971-01-01T00:00:00Z
Q3200026,Krys,1966-01-01T00:00:00Z
Q100701566,Au Bureau,
Q102047517,Classic All Blacks,2011-01-01T00:00:00Z
Q29000992,Encore Heureux,2001-01-01T00:00:00Z
Q102043471,Modis France,
Q3223818,Le Jules Verne,
Q373724,La Poste,2010-03-01T00:00:00Z
Q111516606,LAB01,
Q3377090,Petit Bateau,1893-01-01T00:00:00Z
Q13205,Stade de France,1995-05-02T00:00:00Z
Q3508830,Synergie,1969-01-01T00:00:00Z
Q55122586,Cozy Cook,
Q2103240,Poma,1947-12-13T00:00:00Z
Q54805757,Auberge de Saint Didier,
Q3083378,La Bougie du Sapeur,1980-01-01T00:00:00Z
Q2931793,CNRS Éditions,1986-01-22T00:00:00Z
Q101423290,Punt Roma,1997-01-01T00:00:00Z
Q102225282,La Friche,
Q1021074,Enercoop,2005-09-07T00:00:00Z
Q2973178,Pictanovo,1985-01-01T00:00:00Z
Q69529331,M6 Music Label,
Q2819353,AREP,1997-01-01T00:00:00Z
Q917717,Imerys,1956-01-01T00:00:00Z
Q1665102,Institut national de l'information géographique et forestière,2012-01-01T00:00:00Z
Q56522910,"Grand Hotel des Sablettes Plage, Curio Collection by Hilton",2017-06-27T00:00:00Z
Q3114675,Grand Frais,
Q448083,Center Parcs,1968-01-01T00:00:00Z
Q61639503,Soline,
Q701108,ING,2000-01-01T00:00:00Z
Q3342521,Nobi nobi !,2010-01-01T00:00:00Z
Q105076734,Café Coton,1990-01-01T00:00:00Z
Q108807006,Klam Records,
Q111893265,Storybird Studio,
Q105723956,Vice de Forme,
Q3317698,Norauto,1970-01-01T00:00:00Z
Q3036861,Don’t Nod,2008-01-01T00:00:00Z
Q683021,Euler Hermes (Allianz Trade),1927-01-01T00:00:00Z
Q1551864,Suez,1858-01-01T00:00:00Z
Q59769018,Q59769018,
Q616975,Ed Banger Records,2003-03-01T00:00:00Z
Q50128931,20th Century Fox France,
Q109055807,British Council France,
Q3063223,Fidal,1922-01-01T00:00:00Z
Q2861815,Armand Colin,1870-01-01T00:00:00Z
Q108833413,Les Jardins de Bagatelle,
Q571665,Nexter,2006-01-01T00:00:00Z
Q94531845,Alliance française de Lyon,
Q114148626,L'Hebdo de Charente-Maritime,1997-09-01T00:00:00Z
Q895021,Bouillon Racine,1906-01-01T00:00:00Z
Q108810944,Le Pavillon du Lac,
Q111450406,Sacha Finkelsztajn,
Q1674967,Télé Star,1976-10-09T00:00:00Z
Q105105839,Cosmoparis,
Q206456,Réunion des musées nationaux – Grand Palais,1885-01-01T00:00:00Z
Q62082410,Marie Blachère,2004-09-09T00:00:00Z
Q108810458,Rosa Bonheur Buttes Chaumont,2008-01-01T00:00:00Z
Q3312221,Micromania-Zing,1983-01-01T00:00:00Z
Q3224756,Le Mont-Dore,
Q2937837,Caradisiac,2000-01-01T00:00:00Z
Q105076553,Orcanta,
Q610350,Veuve Clicquot,1772-01-01T00:00:00Z
Q97439162,Stellantis,2021-01-16T00:00:00Z
Q86057241,La Kahena,1976-01-01T00:00:00Z
Q97962372,Champagne A. Margaine,
Q3201581,L'Agefi,1911-01-01T00:00:00Z
Q3339109,Newfund,2008-01-01T00:00:00Z
Q54926822,Le Troivallet,
Q3345174,Nouvelle Librairie Nationale,1900-01-01T00:00:00Z
Q697958,Rémy Martin,1724-01-01T00:00:00Z
Q114840336,Guidepost Montessori,
Q2894205,Belambra Clubs,2007-01-01T00:00:00Z
Q3393358,Point S,1971-01-01T00:00:00Z
Q2826551,Agence Éducation et Formation,1998-01-01T00:00:00Z
Q86673262,LITA.co,2014-01-01T00:00:00Z
Q676585,Fnac,1954-01-01T00:00:00Z
Q1143155,Groupe Limagrain,1965-01-01T00:00:00Z
Q3145996,Hôtel de Vendôme,1858-01-01T00:00:00Z
Q17355423,Q17355423,2003-01-01T00:00:00Z
Q3579373,Q3579373,
Q94285406,Maison Esnault,2006-01-01T00:00:00Z
Q17639420,Sophie Dulac Distribution,2003-01-01T00:00:00Z
Q28154397,Nina's Paris,2002-08-01T00:00:00Z
Q3413243,Château de la Gaude,
Q20829622,Verycords,
Q273837,Éditions du Cerf,1929-01-01T00:00:00Z
Q2450848,StudioCanal,1988-01-01T00:00:00Z
Q94359140,Linvosges,1923-01-01T00:00:00Z
Q28496595,Groupe Rocher,1959-01-01T00:00:00Z
Q2421005,Presses Pocket,
Q113988735,Tassinari & Chatel,1680-01-01T00:00:00Z
Q64224452,Q64224452,2018-01-01T00:00:00Z
Q3566715,Wati B,2000-01-01T00:00:00Z
Q111755633,Cshield,2019-12-09T00:00:00Z
Q54867850,Komitid,2018-04-23T00:00:00Z
Q920000,SCOR SE,1970-01-01T00:00:00Z
Q30343919,Nintendo France,
Q13394,Ligue 1,1932-01-01T00:00:00Z
Q60876367,Finot-Conq,2008-12-26T00:00:00Z
Q110655754,La Confiserie Bressaude,1935-01-01T00:00:00Z
Q61585271,Orano,1984-01-01T00:00:00Z
Q3047407,Edenred,2010-01-01T00:00:00Z
Q965400,Les Humanoïdes Associés,1974-01-01T00:00:00Z
Q96035893,West Web Valley,2012-01-01T00:00:00Z
Q636755,Legrand,1860-01-01T00:00:00Z
Q3080414,Framasoft,2001-11-09T00:00:00Z
Q891109,European Physical Society,1968-01-01T00:00:00Z
Q3527889,Théâtre national de la Colline,1988-01-07T00:00:00Z
Q50326786,Boucheries André,1933-01-01T00:00:00Z
Q3029354,Direct Assurance,1992-01-01T00:00:00Z
Q56318108,La Blogothèque productions,2009-11-12T00:00:00Z
Q72162919,Aubercy,1935-01-01T00:00:00Z
Q657624,New Morning,1981-01-01T00:00:00Z
Q85633843,BlackMuffin Studio,
Q16679334,Q16679334,1976-01-01T00:00:00Z
Q2824189,Q2824189,2005-10-01T00:00:00Z
Q17143635,Natixis Investment Managers,2004-01-01T00:00:00Z
Q79751640,La Table Bugiste,
Q3142395,Hyatt Regency Paris Etoile,1974-01-01T00:00:00Z
Q2711229,iDTGV,2004-01-01T00:00:00Z
Q108793794,Pavillon Montsouris,1889-01-01T00:00:00Z
Q114180329,Q114180329,2018-01-01T00:00:00Z
Q16684398,Q16684398,
Q216047,Le Figaro,1826-01-15T00:00:00Z
Q846647,Groupe Banque Populaire,1878-01-01T00:00:00Z
Q2485022,Éditions Denoël,1930-04-10T00:00:00Z
Q115177420,Les Deux Palais,1957-01-01T00:00:00Z
Q97311721,Zenly,2015-01-01T00:00:00Z
Q612617,POWERNEXT,2001-01-01T00:00:00Z
Q25419207,MGallery,2008-01-01T00:00:00Z
Q853251,Harris Interactive,1995-01-01T00:00:00Z
Q107564494,Kazak Productions,2007-07-06T00:00:00Z
Q55774972,Q55774972,2017-01-21T00:00:00Z
Q57703833,Q57703833,2017-11-01T00:00:00Z
Q111663299,ABX Games Studio,
Q85671146,Magic Design Studios,2015-01-01T00:00:00Z
Q111450473,PhysioAssist,2012-01-01T00:00:00Z
Q104515820,Salle des Fêtes de Sainte-Menehould,
Q97293296,Q97293296,2017-12-01T00:00:00Z
Q90900655,PASQAL,
Q3226064,Le Publicateur libre,1850-01-01T00:00:00Z
Q504998,LVMH,1987-06-03T00:00:00Z
Q97366585,MyCanal,2013-12-01T00:00:00Z
Q104804747,Evil Empire,2019-01-31T00:00:00Z
Q3579230,Éditions Artège,2010-01-01T00:00:00Z
Q3145545,Hôtel Lancaster,
Q3117501,La Mère Poulard,1986-01-01T00:00:00Z
Q3394227,Polidor,
Q47813586,Alliance Gravity,2017-06-22T00:00:00Z
Q1799825,Lactalis,1933-01-01T00:00:00Z
Q60035660,Le Bistrot d'Odette,
Q27962584,Q27962584,
Q3237769,Libertalia,2007-01-01T00:00:00Z
Q56317288,Chronotruck,2016-07-01T00:00:00Z
Q104776524,L'Instant,
Q98884363,Midgar Studio,2008-01-01T00:00:00Z
Q1305281,Valeo,1923-01-01T00:00:00Z
Q91015450,ArtBeat Records,
Q56053151,Le Patio,
Q3112837,Goyard,1853-01-01T00:00:00Z
Q3273914,Mac Guff,1986-01-01T00:00:00Z
Q106223086,Hôtel Pullman Paris Tour Eiffel,1965-01-01T00:00:00Z
Q3177174,Jennyfer,1985-01-01T00:00:00Z
Q602243,Deezer,2007-01-01T00:00:00Z
Q41550,Organisation for Economic Cooperation and Development,2010-09-30T00:00:00Z
Q12713563,Au Pied de Cochon,1947-01-01T00:00:00Z
Q101247434,Bexley,1985-01-01T00:00:00Z
Q3006236,Crédit mutuel Arkéa,2001-01-01T00:00:00Z
Q67,Airbus,1969-12-18T00:00:00Z
Q3107853,Gitem,1971-01-01T00:00:00Z
Q56710099,Q56710099,
Q3579441,Métailié,
Q3579425,Q3579425,1977-01-01T00:00:00Z
Q675756,Lyria,1993-05-23T00:00:00Z
Q2943530,Cdiscount,1999-08-26T00:00:00Z
Q73059035,Drôle de Monsieur,2014-01-01T00:00:00Z
Q964945,Rue89,2007-05-06T00:00:00Z
Q3236382,Q3236382,2009-01-01T00:00:00Z
Q19370762,Pensoft Publishers,1994-01-01T00:00:00Z
Q115013410,Coiff&Co,1992-01-01T00:00:00Z
Q329426,Danone,1919-01-01T00:00:00Z
Q3209556,La Grande Récré,1977-10-24T00:00:00Z
Q104381586,Maison Francis Kurkdjian,2009-01-01T00:00:00Z
Q80207108,Van der Valk Hotel Saint - Aygulf,
Q1548644,Season of Mist,1996-01-01T00:00:00Z
Q109349091,Le Comptoir des Lettres,2015-03-18T00:00:00Z
Q30421595,Linkfluence,2006-01-01T00:00:00Z
Q107999215,Seaven Studio,2012-01-01T00:00:00Z
Q56691549,Q56691549,1997-01-01T00:00:00Z
Q3237708,Libellud,2008-01-01T00:00:00Z
Q105777117,Karine Arabian,2000-01-01T00:00:00Z
Q3153960,Invivo,2001-01-01T00:00:00Z
Q62501511,Goblinz Studio,
Q3365450,Parkeon,2003-01-01T00:00:00Z
Q917561,Maison Kitsuné,2005-01-01T00:00:00Z
Q3236498,Q3236498,2008-01-01T00:00:00Z
Q65769542,DoubleTree by Hilton Carcassonne,2018-06-26T00:00:00Z
Q29053655,Hilton Paris Charles de Gaulle Airport,
Q608518,Unibail Rodamco Westfield,2007-06-25T00:00:00Z
Q3579592,Éditions de l'Aube,
Q2861975,Armand Thiery,1841-01-01T00:00:00Z
Q155573,Airbus Helicopters,1992-01-01T00:00:00Z
Q3563155,Vosges Matin,2009-01-01T00:00:00Z
Q16626245,Anime Digital Network,2013-09-01T00:00:00Z
Q3523270,The Walt Disney Company France,1951-01-01T00:00:00Z
Q60625667,Rose De Damas,
Q55673058,Profil de Face,
Q21084178,La Moustache Studio,
Q3412507,Qobuz,2007-01-01T00:00:00Z
Q20723094,Q20723094,2014-01-01T00:00:00Z
Q3538935,Tribune de Lyon,
Q678565,Saint-Gobain,1665-01-01T00:00:00Z
Q1044328,L'Obs,1964-01-01T00:00:00Z
Q3117417,Groupe Flammarion,1875-01-01T00:00:00Z
Q7727374,The Connexion,2002-01-01T00:00:00Z
Q3208324,La Documentation française,1945-01-01T00:00:00Z
Q2945922,Centre national de la musique,2020-01-01T00:00:00Z
Q2439098,Darty France,1957-01-01T00:00:00Z
Q98778444,Devernois,1927-01-01T00:00:00Z
Q1935533,Millie's Cookies,1985-01-01T00:00:00Z
Q16663973,medici.tv,2008-05-01T00:00:00Z
Q3117508,Omnium,
Q108473768,[2.21],2021-08-27T00:00:00Z
Q25395267,Lydia Solutions,2011-01-01T00:00:00Z
Q21043432,Le dernier bar avant la fin du monde,2012-08-28T00:00:00Z
Q791136,Avis Car Rental,1946-01-01T00:00:00Z
Q3559970,Indigo,2001-01-01T00:00:00Z
Q108867489,Atypique Studio,2017-06-27T00:00:00Z
Q1066156,Le Coq sportif,1882-01-01T00:00:00Z
Q111328711,Q111328711,2011-04-01T00:00:00Z
Q107089621,Baltayan,1936-01-01T00:00:00Z
Q158205,Sanofi,2004-08-20T00:00:00Z
Q111582426,Kamad Reworked,2020-01-01T00:00:00Z
Q746525,French Industrial and Commercial Bank,1859-05-07T00:00:00Z
Q14541544,Wiko,2011-01-01T00:00:00Z
Q13709,Le Canard enchaîné,1915-09-10T00:00:00Z
Q110474357,MonVinFrancais.com,
Q1493667,GANT,1949-01-01T00:00:00Z
Q110904904,Iko,2009-11-24T00:00:00Z
Q2362964,Bpifrance,2012-01-01T00:00:00Z
Q3429960,Auvergne-Rhône-Alpes Cinéma,1991-01-01T00:00:00Z
Q921944,Focus Entertainment,1996-01-01T00:00:00Z
Q3065584,Famille chrétienne,1978-01-01T00:00:00Z
Q109391138,À la mère de famille,1761-01-01T00:00:00Z
Q47401774,Conrad Bora Bora Nui,2017-01-01T00:00:00Z
Q3278187,Tonkam,1994-01-01T00:00:00Z
Q3173870,Jean-Paul Gaultier,1982-01-01T00:00:00Z
Q1547738,Groupe Caisse d’épargne,1818-01-01T00:00:00Z
Q2162005,Provimi,1991-01-01T00:00:00Z
Q3516830,Technikart,1991-01-01T00:00:00Z
Q17265920,Leetchi,2009-01-01T00:00:00Z
Q3487899,STAVO,1934-01-01T00:00:00Z
Q54255920,Mobigame S.A.R.L.,
Q91634572,Cerise et Potiron,1996-01-01T00:00:00Z
Q17303726,Au chien qui fume,1740-01-01T00:00:00Z
Q3354574,Opéra national de Bordeaux,
Q2931199,CDK Technologies,1984-01-01T00:00:00Z
Q3579603,Éditions de l'Éclat,1985-01-01T00:00:00Z
Q2816520,3 Suisses,1932-01-01T00:00:00Z
Q3345174,Nouvelle Librairie Nationale,2018-01-01T00:00:00Z
Q52716606,Initial Artist Services,2016-10-01T00:00:00Z
Q3226277,Q3226277,2003-01-01T00:00:00Z
Q89200423,L'eau Vive,
Q3221870,Q3221870,
Q96384421,La Cuverie,2019-11-01T00:00:00Z
Q931207,Kering,1963-01-01T00:00:00Z
Q3117481,M6 Group,1987-03-01T00:00:00Z
Q109356043,Librairie Albin Michel,2015-01-05T00:00:00Z
Q57628091,Havas Voyages,
Q3070922,Feu Vert,1972-01-01T00:00:00Z
Q20724496,Éditions sociales,1944-01-01T00:00:00Z
Q56319259,Olinda,2016-01-01T00:00:00Z
Q1338260,Tour d'Argent,1582-01-01T00:00:00Z
Q1276709,Vicat,1919-01-01T00:00:00Z
Q1431486,Orange,1988-01-01T00:00:00Z
Q98383422,Boulangerie Ange,2008-01-01T00:00:00Z
Q217374,Ligue 2,1933-01-01T00:00:00Z
Q3207356,Théâtre de la Chouc'routerie,
Q58385113,Éditions du Félin,1982-01-01T00:00:00Z
Q98647904,Restaurant Woll,1897-01-01T00:00:00Z
Q142205,Faurecia,1998-05-01T00:00:00Z
Q112164312,Soboriz,1968-01-01T00:00:00Z
Q92206114,Q92206114,2013-01-01T00:00:00Z
Q3347730,Ostwind,1999-01-01T00:00:00Z
Q57593821,Voltalia,2005-01-01T00:00:00Z
Q59222994,Plug In Digital,2012-01-01T00:00:00Z
Q6746,Citroën,1919-06-20T00:00:00Z
Q93094863,Lingerie indiscrète,2010-06-07T00:00:00Z
Q3552182,Urban Comics,2012-01-01T00:00:00Z
Q2904039,Biocoop,1987-12-25T00:00:00Z
Q3278594,Arthus Bertrand,1803-01-01T00:00:00Z
Q52493033,Éditions de l'Opportun,
Q974478,Les Deux Alpes,1954-01-01T00:00:00Z
Q104972220,Body Minute,2002-01-01T00:00:00Z
Q830416,Delsey,1911-01-01T00:00:00Z
Q66956879,Le Cartel,
Q3391735,Plastic Omnium,1946-01-01T00:00:00Z
Q101251784,Q101251784,
Q67429414,Bourbon Saveurs 974,2019-02-01T00:00:00Z
Q280413,National Center for Scientific Research,1939-10-19T00:00:00Z
Q107083903,Humanoids,1974-01-01T00:00:00Z
Q3147573,Icade,1954-01-01T00:00:00Z
Q109324388,Hotel Balzac Paris,
Q933962,Café du Commerce,1921-01-01T00:00:00Z
Q104520906,Thaddée editions,2010-01-01T00:00:00Z
Q16303413,Q16303413,2014-04-09T00:00:00Z
Q3221420,Le Ciel de Paris,
Q531015,Majorette,1961-01-01T00:00:00Z
Q14940658,L'Opinion,2013-05-01T00:00:00Z
Q112749413,Librairie des Alpes,1933-01-01T00:00:00Z
Q3117461,LDLC Group,1996-01-01T00:00:00Z
Q3191596,K par K,1989-01-01T00:00:00Z
Q102163541,Ma Ferme en Ville,2014-01-01T00:00:00Z
Q3173972,Jean Picollec Éditeur,1978-01-01T00:00:00Z
Q64441569,Q64441569,2006-01-01T00:00:00Z
Q100744835,Q100744835,1995-01-01T00:00:00Z
Q93169355,Cinando,2003-01-01T00:00:00Z
Q76835358,Q76835358,2012-05-01T00:00:00Z
Q109655891,Fortiche,2009-06-03T00:00:00Z
Q41171373,ALDI Nord,1960-01-01T00:00:00Z
Q3195358,Keosys,2001-01-01T00:00:00Z
Q1515595,Hôtel Lutetia,1910-01-01T00:00:00Z
Q63883252,Hilton Moorea Lagoon Resort & Spa,2009-01-01T00:00:00Z
Q108442980,Q108442980,
Q2670967,Casino Group,1898-01-01T00:00:00Z
Q4052332,Ultimae Records,1999-01-01T00:00:00Z
Q104127817,Flying Whales,2012-09-20T00:00:00Z
Q840045,Renault Trucks,1899-01-01T00:00:00Z
Q56325139,Bi1,
Q1849593,Skis Rossignol,1907-01-01T00:00:00Z
Q105658587,Old Skull Games,2015-01-20T00:00:00Z
Q15139453,Norwegian Long Haul,2012-01-01T00:00:00Z
Q66793713,L'Estanquet de la Portièra,
Q108831635,La Grande Cascade,
Q3579209,Q3579209,2005-01-01T00:00:00Z
Q19838644,Espaces et Signes,
Q287780,Mediawan Thematics,1999-01-01T00:00:00Z
Q78648330,Salto,2019-08-13T00:00:00Z
Q3345036,Éditions Nouveau Monde,2000-01-01T00:00:00Z
Q71116581,nysa,2006-01-01T00:00:00Z
Q3064698,Fakir,1999-01-01T00:00:00Z
Q142348,Le Parisien,1944-01-01T00:00:00Z
Q106291152,Le Hameau de la Mûre,
Q3340012,Nicolas,1822-01-01T00:00:00Z
Q24940442,Dataiku,2013-01-01T00:00:00Z
Q2866722,Asmodee,1995-01-01T00:00:00Z
Q2877537,But,1972-01-01T00:00:00Z
Q2868848,Atelier de création libertaire,1979-01-01T00:00:00Z
Q1521893,Taj Hotels Resorts and Palaces,1903-01-01T00:00:00Z
Q510954,Pearltrees,2008-01-01T00:00:00Z
Q3370417,Paul,1953-01-01T00:00:00Z
Q46637335,Le Domjohn Bar,http://www.wikidata.org/.well-known/genid/5cb5a2783648992c15e1626dcbd26081
Q102249540,Hôtel Opéra Cadet,1988-03-24T00:00:00Z
Q3220690,Q3220690,
Q98278043,Intermarché Express,
Q65159061,Q65159061,2002-01-01T00:00:00Z
Q840817,Cordon,
Q46999842,L'Auberge Rouge,1998-01-01T00:00:00Z
Q3010740,Q3010740,2010-12-08T00:00:00Z
Q99372823,Éditions La Plage,
Q30252802,Sirehna,1986-01-01T00:00:00Z
Q110803737,Q110803737,
Q105996005,Hôtel Meliá Paris La Défense,2015-02-16T00:00:00Z
Q1135428,Corse-Matin,1944-01-01T00:00:00Z
Q86441056,PM S.A.,1992-01-01T00:00:00Z
Q101584142,Karmafilms Distribution,
Q112625391,Les Nautes,2012-01-01T00:00:00Z
Q101281603,Copy-Top,1976-01-01T00:00:00Z
Q3411208,Pygmalion,
Q2823781,Actualité juive,1982-01-01T00:00:00Z
Q3275039,MACSF,1935-01-01T00:00:00Z
Q1018480,Swimmy,2017-06-02T00:00:00Z
Q3206840,La Boîte à Pizza,1991-05-30T00:00:00Z
Q106999641,Amgen (France),
Q571156,Natixis,2006-11-01T00:00:00Z
Q3117359,Carrefour Group,1959-01-01T00:00:00Z
Q3117422,Go Sport,1978-01-01T00:00:00Z
Q108582240,La Bodega,
Q3487758,ADAMI,1955-02-24T00:00:00Z
Q104599699,Bocage,1966-01-01T00:00:00Z
Q106077754,Headbang Club,2016-12-22T00:00:00Z
Q56512738,Premier Parallèle,2015-01-01T00:00:00Z
Q15070370,Ivory Tower,2007-01-01T00:00:00Z
Q105324937,Dinh Van,1965-01-01T00:00:00Z
Q111059493,Les Burgers de Papa,2013-09-02T00:00:00Z
Q62871250,Tchip,
Q77930466,Safran Seats,2018-01-01T00:00:00Z
Q108857108,Le Café Alain Ducasse,
Q23274,Castille Paris,
Q3314003,Milan Presse,1980-01-01T00:00:00Z
Q962626,Beneteau,1884-03-28T00:00:00Z
Q94695026,Kapten,2011-01-01T00:00:00Z
Q2837088,Société Chimique de France,1857-01-01T00:00:00Z
Q2353010,Cyanide,2000-01-01T00:00:00Z
Q2825393,Adventure Line Productions,1972-01-01T00:00:00Z
Q1316175,SYSTRAN,1968-01-01T00:00:00Z
Q3487620,Schmidt Groupe,1959-01-01T00:00:00Z
Q105081150,Q105081150,
Q21007910,Akuo Energy,2007-01-01T00:00:00Z
Q3411249,Pyramide Distribution,
Q815748,L’Équipe,1946-02-28T00:00:00Z
Q60997470,SAS Tip & Shaft,2018-04-20T00:00:00Z
Q534206,Saint-Gervais-les-Bains,
Q1276709,Vicat,1953-01-01T00:00:00Z
Q935891,Éditions Honoré Champion,1874-01-01T00:00:00Z
Q5204430,DBV Technologies,2002-03-29T00:00:00Z
Q3001258,Courir,1980-01-01T00:00:00Z
Q692179,Interflora,1908-09-17T00:00:00Z
Q104758982,GEOS Group,1997-01-01T00:00:00Z
Q110588250,Anamosa,2016-03-01T00:00:00Z
Q2635075,Éditions du Seuil,1935-01-01T00:00:00Z
Q3234011,Q3234011,
Q1544011,Pathé,1896-01-01T00:00:00Z
Q5904,Pro D2,1913-01-01T00:00:00Z
Q105063522,Arche,1968-01-01T00:00:00Z
Q3415172,RFM,1981-06-06T00:00:00Z
Q2931412,CGG,1931-01-01T00:00:00Z
Q109443413,Le Cul Sec,
Q3373262,Payot & Rivages,1992-01-01T00:00:00Z
Q109615101,E100 Centenaire Diffusion,2010-01-01T00:00:00Z
Q68368694,Q68368694,
Q3562373,Voisin,1897-01-01T00:00:00Z
Q218613,Galeries Lafayette Haussmann,1894-01-01T00:00:00Z
Q101249024,Q101249024,1990-01-01T00:00:00Z
Q17150241,Algolia,2012-10-10T00:00:00Z
Q21708180,Atelier 801,2011-10-14T00:00:00Z
Q948531,Celine,1945-01-01T00:00:00Z
Q10977,Le Progrès,1859-01-01T00:00:00Z
Q2282172,Yves Saint Laurent,1961-01-01T00:00:00Z
Q27503584,Soulbeats Records,2006-01-01T00:00:00Z
Q1629027,Le Livre de poche,1953-01-01T00:00:00Z
Q52517983,Q52517983,
Q3118708,Gualino,1995-01-01T00:00:00Z
Q2298492,Vallourec,1957-01-01T00:00:00Z
Q110069152,Bricopro,1954-01-01T00:00:00Z
Q107170743,Snow in Water Records,
Q111906680,Leikir Studio,
Q106599373,Latitude,2019-01-01T00:00:00Z
Q3078567,Fortuneo,2000-01-01T00:00:00Z
Q111924444,Lunaris Iris,
Q542767,Christian Dior,1946-01-01T00:00:00Z
Q590952,Credit Agricole Group,2000-01-01T00:00:00Z
Q21428372,Ostrum Asset Management,2007-01-01T00:00:00Z
Q3337081,Naturalia,1973-01-01T00:00:00Z
Q3117501,La Mère Poulard,1987-01-01T00:00:00Z
Q108029439,UVI,1987-01-01T00:00:00Z
Q3026786,Dictionnaires Le Robert,
Q89503945,Citron Vert,1999-01-01T00:00:00Z
Q109587987,Goloso Games,2016-10-01T00:00:00Z
Q3382454,Picard Surgelés,1906-01-01T00:00:00Z
Q27465471,Snapp,2014-01-01T00:00:00Z
Q1974503,Bureau Veritas,1828-01-01T00:00:00Z
Q621534,Éditions Grasset,1907-01-01T00:00:00Z
Q49053,Schneider Electric,1836-01-01T00:00:00Z
Q7316076,Poivre Rouge,1983-02-17T00:00:00Z
Q110647903,Histoires de Parfums,2000-01-01T00:00:00Z
Q114007642,Horus X,2018-04-02T00:00:00Z
Q46996006,Onfido,2012-01-01T00:00:00Z
Q60642823,Le Brazier Wine Bar,
Q62085960,Maison de la presse,1990-01-01T00:00:00Z
Q112670294,Hulab,
Q530721,La Clusaz,
Q3579464,Éditions P.O.L,1983-01-17T00:00:00Z
Q109703775,Black Sheep Studio,
Q34769853,fioulmarket,2012-01-01T00:00:00Z
Q895795,Kenzo,1970-01-01T00:00:00Z
Q113499353,La Caserne,2019-01-01T00:00:00Z
Q113544942,SAS Iliens,
Q3470363,Salvator,1924-01-01T00:00:00Z
Q3592710,Q3592710,1886-01-01T00:00:00Z
Q108888335,Théâtre Nanterre-Amandiers,1976-01-01T00:00:00Z
Q3027831,See Tickets,2004-01-01T00:00:00Z
Q538587,Cartier,1847-01-01T00:00:00Z
Q111209417,Banke Hotel,2014-01-01T00:00:00Z
Q288396,Laboratoires Expanscience,1950-01-01T00:00:00Z
Q21658064,Simplon.co,
Q903805,hema,1926-11-04T00:00:00Z
Q3458209,Réussir,1986-01-01T00:00:00Z
Q3352745,Scaleway,1999-01-01T00:00:00Z
Q3355386,Orcières Merlette 1850,1952-01-01T00:00:00Z
Q99848767,Marc Orian,
Q2870542,Aubay,1998-01-01T00:00:00Z
Q2901638,Bicloo,
Q91257968,Vapostore,
Q110965569,Storelift,
Q100146251,KeepCool,
Q15459036,Kontre Kulture Editions,2011-01-01T00:00:00Z
Q3213929,Q3213929,
Q3559967,Vinci Autoroutes,2006-01-01T00:00:00Z
Q842108,Euronext,2000-09-22T00:00:00Z
Q3393185,Poggi Paris,
Q3553781,Valeurs Actuelles,1966-01-01T00:00:00Z
Q22249288,Q22249288,2003-01-01T00:00:00Z
Q99506800,Callisto,
Q969723,La Plagne,
Q3235252,Les Rêveurs de Runes,1994-01-01T00:00:00Z
Q92049473,Q92049473,2014-01-01T00:00:00Z
Q22248343,doctolib.fr,2013-12-01T00:00:00Z
Q6686,Renault,1898-12-24T00:00:00Z
Q105429377,La Fée Maraboutée,1996-01-01T00:00:00Z
Q63785207,Mas de Chastelas,1967-01-01T00:00:00Z
Q7245532,20 minutes,2002-03-15T00:00:00Z
Q62229484,Hilton Paris La Defense,2002-05-01T00:00:00Z
Q19951924,Business France,2015-01-01T00:00:00Z
Q2178795,RTE,2000-01-01T00:00:00Z
Q3537382,Transatel,2000-01-01T00:00:00Z
Q3488775,Sodiaal,1990-01-01T00:00:00Z
Q2823584,Actes Sud,1978-01-01T00:00:00Z
Q1385309,Balmain,1945-01-01T00:00:00Z
Q106353063,De Neuville,
Q1161666,Thales Group,2000-12-06T00:00:00Z
Q2912244,Paul-Valéry-Montpellier University,1971-01-01T00:00:00Z
Q1643241,UGC,1946-09-25T00:00:00Z
Q156077,L’Oréal,1909-01-01T00:00:00Z
Q101552261,Au Grandgousier,
Q2083518,Ubisoft Montpellier,1994-01-01T00:00:00Z
Q2931091,CBo Territoria,2005-01-01T00:00:00Z
Q114819861,Le Popul'Air,2005-01-01T00:00:00Z
Q3012927,Dammann Frères,1925-01-01T00:00:00Z
Q107976724,Page et Plume,
Q617084,Speed Rabbit Pizza,1991-01-01T00:00:00Z
Q663612,Opéra national du Rhin,
Q2470271,Casa de Velázquez,1920-01-01T00:00:00Z
Q97291256,Q97291256,
Q109544932,Restaurants du Monde,
Q3299185,Matmut,1961-01-01T00:00:00Z
Q1430113,Institut national des langues et civilisations orientales,1669-01-01T00:00:00Z
Q290817,Courchevel,
Q1770349,Safran Landing Systems,2011-01-01T00:00:00Z
Q114810641,Benoit Audition,1989-01-01T00:00:00Z
Q108870467,Komilfo,2002-01-01T00:00:00Z
Q3579336,Editions Galilee,1971-11-29T00:00:00Z
Q3354445,Optic 2000,1969-01-01T00:00:00Z
Q109703890,Smart Tale,
Q62428886,Q62428886,
Q82258484,Q82258484,
Q1273376,E.Leclerc,1949-01-01T00:00:00Z
Q26944,Alpine,1955-01-01T00:00:00Z
Q3080414,Framasoft,2003-12-02T00:00:00Z
Q64755627,WPO,2008-01-01T00:00:00Z
Q105642024,Topi Games,2014-02-01T00:00:00Z
Q3579383,L'Harmattan,1975-06-11T00:00:00Z
Q5244297,de Buyer,1830-01-01T00:00:00Z
Q58385113,Éditions du Félin,1981-01-01T00:00:00Z
Q24189171,Proman,
Q2806609,10/18,1962-01-01T00:00:00Z
Q3145485,Hôtel Edouard 7,
Q3046208,Bouygues énergies & services,1929-01-01T00:00:00Z
Q2211570,Saft,1918-01-01T00:00:00Z
Q110986212,Sysoon,2005-02-25T00:00:00Z
Q47313849,Iida-Ya,
Q764155,Tefal,1956-01-01T00:00:00Z
Q78471957,Pizzeria Bella Italia,
Q3221895,Q3221895,1996-01-26T00:00:00Z
Q2735739,Rakuten,2000-01-01T00:00:00Z
Q2942948,Catimini,1972-01-01T00:00:00Z
Q729665,Solido Models,1930-01-01T00:00:00Z
Q104192959,Q104192959,
Q110211034,Yapiko Animation,2012-06-01T00:00:00Z
Q63335,Foot Locker,1974-01-01T00:00:00Z
Q673327,Arkema,2004-01-01T00:00:00Z
Q107984933,Atelier d'architecture King Kong,
Q636211,Archos,1988-01-01T00:00:00Z
Q108505765,Dell'Anima,2021-09-08T00:00:00Z
Q1431486,Orange,1996-12-31T00:00:00Z
Q3331046,MMA,1828-01-01T00:00:00Z
Q848336,Eutelsat,1982-01-01T00:00:00Z
Q63395541,beQbe,
Q2405662,Vedettes de Paris,1976-01-01T00:00:00Z
Q2558951,Wendel,2002-01-01T00:00:00Z
Q2708181,Van Cleef & Arpels,1896-01-01T00:00:00Z
Q41567675,Huawei Technologies (France),1987-01-01T00:00:00Z
Q115236626,RED ƎYE Pictures,
Q131005,Air France,1933-10-07T00:00:00Z
Q99447198,Q99447198,
Q48703067,Alma Editeur,
Q100840751,Distillerie du Gorvello,2011-12-12T00:00:00Z
Q2414848,STRAN,1984-01-01T00:00:00Z
Q69524275,iFollow,
Q177814,Suez,2008-07-22T00:00:00Z
Q3210916,La Musardine,1980-01-01T00:00:00Z
Q30273723,SEBIA,1967-01-01T00:00:00Z
Q3186871,Q3186871,
Q47509008,ARP Sélection,1984-01-20T00:00:00Z
Q32979361,Station F,2017-06-29T00:00:00Z
Q106634538,Q106634538,2017-01-01T00:00:00Z
Q3325177,Motion Twin,2001-08-06T00:00:00Z
Q106824295,Q106824295,2008-11-20T00:00:00Z
Q98553832,AllPoints,2017-07-06T00:00:00Z
Q4705652,Alain Figaret,1968-01-01T00:00:00Z
Q56653727,Banque populaire Grand Ouest,
Q270363,Société Générale,1864-01-01T00:00:00Z
Q3484790,Simply Market,2005-01-01T00:00:00Z
Q3362822,Papeteries Clairefontaine,1858-01-01T00:00:00Z
Q377629,Télérama,1947-01-01T00:00:00Z
Q109374391,Chmpagne Monmarthe,
Q3579521,Q3579521,
Q108900093,Au Clairon des Chasseurs,1957-01-01T00:00:00Z
Q114308612,Floral Records,2022-09-01T00:00:00Z
Q100701530,Chausson Matériaux,
Q67072550,Q67072550,1999-08-16T00:00:00Z
Q2864855,Artefacts Studio,1994-01-01T00:00:00Z
Q1499936,Gemalto,2006-06-01T00:00:00Z
Q899383,European Telecommunications Standards Institute,1988-01-01T00:00:00Z
Q3579431,Éditions Michel Lafon,1980-01-01T00:00:00Z
Q16533330,BoostAeroSpace,2011-11-28T00:00:00Z
Q64224992,Sécuritest,
Q112674390,Q112674390,1986-01-01T00:00:00Z
Q114642704,Reveyron,
Q47391403,Fruitière de Pleure,
Q2096638,International Union Against Tuberculosis and Lung Disease,1867-01-01T00:00:00Z
Q3232641,Les Films Pelléas,1990-01-01T00:00:00Z
Q60615583,La Cocagne,
Q859575,Nacon,1981-01-01T00:00:00Z
Q3571013,Ingenico Group,1980-01-01T00:00:00Z
Q843887,Hermès,1837-01-01T00:00:00Z
Q795981,Société Bic,1945-01-01T00:00:00Z
Q664399,Keolis,2001-01-01T00:00:00Z
Q3225161,Le Palais des Thés,1987-01-01T00:00:00Z
Q111084754,St Christopher's Inn Canal,2008-01-01T00:00:00Z
Q3546631,Téléparis,
Q3488393,Société hydroélectrique du Midi,1929-01-01T00:00:00Z
Q3187152,JouéClub,1952-01-01T00:00:00Z
Q3489229,Solaris,
Q3206431,La Banque Postale,2006-01-01T00:00:00Z
Q3579551,Éditions Verdier,1979-01-01T00:00:00Z
Q61819805,Le Marélie,
Q109769595,Stop Pizza,
Q2120822,Salomon Group,1947-01-01T00:00:00Z
Q98097285,Sorare,2018-10-01T00:00:00Z
Q89674282,Neuilly Journal,1888-01-01T00:00:00Z
Q3153200,Intermarché,1973-01-01T00:00:00Z
Q28760504,EpicTV Shop,2012-01-01T00:00:00Z
Q2925142,Bricoman,1998-01-01T00:00:00Z
Q52382638,Novaquark,2014-01-17T00:00:00Z
Q105395188,Frédéric Moreno,
Q1454296,Glénat Éditions,1969-01-01T00:00:00Z
Q3009179,Cyrillus,1977-01-01T00:00:00Z
Q111390659,Hôtel de l'Abbaye Saint-Germain,
Q21484379,Eurosport,1989-01-01T00:00:00Z
Q3087452,French Data Network,1992-06-02T00:00:00Z
Q112124773,Hôtel Raspail Montparnasse,
Q23979091,French Bee,2016-01-01T00:00:00Z
Q106686685,Dyomedea-Neolab,
Q1318977,Penly Nuclear Power Plant,
Q2593762,Café des 2 Moulins,
Q64220890,Koffeeware,2005-01-01T00:00:00Z
Q6455598,L'Arpège,1986-01-01T00:00:00Z
Q112669723,Marionnettes du Parc Montsouris,1930-01-01T00:00:00Z
Q65617623,Mekong Asian Village,
Q40611495,Mercure de France,1893-01-01T00:00:00Z
Q3209216,Q3209216,1946-01-01T00:00:00Z
Q115242500,Auteuil Brasserie,
Q3407444,Promovacances,1998-01-01T00:00:00Z
Q16683212,Q16683212,1998-01-01T00:00:00Z
Q110933868,Q110933868,
Q15975367,Etablissement public d'aménagement de Paris-Saclay,2010-06-03T00:00:00Z
Q3339212,Nexway,2002-01-01T00:00:00Z
Q2301315,Sonepar,1969-01-01T00:00:00Z
Q104417794,Q104417794,2004-01-01T00:00:00Z
Q109587972,Red Art Games,2017-12-19T00:00:00Z
Q6451704,Kylotonn,2002-01-01T00:00:00Z
Q1537378,Publicis,1926-01-01T00:00:00Z
Q2973271,Cinéville,2004-01-01T00:00:00Z
Q500740,Lille University of Science and Technology,1970-01-01T00:00:00Z
Q112654776,La Passe du Vent,
Q111236202,Q111236202,2004-01-01T00:00:00Z
Q3576279,Q3576279,1991-01-01T00:00:00Z
Q3276265,Pomme de Pain,1980-01-01T00:00:00Z
Q2930133,Vinilkosmo,1990-05-10T00:00:00Z
Q16511511,Théâtre de Cornouaille,
Q455484,Areva,1971-01-01T00:00:00Z
Q78628219,Le comptoir de l'atelier,
Q27535897,Paris City Vision,1929-01-01T00:00:00Z
Q2873116,Aux Trois Mailletz,1948-01-01T00:00:00Z
Q80265,Éditions Julliard,1942-01-01T00:00:00Z
Q2869542,Atol,1970-01-01T00:00:00Z
Q100706329,V and B,
Q1374315,Eurazeo,2001-01-01T00:00:00Z
Q16684416,Éditions Phébus,1976-01-01T00:00:00Z
Q14644084,Warner Classics,1991-01-01T00:00:00Z
Q3280364,Maisons du Monde,1996-01-01T00:00:00Z
Q14657870,Qwant,2013-02-16T00:00:00Z
Q3559968,Vinci Airports,1996-11-01T00:00:00Z
Q3565221,Wakanim,2009-03-15T00:00:00Z
Q98970132,Thierry de Maigret,
Q54862291,Le Moulin du Roc - Scène nationale de Niort,
Q104131696,Q104131696,
Q107134005,A & G,2017-09-01T00:00:00Z
Q3403500,Princesse tam.tam,1985-04-01T00:00:00Z
Q28777883,French Pulp,2014-01-01T00:00:00Z
Q3347517,Orange Cinéma Séries,2008-11-13T00:00:00Z
Q3512617,TV Magazine,1987-01-01T00:00:00Z
Q113516684,Claudie Pierlot,1984-01-01T00:00:00Z
Q1330945,Champagne Krug,1843-01-01T00:00:00Z
Q55596025,Carré blanc,1984-01-01T00:00:00Z
Q3402566,Presses Sorbonne Nouvelle,1982-01-01T00:00:00Z
Q1465285,Golfech Nuclear Power Plant,
Q1227511,Naval Group,1631-01-01T00:00:00Z
Q3488573,SPIE,1900-01-01T00:00:00Z
Q273819,Éditions Gallimard,1911-01-01T00:00:00Z
Q3117566,The Soufflet Group,1900-01-01T00:00:00Z
Q3354177,Q3354177,2000-03-29T00:00:00Z
Q3537964,Astuce,1977-05-28T00:00:00Z
Q1726925,Maison Margiela,1988-01-01T00:00:00Z
Q3224950,Le Méridien Étoile,1972-01-01T00:00:00Z
Q108900631,Le Sabot Rouge,
Q104529353,PID Publishing,2020-01-01T00:00:00Z
Q141644,Nexans,2000-07-01T00:00:00Z
Q16670499,Pocket Jeunesse,
Q3378886,Phildar,1903-01-01T00:00:00Z
Q151107,Michelin,1889-05-28T00:00:00Z
Q56025734,L'Auberge du Lavoir,2017-03-28T00:00:00Z
Q3579616,éditions de la Table ronde,1944-01-01T00:00:00Z
Q2823880,Adagio,2007-01-01T00:00:00Z
Q2925146,Bricorama,1978-01-01T00:00:00Z
Q3040318,Du Pareil au Même,1986-01-01T00:00:00Z
Q111897537,Jardins Noirs,
Q1252739,Jeune Afrique,1960-10-17T00:00:00Z
Q21605526,SNCF Réseau,2015-01-01T00:00:00Z
Q106576107,Q106576107,2007-01-01T00:00:00Z
Q1127887,Vivendi,1981-01-01T00:00:00Z
Q605307,Les films du losange,1962-01-01T00:00:00Z
Q111817854,Maxi Bazar,
Q69470497,QuantStack,2016-06-01T00:00:00Z
Q2398780,Alter Way,2006-01-01T00:00:00Z
Q2496149,University of Reims,1971-01-01T00:00:00Z
Q62536473,Vito,
Q2642655,Le Dauphiné Libéré,1945-01-01T00:00:00Z
Q24932244,Premières Lignes,2006-01-01T00:00:00Z
Q89430707,Maison Landemaine,2007-01-01T00:00:00Z
Q101641106,Memphis,
Q109254520,Q109254520,1993-01-01T00:00:00Z
Q3417474,Rageot,1941-01-01T00:00:00Z
Q3220206,Le Baiser Salé,1983-01-01T00:00:00Z
Q3457700,Réservoir Prod,1994-01-01T00:00:00Z
Q108582369,Mr Fogg's Pub,
Q42587412,Q42587412,2003-01-01T00:00:00Z
Q2522678,Gallimard Jeunesse,1972-01-01T00:00:00Z
Q1475554,Sodexo,1966-01-01T00:00:00Z
Q3188386,Jules,1996-01-01T00:00:00Z
Q55758324,ferme-auberge La Bergerie,
Q17174497,Axéréal,2013-01-01T00:00:00Z
Q9480,Les Subsistances,
Q3290655,Marguerite,2008-04-14T00:00:00Z
Q74877,JCDecaux,1964-01-01T00:00:00Z
Q3202519,Atelier BNP Paribas,2003-01-01T00:00:00Z
Q108900365,Q108900365,2020-01-01T00:00:00Z
Q16675876,Scriptarium,2010-06-26T00:00:00Z
Q56853086,EssilorLuxottica,2018-10-01T00:00:00Z
Q1582074,Kazé,1994-01-01T00:00:00Z
Q115243462,Q115243462,
Q104717564,Max et Moi,2007-01-01T00:00:00Z
Q85672318,La Belle Games,
Q3337111,Nature et Découvertes,1990-01-01T00:00:00Z
Q113389662,SAS MERLOT,
Q100728296,La Halle,
Q111204051,Dal'i Bar,
Q1131326,Mazars,1940-01-01T00:00:00Z
Q203853,Nice-Matin,1944-01-01T00:00:00Z
Q581438,Bouygues Telecom,1994-01-01T00:00:00Z
Q64224807,Autosur,
Q3314326,Millet,1921-01-01T00:00:00Z
Q3321241,Monoprix,1932-01-01T00:00:00Z
Q113003659,Calvados Offshore Wind Farm,
Q25378017,Ofelbe,2014-01-01T00:00:00Z
Q55508821,Pixel Wizards,2016-01-01T00:00:00Z
Q3047660,Editis,2004-01-01T00:00:00Z
Q106493930,Ultim Sailing,2018-01-01T00:00:00Z
Q86661458,Q86661458,2017-04-03T00:00:00Z
Q101850226,Appart'City,
Q3224676,Le Monde de l'éducation,1974-12-01T00:00:00Z
Q110222577,Beyond the Sea,2014-07-12T00:00:00Z
Q3195349,Q3195349,1957-02-06T00:00:00Z
Q63003693,Arthaud bookstore,1882-01-01T00:00:00Z
Q99587975,Q99587975,2020-09-24T00:00:00Z
Q59275017,Valeco,1999-01-01T00:00:00Z
Q112597595,Q112597595,
Q110708035,Q110708035,
Q23283,L'Hôtel,1868-01-01T00:00:00Z
Q65922459,Shelter Press,2012-01-01T00:00:00Z
Q3202306,L'Argus,1927-01-01T00:00:00Z
Q3149986,Inculte,2004-01-01T00:00:00Z
Q57657260,Contec Inc.,1988-01-01T00:00:00Z
Q3425078,Renault Retail Group,2008-01-01T00:00:00Z
Q109343359,Nutrixeal,
Q104196329,Karl Marc John,
Q19903434,Mailjet,2010-01-01T00:00:00Z
Q406992,Air Caraïbes,2000-01-01T00:00:00Z
Q3145660,Hôtel Régina,1900-01-01T00:00:00Z
Q658546,Constructions industrielles de la Méditerranée,1982-01-01T00:00:00Z
Q3212514,La Ruche qui dit Oui,2010-10-01T00:00:00Z
Q109928792,Voxler,2005-10-06T00:00:00Z
Q2672003,Celio,1978-08-06T00:00:00Z
Q3368440,Pastagames,2001-01-01T00:00:00Z
Q63682093,Bonobo,
Q3029396,Total Direct Énergie,2003-01-01T00:00:00Z
Q113686692,Monsieur Store,
Q111113693,FIAP Jean Monnet,
Q3237915,Librairie polonaise de Paris,1833-09-12T00:00:00Z
Q75612315,Le Café neuf,
Q3300250,Maurel & Prom,1831-01-01T00:00:00Z
Q2758142,Les Inrockuptibles,1986-01-01T00:00:00Z
Q3339185,Nexity,1926-01-01T00:00:00Z
Q50491222,Q50491222,
Q460487,Dassault Aviation,1929-01-01T00:00:00Z
Q105946751,Rue des Écoles,
Q3156592,J'ai Lu,1958-01-01T00:00:00Z
Q3579246,Éditions Belin,1777-01-01T00:00:00Z
Q872222,Opéra-Comique,1715-01-01T00:00:00Z
Q105605308,Le Poulbot,
Q113333321,Q113333321,2019-08-01T00:00:00Z
Q40464,Agence France-Presse,1944-01-01T00:00:00Z
Q58293629,Posidonia Editions,2016-03-16T00:00:00Z
Q3331029,Mutuelle d'assurance des instituteurs de France,1934-05-17T00:00:00Z
Q2883429,Banque Palatine,1780-01-01T00:00:00Z
Q3294957,Mars Films,2007-06-22T00:00:00Z
Q1651385,Prat Peyrot,
Q62032408,Virtual Regatta SAS,
Q3563412,SNCF Connect,2000-06-13T00:00:00Z
Q109731289,Le Renard Café,2021-01-01T00:00:00Z
Q62618895,DigixArt,2015-03-01T00:00:00Z
Q99689204,Naturo Phonia,1996-01-01T00:00:00Z
Q17176547,Comtesse du Barry,1908-01-01T00:00:00Z
Q98362661,Roquette,
Q111152464,Glee-Cheese Studio,2021-04-01T00:00:00Z
Q1141586,Charles de Gaulle University of humanities arts and social sciences,1970-01-01T00:00:00Z
Q104093374,Actual Leader group,2018-12-01T00:00:00Z
Q2867785,AFNIC,1997-01-01T00:00:00Z
Q105108171,RTSYS,
Q3518697,Q3518697,1887-01-01T00:00:00Z
Q1431285,Pierre et Vacances,1967-01-01T00:00:00Z
Q104819430,Q104819430,2010-11-01T00:00:00Z
Q3579311,Dunod,
Q64522623,Q64522623,
Q106924708,Time for the Planet,2019-04-01T00:00:00Z
Q3220877,Le Castor Astral,1975-01-01T00:00:00Z
Q57708712,Valorem,1994-01-01T00:00:00Z
Q1137404,L'Humanité,1904-01-01T00:00:00Z
Q109480484,Champagne Quatresols-Gauthier,2006-04-26T00:00:00Z
Q3060526,Les Cinémas Pathé Gaumont,2001-01-01T00:00:00Z
Q55451382,Jours Heureux,1979-01-01T00:00:00Z
Q2923533,Bragelonne,
Q97187730,Axione,2003-08-06T00:00:00Z
Q742587,La Dépêche du Midi,1870-10-02T00:00:00Z
Q30255328,TotalEnergies renouvelables,2013-01-01T00:00:00Z
Q22924684,Le Pavillon des Lettres,
Q117215,Ilévia,1989-01-01T00:00:00Z
Q58877181,Q58877181,2014-06-01T00:00:00Z
Q689093,Gameloft,1999-01-01T00:00:00Z
Q110904797,The Pixel Hunt,2014-01-24T00:00:00Z
Q108781876,Les Caves du Louvre,
Q16040118,Dekra Automotive,1925-01-01T00:00:00Z
Q106731038,Biofutur,2001-01-01T00:00:00Z
Q1430113,Institut national des langues et civilisations orientales,1914-01-01T00:00:00Z
Q70117211,Quadient,2019-01-01T00:00:00Z
Q28493265,Antargaz,1951-01-01T00:00:00Z
Q67143938,Nouvelles d'Arménie Magazine,1993-05-01T00:00:00Z
Q55599293,Rec. 118,2016-02-02T00:00:00Z
Q2496149,University of Reims,1967-01-01T00:00:00Z
Q3524695,Thiriet,1902-01-01T00:00:00Z
Q104826254,Sud Express,
Q98930155,Alpine F1 Team,
Q3217617,Lansay,1972-01-01T00:00:00Z
Q749431,Sofitel,1964-01-01T00:00:00Z
Q104185516,Transdev Group,1954-01-01T00:00:00Z
Q2961620,Chaumet,1780-01-01T00:00:00Z
Q56618803,Diana Dea Lodge,
Q68671691,Revue Z,2009-01-01T00:00:00Z
Q3204140,L'Indicateur des Flandres,1832-01-01T00:00:00Z
Q106594103,Factorhy Avocats,2019-10-16T00:00:00Z
Q3224708,Le Monde informatique,
Q109353145,Librairie L'Impromptu,2018-11-08T00:00:00Z
Q52158829,"L’Anticafé, Lyon",
Q62576509,L'Ébullition,
Q113482584,Sam Manuard Yacht Design,
Q96176445,Q96176445,
Q3488479,Marseillaise Credit Company,1865-01-01T00:00:00Z
Q3157058,Jacadi,
Q3523350,The Westin Paris – Vendôme,1878-01-01T00:00:00Z
Q1129073,Marionnaud,1988-08-01T00:00:00Z
Q70878557,Q70878557,2012-01-01T00:00:00Z
Q3025542,Devred (brand),1902-01-01T00:00:00Z
Q94480138,Love Streams agnès b. Productions,1997-01-01T00:00:00Z
Q2867726,Association française de sociologie,1962-01-01T00:00:00Z
Q104381937,Douze Dixièmes,2017-03-30T00:00:00Z
Q2986195,Commentaire,1978-01-01T00:00:00Z
Q1302944,Eiffage,1992-01-01T00:00:00Z
Q846484,Caisse des dépôts et consignations,1816-04-28T00:00:00Z
Q113646586,Q113646586,2006-01-01T00:00:00Z
Q1380537,Géant Casino,1970-01-01T00:00:00Z
Q105099543,Alice Délice,2002-01-01T00:00:00Z
Q96012599,La Belle Équipe,
Q109597291,EDF ENR,
Q2927437,Buchet/Chastel,1936-01-01T00:00:00Z
Q3080006,Q3080006,1781-11-24T00:00:00Z
Q107486649,Michel Bookstore,
Q17642121,Illumination Mac Guff,2011-01-01T00:00:00Z
Q86698497,Presses universitaires Blaise-Pascal,1999-01-01T00:00:00Z
Q109932630,BreakFirst,2009-01-01T00:00:00Z
Q19629196,Mnémosyne,2000-01-01T00:00:00Z
Q1739375,Civaux Nuclear Power Plant,2002-01-01T00:00:00Z
Q3417017,Q3417017,1982-01-01T00:00:00Z
Q11378873,Lyon People,2000-01-01T00:00:00Z
Q1338260,Tour d'Argent,1860-01-01T00:00:00Z
Q951079,Armor Lux,1938-01-01T00:00:00Z
Q1432809,Relais & Châteaux,1954-01-01T00:00:00Z
Q3198944,Korian,2001-01-01T00:00:00Z
Q276804,Robin Aircraft,1957-10-01T00:00:00Z
Q868550,Alternative Energies and Atomic Energy Commission,1945-01-01T00:00:00Z
Q48752251,Newen,2008-07-18T00:00:00Z
Q16682075,University of the French Antilles,1972-01-01T00:00:00Z
Q87721621,Q87721621,
Q3812045,Kiko Milano,1997-01-01T00:00:00Z
Q3151963,Institut d'études slaves,1919-01-01T00:00:00Z
Q107680004,Cap Axios,2003-01-01T00:00:00Z
Q86668014,Neoness,2008-01-01T00:00:00Z
Q32847287,Transkeo,2015-11-24T00:00:00Z
Q3365300,Q3365300,1946-01-01T00:00:00Z
Q66425414,L' Happy'Za,2019-09-01T00:00:00Z
Q69467844,Pitakia,
Q64824182,Positive Planet,
Q101246838,MerConcept,2006-01-01T00:00:00Z
Q112858152,Librairie Le Divan,1921-01-01T00:00:00Z
Q1892146,Presses Universitaires De France,1921-01-01T00:00:00Z
Q113482656,Marionnettes du parc Georges Brassens,
Q80184403,Vulco,
Q105582654,Au Vieux Comptoir,
Q3225114,Le Pacte,2007-01-01T00:00:00Z
Q3546531,Télé 7 Jours,1960-03-26T00:00:00Z
Q2879246,Bahadourian,1929-01-01T00:00:00Z
Q3517201,Teisseire,1720-01-01T00:00:00Z
Q56295794,General Logistics Systems France,1979-11-01T00:00:00Z
Q1630895,Hotel F1,1984-01-01T00:00:00Z
Q16684192,Éram,1927-01-01T00:00:00Z
Q3023799,Derichebourg,2007-07-18T00:00:00Z
Q61053148,Tubà,
Q62662804,Galeries Lafayette Champs-Élysées,2019-01-01T00:00:00Z
Q3471558,San Marina,1981-01-01T00:00:00Z
Q99752632,Q99752632,2010-01-01T00:00:00Z
Q16466481,Holcim Group,2015-01-01T00:00:00Z
Q3122954,Gémo,1991-01-01T00:00:00Z
Q2945394,Centre for Breton and Celtic Research,1969-01-01T00:00:00Z
Q115030442,Cheval Blanc Paris,2021-09-07T00:00:00Z
Q2421484,Les Films du Poisson,1995-01-01T00:00:00Z
Q2826643,French Development Agency,1941-01-01T00:00:00Z
Q3080530,France-Autopartage,2002-03-01T00:00:00Z
Q643290,RATP,1949-01-01T00:00:00Z
Q64723990,Meero,2014-02-14T00:00:00Z
Q1393575,Faiveley Transport,1919-01-01T00:00:00Z
Q53343983,ENI editions,1981-01-01T00:00:00Z
Q47189885,Staldata,
Q2911642,Botanic,1977-06-30T00:00:00Z
Q3349600,Office des postes et télécommunications de Nouvelle-Calédonie,1956-12-01T00:00:00Z
Q64224842,Autovision,
Q1430113,Institut national des langues et civilisations orientales,1971-01-01T00:00:00Z
Q3203468,L'Herne,1963-01-01T00:00:00Z
Q3162640,Truffaut,1897-01-01T00:00:00Z
Q79408038,A2T Telecom,2019-08-30T00:00:00Z
Q1475070,MBDA,2001-01-01T00:00:00Z
Q2876680,BAC Films,1986-01-01T00:00:00Z
Q37812900,Hôtel Splendid Étoile,1976-01-01T00:00:00Z
Q108913701,58 Tour Eiffel,
Q101444707,Q101444707,1976-01-01T00:00:00Z
Q110622269,Le Livre en pente,
Q3226743,Le Républicain,1944-10-06T00:00:00Z
Q2905324,Black Book Éditions,2004-01-01T00:00:00Z
Q52263746,Q52263746,
Q109526532,Librairie Alain Brieux,1958-01-01T00:00:00Z
Q109941133,Hôtel Chopin,1846-01-01T00:00:00Z
Q97962557,La Maison Penet,
Q3224488,Le Mensuel,2010-01-01T00:00:00Z
Q105962264,Confession,2015-01-01T00:00:00Z
Q91002058,Descamps,1802-01-01T00:00:00Z
Q2896230,Taillevent,1946-01-01T00:00:00Z
Q27986299,Q27986299,
Q3572115,YellowKorner,2006-01-01T00:00:00Z
Q110482603,Gaussin,
Q3040048,Drouot,2002-01-01T00:00:00Z
Q22249445,Q22249445,
Q109423693,Twin Sails Interactive,
Q67,Airbus,1970-01-01T00:00:00Z
Q3368657,Pataugas,1950-08-24T00:00:00Z
Q107897747,Unexpected Studio,2015-11-01T00:00:00Z
Q1535260,Printemps,1865-01-01T00:00:00Z
Q3579445,éditions Nicolas Chaudun,2004-01-01T00:00:00Z
Q1347990,Eramet,1880-01-01T00:00:00Z
Q18415353,Sigfox,2009-01-01T00:00:00Z
Q109042380,La Réserve Paris,
Q105184851,Erplast,
Q52115738,Mi-Clos Studio,2014-01-01T00:00:00Z
Q1334247,Harry's New York Bar,
Q3446822,Rue du Commerce,1999-04-27T00:00:00Z
Q76835085,Q76835085,
Q56310803,Ekwateur,2015-11-06T00:00:00Z
Q59820716,L'assiette autour du vin,
Q106485304,CrivaSense Technologies,2014-01-01T00:00:00Z
Q109932485,PID Games,
Q104649177,Adopt',
Q3515868,Tartine et Chocolat,1977-01-01T00:00:00Z
Q1165843,Dargaud,1936-01-01T00:00:00Z
Q696634,Chamrousse,1950-01-01T00:00:00Z
Q13717,Libération,1973-04-18T00:00:00Z
Q105374666,Gouiran Beauté,1964-01-01T00:00:00Z
Q2931935,CQFD,2003-04-01T00:00:00Z
Q65152074,Binge Audio,
Q2923992,Le Balzar,
Q110922459,Le Moment de Partage,2022-02-10T00:00:00Z
Q3579203,éditions Agone,
Q81413425,Theodo,2009-01-01T00:00:00Z
Q1034621,Capgemini,1967-10-01T00:00:00Z
Q3320072,Monabanq,2006-10-02T00:00:00Z
Q1402977,Gaumont Animation,1998-01-01T00:00:00Z
Q3196672,Kiloutou,1980-01-01T00:00:00Z
Q509349,Decathlon,1976-01-01T00:00:00Z
Q113961455,Le French POC,2019-01-01T00:00:00Z
Q104825419,Jimmy Fairly,2011-01-01T00:00:00Z
Q1551864,Suez,1896-01-01T00:00:00Z
Q3463860,Saint James Paris,
Q1886126,Safran,2005-05-11T00:00:00Z
Q14594793,Le Slip Français,2011-01-01T00:00:00Z
Q21041493,Musées d'Angers,
Q1553251,Guerlain,1828-01-01T00:00:00Z
Q21008365,Éditions Sans-Détour,
Q319915,Tarkett,1997-10-03T00:00:00Z
Q66796984,Dear Villagers,
Q3320547,Mondial Relay,1992-04-28T00:00:00Z
Q111318000,Les Alchimistes,
Q517477,Télé Poche,1966-01-12T00:00:00Z
Q3317571,Mobalpa,1942-08-20T00:00:00Z
Q218115,Chanel,1913-01-01T00:00:00Z
Q37812883,Hôtel Rochester Champs-Élysées,1991-01-01T00:00:00Z
Q110635144,Mark Buxton Perfumes,2008-01-01T00:00:00Z
Q3332522,Médiamétrie,1985-01-01T00:00:00Z
Q2873070,Autrement,1975-01-01T00:00:00Z
Q3145689,Trianon Palace Versailles,
Q66768727,Le Harenguier,
Q73905668,Les Parages,
Q3211977,La Procure,1898-01-01T00:00:00Z
Q96347648,By Mina Gautier,2016-12-06T00:00:00Z
Q3576682,À l'Aise Breizh,1996-01-01T00:00:00Z
Q114869235,CreaSyn Studio,2009-01-01T00:00:00Z
Q104196818,Arthur,1983-01-01T00:00:00Z
Q3512571,TVR,1987-03-21T00:00:00Z
Q106704190,Katrina Music,
Q55597242,Humensis,2016-01-01T00:00:00Z
Q3176626,Jeff de Bruges,1986-01-01T00:00:00Z
Q2819394,AS24,1988-01-01T00:00:00Z
Q101584164,Quilombo Films,
Q1002154,Buffet Drung Good Nourriture & Aliment Now Séléction Spéciale Coffet Asta Dynamic 90 grs,1825-01-01T00:00:00Z
Q48752850,Faguo,2008-01-01T00:00:00Z
Q111828695,Q111828695,
Q769222,Dailymotion,2005-03-15T00:00:00Z
Q2882167,Quies,1921-01-01T00:00:00Z
Q52619589,Nubar Library,1928-01-01T00:00:00Z
Q95720867,Cidrerie Nicol,1928-01-01T00:00:00Z
Q2689639,Carrefour Market,2007-01-01T00:00:00Z
Q107379724,Q107379724,2019-03-01T00:00:00Z
Q3146711,IKKS,1987-01-01T00:00:00Z
Q19945119,La Trémoille Paris,1925-01-01T00:00:00Z
Q62521738,Sergent Major,1987-01-01T00:00:00Z
Q1207856,Harmonia Mundi,1958-01-01T00:00:00Z
Q2339813,Kana,1996-01-01T00:00:00Z
Q917561,Maison Kitsuné,2002-01-01T00:00:00Z
Q57570450,Lodge Roche Tamarin,
Q105306275,Undiz,2007-01-01T00:00:00Z
Q2696397,Éditions Robert Laffont,1941-01-01T00:00:00Z
Q112593157,Marché de la création Paris Montparnasse,1994-01-01T00:00:00Z
Q29122865,Gemalto (France),
Q3093234,GL Events,1978-01-01T00:00:00Z
Q112692359,Q112692359,1985-01-01T00:00:00Z
Q85690620,Kalank,2017-01-01T00:00:00Z
Q2847114,André,1896-01-01T00:00:00Z
Q3357700,Ototo,2011-01-01T00:00:00Z
Q62783840,SoCoo'c,
Q3407429,Promod,1975-01-01T00:00:00Z
Q670903,Fleuve noir,1949-01-01T00:00:00Z
Q324846,Eurofins Scientific SE,1987-01-01T00:00:00Z
Q1783759,Kookai,1983-01-01T00:00:00Z
Q107410923,Q107410923,
Q60477558,brasserie de l'Est,
Q3128481,Haut et Court,
Q1530519,Paluel Nuclear Power Plant,
Q686643,Cora,1969-01-01T00:00:00Z
Q699529,Moët & Chandon,1743-01-01T00:00:00Z
Q218765,SFR,1987-02-01T00:00:00Z
Q76798990,Librairie Entre Parenthèses,
Q109930522,Q109930522,
Q64596855,What's Up films,2008-01-01T00:00:00Z
Q923193,Les Échos,1908-01-01T00:00:00Z
Q3234111,Transport de l'agglomération grenobloise,1973-01-01T00:00:00Z
Q3047654,Éditions Anacaona,2009-01-01T00:00:00Z
Q913864,Mariage Frères,1854-01-01T00:00:00Z
Q17633849,Liv'Éditions,1994-01-01T00:00:00Z
Q28494040,O'Tacos,2010-01-01T00:00:00Z
Q541030,DPDgroup,1976-01-01T00:00:00Z
Q105946020,Au Pont 9,2017-01-01T00:00:00Z
Q3237841,Q3237841,1944-01-01T00:00:00Z
Q377869,Société de Transports de l'Agglomération Stéphanoise,2000-01-01T00:00:00Z
Q52636424,Centre d'Études Médievales Auxerre,
Q3119538,Krys,2010-01-01T00:00:00Z
Q3488561,Société nouvelle de distribution,2003-01-01T00:00:00Z
Q2142289,Jarring Effects,1998-01-01T00:00:00Z
Q112181654,Q112181654,
Q3202496,L'Atalante,
Q3550616,Technical Union for the Automobile Motorcycle and Cycle Industries,2001-08-24T00:00:00Z
Q102426593,Librairie-papeterie Gérard,
Q1806967,Ruinart,1729-01-01T00:00:00Z
Q6720697,Ma Bourgogne,
Q154037,TotalEnergies,1924-03-28T00:00:00Z
Q3060494,Q3060494,1936-01-01T00:00:00Z
Q52058789,Third Éditions,2015-01-01T00:00:00Z
Q101409168,Q101409168,
Q106189122,Mr. Nutz Studio,
Q2302586,Aix-Marseille University,2012-01-01T00:00:00Z
Q90155293,Carrefour France,
Q3186849,Le Journal de la Côtière,1995-01-01T00:00:00Z
Q3146289,Hôtel du Louvre,1855-01-01T00:00:00Z
Q107195220,LORIMA,
Q97367251,Q97367251,2004-01-01T00:00:00Z
Q1172038,Dassault Systèmes,1981-01-01T00:00:00Z
Q1739363,Blayais Nuclear Power Plant,
Q98374149,Baillardran,
Q1345059,Rémy Cointreau,1990-01-01T00:00:00Z
Q3118641,Gründ,1894-01-01T00:00:00Z
Q112194354,Crazy Lobster,2019-08-01T00:00:00Z
Q3136174,Hippopotamus,1968-01-01T00:00:00Z
Q106045509,Q106045509,2006-01-01T00:00:00Z
Q3352745,Scaleway,2000-01-01T00:00:00Z
Q907487,Laboratoires Servier,1954-01-01T00:00:00Z
Q52229259,Q52229259,
Q23679680,First Éditions,
Q56316472,Back market,
Q3117467,Lapeyre,1951-01-01T00:00:00Z
Q100991013,Deepnight Games,2020-06-08T00:00:00Z
Q2619680,Éditions Desclée de Brouwer,1877-01-01T00:00:00Z
Q107174688,Hybrid Propulsion for Space,2019-05-29T00:00:00Z
Q99446434,Incubateur HEC Paris,2007-01-01T00:00:00Z
Q104202487,Le Clos Heurtebise,
Q50376996,Éditions Lajouanie,2013-01-01T00:00:00Z
Q109355570,Ployez-Jacquemart,1930-01-01T00:00:00Z
Q274591,Électricité de France,1946-01-01T00:00:00Z
Q56260362,No Quarter Prod,2014-01-01T00:00:00Z
Q3211144,La Nouvelle République du Centre-Ouest,1944-01-01T00:00:00Z
Q3485094,Sinéquanone,1973-01-01T00:00:00Z
Q62055659,Actual group,
Q1147912,Les Deux Magots,1891-01-01T00:00:00Z
Q696061,Amadeus IT Group,1987-06-17T00:00:00Z
Q3080726,France Loisirs,1970-01-01T00:00:00Z
Q24935468,HomeExchange,2011-05-04T00:00:00Z
Q2877455,BRED People's Bank,
Q2939519,Carlotta Films,
Q2925773,Brittany Ferries,1972-01-01T00:00:00Z
Q97797514,Omake Books,2011-01-01T00:00:00Z
Q114841045,Q114841045,2009-01-05T00:00:00Z
Q110486320,Follow,2016-01-01T00:00:00Z
Q2412906,TF1 Group,1987-01-01T00:00:00Z
Q1933558,University Toulouse - Jean Jaurès,1970-01-01T00:00:00Z
Q60984538,Boko Loco,
Q2869596,Worldline,1990-06-25T00:00:00Z
Q3313834,Milady,
Q273835,Éditions Larousse,1852-01-01T00:00:00Z
Q339237,Air Tahiti Nui,1996-01-01T00:00:00Z
Q2843884,Amorino,2002-01-01T00:00:00Z
Q642627,Crédit Mutuel,1882-02-27T00:00:00Z
Q3260938,National Forests Office,1964-12-23T00:00:00Z
Q2966828,Chronodrive,2004-01-01T00:00:00Z
Q79780651,intactile DESIGN,
Q678095,Paris Match,1949-01-01T00:00:00Z
Q68090802,Association française d'études chinoises,1980-01-01T00:00:00Z
Q3226097,Le Pèlerin,1873-07-12T00:00:00Z
Q16984744,Boisselot & Fils,1830-01-01T00:00:00Z
Q30524780,Aman Le Melezin,1992-01-01T00:00:00Z
Q111503897,Bertie's CupCakery,
Q1850424,Microids,1985-01-01T00:00:00Z
Q330899,Tignes,
Q101768284,Liberty Gym,
Q110641396,MANE,1871-01-01T00:00:00Z
Q109921050,Marché Saint-Pierre,
Q65507656,Violette and Co,2004-02-01T00:00:00Z
Q19814222,MK2,1969-01-01T00:00:00Z
Q3204640,L'Orange Bleue,1996-01-01T00:00:00Z
Q106731141,Biopath,
Q3307467,Metropolitan Filmexport,1978-01-01T00:00:00Z
Q504917,Framatome,1990-01-01T00:00:00Z
Q696634,Chamrousse,1989-02-17T00:00:00Z
Q62391701,Générale d'Optique,
Q2869599,Atos Consulting,2002-01-01T00:00:00Z
Q3347591,OL Groupe,1999-01-01T00:00:00Z
Q65948790,Au Cadet de Gascogne,
Q46630940,Crêperie Le Bouchon Breton,2014-11-15T00:00:00Z
Q101434039,Q101434039,1995-01-01T00:00:00Z
Q309031,Lacoste,1933-01-01T00:00:00Z
Q17354096,C.Vélo,2013-06-26T00:00:00Z
Q2984582,Columbus Café & Co.,1994-01-01T00:00:00Z
Q50318955,Q50318955,
Q43125404,Q43125404,
Q106673518,Nomino Éducation,2009-01-01T00:00:00Z
Q60332333,Le Selam,
Q104195282,La Compagnie des Petits,
Q101833802,Lofi Girl,2015-01-01T00:00:00Z
Q3345023,Nouveau Casino,
Q52150831,Q52150831,
Q568183,OVHcloud,1999-11-02T00:00:00Z
Q96083239,Le Saint Sauveur,
Q61989487,Game Atelier,
Q109353160,Librairie L'instant,2017-07-12T00:00:00Z
Q55595435,Q55595435,1982-01-01T00:00:00Z
Q3359074,Oxybul éveil et jeux,1989-01-01T00:00:00Z
Q26257922,Majestic Hôtel-Spa,2010-01-01T00:00:00Z
Q806950,Bank of France,1800-01-18T00:00:00Z
Q101407017,Serge Blanco,1992-01-01T00:00:00Z
Q2887693,Bastide Le Confort Médical,1976-01-01T00:00:00Z
Q962489,Rexel,1967-01-01T00:00:00Z
Q3566342,Warner Music France,1971-01-01T00:00:00Z
Q3485432,OpenClassrooms,1999-11-10T00:00:00Z
Q716404,CFAO,1852-01-01T00:00:00Z
Q22921224,Pâtisserie Stohrer,1730-01-01T00:00:00Z
Q108403242,Maxi Zoo,
Q2925606,Brioche dorée,1976-01-01T00:00:00Z
Q99372764,Lela Presse,
Q95690330,Orange F,
Q114054681,UpcyLink,2017-12-19T00:00:00Z
Q64540901,Ivalua,
Q2904021,bioMérieux,1963-01-01T00:00:00Z
Q111994634,Tin Can Studio,2019-01-01T00:00:00Z
Q5427604,FABERNOVEL,2003-01-01T00:00:00Z
Q28042940,Orchestra,1995-01-01T00:00:00Z
Q56666057,Label 6&7,2016-04-01T00:00:00Z
Q3145649,Hôtel Raphael,1925-01-01T00:00:00Z
Q3339382,NiL Éditions,1993-01-01T00:00:00Z
Q3001845,Covéa,2003-01-01T00:00:00Z
Q79615313,Van der Valk Hotel Le Catalogne,
Q511952,Politis,1988-01-01T00:00:00Z
Q3382507,PicWicToys,1977-01-01T00:00:00Z
Q3086918,Boiron,1967-01-01T00:00:00Z
Q3091095,Fusalp,1952-01-01T00:00:00Z
Q555861,Le Creuset,1925-01-01T00:00:00Z
Q3152376,Institut National d'Histoire de l'Art,2001-01-01T00:00:00Z
Q3222470,Le Duc des Lombards,1984-01-01T00:00:00Z
Q52992386,Warner Bros. France,
Q2439098,Darty France,1954-11-15T00:00:00Z
Q1544011,Pathé,1896-09-28T00:00:00Z
Q2308012,Bugatti Automobiles,1909-01-01T00:00:00Z
Q30273606,Institut Georges Lopez,2000-01-01T00:00:00Z
Q104744254,Avril,2012-01-01T00:00:00Z
Q28496959,Joon Airlines,2017-01-01T00:00:00Z
Q2975695,Class'Croute,1987-01-01T00:00:00Z
Q112942082,Q112942082,2019-09-30T00:00:00Z
Q3226748,Le Républicain Lorrain,1919-06-19T00:00:00Z
Q85668419,MonkeyMoon,
Q110896280,The Arcade Crew,2018-01-01T00:00:00Z
Q3577887,ELFE École de langue française,1984-01-01T00:00:00Z
Q80955776,Maison de la Literie,1980-01-01T00:00:00Z
Q21427779,Petrossian,1920-01-01T00:00:00Z
Q3300085,Mauboussin,1827-01-01T00:00:00Z
Q7439439,Sculpteo,2009-01-01T00:00:00Z
Q1076645,Club Med,1950-01-01T00:00:00Z
Q645498,Lyxor Asset Management,1998-01-01T00:00:00Z
Q1475312,Vinci,1899-01-01T00:00:00Z
Q19704710,Ketchapp,2014-01-01T00:00:00Z
Q20736197,Click and Boat,2013-01-01T00:00:00Z
Q19951610,ArianeGroup,2015-01-01T00:00:00Z
Q102123075,Q102123075,2018-01-01T00:00:00Z
Q3001304,Q3001304,1944-01-01T00:00:00Z
Q108832737,Le Chalet des Îles,
Q109045230,Q109045230,2008-01-01T00:00:00Z
Q26878339,Bangumi,2011-06-15T00:00:00Z
Q101603846,Signorizza,
Q104600544,Yogurt Factory,
Q1414722,Les Menuires,
Q3099717,Gaz Électricité de Grenoble,1903-01-01T00:00:00Z
Q30256542,IQVIA Operations France,
Q12461,Le Monde,1944-12-18T00:00:00Z
Q837049,Pernod Ricard,1975-01-01T00:00:00Z
Q3488995,Soitec,1992-01-01T00:00:00Z
Q110983522,Passés composés,2019-03-01T00:00:00Z
Q3579486,Q3579486,
Q75839646,PSA Automobiles,1954-01-01T00:00:00Z
Q2825004,Q2825004,1979-01-01T00:00:00Z
Q30301405,Hilton Strasbourg,
Q2507506,Eugen Systems,2000-01-01T00:00:00Z
Q1799045,La Provence,1997-01-01T00:00:00Z
Q96633950,R&G Productions,1997-11-01T00:00:00Z
Q1503157,Shakespeare and Company,1951-01-01T00:00:00Z
Q106020471,First Sushi and Wok,2018-01-01T00:00:00Z
Q3306372,Mercialys,2005-01-01T00:00:00Z
Q52871592,Midi Minuit Confluence,
Q1121170,Compagnie Nationale du Rhône,1933-05-27T00:00:00Z
Q104059755,C&F éditions,2003-05-21T00:00:00Z
Q741445,Covivio,1998-01-01T00:00:00Z
Q112055586,Odette Paris,
Q259283,Megève,
Q107907866,Blast,2021-01-15T00:00:00Z
Q541134,Conforama,1967-01-01T00:00:00Z
Q105423608,Q105423608,
Q52197999,Plume de carotte,
Q19370762,Pensoft Publishers,1992-01-01T00:00:00Z
Q407054,Air Corsica,1989-01-01T00:00:00Z
Q406779,Air Antilles,2002-01-01T00:00:00Z
Q389882,Le Grand-Bornand,
Q3551303,Universcience,2009-12-01T00:00:00Z
Q50380403,La Perle Sushi,2015-01-01T00:00:00Z
Q109044454,Q109044454,
Q52150641,Parigramme,
Q3257795,Loding,1998-01-01T00:00:00Z
Q3208426,La Découverte,1983-01-01T00:00:00Z
Q28941199,Q28941199,2006-01-01T00:00:00Z
Q106856568,Q106856568,
Q3527884,Théâtre National de Bretagne,1990-01-01T00:00:00Z
Q27882915,École normale supérieure Editions,
Q101278163,Q101278163,2012-01-01T00:00:00Z
Q110538351,Béraudy & Vaure,
Q105372529,Jonak,1964-01-01T00:00:00Z
Q775931,Exalead,2000-01-01T00:00:00Z
Q24929449,Grand Hôtel du Palais Royal,
Q69524326,Niryo,2016-09-01T00:00:00Z
Q2928464,Burgundy Paris,2010-01-01T00:00:00Z
Q102113706,Q102113706,2011-05-01T00:00:00Z
Q105295083,Village de Corail,
Q3336695,Nathan,
Q16683226,Weldom,1983-01-01T00:00:00Z
Q2075129,Focal-JMLab,1979-01-01T00:00:00Z
Q113645856,Q113645856,1911-01-01T00:00:00Z
Q104153878,Poule ou Coq?,
Q3032594,DixieFrog,1986-01-01T00:00:00Z
Q889624,Leroy Merlin,1929-01-01T00:00:00Z
Q112748922,Q112748922,1901-01-01T00:00:00Z
Q112580961,Tiama,
Q1043104,Charlie Hebdo,1970-01-01T00:00:00Z
Q2467627,Free,1999-01-01T00:00:00Z
Q52162390,FYP Editions,
Q101559741,Biogroup,1998-01-01T00:00:00Z
Q661056,University of Poitiers,1431-01-01T00:00:00Z
Q1632461,Veolia,1853-01-01T00:00:00Z
Q2899930,Besson Chaussures,1982-01-01T00:00:00Z
Q105857776,Auchan Supermarché,2005-01-01T00:00:00Z
Q60581472,Carrosserie des Bottes,
Q115180413,Au Vieux Paris d'Arcole,
Q63870314,Théâtre Toursky,
Q3197950,Klépierre,1990-01-01T00:00:00Z
Q97167360,Hotel Parc Beaumont MGallery Collection,
Q3319592,Librairie Mollat,1886-01-01T00:00:00Z
Q109927014,librairie Vignes,
Q111844063,Q111844063,2016-02-01T00:00:00Z
Q2870536,Aubade,1958-01-01T00:00:00Z
Q109651011,Q109651011,
Q3232643,Les Films de l'Arlequin,1991-01-01T00:00:00Z
Q779722,Crédit Lyonnais,1863-01-01T00:00:00Z
Q48748404,Hôtel Château Frontenac,
Q98967977,Bistro Régent,
Q3489306,Soleil Productions,1989-01-01T00:00:00Z
Q3480514,SAVAC,1908-01-01T00:00:00Z
Q106998017,Kresk group,
Q84254070,Le Faham,
Q692768,Hôtel de Crillon,1758-01-01T00:00:00Z
Q101830610,Bleu Libellule,
Q381431,Les Dernières Nouvelles d'Alsace,1877-01-01T00:00:00Z
Q3006209,Credit du Nord,1848-01-01T00:00:00Z
Q68678969,BFM Lyon,2019-09-03T00:00:00Z
Q3144358,Éléphant Bleu,1973-01-01T00:00:00Z
Q17305044,Le Café Marly,
Q65947847,La Balle au Bond,
Q26722834,France Info,
Q2375812,Nord Éclair,1944-01-01T00:00:00Z
Q2870250,Au Diable Vauvert,2000-01-01T00:00:00Z
Q109322522,Hôtel Westminster,
Q102170851,Le Gaulois,
Q61958682,Sun Sep,2019-02-25T00:00:00Z
Q62739250,Planet Sushi,
Q109293311,Auberge de Jeunesse HI Paris Yves Robert,
Q2945047,Cavilam,1964-01-01T00:00:00Z
Q107394262,AMI,2011-01-01T00:00:00Z
Q105395978,Easycash,
Q3007475,Culturespaces,1991-01-01T00:00:00Z
Q103842633,Q103842633,
Q2392255,Teleperformance SE,1978-01-01T00:00:00Z
Q28134147,Loft design by,1989-01-01T00:00:00Z
Q12350703,KoToPo,1999-01-01T00:00:00Z
Q2940187,Carrefour City,1999-01-01T00:00:00Z
Q217599,Carrefour,1959-11-30T00:00:00Z
Q93090957,SNCF Voyageurs,2020-01-01T00:00:00Z
Q106634481,Q106634481,2010-01-01T00:00:00Z
Q104214363,Ba&sh,2003-01-01T00:00:00Z
Q3392522,Plon,1852-01-01T00:00:00Z
Q917717,Imerys,1880-01-01T00:00:00Z
Q107642922,SPORT Protect,
Q590548,Société française de photographie,1854-11-15T00:00:00Z
Q110655754,La Confiserie Bressaude,1994-01-01T00:00:00Z
Q25377386,Presses Universitaires de la Méditerranée,2007-01-01T00:00:00Z
Q3302434,Maxilivres,1981-01-01T00:00:00Z
Q104600156,La Boutique du Coiffeur,1988-01-01T00:00:00Z
Q3228821,Q3228821,2003-01-01T00:00:00Z
Q573356,Mavic,1889-01-01T00:00:00Z
Q7306647,Reed Exhibitions,1968-01-01T00:00:00Z
Q3500156,Stratégies,1971-01-01T00:00:00Z
Q1497417,Gecina,1959-01-01T00:00:00Z
Q3579555,Q3579555,1990-01-01T00:00:00Z
Q3123008,Genopole,1998-01-01T00:00:00Z
Q113303584,Q113303584,1984-01-01T00:00:00Z
Q108443496,Q108443496,
Q757689,Atos SE,2000-01-01T00:00:00Z
Q2990068,Compagnie des Transports Strasbourgeois,1877-01-01T00:00:00Z
Q109349331,La Régulière,2016-09-01T00:00:00Z
Q3227888,Q3227888,1970-01-01T00:00:00Z
Q444172,Bolloré,1822-01-01T00:00:00Z
Q212599,Accor,1967-01-01T00:00:00Z
Q16993447,Avadel Pharmaceuticals,1990-01-01T00:00:00Z
Q1138556,La Fémis,1986-01-01T00:00:00Z
Q16638812,Q16638812,1831-01-01T00:00:00Z
Q309867,Arianespace,1980-03-26T00:00:00Z
Q3331028,MAAF,1950-01-01T00:00:00Z
Q30737505,Q30737505,
Q60618445,GFX47,
Q112041321,Antiq Records,
Q2992084,Hilton Paris Opera,1889-01-01T00:00:00Z
Q3527463,Q3527463,
Q3079972,Fouquet's,1899-01-01T00:00:00Z
Q3528315,Tigersushi Records,2000-01-01T00:00:00Z
Q2829511,Alain Afflelou,1972-03-03T00:00:00Z
Q113232090,Q113232090,2019-01-01T00:00:00Z
Q3128309,Hatier,1880-01-01T00:00:00Z
Q8674,CitéCréation,1983-01-01T00:00:00Z
Q105096661,Du Conseil à l'assiette,
Q52154542,Lancaster,1990-01-01T00:00:00Z
Q1780019,Piper-Heidsieck,1785-01-01T00:00:00Z
Q3560575,Virbac,1968-01-01T00:00:00Z
Q55985580,Hotel Château les Merles,
Q64997939,Q64997939,1969-01-01T00:00:00Z
Q56309501,Saint-Ouen Flea Market,1885-01-01T00:00:00Z
Q191485,Louis Vuitton,1854-01-01T00:00:00Z
Q294520,Alten,1988-01-01T00:00:00Z
Q3098278,SNCF Gares & Connexions,2009-04-07T00:00:00Z
Q3491321,Sorégies,2004-01-01T00:00:00Z
Q3204568,L'Opéra Restaurant,2011-01-01T00:00:00Z
Q292228,AG2R La Mondiale,2008-01-01T00:00:00Z
Q3570471,XXI,2008-01-01T00:00:00Z
Q2925147,Bricomarché,1979-01-01T00:00:00Z
Q1503559,Photo,1967-01-01T00:00:00Z
Q3236510,Les Écrans de Paris,1994-01-01T00:00:00Z
Q16682075,University of the French Antilles,2015-01-01T00:00:00Z
Q60371723,Focaccia,
Q2907190,Blue Margouillat,
Q78217080,Le Mekong,
Q3091303,Futuropolis,
Q64711645,Roxy Brasserie Lounge,2019-06-14T00:00:00Z
Q58038886,Bobbypills,
Q3211277,La Nuée Bleue,1920-01-01T00:00:00Z
Q71581863,Big Bad Wolf,
Q113045212,Théâtre de la Madeleine,1924-01-01T00:00:00Z
Q3579517,Stock,1896-01-01T00:00:00Z
Q3579600,Éditions de l'Olivier,1991-01-01T00:00:00Z
Q858121,Le Monde diplomatique,1954-05-01T00:00:00Z
Q2947983,Challenges,1982-01-01T00:00:00Z
Q56027832,Le Mot de la faim,
Q113460070,Q113460070,
Q385366,Corsair International,1981-01-01T00:00:00Z
Q3073626,Fleurus,
Q112913569,Q112913569,2004-10-25T00:00:00Z
Q160054,AXA,1817-01-01T00:00:00Z
Q78348064,Le Pailleron,
Q2921695,Boulanger,1954-01-01T00:00:00Z
Q61942221,Messob,
Q58487312,Editions Goutte d'Or,2016-09-01T00:00:00Z
Q100772936,Q100772936,2010-02-03T00:00:00Z
Q2931982,Institut CSA,1983-01-01T00:00:00Z
Q111296707,Mafate Hélicoptères,
Q110953210,Curiosa Films,2015-08-27T00:00:00Z
Q110925766,Blagbuster Production,2009-01-01T00:00:00Z
Q109355340,Librairie Dalloz,1984-08-01T00:00:00Z
Q16682137,Usbek & Rica,2010-01-01T00:00:00Z
Q3485326,Sisley,1972-01-01T00:00:00Z
Q106073793,Studio Pango,2012-01-01T00:00:00Z
Q3518328,Tereos,1999-01-01T00:00:00Z
Q3550616,Technical Union for the Automobile Motorcycle and Cycle Industries,1924-01-01T00:00:00Z
Q3568117,Wild Side Films,2002-01-01T00:00:00Z
Q3210606,La Martinière Groupe,1994-01-01T00:00:00Z
Q114361906,TIME MACHINE,2020-03-02T00:00:00Z
Q47088340,Fnac Darty,2016-07-18T00:00:00Z
Q113531639,Odéon-Théâtre de l'Europe,1782-04-09T00:00:00Z
Q108803331,La Machine du Moulin Rouge,2010-01-01T00:00:00Z
Q2661290,University of Limoges,1968-10-01T00:00:00Z
Q1540740,La Redoute,1837-01-01T00:00:00Z
Q3317964,Modulauto,2006-07-30T00:00:00Z
Q665810,Société de transports en commun de Limoges Métropole,1985-01-01T00:00:00Z
Q15813203,Spiders,2008-01-01T00:00:00Z
Q97960959,Domaine des Lacs,
Q60193444,Crêperie du Port-Galland,
Q1949939,Bollinger,1829-01-01T00:00:00Z
Q106309388,l'Oiseau sur sa branche,1865-01-01T00:00:00Z
Q108509670,Q108509670,
Q50411462,Jean 2 (Montsoreau),2017-01-01T00:00:00Z
Q3213561,La Vie,1945-01-01T00:00:00Z
Q55964647,L'Ours et la Prose,2006-01-01T00:00:00Z
Q97654400,Air Studio Paris,
Q3020233,De Particulier à Particulier,1975-01-01T00:00:00Z
Q3064670,Faits et Documents,1996-03-15T00:00:00Z
Q3527843,Marionnettes du Champ de Mars,1902-01-01T00:00:00Z
Q966971,Castorama,1969-06-13T00:00:00Z
Q1375196,EuropaCorp,2000-09-01T00:00:00Z
Q96279170,Q96279170,1922-02-01T00:00:00Z
Q104637509,Le Petit Cambodge,
Q3063398,Fram,1949-01-01T00:00:00Z
Q3200558,Q3200558,2005-01-01T00:00:00Z
Q60846477,La Felicità,2018-01-01T00:00:00Z
Q3562290,Q3562290,1892-01-01T00:00:00Z
Q2401562,Perrier-Jouët,1811-01-01T00:00:00Z
Q1365773,Technicolor SA,1893-02-27T00:00:00Z
Q47494213,L'Ouest Express Villefranche,2014-01-06T00:00:00Z
Q57831015,Q57831015,
Q2910597,Boralex,1990-01-01T00:00:00Z
Q102351191,Fitness Park,
Q110514241,MYM,
Q3329701,Museum of Brittany,
Q51621503,Purple Money,
Q111390921,Hotel du Collectionneur,
Q3406142,Pro&Cie,1981-01-01T00:00:00Z
Q944655,Buffalo Grill,1980-01-01T00:00:00Z
Q52554262,Q52554262,
Q3579243,Belfond,1963-01-01T00:00:00Z
Q3388349,Pika Édition,2000-01-01T00:00:00Z
Q111546,Ipsen,1929-01-01T00:00:00Z
Q759210,Givenchy,1952-01-01T00:00:00Z
Q109606731,Mon Petit Placement,2017-01-01T00:00:00Z
Q60849018,Les Déménageurs bretons,1961-01-01T00:00:00Z
Q30737517,Molotov TV,2016-07-11T00:00:00Z
Q104649900,Les Fournils de France,
Q3040039,Drouant,1880-01-01T00:00:00Z
Q3569499,Withings,2008-01-01T00:00:00Z
Q105564314,Hôtel du Nord,1912-01-01T00:00:00Z
Q3186870,Le Journal du Bugey,2001-01-01T00:00:00Z
Q64976139,Q64976139,2003-03-04T00:00:00Z
Q108169831,Binogure Studio,2018-01-01T00:00:00Z
Q1880676,L'Occitane en Provence,1976-01-01T00:00:00Z
Q913462,Gaumont Film Company,1895-01-01T00:00:00Z
Q3410471,Q3410471,
Q105946020,Au Pont 9,1996-01-01T00:00:00Z
Q3303409,Q3303409,1936-01-01T00:00:00Z
Q1050918,Evian,1829-01-01T00:00:00Z
Q66413107,Bam Balam Records,1982-01-01T00:00:00Z
Q875294,IDEMIA,1982-01-01T00:00:00Z
Q115099828,Restaurant Place Bernard,
Q3207961,La Croissanterie,1977-01-01T00:00:00Z
Q61234058,Accenture France,
Q55221138,Carrefour Bio,
Q104151448,Finistère Mer Vent,
Q2881792,Bamboo Édition,1997-01-01T00:00:00Z
Q98430180,Draw Me A Pixel,2017-06-29T00:00:00Z
Q1441258,Closerie des Lilas,1847-01-01T00:00:00Z
Q113336394,Cervin EnR,2006-01-30T00:00:00Z
Q3454763,Réforme,1945-01-01T00:00:00Z
Q106178442,Exotec,2015-07-15T00:00:00Z
Q109380918,Champagne Forget-Brimont,2001-07-01T00:00:00Z
Q111766785,Q111766785,
Q2696565,Butagaz,1931-01-01T00:00:00Z
Q3408522,Proxi,
Q54671176,Boulangerie Metay,
Q731488,Houbigant,1775-01-01T00:00:00Z
Q87071060,RED ƎYE,2008-03-04T00:00:00Z
Q101407824,Golf Plus,1982-01-01T00:00:00Z
Q111390925,Renaissance Paris Arc de Triomphe Hotel,
Q57313774,ADA,1984-01-01T00:00:00Z
Q806941,BPCE,2009-01-01T00:00:00Z
Q2081375,Petzl,1968-01-01T00:00:00Z
Q64512796,Flixbus France,
Q2408086,Compagnie de transport de la région lorientaise,1975-01-01T00:00:00Z
Q98958249,H. Samuelian bookstore,1930-08-01T00:00:00Z
Q3347694,Orpea SA,1989-01-01T00:00:00Z
Q3567900,Q3567900,2009-01-01T00:00:00Z
Q1799197,La Tribune,1985-01-01T00:00:00Z
Q3028099,Dimitile Hotel,
Q104093750,Primonial,1989-01-01T00:00:00Z
Q89426043,Q89426043,2013-01-01T00:00:00Z
Q106873451,Q106873451,
Q96473171,Q96473171,
Q2975619,Clarins,1954-01-01T00:00:00Z
Q770596,L'Express,1953-05-16T00:00:00Z
Q3162276,Jardiland,1973-01-01T00:00:00Z
Q63466877,Godart + Roussel,
Q2864808,Artcurial,1974-02-27T00:00:00Z
Q99839449,Monstrograph,
Q3342404,No Format!,2004-01-01T00:00:00Z
Q3225161,Le Palais des Thés,1986-01-01T00:00:00Z
Q3334188,NAF NAF,1973-01-01T00:00:00Z
Q504917,Framatome,2001-01-01T00:00:00Z
Q751293,Café Procope,1686-01-01T00:00:00Z
Q101271731,Q101271731,
Q3477761,Q3477761,1985-01-01T00:00:00Z
Q3007154,Cultura,1998-01-01T00:00:00Z
Q31192079,La Churascaïa,1965-01-01T00:00:00Z
Q64829506,Opal Games,
Q108900653,La Crémaillère 1900,
Q106686848,Unibio,2002-01-01T00:00:00Z
Q1120762,Vélib' Métropole,
Q3196283,Ki-oon,2003-01-01T00:00:00Z
Q40015082,EMCC,
Q55597561,LISEA,2010-10-01T00:00:00Z
Q10467077,Data Airlines,2006-01-01T00:00:00Z
Q3552578,Malvési,1958-01-01T00:00:00Z
Q794563,Groupe ADP,1945-10-24T00:00:00Z
Q2663746,Canal+ Group,1983-01-01T00:00:00Z
Q3211063,La Nef,1986-12-30T00:00:00Z
Q2720988,Netto,2001-01-01T00:00:00Z
Q2181426,Leader Price,1989-01-01T00:00:00Z
Q56194953,Q56194953,2016-04-01T00:00:00Z
Q58915053,Audiotrauma Records,2002-01-01T00:00:00Z
Q2931406,Circuit Georges-Raymond,1974-01-01T00:00:00Z
Q3331021,Mutuelle assurance des commerçants et industriels de France et des cadres et des salariés de l'industrie et du commerce,1960-01-01T00:00:00Z
Q3094686,Galeries Lafayette,1894-01-01T00:00:00Z
Q104600294,Saga Cosmetics,1999-01-01T00:00:00Z
Q50358335,Q50358335,2005-01-01T00:00:00Z
Q89207106,Juston Records,2006-01-01T00:00:00Z
Q57777010,Eptimum,2007-01-01T00:00:00Z
Q1450805,Française des jeux,1976-01-01T00:00:00Z
Q16677456,Somogy éditions d'Art,1937-06-15T00:00:00Z
Q3490284,Q3490284,2008-01-01T00:00:00Z
Q3349602,OPT,1985-03-08T00:00:00Z
Q3059202,Etam,1916-01-01T00:00:00Z
Q2823766,Q2823766,
Q57955687,Orexad,1981-02-06T00:00:00Z
Q32855,Pas-de-Calais Independent,1849-01-01T00:00:00Z
Q105176791,Q105176791,1995-01-01T00:00:00Z
Q20830821,Paysan Breton,1945-06-23T00:00:00Z
Q56856930,Rouillac,1983-01-01T00:00:00Z
Q30262453,Abilian,2000-01-01T00:00:00Z
Q98843955,Gypse,2019-07-06T00:00:00Z
Q28484549,Sendinblue,2012-01-01T00:00:00Z
Q2985466,Comité français de radio-télévision,1948-01-01T00:00:00Z
Q3205144,Q3205144,1890-01-01T00:00:00Z
Q109355097,L'Arbre à lettres,1980-01-01T00:00:00Z
Q2339806,Delcourt,1986-01-01T00:00:00Z
Q2915167,Hotel Napoleon,1928-01-01T00:00:00Z
Q112061805,Villa Delisle,
Q111877087,Roi de Sicile Rivoli,
Q3118043,Groupement des Cartes Bancaires CB,1985-01-04T00:00:00Z
Q1849609,Royal Canin,1967-01-01T00:00:00Z
Q3108625,Glazart,1992-01-01T00:00:00Z
Q104480860,Fauchon L’Hôtel Paris,2018-09-01T00:00:00Z
Q109349914,La Mouette Rieuse,2013-11-12T00:00:00Z
Q114066585,Nova-Box,2007-01-01T00:00:00Z
Q90016283,Côté Nature,
Q3576752,La Mère Catherine,1793-01-01T00:00:00Z
Q2867615,Association of French Motorway Companies,
Q788088,Baccarat,1764-01-01T00:00:00Z
Q112084947,Q112084947,
Q114398348,Blanchon,1832-01-01T00:00:00Z
Q2120364,Radio France,1975-01-01T00:00:00Z
Q97446538,France Messagerie,2020-07-01T00:00:00Z
Q31525125,Éditions Érick Bonnier,2010-01-01T00:00:00Z
Q111390870,Hyatt Paris Madeleine,
Q2567583,La Voix du Nord,1941-01-01T00:00:00Z
Q110606036,PariSanté Campus,2021-12-14T00:00:00Z
Q3210704,La Mie Câline,2009-01-01T00:00:00Z
Q113531696,Maison de la Culture de Grenoble,1968-01-01T00:00:00Z
Q49566330,Pakbo,
Q56319039,Yotanka,
Q106768328,Bioclinic,1994-01-01T00:00:00Z
Q3516026,Tati,1948-01-01T00:00:00Z
Q5798,Top 14,1892-01-01T00:00:00Z
Q114404,EDP Sciences,1920-01-01T00:00:00Z
Q105724848,Q105724848,2019-07-08T00:00:00Z
Q3149496,Imprimerie Nationale,1538-01-01T00:00:00Z
Q17176122,Q17176122,
Q105082480,Montres and Co,2008-01-01T00:00:00Z
Q85721214,Presses de l'Inalco,
Q28494094,YouShould,2013-01-01T00:00:00Z
Q3026023,Q3026023,1976-01-01T00:00:00Z
Q499707,BNP Paribas,2000-05-23T00:00:00Z
Q656054,Hôtel Ritz Paris,1898-01-01T00:00:00Z
Q19571748,Fenocchio,1966-01-01T00:00:00Z
Q3025419,Devialet,2007-01-01T00:00:00Z
Q3563428,Q3563428,1979-04-11T00:00:00Z
Q2408451,Solocal,2000-01-01T00:00:00Z
Q109532700,PixelHeart,2018-12-04T00:00:00Z
Q19903637,Shiro Games,2013-01-01T00:00:00Z
Q112158228,Triskell Interactive,2014-09-01T00:00:00Z
Q21511428,Ad Vitam Distribution,1998-01-01T00:00:00Z
Q3127528,Harmonie Mutuelle,2012-01-01T00:00:00Z
Q6742,Peugeot,1810-06-10T00:00:00Z
Q63247414,Roblot,
Q60473605,Wulo,2018-01-09T00:00:00Z
Q21657468,Victoria Palace Hôtel,
Q193563,Bibliothèque nationale de France,1537-01-01T00:00:00Z
Q3145633,Hotel Pont Royal,1923-01-01T00:00:00Z
Q1168517,Groupe SEB,1925-01-01T00:00:00Z
Q2864902,Arthaud,
Q806575,Banijay,2008-01-01T00:00:00Z
Q1490400,Lagardère Group,1992-01-01T00:00:00Z
Q18844154,Mirobole éditions,2012-01-01T00:00:00Z
Q60015605,Artazart,2000-07-01T00:00:00Z
Q43964634,Q43964634,2004-01-01T00:00:00Z
Q19912,Radio France Internationale,1975-01-06T00:00:00Z
Q3052319,L'Est Républicain,1889-01-01T00:00:00Z
Q112581873,IMAGO,2017-01-01T00:00:00Z
Q26257641,PassTech Games,2012-10-11T00:00:00Z
Q3402593,Q3402593,1982-01-01T00:00:00Z
Q2407783,Fragonard Perfumes,1926-01-01T00:00:00Z
Q106847577,Bioaxiome,1982-02-01T00:00:00Z
Q108753388,AD,1973-01-01T00:00:00Z
Q21427571,Lyon Parc Auto,1969-01-01T00:00:00Z
Q3055995,Erato Records,1953-01-01T00:00:00Z
Q2410434,Distribus,2014-01-01T00:00:00Z
Q273534,École du Louvre,1882-01-01T00:00:00Z
Q54572792,L'Auberge des Sapins,
Q54153229,Lavazza France S.A.S.,
Q56476773,psa retail,2017-01-01T00:00:00Z
Q55840593,Brasserie du Lizon,
Q18215126,Librairie Delamain,1700-01-01T00:00:00Z
Q2777746,Fayard,1857-01-01T00:00:00Z
Q7227321,Pomier Charterhouse,1170-01-01T00:00:00Z
Q3579315,Éditions Durand-Salabert-Eschig,1869-12-30T00:00:00Z
Q1124861,France Télévisions,2000-08-01T00:00:00Z
Q407448,Air Liquide,1902-01-01T00:00:00Z
Q895325,Bouygues,1952-01-01T00:00:00Z
Q131005,Air France,1932-01-01T00:00:00Z
Q3537936,Ametis,1891-01-01T00:00:00Z
Q113503363,Q113503363,2009-06-01T00:00:00Z
Q56309998,La Fistinière,2007-01-01T00:00:00Z
Q82796890,SuperSonic Imagine,2005-01-01T00:00:00Z
Q758603,Auchan,1961-07-06T00:00:00Z
Q97368097,Stéphane Plaza Immobilier,2015-01-01T00:00:00Z
Q109017103,Aura Aero,
Q108353460,Le Quai,
Q65157958,Nouvelles Écoutes,2016-11-01T00:00:00Z
Q106077048,Studio 9.7,
Q103985248,vivrenergies,2002-01-01T00:00:00Z
Q20899937,La Pataterie,1996-01-01T00:00:00Z
Q1132183,Pietra,1996-01-01T00:00:00Z
Q108582560,Le Tablier,
Q3264407,Loxam,1967-07-01T00:00:00Z
Q76936818,Q76936818,2017-07-03T00:00:00Z
Q2399395,TIME Sport International,1987-01-01T00:00:00Z
Q16644311,Riu Paris,1971-01-01T00:00:00Z
Q109358847,Galignani bookshop,1801-01-01T00:00:00Z
Q106686993,Cerballiance,
Q102172011,Les 3 Brasseurs Reims,
Q104600739,RougeGorge,1955-01-01T00:00:00Z
Q48095432,Anteios,2005-01-01T00:00:00Z
Q16655292,Les Requins Marteaux,1991-01-01T00:00:00Z
Q113127949,Origames,2010-06-02T00:00:00Z
Q111452775,Alice&Bob,2020-02-01T00:00:00Z
Q52223222,Q52223222,
Q3117511,Groupe Open,1989-01-01T00:00:00Z
Q56515304,Bedroom Research,2002-01-01T00:00:00Z
Q109414146,BNP PARIBAS PERSONAL FINANCE,1954-01-01T00:00:00Z
Q3357096,Oscaro,2001-01-01T00:00:00Z
Q16040593,DS Automobiles,2015-01-01T00:00:00Z
