id,name,start_date
Q80340275,Wismec,2015-01-01T00:00:00Z
Q109422605,Arrowiz,2016-01-01T00:00:00Z
Q20063955,NetEase Music,2013-01-24T00:00:00Z
Q48937899,Tantan,2014-07-01T00:00:00Z
Q699142,Din Tai Fung,1991-05-07T00:00:00Z
Q683146,LexisNexis,1973-01-01T00:00:00Z
Q24836515,Hithink Flush Information Network Co Ltd,2001-01-01T00:00:00Z
Q10876287,Chung Hwa Book Company (Hong Kong),1927-01-01T00:00:00Z
Q54980473,Amanyangyun,2017-01-01T00:00:00Z
Q48886565,TapTap,2016-04-01T00:00:00Z
Q10875882,CE-Asia,1999-01-01T00:00:00Z
Q11080923,Sun Mobile Limited,1997-08-01T00:00:00Z
Q138133,RWE,1898-04-25T00:00:00Z
Q108815228,BOKE,2010-04-01T00:00:00Z
Q719625,UnionPay,2002-01-01T00:00:00Z
Q312243,Kowloon Motor Bus,1967-01-01T00:00:00Z
Q746413,Elsevier BV,1880-01-01T00:00:00Z
Q55636970,VariFlight,
Q111103504,Wellent,
Q54258449,Oasis Games,2011-01-01T00:00:00Z
Q2453426,Trina Solar,1997-01-01T00:00:00Z
Q98456772,Tesco Express,
Q22101209,douyu.com,2014-01-01T00:00:00Z
Q21944780,Causeway Bay Books,1994-01-01T00:00:00Z
Q114670262,GratescaStudio,2020-11-02T00:00:00Z
Q698528,Metro Broadcast Corporation,1991-01-01T00:00:00Z
Q3792147,JW Marriott Shanghai at Tomorrow Square,
Q1479654,Wiley,1807-01-01T00:00:00Z
Q1340408,Spring Airlines,2004-01-01T00:00:00Z
Q18591947,Blued,2012-01-01T00:00:00Z
Q503182,PetroChina Company Limited,1999-01-01T00:00:00Z
Q47519819,TCL Communication,1999-01-01T00:00:00Z
Q38960,China CITIC Bank,1987-01-01T00:00:00Z
Q7168080,Perfect World,2004-03-01T00:00:00Z
Q1518607,Kweichow Moutai Company,1999-01-01T00:00:00Z
Q11153709,Tim Ho Wan,2009-03-01T00:00:00Z
Q1262858,Hong Kong Jockey Club,1884-11-04T00:00:00Z
Q57378140,Ugreen,2009-07-01T00:00:00Z
Q76099070,Tiger Sugar,
Q16926211,AAC Technologies Holdings Inc,1993-01-01T00:00:00Z
Q106899277,Q106899277,1990-01-01T00:00:00Z
Q112312670,Liquid State,2018-01-08T00:00:00Z
Q970443,Global Times,1993-01-01T00:00:00Z
Q28686397,miHoYo,2012-01-01T00:00:00Z
Q97486387,Iwjw,2014-03-17T00:00:00Z
Q10956344,Po Fook Memorial Hall,
Q7213063,Maxim's MX,
Q88180448,Roborock,2014-07-04T00:00:00Z
Q17012917,Joint Publishing (Hong Kong),1948-10-26T00:00:00Z
Q41171672,ALDI Süd,1960-01-01T00:00:00Z
Q2819353,AREP,1997-01-01T00:00:00Z
Q17500896,WeBank,
Q60712573,Jinjiang International,2003-01-01T00:00:00Z
Q5104600,Chong Hing Bank,1948-01-01T00:00:00Z
Q291796,China Eastern Airlines,1988-01-01T00:00:00Z
Q733958,TCL Technology,1981-01-01T00:00:00Z
Q30097821,Conrad Beijing,
Q52667636,KeAi,
Q29366,Changan Automobile,1862-01-01T00:00:00Z
Q795354,China National Offshore Oil Corporation,1982-01-01T00:00:00Z
Q7433770,Scientific Research Publishing,2007-09-18T00:00:00Z
Q709104,"Hongkong Electric Company, Limited",1890-01-01T00:00:00Z
Q28224108,Mobvoi,
Q106977718,Elex,2008-01-01T00:00:00Z
Q207936,China Central Television,1958-09-02T00:00:00Z
Q24915661,Monton Sports,2009-01-01T00:00:00Z
Q1195543,TVB,1967-11-19T00:00:00Z
Q842099,Tongrentang,1669-01-01T00:00:00Z
Q1359568,Alibaba Group,1999-06-28T00:00:00Z
Q47004383,Akatsuki,2016-02-15T00:00:00Z
Q741618,China Mobile,1997-01-01T00:00:00Z
Q3273406,King Long,1988-01-01T00:00:00Z
Q14799,Lenovo,1984-01-01T00:00:00Z
Q109581933,O.T.K Games,2014-06-01T00:00:00Z
Q114840336,Guidepost Montessori,
Q5894954,Hong Kong Property Services,1986-01-01T00:00:00Z
Q39048616,CCTV+,2010-01-01T00:00:00Z
Q92526,Sina Weibo,2010-08-09T00:00:00Z
Q39057776,Tencent Games,2003-01-01T00:00:00Z
Q7098807,Optical 88,
Q109582894,SakuraGame,
Q106798056,Marathon Sports,
Q1073540,China Telecommunications Corporation,2002-01-01T00:00:00Z
Q18124524,EHang,2014-01-01T00:00:00Z
Q1365358,HK Express,2004-01-01T00:00:00Z
Q114522176,StarFive,2018-01-01T00:00:00Z
Q108885613,APICDMO,1997-01-01T00:00:00Z
Q63313495,Nam Pei Hong Sum Yung Drugs Company Limited,1977-01-11T00:00:00Z
Q51747,Air China,1988-01-01T00:00:00Z
Q28415694,Yangtze Memory Technology Corp,2016-07-26T00:00:00Z
Q109907271,Qichacha,2014-03-12T00:00:00Z
Q16499972,OnePlus,2013-12-16T00:00:00Z
Q806679,Bank of East Asia,1918-01-01T00:00:00Z
Q1090900,Goldwind,1998-01-01T00:00:00Z
Q28025298,Mobike,2015-01-01T00:00:00Z
Q29468800,TCL Electronics,1999-01-01T00:00:00Z
Q20010692,Tasly,1994-01-01T00:00:00Z
Q5331359,Eaton Hotel Hong Kong,
Q196259,NetEase,1997-06-01T00:00:00Z
Q112772379,RealAI,
Q1575470,Hang Seng Bank,1933-01-01T00:00:00Z
Q136484,ZTE,1985-01-01T00:00:00Z
Q51846184,"GD SIGELEI Electronic Tech Co., Ltd",2011-09-01T00:00:00Z
Q10851215,K-net,
Q1552770,GAC Group,1997-06-01T00:00:00Z
Q12599540,VIPS,1997-01-01T00:00:00Z
Q1143917,Meizu,2003-01-01T00:00:00Z
Q13359551,Australia Dairy Company,
Q77146064,Yaqi Brush,
Q27070331,Honor,2013-01-01T00:00:00Z
Q1190803,Hong Kong Disneyland Resort,
Q3077586,Bilibili,2009-06-26T00:00:00Z
Q55642234,Giga Shanghai,2018-01-01T00:00:00Z
Q2990317,CTM,1981-01-01T00:00:00Z
Q790068,Bank of China,1912-01-01T00:00:00Z
Q909429,Macau Post and Telecommunications,1884-01-01T00:00:00Z
Q96384368,Meizhou Dongpo,1996-06-06T00:00:00Z
Q43177802,Bitmain,2013-01-01T00:00:00Z
Q115047062,Wanmo Acoustics,2016-01-01T00:00:00Z
Q100323914,Qiui,
Q15898172,Zhihu,2011-01-26T00:00:00Z
Q3102631,Guangming Daily,1949-06-16T00:00:00Z
Q947354,Shaw Brothers Studio,1958-12-27T00:00:00Z
Q65158716,Aiways,2017-01-01T00:00:00Z
Q4806461,Asia Racing Team,2003-01-01T00:00:00Z
Q1117001,Great Wall Motor,1976-01-01T00:00:00Z
Q55716258,SenseTime,2014-10-01T00:00:00Z
Q107377209,Shein,2008-01-01T00:00:00Z
Q30260298,BeiGene,2010-01-01T00:00:00Z
Q831445,Sinopec,2000-01-01T00:00:00Z
Q106225428,Pardus Cycle,
Q5210937,Wanda Group,1988-01-01T00:00:00Z
Q10851178,Market Place,
Q204839,Xinhua News Agency,1931-01-01T00:00:00Z
Q47015652,Pinduoduo,2015-09-01T00:00:00Z
Q302642,Beijing Capital Airlines,2010-01-01T00:00:00Z
Q10845999,21st Century Business Herald,2001-01-01T00:00:00Z
Q591001,Chery,1997-01-01T00:00:00Z
Q28408488,Beacon College,1989-01-01T00:00:00Z
Q7553767,DoubleTree by Hilton Hotel Shanghai - Pudong,
Q15281574,Freightos,2012-01-01T00:00:00Z
Q1859143,VTech,1976-10-01T00:00:00Z
Q29904317,AliExpress,2010-01-01T00:00:00Z
Q7494690,Sheraton Macao,
Q15910313,Lao Feng Xiang Company Limited,1935-10-08T00:00:00Z
Q105710101,Coconut Island Games,2009-01-01T00:00:00Z
Q18125122,Gionee,2002-01-01T00:00:00Z
Q28136991,Tencent Video,2011-04-01T00:00:00Z
Q2527941,Hisense,1969-09-01T00:00:00Z
Q10923130,Commercial Press (H.K.),1914-01-01T00:00:00Z
Q16951366,Beta Pharma Inc.,2003-01-07T00:00:00Z
Q108938000,Thermite Games,2020-07-10T00:00:00Z
Q14772,Baidu,
Q17727179,UCWeb,2004-01-01T00:00:00Z
Q2084900,Oppo,2004-01-01T00:00:00Z
Q1544535,Gree Electric,1989-01-01T00:00:00Z
Q7265439,Neway,1993-01-01T00:00:00Z
Q911543,China Minsheng Bank,1996-01-01T00:00:00Z
Q28691848,Happy Elements,2009-06-01T00:00:00Z
Q2609533,Midea,1968-01-01T00:00:00Z
Q29011371,ofo,2014-03-26T00:00:00Z
Q291944,Sichuan Airlines,1986-01-01T00:00:00Z
Q10884665,Nintendo (Hong Kong),2005-04-07T00:00:00Z
Q10853203,VanGO,
Q56275466,realme,2018-05-06T00:00:00Z
Q5191790,Trip.com Group,2003-12-09T00:00:00Z
Q26299,China Construction Bank,1954-01-01T00:00:00Z
Q13220217,Super-Pharm,1978-01-01T00:00:00Z
Q109342779,Feishu,
Q1852050,TP-Link,1996-01-01T00:00:00Z
Q5926670,Hub Culture,2002-01-01T00:00:00Z
Q63252750,Gamera Games,2014-12-02T00:00:00Z
Q6124193,Xinhua Bookstore,1937-04-24T00:00:00Z
Q20732498,Miniso,2013-01-01T00:00:00Z
Q1812590,Grand Hyatt Beijing,2001-01-01T00:00:00Z
Q47313237,Byton,2016-03-01T00:00:00Z
Q224593,Snail,2000-10-01T00:00:00Z
Q63481248,Banggood,2006-01-01T00:00:00Z
Q61000387,XCloudGame,
Q86730222,Tianyancha,2014-01-01T00:00:00Z
Q21190510,DiDi,2012-06-01T00:00:00Z
Q29921278,NIO,2014-01-01T00:00:00Z
Q10906081,Bonjour Holdings,1991-01-01T00:00:00Z
Q986744,Postal Savings Bank of China,2007-01-01T00:00:00Z
Q11507765,Japan Home Centre,1991-01-01T00:00:00Z
Q497493,Beijing Review,1958-01-01T00:00:00Z
Q110476713,Nekcom Games,2011-01-01T00:00:00Z
Q95611555,Huawei AppGallery,2017-01-01T00:00:00Z
Q56811344,Luckin Coffee,2017-01-01T00:00:00Z
Q5183534,Creative Power Entertaining,2004-10-21T00:00:00Z
Q105177879,ChillyRoom,
Q57657260,Contec Inc.,1988-01-01T00:00:00Z
Q5638920,Hai Di Lao,1994-03-20T00:00:00Z
Q86445668,SunFounder,2013-01-01T00:00:00Z
Q106323633,indienova,2013-01-01T00:00:00Z
Q23890897,G2A,2010-01-01T00:00:00Z
Q969272,China News Service,1952-01-01T00:00:00Z
Q1068485,China Unicom,1994-01-01T00:00:00Z
Q28452620,Anker,2011-01-01T00:00:00Z
Q4115012,Giordano,1981-01-01T00:00:00Z
Q10850853,Hot Toys,2000-01-01T00:00:00Z
Q109349607,Alliance française de Tianjin,
Q795900,BGI Genomics,1999-09-09T00:00:00Z
Q15914158,The Farm House Restaurant,
Q407478,Air Macau,1994-01-01T00:00:00Z
Q5894319,HKBN Limited,1999-01-01T00:00:00Z
Q1479375,MTR Corporation Limited,1975-01-01T00:00:00Z
Q1674139,Ming Pao,1959-05-20T00:00:00Z
Q282592,Hong Kong General Chamber of Commerce,1861-01-01T00:00:00Z
Q860580,Tencent,1998-11-12T00:00:00Z
Q27806746,VPN.ht Limited,2014-12-01T00:00:00Z
Q160120,Huawei,1987-01-01T00:00:00Z
Q15907772,Meituan,2010-03-29T00:00:00Z
Q18128040,Mili Pictures Worldwide,2012-01-01T00:00:00Z
Q106369174,Unitree Robotics,
Q111077434,GigaSports,
Q1073482,China Railway Construction Corporation Limited,2007-01-01T00:00:00Z
Q5760704,Hikvision,2001-01-01T00:00:00Z
Q1436155,Tianjin Airlines,2004-01-01T00:00:00Z
Q56242332,Hilton Shanghai Hongqiao,2010-01-01T00:00:00Z
Q20688847,Jiemian News,2014-09-01T00:00:00Z
Q10941699,PAG,2002-01-01T00:00:00Z
Q48147014,Insta360,2014-01-01T00:00:00Z
Q10932395,Foreign Language Teaching and Research Press,1979-08-28T00:00:00Z
Q8071259,"Zhuzhou CRRC Times Electric Co., Ltd.",2005-01-01T00:00:00Z
Q1035195,Hong Kong Airlines,2001-03-28T00:00:00Z
Q5105515,Chow Tai Fook,1929-01-01T00:00:00Z
Q16921741,Jardine Aviation Services,1988-01-01T00:00:00Z
Q13646560,Mannings,1972-01-01T00:00:00Z
Q109821613,"Chengdu Nekoday Network Technology Co., Ltd.",2018-08-07T00:00:00Z
Q15913890,iQIYI,2010-04-22T00:00:00Z
Q18390500,Yuehua Entertainment,2009-06-01T00:00:00Z
Q18204710,Dianrong.com,2012-01-01T00:00:00Z
Q3079736,Fosun International Limited,1992-01-01T00:00:00Z
Q837244,Shangri-La Hotels and Resorts,1971-01-01T00:00:00Z
Q21979415,Ant Group,2000-10-19T00:00:00Z
Q91304414,Lemfo,2014-01-01T00:00:00Z
Q5017958,Caixin Media,2009-01-01T00:00:00Z
Q55606242,ByteDance,2012-03-01T00:00:00Z
Q8073138,Zhongneng Vehicle Group,1988-01-01T00:00:00Z
Q5208707,Dah Sing Bank Limited,1947-01-01T00:00:00Z
Q5323340,eLong,1999-01-01T00:00:00Z
Q8423751,Langham Hospitality Group,1865-01-01T00:00:00Z
Q109936106,Moondrop,2015-01-01T00:00:00Z
Q10870391,Eastday,2000-05-28T00:00:00Z
Q60785187,Ucommune,2015-01-01T00:00:00Z
Q26463,Industrial and Commercial Bank of China,1984-01-01T00:00:00Z
Q11084898,Founder Securities,1994-10-26T00:00:00Z
Q104813760,Alliance Française Hangzhou,2008-11-01T00:00:00Z
Q7833641,TransUnion,1968-02-08T00:00:00Z
Q1713277,Juneyao Air,2005-01-01T00:00:00Z
Q18301787,Vivo Electronics,2009-01-01T00:00:00Z
Q30946991,Snowball,2010-03-01T00:00:00Z
Q18658020,Meitu,2008-10-01T00:00:00Z
Q15923583,Conrad Hong Kong,
Q7488421,Shanghai Commercial Bank,1950-11-01T00:00:00Z
Q19854317,Vipshop,2008-12-01T00:00:00Z
Q55438436,WhisperGames,2015-01-01T00:00:00Z
Q1960330,ET Solar,2005-01-01T00:00:00Z
Q114960184,BIEL Crystal,
Q64014139,Pathea Games,2010-01-01T00:00:00Z
Q6506480,"Leshi Holding (Beijing) Co., Ltd.",2011-01-01T00:00:00Z
Q108488472,Radiomaster,
Q19840382,Lufax,2011-01-01T00:00:00Z
Q1873733,Lucky Air,2004-01-01T00:00:00Z
Q806680,Bank of Communications,1908-01-01T00:00:00Z
Q56448838,HOMTOM,2013-01-01T00:00:00Z
Q98115297,M5Stack,2015-06-07T00:00:00Z
Q739000,Geely,1986-01-01T00:00:00Z
Q814825,Foton Motor,1996-01-01T00:00:00Z
Q66436069,National Business Daily,2004-12-09T00:00:00Z
Q7538148,Skyworth,1988-01-01T00:00:00Z
Q16924332,DJI,2006-01-01T00:00:00Z
Q6112939,Jornal do Cidadão,1944-01-01T00:00:00Z
Q113635385,VirtuaReal,2019-04-19T00:00:00Z
Q917192,Huachen Automotive Group Holdings Company Limited,1992-01-01T00:00:00Z
Q5299559,Douban,2005-03-06T00:00:00Z
Q111912024,Magenta Factory,
Q1143211,Haier,1984-01-01T00:00:00Z
Q60793289,VIPKID,2013-01-01T00:00:00Z
Q15903799,Medialink Group,1994-03-15T00:00:00Z
Q6113238,Hong Kong Commercial Daily,1952-01-01T00:00:00Z
Q5124105,citysuper,1996-01-01T00:00:00Z
Q291090,China Southern Airlines,1991-01-01T00:00:00Z
Q110267813,PKU Law,1985-01-01T00:00:00Z
Q76428404,8bitdo,2013-01-01T00:00:00Z
Q86730159,Abouthai,2016-01-01T00:00:00Z
Q17709484,Kro's Nest,2005-01-01T00:00:00Z
Q28192892,Waldorf Astoria Beijing,
Q7267707,Qihoo 360,2005-01-01T00:00:00Z
Q18651854,Park Hyatt Beijing,
Q1636958,Xiaomi,2010-04-06T00:00:00Z
Q93497501,FYQD-Studio,
