id,name,start_date
Q7894395,Universidade Presbiteriana Mackenzie,1870-01-01T00:00:00Z
Q746413,Elsevier BV,1880-01-01T00:00:00Z
Q1579222,Ultrapar,1937-01-01T00:00:00Z
Q1130970,Companhia Paranaense de Energia,1954-10-26T00:00:00Z
Q421023,Organization of Ibero-American States,1949-01-01T00:00:00Z
Q3109033,Globosat,1991-10-19T00:00:00Z
Q59203688,Casa da Boia,1898-01-01T00:00:00Z
Q7894370,Federal University of Southern Frontier,2009-09-15T00:00:00Z
Q9555170,Q9555170,2011-01-01T00:00:00Z
Q106311529,Aoca Game Lab,2016-01-01T00:00:00Z
Q1131055,Universidade Tecnológica Federal do Paraná,1909-01-01T00:00:00Z
Q111020974,Q111020974,
Q9669735,CCAA,1961-01-01T00:00:00Z
Q5011113,Chesf,1945-01-01T00:00:00Z
Q7129529,Banco Pan,1969-01-01T00:00:00Z
Q25420483,TV Imaculada Conceição,
Q7894400,Universidade de Santa Cruz do Sul,1993-05-23T00:00:00Z
Q54087370,Libreflix,2017-08-11T00:00:00Z
Q10274855,Esmaltec,
Q25437840,Superintendência de Estudos Econômicos e Sociais da Bahia,1995-01-18T00:00:00Z
Q10310934,Q10310934,
Q1676554,JBS S.A.,1953-01-01T00:00:00Z
Q25420444,TV INES,
Q4382227,Embratel,1998-01-01T00:00:00Z
Q10358472,Refinaria de Manguinhos,1954-12-14T00:00:00Z
Q10301981,Indie Records,1997-03-01T00:00:00Z
Q5001308,Buscapé,1999-06-01T00:00:00Z
Q10387880,Universidade Vale do Rio Verde,1965-11-11T00:00:00Z
Q28680168,Q28680168,
Q85635590,SplitPlay,2013-01-01T00:00:00Z
Q5374439,Empresa Metropolitana de Transportes Urbanos de São Paulo,1988-01-01T00:00:00Z
Q104214913,Dumativa,2012-01-01T00:00:00Z
Q7924549,Via,2010-01-01T00:00:00Z
Q28679415,Assaí Atacadista,
Q109569583,Yes! Cosmetics,2000-01-01T00:00:00Z
Q10384591,Q10384591,1969-10-21T00:00:00Z
Q48861172,Cinemagic,2009-01-01T00:00:00Z
Q18483091,Q18483091,
Q48861042,Cineflix,2011-12-01T00:00:00Z
Q98915160,Jusbrasil,2008-05-15T00:00:00Z
Q945699,Universidade Federal do Piauí,1971-03-01T00:00:00Z
Q111785735,Estapar,1981-01-01T00:00:00Z
Q2091986,Estácio Universities,1970-01-01T00:00:00Z
Q100492677,Farma Conde,1993-01-01T00:00:00Z
Q25419630,Cineplus,2005-12-01T00:00:00Z
Q10270338,Q10270338,1955-01-01T00:00:00Z
Q100491051,Droga Quinze,1962-01-01T00:00:00Z
Q835283,Caixa,1861-01-01T00:00:00Z
Q7894998,University do Vale do Paraíba,1952-01-01T00:00:00Z
Q1435379,Folha de S. Paulo,1921-02-19T00:00:00Z
Q41796695,Bella Paulista,2002-08-06T00:00:00Z
Q10374395,Q10374395,1996-01-01T00:00:00Z
Q796822,Brazilian Development Bank,1952-06-20T00:00:00Z
Q3240300,Brazilian Esperanto League,1907-07-21T00:00:00Z
Q110087205,Ortobom,1969-01-01T00:00:00Z
Q111020980,Q111020980,
Q5091543,Faculdade Cásper Líbero,1947-05-16T00:00:00Z
Q23777947,Laser Cinemas,2006-01-01T00:00:00Z
Q10305047,Jambô,
Q16142840,Q16142840,1989-01-01T00:00:00Z
Q10360441,Ri Happy Brinquedos,1988-01-01T00:00:00Z
Q6535056,Level Up! Games,2002-01-01T00:00:00Z
Q10338657,Q10338657,
Q23777945,AFA Cinemas,1995-01-01T00:00:00Z
Q111345417,Editora CRV,
Q10365895,Q10365895,
Q2043612,Anhembi Morumbi University,1970-01-01T00:00:00Z
Q3187172,Jovem Pan FM,
Q20059247,Q20059247,
Q1532146,Jesuit School of Philosophy and Theology,1982-01-01T00:00:00Z
Q7161124,Universidade de Passo Fundo,1968-01-01T00:00:00Z
Q10339108,Q10339108,
Q18483056,Clube FM São Carlos,
Q10387822,Universidade Fundação Mineira de Educação e Cultura,1965-01-01T00:00:00Z
Q25419539,TV Universitária,
Q3288821,Banco Palmas,1998-01-01T00:00:00Z
Q5119055,Hering,1880-01-01T00:00:00Z
Q5476802,Star Channel,2021-02-22T00:00:00Z
Q85390737,Maximo Group Network,2012-01-01T00:00:00Z
Q4854200,BandNews FM,2005-05-20T00:00:00Z
Q10349095,Phebo,1930-01-01T00:00:00Z
Q25439990,Q25439990,
Q18479940,Canal Saúde,
Q1628345,O Estado de São Paulo,1875-01-04T00:00:00Z
Q113686579,Pulsatrix Studios,
Q10318871,Lira Nordestina,
Q58811086,Cantina Palestra,
Q25431271,Q25431271,
Q10358221,Rede Jangadeiro FM,
Q5440477,Universidade Federal do Maranhão,1966-10-21T00:00:00Z
Q10272499,Empresa Brasil de Comunicação,2007-10-25T00:00:00Z
Q10365555,Q10365555,
Q96187557,Casa de Concessa,
Q48876897,Grupo Mobi Cine,2010-01-01T00:00:00Z
Q7894387,Methodist University of São Paulo,1938-01-01T00:00:00Z
Q10310933,Q10310933,
Q10359033,Q10359033,
Q28680309,Q28680309,
Q110518126,Zinzane,2002-01-01T00:00:00Z
Q110442715,Usaflex,1998-01-01T00:00:00Z
Q610817,Bank of Brazil,1808-01-01T00:00:00Z
Q9600717,AleSat Combustíveis,1996-01-01T00:00:00Z
Q106783128,Estúdios Flow,
Q105602307,Ferbasa,1961-02-23T00:00:00Z
Q7578935,Spoleto,1999-01-01T00:00:00Z
Q18483053,Q18483053,
Q10303251,Q10303251,2003-01-01T00:00:00Z
Q18370088,Centro Universitário de Belo Horizonte,1964-03-10T00:00:00Z
Q48861155,Moviemax,2004-01-01T00:00:00Z
Q10271671,Elektro Redes S.A.,1998-01-06T00:00:00Z
Q3551699,Universidade do Oeste de Santa Catarina,
Q28678752,TV Primavera,
Q10272527,Cinesercla,1981-01-01T00:00:00Z
Q28680594,Q28680594,
Q61000083,Q61000083,
Q109007293,Lunic Games,
Q3790133,Universidade Federal de Santa Maria,1960-01-01T00:00:00Z
Q7894397,University of Cruz Alta,
Q10339833,Q10339833,
Q54918569,Super Vegetariano Restaurante,1986-02-01T00:00:00Z
Q18484195,Centro Universitário de Franca,
Q10290152,Globo Rural,1985-01-01T00:00:00Z
Q114670699,Laser Eletro,1988-01-01T00:00:00Z
Q105840367,Grupo Casal Cinemas,2003-06-23T00:00:00Z
Q2582930,Abaeté Linhas Aéreas,1994-01-01T00:00:00Z
Q28680631,Q28680631,
Q105106329,Cine Hobby,2014-05-24T00:00:00Z
Q16144687,Q16144687,
Q5440482,Universidade Federal de São Carlos,1968-01-01T00:00:00Z
Q12344592,Jornal A Tarde,1912-10-15T00:00:00Z
Q7894392,Universidade Positivo,1988-01-01T00:00:00Z
Q10314624,Kopenhagen,1928-01-01T00:00:00Z
Q10332780,Moviecom,1996-01-01T00:00:00Z
Q970729,O Globo,1925-01-01T00:00:00Z
Q82326629,Imovision,1989-01-01T00:00:00Z
Q10387808,Universidade Estadual de Alagoas,1970-10-13T00:00:00Z
Q6545812,LIERJ,
Q64778644,Cinemas Premier,1999-02-13T00:00:00Z
Q2081136,Petroleo Ipiranga,1933-01-01T00:00:00Z
Q10384071,Tramontina,1911-01-01T00:00:00Z
Q10294065,Havan,1986-01-01T00:00:00Z
Q2142669,AmBev,1999-01-01T00:00:00Z
Q10274510,Escola Superior de Teologia,
Q10320973,Lumière Empresa Cinematográfica,1995-01-01T00:00:00Z
Q20060625,Q20060625,1994-01-01T00:00:00Z
Q10387825,Federal University of Alfenas,1914-01-01T00:00:00Z
Q10393219,Warner Music Brazil,1976-01-01T00:00:00Z
Q3042174,Amil,1978-01-01T00:00:00Z
Q1511043,Gerdau,1901-01-01T00:00:00Z
Q5392048,University of Caxias do Sul,1967-01-01T00:00:00Z
Q28679754,Sicoob,
Q3347781,O Dia,1951-06-05T00:00:00Z
Q10376812,TV Encontro das Águas,
Q28681018,Q28681018,
Q30931474,Agência Pública,
Q5508996,Fundação Getúlio Vargas,1944-12-20T00:00:00Z
Q25422941,Faculdade União de Goyazes,
Q10387639,UniEvangélica,
Q18486475,TV Centro América Norte,
Q18484212,Universidade Cesumar,1990-01-01T00:00:00Z
Q25428017,Q25428017,
Q18465422,Q18465422,
Q56351623,Drogaria Globo,1969-05-23T00:00:00Z
Q9698946,Casa do Pão de Queijo,1967-01-01T00:00:00Z
Q10328305,Meio Norte (jornal),1995-01-01T00:00:00Z
Q18477492,Companhia das Docas do Estado da Bahia,
Q159102,Universidade Federal da Bahia,1946-04-08T00:00:00Z
Q10387869,Universidade Salvador,1972-01-01T00:00:00Z
Q7553274,Sodimac,1952-01-01T00:00:00Z
Q56377600,Súper Liga Americana de Rugby,2020-01-01T00:00:00Z
Q106752739,BMart,1995-01-01T00:00:00Z
Q10322532,MMartan,1985-01-01T00:00:00Z
Q20053611,Cultura HD,
Q244169,Itaipu Binacional,1975-01-01T00:00:00Z
Q7894360,Universidade Católica de Petrópolis,1953-01-01T00:00:00Z
Q110255110,Comix Book Shop,1986-10-31T00:00:00Z
Q18285335,Q18285335,1999-01-01T00:00:00Z
Q10365839,Q10365839,
Q10358223,Jovem Pan,1944-05-03T00:00:00Z
Q9644995,Q9644995,1985-04-01T00:00:00Z
Q28680402,Q28680402,
Q20059122,Q20059122,
Q10329208,Metro Jornal,
Q115240740,Pijama e Sonho,2020-01-01T00:00:00Z
Q183184,Sabesp,1973-01-01T00:00:00Z
Q111786557,Avatim,
Q67086035,Atem's Distributor,2000-08-14T00:00:00Z
Q3131210,Natura Cosméticos S.A.,1969-01-01T00:00:00Z
Q10308383,O Popular,1938-01-01T00:00:00Z
Q109453384,Actoon Studio,
Q25419484,Cine A,2004-11-12T00:00:00Z
Q10260811,Correio,1978-12-20T00:00:00Z
Q25419477,Cinespaço,1993-01-01T00:00:00Z
Q10376968,Q10376968,
Q6729763,Magazine Luiza,1957-01-01T00:00:00Z
Q107171465,LIGA RJ,
Q7433389,SciELO,
Q3823361,Devir,
Q18472024,Q18472024,
Q10370598,Serviço Federal de Processamento de Dados,1964-01-01T00:00:00Z
Q108667513,Dommo Energia,
Q67869663,Máximo Records,2012-01-01T00:00:00Z
Q109569513,World Tennis (shop),1991-01-01T00:00:00Z
Q115158469,Capital Informática,2014-01-01T00:00:00Z
Q111046700,Q111046700,1960-11-22T00:00:00Z
Q48873427,Fazenda Capoava,
Q4854119,Bank of Brasilia,1983-01-01T00:00:00Z
Q48866578,Papel A2 Texto & Arte,
Q10387915,University of Western São Paulo,1972-10-03T00:00:00Z
Q10358217,Q10358217,1987-04-27T00:00:00Z
Q113972867,Doublehit Games,
Q3847972,Escola Superior de Propaganda e Marketing,1951-01-01T00:00:00Z
Q6765587,Marisa,1948-01-01T00:00:00Z
Q10291411,Eldorado,1972-01-01T00:00:00Z
Q2749558,Universidade Federal do Ceará,1954-12-16T00:00:00Z
Q10319490,Localiza Hertz,1973-01-01T00:00:00Z
Q10285692,Fratelli Vita,1902-01-01T00:00:00Z
Q51882324,Agibank,
Q16496497,Band FM,1975-07-15T00:00:00Z
Q5440479,Federal University of Paraíba,1955-12-02T00:00:00Z
Q1808939,JBS USA,1855-01-01T00:00:00Z
Q10372620,Brazilian Chemical Society,1977-01-01T00:00:00Z
Q110138105,Açaí Concept,
Q106903991,CVC Brasil,
Q4819656,Destak,2001-09-01T00:00:00Z
Q10299351,Bahia Eventos,1999-01-01T00:00:00Z
Q1541470,GPA,1948-09-07T00:00:00Z
Q86739236,Cobasi,1985-10-14T00:00:00Z
Q16142904,Africa,2002-12-01T00:00:00Z
Q18483194,Centerplex,1981-01-01T00:00:00Z
Q1330634,University of Brasília,1962-01-01T00:00:00Z
Q3063934,ISA CTEEP,1999-01-01T00:00:00Z
Q25420447,Q25420447,
Q1121227,Companhia Paulista de Trens Metropolitanos,1992-01-01T00:00:00Z
Q3551702,Universidade do Estado de Santa Catarina,1965-05-20T00:00:00Z
Q7894367,Universidade Estadual do Paraná,2001-01-01T00:00:00Z
Q28428179,Essence Music,2003-01-01T00:00:00Z
Q9545820,Q9545820,
Q48855225,Lupo,
Q25422888,Nubank,2013-05-06T00:00:00Z
Q110964490,Q110964490,
Q10393925,Wizard by Pearson,1987-01-01T00:00:00Z
Q10323632,Mangels,
Q50376097,Dubatak Records,2007-01-01T00:00:00Z
Q12138818,Paranapanema,1961-01-01T00:00:00Z
Q108667835,Enauta Participacoes,
Q7000343,Netshoes,2000-01-01T00:00:00Z
Q111108566,ibyte,
Q16496717,Bar Estadão,1968-12-05T00:00:00Z
Q18486482,TV Cultura Paulista,
Q89948600,Amazon EcoPark Jungle Lodge,
Q1121216,CPFL Energia,1912-01-01T00:00:00Z
Q18468043,Jovem Pan News,2013-10-03T00:00:00Z
Q10387864,URCA,1986-06-09T00:00:00Z
Q10293878,Hapvida,1979-01-01T00:00:00Z
Q10272498,Empresa Baiana de Águas e Saneamento,
Q18281175,TV Tropical,
Q48861058,Cinemaxx,1995-05-01T00:00:00Z
Q1328252,Eletrobras,1962-01-01T00:00:00Z
Q1131088,Pontifícia Universidade Católica do Paraná,1959-01-01T00:00:00Z
Q25446748,Q25446748,
Q21756894,Multicine Cinemas,2004-01-01T00:00:00Z
Q10366152,Q10366152,
Q28679988,Q28679988,
Q10390189,Aguia Branca,
Q23777951,Pinheiro Cinemas,2003-03-14T00:00:00Z
Q12146395,Mineração Taboca,1969-01-01T00:00:00Z
Q18483077,Q18483077,
Q10287817,GBarbosa,1955-01-01T00:00:00Z
Q18479548,Q18479548,
Q10365801,Fanática FM,
Q2504930,Habib's,1988-01-01T00:00:00Z
Q10387837,Federal University of Triângulo Mineiro,1953-04-27T00:00:00Z
Q4481798,Universidade Federal do Tocantins,2000-01-01T00:00:00Z
Q10283208,Q10283208,
Q10287226,GNC Cinemas,1991-01-01T00:00:00Z
Q48856833,Mundo Verde,1987-01-01T00:00:00Z
Q18463851,Chilli Beans,1997-01-01T00:00:00Z
Q7073219,O Boticário,1977-01-01T00:00:00Z
Q10272036,Elo (card association),
Q10288580,Gazeta do Povo,1919-02-03T00:00:00Z
Q10341461,Orient Cinemas,1978-01-01T00:00:00Z
Q2876669,B2W,2006-01-01T00:00:00Z
Q19608765,Cineart,1947-01-01T00:00:00Z
Q690789,LATAM Brasil,1961-01-01T00:00:00Z
Q18499520,BB Seguridade,2012-12-20T00:00:00Z
Q115209705,Supermercados BH,
Q25429968,Circuito Entretenimento e Cinemas,2008-01-01T00:00:00Z
Q4954511,Bradesco Seguros,1946-01-01T00:00:00Z
Q7894368,Federal Rural University of Pernambuco,1912-01-01T00:00:00Z
Q5440476,Universidade Federal do Amazonas,1909-01-01T00:00:00Z
Q110249404,"Quem Disse, Berenice?",
Q4984567,Universidade Estadual da Paraíba,1966-03-15T00:00:00Z
Q27783604,Hazy Records,
Q586904,Federal University of Rio de Janeiro,1920-09-07T00:00:00Z
Q18474051,Colégio Objetivo,1965-01-01T00:00:00Z
Q28679509,Óticas Carol,1997-01-01T00:00:00Z
Q18469989,Q18469989,
Q108945721,DCF Studios,
Q1783492,Universo Online,1996-04-28T00:00:00Z
Q10387874,University of Vassouras,1967-01-29T00:00:00Z
Q20050055,Q20050055,
Q61453394,Cine Colúmbia,2004-01-01T00:00:00Z
Q25419479,Q25419479,
Q42309635,Caminho do Mar,
Q342858,ROMI S.A.,1930-01-01T00:00:00Z
Q10302482,Federal Institute of Brasília,2008-01-01T00:00:00Z
Q4562501,Universidade do Estado do Pará,1993-01-01T00:00:00Z
Q10387891,Universidade de Fortaleza,1973-03-21T00:00:00Z
Q10350856,Polishop,
Q583268,Vale,1942-01-01T00:00:00Z
Q7228043,Ponta Grossa State University,1969-01-01T00:00:00Z
Q3058830,Estado de Minas,1928-03-07T00:00:00Z
Q60191837,Nagasaki Ya,
Q1321868,LATAM Airlines Group,2012-01-01T00:00:00Z
Q61000206,Marca de Fantasia,1995-01-01T00:00:00Z
Q23777940,Cine Uniplex,1989-01-01T00:00:00Z
Q5253017,Casa Del Vecchio,1902-01-01T00:00:00Z
Q25419672,Grupo Cine,2002-05-01T00:00:00Z
Q10379077,Q10379077,2000-01-01T00:00:00Z
Q108910180,Camicado,
Q1232831,Universidade Federal do Paraná,1912-01-01T00:00:00Z
Q45242,Rio de Janeiro Botanical Garden,1808-06-13T00:00:00Z
Q7894353,Universidade Católica Dom Bosco,1993-01-01T00:00:00Z
Q28679561,Centauro,
Q4854137,Bank of the Northeast,1952-01-01T00:00:00Z
Q10279088,Q10279088,
Q10280577,Federação Espírita Brasileira,1884-01-02T00:00:00Z
Q105946950,Brainflu,2021-01-23T00:00:00Z
Q9552094,Q9552094,
Q56350351,QuintoAndar,
Q25419331,TV Capital (Fortaleza),
Q10348714,Pernambucanas,1908-09-25T00:00:00Z
Q2713910,GVT,2000-01-01T00:00:00Z
Q25440245,Q25440245,
Q23777950,Grupo SaladeArte,2000-07-07T00:00:00Z
Q10365570,Q10365570,
Q25431079,Q25431079,
Q2840233,Universidade do Estado do Rio de Janeiro,1950-12-04T00:00:00Z
Q114348758,Hotel Descalvado,1888-01-01T00:00:00Z
Q18279085,Opera Graphica,1998-01-01T00:00:00Z
Q109077520,Malwee,1968-01-01T00:00:00Z
Q4857098,Banrisul,1928-09-12T00:00:00Z
Q3011938,Federal University of the State of Rio de Janeiro,1979-01-01T00:00:00Z
Q691637,Gol Transportes Aéreos,2000-01-01T00:00:00Z
Q28680239,Q28680239,
Q65161582,Voz das Comunidades,2005-01-01T00:00:00Z
Q10384601,Q10384601,
Q28220986,Claro Telecom Participações S.A.,2003-01-01T00:00:00Z
Q4558480,Universidade Federal do Pará,1957-07-02T00:00:00Z
Q19705820,Q19705820,
Q10365824,Rádio Globo,2001-01-01T00:00:00Z
Q9592680,Bahia State Development Agency,
Q18483117,Q18483117,
Q30932279,Q30932279,
Q10278872,Extra,1998-01-01T00:00:00Z
Q10316732,Leader,1951-01-01T00:00:00Z
Q1121202,Companhia Energética de Minas Gerais,1952-05-22T00:00:00Z
Q110193479,Q110193479,2020-01-01T00:00:00Z
Q7305676,Rede Aleluia,
Q10375051,Q10375051,1991-01-01T00:00:00Z
Q25420479,TV Plenitude,
Q18483085,Q18483085,
Q806181,Bradesco,1943-01-01T00:00:00Z
Q10316700,Le Biscuit,1968-01-01T00:00:00Z
Q10382926,Tok&Stok,1978-01-01T00:00:00Z
Q38182538,Companhia do Metropolitano de São Paulo,
Q105076145,Moviearte,2007-01-01T00:00:00Z
Q2749168,Penalty,1970-01-01T00:00:00Z
Q9777179,Clone,
Q30930907,Q30930907,
Q25427596,Q25427596,
Q1817137,São Paulo State University,1976-01-01T00:00:00Z
Q7894410,University of Vale do Rio dos Sinos,1969-01-01T00:00:00Z
Q110637170,Guimaraf Studio,
Q7419281,Instituto Federal de Santa Catarina,2008-01-01T00:00:00Z
Q1125591,SuperVia,1998-01-01T00:00:00Z
Q60999744,Todavia,
Q10387826,Federal University of Lavras,1909-01-01T00:00:00Z
Q30939002,Bemol (stores),1942-08-13T00:00:00Z
Q790790,Avianca Brazil,1998-01-01T00:00:00Z
Q634794,WEG Industries,1961-01-01T00:00:00Z
Q2079243,TIM Brasil,1995-07-15T00:00:00Z
Q794272,Azul Brazilian Airlines,2008-01-04T00:00:00Z
Q10367765,Q10367765,
Q10387830,Federal University of Espírito Santo,1954-05-03T00:00:00Z
Q10267640,Q10267640,1982-01-01T00:00:00Z
Q18477759,Enel Ceará,1971-01-01T00:00:00Z
Q29785218,InfoPrice,
Q61002243,Portobello Resort & Safári,
Q965371,Sistema Brasileiro de Televisão,1981-08-19T00:00:00Z
Q9554919,Q9554919,
Q25429493,Rede Cine Show,1995-11-01T00:00:00Z
Q108935458,Famyle,2019-01-01T00:00:00Z
Q7299713,Raízen,2010-01-01T00:00:00Z
Q10387812,Montes Claros State University,
Q109533025,2ndBoss,
Q19709597,PetroRio,2008-01-01T00:00:00Z
Q25429786,Q25429786,
Q7894365,Universidade Estadual de Maringá,1970-01-01T00:00:00Z
Q10365662,Q10365662,
Q10291709,Q10291709,
Q7894380,Federal University of Sergipe,1967-02-28T00:00:00Z
Q9019737,Laboratório Fantasma,2008-01-01T00:00:00Z
Q55805827,Jiquitaia,
Q10302571,Mises Brazil Institute,2007-01-01T00:00:00Z
Q7834196,Federal Rural University of Rio de Janeiro,1910-01-01T00:00:00Z
Q111843569,Apostagolos,2014-01-01T00:00:00Z
Q10377359,TV Minuto,
Q839900,Pontifícia Universidade Católica de Campinas,1941-01-01T00:00:00Z
Q10365833,Q10365833,
Q10308498,Q10308498,
Q30939567,Q30939567,
Q110249379,Bacio di Latte,2011-01-01T00:00:00Z
Q10361957,Rio Grande Energia,1998-01-01T00:00:00Z
Q61415894,Cinemark Brazil,1997-07-01T00:00:00Z
Q18486486,TV Câmara,
Q3012558,Dalton Maag,1991-01-01T00:00:00Z
Q9670366,Enel Distribuição Goiás,1955-08-19T00:00:00Z
Q59224980,MiniChimera Game Studio,
Q16494952,National History Association,
Q18464073,Q18464073,
Q110417768,iPlace,
Q7385855,Rádio Bandeirantes,1937-05-06T00:00:00Z
Q10358227,Q10358227,
Q10387836,Federal University of the Valleys of Jequitinhonha and Mucuri,1953-01-01T00:00:00Z
Q1662654,Infraero,1973-01-01T00:00:00Z
Q110247483,Viridino Studios,
Q3847505,Federal University of Rio Grande do Norte,1958-01-01T00:00:00Z
Q4957805,Brasil de Fato,2003-01-25T00:00:00Z
Q10357101,RaiaDrogasil,2011-01-01T00:00:00Z
Q111907834,Asteristic Game Studio,
Q2420769,Thieme Medical Publishers (Germany),1886-01-01T00:00:00Z
Q52846885,Kalil Cozinha Árabe,
Q10387913,Universidade do Estado do Rio Grande do Norte,1968-09-28T00:00:00Z
Q1857293,Pontifical Catholic University of Rio de Janeiro,1940-01-01T00:00:00Z
Q7124466,Pague Menos,
Q5612191,Grupo Bandeirantes de Comunicação,1937-05-06T00:00:00Z
Q10387921,Universidade do Vale do Sapucaí,
Q71271358,Long Hat House,2014-06-01T00:00:00Z
Q16143527,Q16143527,
Q10387811,Mato Grosso do Sul State University,1993-12-22T00:00:00Z
Q111305623,Pippin Games,
Q25419887,Mix TV Regional,
Q54309902,Tapps Games,2012-01-01T00:00:00Z
Q63079587,Embrapa Genetic Resources & Biotechnology,
Q111787458,Track & Field,1988-01-01T00:00:00Z
Q18477598,CEAGESP,1969-05-31T00:00:00Z
Q10374635,Q10374635,
Q19607054,Q19607054,
Q110712359,40 Giants Entertainment,
Q108666978,3R Petroleum,
Q10351738,Porta dos Fundos,2012-01-01T00:00:00Z
Q7894369,Universidade Federal Rural do Semi-Árido,2005-01-01T00:00:00Z
Q5968498,Voice of Prophecy,1929-10-19T00:00:00Z
Q10387637,Centro Universitário de Brasília,1968-01-01T00:00:00Z
Q60633910,Galope,
Q10291928,Grupo Severiano Ribeiro,1917-07-14T00:00:00Z
Q113997227,Supermercados Pague Menos,
Q52831109,Banana da Terra,
Q10304634,JW Marriot Hotel Rio de Janeiro,
Q10279535,Faculdade de Medicina de Botucatu (Unesp),1962-07-22T00:00:00Z
Q899395,Braskem,2002-01-01T00:00:00Z
Q3064573,Marfrig,2000-01-01T00:00:00Z
Q18476956,Q18476956,1987-01-01T00:00:00Z
Q9645104,Q9645104,
Q10260421,Q10260421,1991-01-01T00:00:00Z
Q48790889,Empiricus,2009-01-01T00:00:00Z
Q16496429,Bank of Amazon,
Q5440489,Federal University of Uberlândia,1969-08-14T00:00:00Z
Q3551714,Universidade do Vale do Itajaí,1964-09-16T00:00:00Z
Q10387854,Universidade Nove de Julho,
Q65164356,Chiquinho Ice Cream,1980-01-01T00:00:00Z
Q5440475,Universidade Federal de Alagoas,1961-01-25T00:00:00Z
Q25422703,Q25422703,
Q94377396,Imoveis Global,2018-01-01T00:00:00Z
Q4854848,Banestes,1937-01-01T00:00:00Z
Q1851075,Universidade Federal de Santa Catarina,1960-12-18T00:00:00Z
Q2660388,H. Stern,1945-01-01T00:00:00Z
Q7894378,Universidade Federal de Roraima,1989-09-08T00:00:00Z
Q7635930,SulAmérica Seguros,1895-01-01T00:00:00Z
Q25428722,Roxy Cinemas,1934-03-15T00:00:00Z
Q30929641,Q30929641,
Q10387909,Universidade do Contestado,1997-10-21T00:00:00Z
Q30934859,Nuuvem,
Q61315203,Cinépolis Brasil,2010-06-01T00:00:00Z
Q25449312,Q25449312,
Q52610834,Faculdade de Direito do Sul de Minas,
Q10269426,EDP São Paulo,1998-01-01T00:00:00Z
Q10267618,Diario de S. Paulo,1884-01-01T00:00:00Z
Q10271729,Q10271729,1962-01-01T00:00:00Z
Q638533,Celesc,1955-01-01T00:00:00Z
Q5162820,Conselho Federal de Medicina,1951-01-26T00:00:00Z
Q10387860,Universidade Potiguar,1981-01-01T00:00:00Z
Q9663951,Brasil 247,2011-01-01T00:00:00Z
Q10337767,NovaBrasil FM,
Q10337543,Q10337543,
Q7501260,Shoptime,1995-01-01T00:00:00Z
Q28679202,Q28679202,
Q10358173,Antena 1,
Q65157836,Aquiris Game Studio,2007-01-01T00:00:00Z
Q18486490,TV Evangelizar,
Q4384447,Universidade Federal de São Paulo,1933-01-01T00:00:00Z
Q1538731,Oi,1998-01-01T00:00:00Z
Q3555267,Veja,2004-01-01T00:00:00Z
Q2497232,Brazilian Academy of Sciences,1916-05-03T00:00:00Z
Q1187505,Taurus,1939-01-01T00:00:00Z
Q7894388,Universidade Norte do Paraná,1972-01-01T00:00:00Z
Q10308405,Q10308405,
Q11324439,Nikkey Shimbun,1998-01-01T00:00:00Z
Q9645209,Inter,1995-01-01T00:00:00Z
Q5514859,GVT TV,2011-11-16T00:00:00Z
Q60912580,D&E Entretenimento,1997-01-01T00:00:00Z
Q48867563,HDI Seguros Brazil,1980-01-01T00:00:00Z
Q10377684,Q10377684,
Q10291902,Grupo PlayArte,1983-01-01T00:00:00Z
Q85875944,Nerdstore,
Q20059607,TV Cultura Litoral,
Q28680279,Q28680279,
Q3906210,Q3906210,1996-01-01T00:00:00Z
Q5308184,Drogaria São Paulo,1943-01-01T00:00:00Z
Q600634,Pontifícia Universidade Católica do Rio Grande do Sul,1931-01-01T00:00:00Z
Q61000077,Q61000077,
Q4764337,Anhanguera Educacional,1994-01-01T00:00:00Z
Q10310936,Q10310936,
Q5564100,Giraffas,1981-01-01T00:00:00Z
Q16490928,Q16490928,
Q5374439,Empresa Metropolitana de Transportes Urbanos de São Paulo,1977-12-13T00:00:00Z
Q9671713,Cacau Show,1987-01-01T00:00:00Z
Q5359479,Eletrobras CGT Eletrosul,
Q644625,Brasil Kirin,1939-01-01T00:00:00Z
Q2474815,Oswaldo Cruz Foundation,
Q2972334,Cielo S.A.,1995-01-01T00:00:00Z
Q1424293,Itaú Unibanco,2008-01-01T00:00:00Z
Q62663306,São João,1979-01-01T00:00:00Z
Q9699522,Q9699522,
Q30930959,Smart Fit,
Q10387813,State University of Roraima,2005-11-10T00:00:00Z
Q9750569,Chocolates Brasil Cacau,
Q9610507,americanas.com,
Q18486514,TV Rio Verde,
Q10339159,Q10339159,1878-05-08T00:00:00Z
Q62075645,Fran's Cafe,1972-01-01T00:00:00Z
Q18475880,Q18475880,
Q10283211,Q10283211,
Q18469053,Camisaria Colombo,
Q5155373,Companhia Brasileira de Aluminio,1955-01-01T00:00:00Z
Q20059333,Q20059333,
Q2495760,State University of Minas Gerais,1989-01-01T00:00:00Z
Q10319337,Saraiva,1914-01-01T00:00:00Z
Q7894376,Federal University of Pelotas,1969-08-08T00:00:00Z
Q7894357,Universidade Católica de Pelotas,1960-11-12T00:00:00Z
Q28680851,Petz,2002-01-01T00:00:00Z
Q284904,Cinemais,1990-01-01T00:00:00Z
Q105340331,Big Green Pillow,2012-01-01T00:00:00Z
Q25420489,Q25420489,
Q1601457,Positivo Tecnologia,1989-05-01T00:00:00Z
Q2495752,Universidade do Extremo Sul Catarinense,1997-01-01T00:00:00Z
Q644625,Brasil Kirin,1954-01-01T00:00:00Z
Q128738,Anheuser-Busch InBev,1977-08-02T00:00:00Z
Q20053402,Coca Cola Brasil,
Q94282795,Hammer of Damnation,1995-01-01T00:00:00Z
Q7894384,Universidade Feevale,1969-01-01T00:00:00Z
Q28679477,Q28679477,
Q25444369,Q25444369,
Q105352121,Mother Gaia,2008-01-01T00:00:00Z
Q10357094,Ragazzo,1991-01-01T00:00:00Z
Q1530796,IGB Electronica,1964-01-01T00:00:00Z
Q10379294,Telhanorte,1976-01-01T00:00:00Z
Q25419661,Cine Gracher,1999-03-17T00:00:00Z
Q1311398,Eisenbahn,2002-01-01T00:00:00Z
Q44581416,Fazenda Santa Gertrudes,1854-01-01T00:00:00Z
Q3848464,Federal University of Campina Grande,1934-01-01T00:00:00Z
Q1428656,Vivo,2003-01-01T00:00:00Z
Q18486458,TV Alepe,
Q30936679,Q30936679,
Q10335736,Nativa FM,1997-03-10T00:00:00Z
Q37193444,99,2012-01-01T00:00:00Z
Q7894375,Universidade Federal de Goiás,1960-12-14T00:00:00Z
Q10291701,Grupo CEEE,2006-12-01T00:00:00Z
Q7232169,Porto Seguro S.A.,1945-01-01T00:00:00Z
Q72611919,Vivara,1962-01-01T00:00:00Z
Q2537063,Jornal do Brasil,1891-04-09T00:00:00Z
Q280247,Fluminense Federal University,1960-01-01T00:00:00Z
Q5508999,Federal University of Rio Grande,1969-08-20T00:00:00Z
Q10358192,Rede Comper,1970-01-01T00:00:00Z
Q5048048,Casas Bahia,1952-01-01T00:00:00Z
Q10380809,Terraço Itália,
Q114382341,Prédio da Casa Popular,1894-06-06T00:00:00Z
Q52851772,Rio Grande Modelismo,1987-01-01T00:00:00Z
Q10390004,Q10390004,2009-05-11T00:00:00Z
Q7602485,StartAnima,
Q10366065,Q10366065,
Q97377626,Unidas,1985-01-01T00:00:00Z
Q1392113,Bob's,1952-01-01T00:00:00Z
Q10339320,O Liberal,1946-01-01T00:00:00Z
Q10356556,R7,2009-01-01T00:00:00Z
Q10280251,Fast Shop,1986-01-01T00:00:00Z
Q16492086,Antonio Meneghetti Faculdade,2007-01-01T00:00:00Z
Q30931145,Q30931145,
Q10365655,Q10365655,
Q10351530,Pontofrio,1946-01-01T00:00:00Z
Q25438600,Q25438600,
Q2868739,Atacadão,1960-01-01T00:00:00Z
Q3257188,Livraria Cultura,1947-01-01T00:00:00Z
Q9831321,Companhia de Engenharia de Tráfego,
Q111907780,Orube Game Studio,
Q28677065,CATVE,
Q106632587,Movida,2006-01-01T00:00:00Z
Q2495772,Universidade do Sul de Santa Catarina,1964-01-01T00:00:00Z
Q18467811,City University of Sao Paulo,
Q6614109,Universidade Federal do Recôncavo da Bahia,2005-07-29T00:00:00Z
Q7894359,Universidade Católica de Brasília,1974-03-12T00:00:00Z
Q111154874,Bluefit,2015-01-01T00:00:00Z
Q28681019,Quantum,2015-09-01T00:00:00Z
Q55361070,KaBuM!,2003-05-01T00:00:00Z
Q55662198,Centro Universitário Unifafibe,
Q9698034,Casa & Video,1988-01-01T00:00:00Z
Q540891,Nielsen Company,1994-01-01T00:00:00Z
Q20059505,Telefônica Brasil,1998-01-01T00:00:00Z
Q30930041,Q30930041,
Q97041295,Sabin Medicina Diagnostica (Brazil),1984-01-01T00:00:00Z
Q806186,Central Bank of Brazil,1964-12-31T00:00:00Z
Q10338629,Q10338629,
Q111392264,a+ Medicina Diagnóstica,2011-01-01T00:00:00Z
Q18486519,TV UFSC,
Q5814528,Federal University of Viçosa,1922-03-30T00:00:00Z
Q7894381,Federal University of Amapá,1990-01-01T00:00:00Z
Q65165106,Q65165106,
Q110493721,Green Sauce Games,2008-01-01T00:00:00Z
Q111111111,Che Lagarto Hostel Porto de Galinhas,
Q10385442,Q10385442,
Q48871643,Marsupial Editora,2013-08-24T00:00:00Z
Q70664231,Carmim (company),1982-01-01T00:00:00Z
Q20059451,Q20059451,
Q18466994,Cinesystem,1999-01-01T00:00:00Z
Q109686803,Migalhas,2000-11-13T00:00:00Z
Q6955573,NUCLEP,1975-01-01T00:00:00Z
Q23777939,Grupo Estação,1985-08-01T00:00:00Z
Q11227006,Jungle Fight,2003-01-01T00:00:00Z
Q20060804,Rede Mais,
Q10303195,Internet Group,2000-01-01T00:00:00Z
Q108725681,Q108725681,1999-01-01T00:00:00Z
Q30932495,Q30932495,
Q10274292,Escola Bahiana de Medicina e Saúde Pública,1952-01-01T00:00:00Z
Q112148938,Naoka Games,
Q3283333,Correio Braziliense,1960-04-21T00:00:00Z
Q10274957,Espaço Itaú de Cinema,1989-01-01T00:00:00Z
Q61000793,Q61000793,2010-01-01T00:00:00Z
Q25443864,Q25443864,
Q18465455,Q18465455,
Q7385857,CBN,1991-01-01T00:00:00Z
Q20053339,Cinematográfica Araújo,1926-01-01T00:00:00Z
Q9645252,Banco Mercantil do Brasil,
Q10356417,Q10356417,
Q5422131,Extra,1980-01-01T00:00:00Z
Q105635242,ITA Transportes Aéreos,2020-01-01T00:00:00Z
Q10366111,Q10366111,
Q10387810,Goiás State University,1999-01-01T00:00:00Z
Q156406,State University of Feira de Santana,1976-01-01T00:00:00Z
Q10322521,MK Music,1986-08-13T00:00:00Z
Q36687742,NSC Comunicação,
Q400384,Companhia Siderúrgica Nacional,1941-01-01T00:00:00Z
Q3064071,Lojas Renner,1922-01-01T00:00:00Z
Q20060839,Reserva,
Q3411543,Pão de Açucar,1948-09-07T00:00:00Z
Q109885031,Editora Curt Nimuendajú,2006-01-01T00:00:00Z
Q2860546,Brazilian National Archives,1838-01-02T00:00:00Z
Q23777959,Q23777959,
Q18483069,Q18483069,
Q18484152,Centro Universitário Salesiano de São Paulo,1952-02-20T00:00:00Z
Q1540745,Usiminas,1956-01-01T00:00:00Z
Q61960010,Soroko,
Q72278017,Q72278017,1972-01-01T00:00:00Z
Q7335253,"Rio Grande do Sul Federal Institute of Education, Science and Technology",2008-12-29T00:00:00Z
Q98915060,escavador,2016-01-01T00:00:00Z
Q10302582,Instituto Metodista Granbery,
Q10358265,Q10358265,2018-05-13T00:00:00Z
Q3038760,Hopi Hari,1999-01-01T00:00:00Z
Q25439203,Q25439203,
Q4836468,Vibra Energia,1971-01-01T00:00:00Z
Q7894373,Federal University of Juiz de Fora,1960-01-01T00:00:00Z
Q109569586,Arezzo (shoes),1972-01-01T00:00:00Z
Q18463999,China in Box,1992-01-01T00:00:00Z
Q6174695,UNICURITIBA,1950-01-01T00:00:00Z
Q1474718,Klabin,1899-01-01T00:00:00Z
Q9629505,Armazém Paraíba,1958-01-01T00:00:00Z
Q10394124,XP Investimentos,2001-01-01T00:00:00Z
Q42409327,Q42409327,
Q6741204,Universidade Federal de Ouro Preto,1839-01-01T00:00:00Z
Q62073183,Preçolandia,
Q9790126,Electricity Company of the State of Bahia,1960-03-28T00:00:00Z
Q48855733,Q48855733,
Q20052760,Behold Studios,2009-01-01T00:00:00Z
Q953277,Frateschi,1958-01-01T00:00:00Z
Q2998228,Cosan,1936-01-01T00:00:00Z
Q2005836,Conrad Editora,1993-01-01T00:00:00Z
Q7453019,Sercomtel,1968-01-01T00:00:00Z
Q10387852,Methodist University of Piracicaba,1964-01-01T00:00:00Z
Q899097,BRF,2009-01-01T00:00:00Z
Q109562493,Bio Mundo,2015-01-01T00:00:00Z
Q6545753,LIESA,
Q210047,Petrobras,1953-10-03T00:00:00Z
Q10306675,Jequiti,
Q25419428,Arcoplex Cinemas,1961-01-01T00:00:00Z
Q61000791,DarkSide Books,2012-10-30T00:00:00Z
Q7392689,SPTrans,1995-03-08T00:00:00Z
Q4116096,Banco Safra,1955-01-01T00:00:00Z
Q3943701,Sky Brasil,1996-01-01T00:00:00Z
Q10260819,Q10260819,1939-10-21T00:00:00Z
Q9660376,Boitempo Editorial,1996-01-01T00:00:00Z
Q28679503,Zelo,
Q71916378,QUByte Interactive,
Q10280402,Fazenda Ibicaba,1817-01-01T00:00:00Z
Q2892010,Bauducco,1950-01-01T00:00:00Z
Q20059425,Rádio Sant'Ana,
Q25420556,Q25420556,
Q766447,Federal University of Rio Grande do Sul,1895-01-01T00:00:00Z
Q18477750,Neoenergia Distribuição Brasília,
Q18475887,Q18475887,
Q10302981,Institutos Superiores de Ensino do CENSA,1925-02-18T00:00:00Z
Q10344254,Panvel,1973-01-01T00:00:00Z
Q3064093,Americanas,1929-01-01T00:00:00Z
Q10387841,Universidade Iguaçu,
Q28677202,RedeTV! Belém,
Q7894366,Universidade Estadual do Ceará,1975-01-01T00:00:00Z
Q3375004,Correios,1969-01-01T00:00:00Z
Q2060678,University of Campinas,1966-10-05T00:00:00Z
Q25430019,Q25430019,2011-01-01T00:00:00Z
Q5142063,Colcci,1986-01-01T00:00:00Z
Q6668462,Lojas Riachuelo,1947-01-01T00:00:00Z
Q5440478,Universidade Federal de Mato Grosso do Sul,1979-07-04T00:00:00Z
Q18285222,Q18285222,
Q30932232,Editora Mino,
Q10387785,Universidade Cruzeiro do Sul,1972-01-01T00:00:00Z
Q69524613,Bar da Dona Onça,
Q63723953,Sobaria restaurant,
Q10396541,Óticas Diniz,1992-01-01T00:00:00Z
Q108945355,JM Neto Game Dev,
