id,name,start_date
Q107064571,noissue,
Q32038645,Berzerk Studio,2008-12-04T00:00:00Z
Q26254100,Microbrasserie La Captive,2010-01-01T00:00:00Z
Q109501442,Q109501442,
Q28163354,Endy Sleep,2015-01-01T00:00:00Z
Q806703,Bank of Canada,1934-01-01T00:00:00Z
Q105672030,Commisso Brothers & Racco Italian Bakery,1957-01-01T00:00:00Z
Q115048716,Osmow's Shawarma,
Q17103499,MedicAlert,1956-01-01T00:00:00Z
Q3223731,Le Journal de Québec,1967-01-01T00:00:00Z
Q1516849,Shaw Communications,1966-01-01T00:00:00Z
Q114840336,Guidepost Montessori,
Q1194832,Toronto-Dominion Bank,1855-01-01T00:00:00Z
Q48790540,Unbounce,2009-01-01T00:00:00Z
Q7118612,PCL Construction,1906-01-01T00:00:00Z
Q36832040,St Paul Hotel,
Q109500890,Q109500890,
Q2933917,Calgary Sun,1980-01-01T00:00:00Z
Q7300856,Real Canadian Superstore,1979-03-01T00:00:00Z
Q99479109,Spearhead Games,2012-01-01T00:00:00Z
Q109570441,Q109570441,
Q6896624,Molly Maid,1979-01-01T00:00:00Z
Q104891186,Almamy,2020-01-01T00:00:00Z
Q24079979,Sad Panda Studios,2015-01-01T00:00:00Z
Q6430529,Koodo Mobile,2008-03-01T00:00:00Z
Q15238797,Tangerine,1997-01-01T00:00:00Z
Q923624,Brock University,1964-01-01T00:00:00Z
Q110573294,Wizard Games,
Q3117385,Groupe Dynamite,1975-01-01T00:00:00Z
Q4854864,Banff Crag & Canyon,
Q111452819,SpiderWebShow Performance,
Q14943264,Ivanhoe Cambridge,1953-05-12T00:00:00Z
Q98266175,Pornsensuality,2016-01-01T00:00:00Z
Q683146,LexisNexis,1973-01-01T00:00:00Z
Q7424351,Sarnia Transit,
Q115244076,Courant Plus Inc.,
Q4040522,Helijet,1986-01-01T00:00:00Z
Q105123211,Grounded Coffee Company,
Q109479058,Q109479058,
Q85738558,6ixBuzz,
Q610918,Mountain Equipment Co-op,1971-01-01T00:00:00Z
Q19840470,Nanoleaf,2012-01-01T00:00:00Z
Q4769192,Annick Press,1975-01-01T00:00:00Z
Q7715988,The Beacon Herald,1923-01-01T00:00:00Z
Q5472662,Fortinos,1961-01-01T00:00:00Z
Q18543,Major League Soccer,1993-12-17T00:00:00Z
Q4965887,Brick Brewing Company,1984-01-01T00:00:00Z
Q5928181,HudBay Minerals,1996-01-01T00:00:00Z
Q33462287,Over The Moon,2013-01-01T00:00:00Z
Q835702,Alludo,1985-01-01T00:00:00Z
Q54621402,Goodfood Market,2014-01-01T00:00:00Z
Q19773186,Smoking Gun Interactive,2007-01-01T00:00:00Z
Q3019129,DavidsTea,2008-01-01T00:00:00Z
Q61743451,Crevier Group,1945-01-01T00:00:00Z
Q7795704,Thompson Citizen,1960-01-01T00:00:00Z
Q5614797,Guelph Transit,1895-01-01T00:00:00Z
Q808908,Barrick Gold,1983-01-01T00:00:00Z
Q4713246,Alcohol and Gaming Commission of Ontario,1998-02-23T00:00:00Z
Q85754829,Curaleaf,
Q1422061,Labatt Brewing Company,1847-01-01T00:00:00Z
Q1238739,Domtar,1848-01-01T00:00:00Z
Q113976471,PLUS,2017-01-01T00:00:00Z
Q110702295,AMETEK Crank,
Q57657934,Contec HealthCare,1988-01-01T00:00:00Z
Q749716,NB Power,1920-01-01T00:00:00Z
Q66124040,Q66124040,2018-01-01T00:00:00Z
Q3327646,MultiMondes,1988-01-01T00:00:00Z
Q105019072,Fairmont Vancouver Airport,
Q114833989,Q114833989,1999-06-15T00:00:00Z
Q991772,Bruce Power,2001-01-01T00:00:00Z
Q108101724,GarfieldEats,2019-06-21T00:00:00Z
Q67941140,Chamberlain Real Estate Group,2006-01-01T00:00:00Z
Q3456768,Réseau de transport de la Capitale,1969-01-01T00:00:00Z
Q5719536,Bardel Entertainment,1987-01-01T00:00:00Z
Q6801272,McGill-Queen's University Press,1969-01-01T00:00:00Z
Q76099070,Tiger Sugar,
Q7304003,Red Deer Press,1975-01-01T00:00:00Z
Q3347525,OC Transpo,
Q106484541,Mangas.io,2019-10-01T00:00:00Z
Q3333891,MTELUS,1884-01-01T00:00:00Z
Q113001373,Altima Dental,
Q5029213,Canad Inns,1978-01-01T00:00:00Z
Q4558777,Edwin Mellen Press,1972-01-01T00:00:00Z
Q65088063,No Funeral Records,
Q795723,BC Ferries,1960-06-15T00:00:00Z
Q54622051,The Green Organic Dutchman,2012-01-01T00:00:00Z
Q7178032,Peterborough This Week,1989-01-01T00:00:00Z
Q106096179,Patois,2014-01-01T00:00:00Z
Q4869466,Bâton Rouge,1992-01-01T00:00:00Z
Q17146476,Plotly,2013-01-01T00:00:00Z
Q6898958,Moneris Solutions,2000-01-01T00:00:00Z
Q3527787,Q3527787,2005-01-01T00:00:00Z
Q107327507,Sweet Baby,2018-01-01T00:00:00Z
Q57598825,BC Cannabis Stores,
Q2981688,Codiac Transpo,
Q7896496,University of Toronto Press,1901-01-01T00:00:00Z
Q7318069,Revera,1961-01-01T00:00:00Z
Q7385033,The DMZ at Ryerson University,2010-04-07T00:00:00Z
Q3576531,Zero Music,1993-01-01T00:00:00Z
Q835456,Sun Life Financial,1865-01-01T00:00:00Z
Q7757793,The Porcupine's Quill,1974-01-01T00:00:00Z
Q23074058,Carbon Engineering,2009-01-01T00:00:00Z
Q114255513,Boombox Toronto,
Q7754361,The North West Company,1987-01-01T00:00:00Z
Q110126719,Nupixo Games,
Q4796410,Arsenal Pulp Press,1982-01-01T00:00:00Z
Q106485531,ARTMS Inc,
Q2071877,CHC Helicopter,1987-01-01T00:00:00Z
Q3562357,Voir,1986-11-27T00:00:00Z
Q17018587,Nova Scotia Liquor Corporation,1930-01-01T00:00:00Z
Q7664857,Wattpad,2006-11-01T00:00:00Z
Q1959710,NAD Electronics,1972-01-01T00:00:00Z
Q7798949,Thunder Bay Transit,1970-01-01T00:00:00Z
Q30271491,AbCellera,2012-01-01T00:00:00Z
Q3342407,No Frills,1978-01-01T00:00:00Z
Q909856,Loblaw Companies,1956-01-01T00:00:00Z
Q5421307,Exploits Valley Air Services,
Q106019609,East Side Games,2011-01-01T00:00:00Z
Q3104287,University of Regina,1911-01-01T00:00:00Z
Q106113884,Trea Jah Isle Records,
Q4813176,Athabasca University Press,2007-01-01T00:00:00Z
Q3071471,Fido Solutions,1996-12-01T00:00:00Z
Q15995519,Tablo,2010-02-05T00:00:00Z
Q775346,Beenox,2000-01-01T00:00:00Z
Q109480173,Q109480173,
Q1835079,Stelco,1910-01-01T00:00:00Z
Q7663570,Sysomos,2007-01-01T00:00:00Z
Q7403528,Salam Toronto,2000-01-01T00:00:00Z
Q111429438,Mustang Survival,1967-01-01T00:00:00Z
Q57940165,University of Waterloo Library,
Q62487498,L'ANTI Bar & Spectacles,2015-07-14T00:00:00Z
Q7711653,theScore Inc.,2012-01-01T00:00:00Z
Q100786002,SadSquare Studio,2015-01-09T00:00:00Z
Q100523887,Le Petit Théâtre du Nord,1998-01-01T00:00:00Z
Q109479763,Q109479763,
Q55138088,Mastermind Toys,
Q1957521,Mitel,1972-01-01T00:00:00Z
Q2883027,Business Development Bank of Canada,1944-01-01T00:00:00Z
Q14875438,Steam Whistle Brewing,2000-01-01T00:00:00Z
Q1032229,Canadian Natural Resources,1973-01-01T00:00:00Z
Q112671366,Q112671366,2003-01-01T00:00:00Z
Q108000732,Cradle Games,2015-04-02T00:00:00Z
Q3488029,Société de transport de Laval,1984-12-01T00:00:00Z
Q1142995,Super League,1996-01-01T00:00:00Z
Q105695159,Danielle Lefebvre Artist and Concert Agency,2000-01-01T00:00:00Z
Q21086348,XGen Studios,2001-01-01T00:00:00Z
Q64706082,MAPI urban clothes,2019-01-01T00:00:00Z
Q6675775,LoopNet,1995-01-01T00:00:00Z
Q2986483,Commission de la capitale nationale du Québec,1995-06-22T00:00:00Z
Q22907202,Canada's National Observer,
Q641129,Hudson's Bay,1964-01-01T00:00:00Z
Q7074262,Oakville Transit,1972-01-01T00:00:00Z
Q32405336,Miniboss,
Q100524156,Théâtre Tout à Trac,2003-02-17T00:00:00Z
Q7726535,The Coast,1993-01-01T00:00:00Z
Q16980952,Fitzhenry & Whiteside,1966-01-01T00:00:00Z
Q7503163,Showcase,1994-01-01T00:00:00Z
Q114989822,2 Crows Brewing Co.,2017-01-01T00:00:00Z
Q7973038,WatchMojo.com,2006-01-01T00:00:00Z
Q4789651,Argon 18,1989-01-01T00:00:00Z
Q7252279,Provalis Research,
Q326282,Université du Québec,1968-12-18T00:00:00Z
Q725958,Ashley Madison,2001-01-01T00:00:00Z
Q5086396,Charm Diamond Centres,1972-01-01T00:00:00Z
Q109500837,Q109500837,
Q24080184,Brace Yourself Games,2013-01-01T00:00:00Z
Q113126722,Hojicha Co.,
Q391028,University of British Columbia,1908-01-01T00:00:00Z
Q5427571,Fab,1994-01-01T00:00:00Z
Q6980009,Native Earth Performing Arts,1982-01-01T00:00:00Z
Q108169843,Falling Squirrel,2012-01-01T00:00:00Z
Q64623518,librairie Zone Libre,
Q114594617,Little Ghosts Books,2022-01-01T00:00:00Z
Q18394878,Canopy Growth Corporation,2013-01-01T00:00:00Z
Q7727297,The Concordian,1983-01-01T00:00:00Z
Q6498590,Laura,1930-01-01T00:00:00Z
Q72984664,Little Burgundy,
Q2945952,National Arts Centre,1966-01-01T00:00:00Z
Q3579412,Q3579412,
Q3117457,Jean Coutu Group,1969-01-01T00:00:00Z
Q114355706,Welcome Aboard,
Q105896383,Isla,2016-01-01T00:00:00Z
Q624798,Canadian National Railway,1918-01-01T00:00:00Z
Q6802365,McMillan LLP,1903-01-01T00:00:00Z
Q108492836,Inhabit Education Books,
Q28130199,Mofos,2005-01-01T00:00:00Z
Q1163715,Major League Baseball,1869-01-01T00:00:00Z
Q5365823,EllisDon,1951-01-01T00:00:00Z
Q3181534,Klei Entertainment,2005-07-01T00:00:00Z
Q845257,Winners,1982-01-01T00:00:00Z
Q2867874,Canadian Medical Association,1867-01-01T00:00:00Z
Q5198150,Cycle Toronto,
Q105902670,Brick Books,1975-01-01T00:00:00Z
Q5531916,General Fusion,2002-01-01T00:00:00Z
Q970454,Times Colonist,1884-01-01T00:00:00Z
Q105639728,Flamingo Rampant,2012-01-01T00:00:00Z
Q4735945,AltaLink,2002-01-01T00:00:00Z
Q1215892,National Hockey League,1917-01-01T00:00:00Z
Q3553635,Valentine,1979-01-01T00:00:00Z
Q4972702,Brock Citizen,1996-01-01T00:00:00Z
Q109619686,Finning CAT,
Q7461107,Shaftebury Brewing Company,
Q26204792,Q26204792,2015-01-01T00:00:00Z
Q3495225,St-Hubert,1951-01-01T00:00:00Z
Q63719595,Park Plus Calgary,
Q4829033,Aviva Canada,
Q4806942,Asigra,1986-01-01T00:00:00Z
Q3083289,La Presse,1884-01-01T00:00:00Z
Q64448127,Indochino,2007-03-01T00:00:00Z
Q5374035,Empire Avenue,2009-01-01T00:00:00Z
Q109498727,Q109498727,
Q24081023,Daniel Mullins Games,
Q91624939,Extremely OK Games,2018-04-16T00:00:00Z
Q1834836,Seagull Guitars,1982-01-01T00:00:00Z
Q101247243,Dolcezza,
Q111739924,Nightowl Toronto,
Q1049470,University of Waterloo,1956-07-04T00:00:00Z
Q104764319,Leonard and Bina Ellen Art Gallery,
Q5465554,Foodland,1985-01-01T00:00:00Z
Q99542715,Manito Media,2011-01-01T00:00:00Z
Q109646905,Steve Rouleau Real Estate Broker Rosemont Villeray Remax du Cartier Montreal,
Q1360087,Laurentian Bank of Canada,1846-01-01T00:00:00Z
Q61766590,Happy Camper Media,2018-01-01T00:00:00Z
Q56574708,Visual Organization,2017-05-01T00:00:00Z
Q7580363,Call it Spring,1991-01-01T00:00:00Z
Q2338135,Musée national des beaux-arts du Québec,1922-01-01T00:00:00Z
Q5323849,EPCOR Utilities,1996-01-01T00:00:00Z
Q1067471,University of Calgary,1966-01-01T00:00:00Z
Q7807011,Timothy's World Coffee,1975-01-01T00:00:00Z
Q10366566,Sony Music Canada,1990-12-14T00:00:00Z
Q112772219,Altus Assessments,
Q28971909,North Star Air,1997-01-01T00:00:00Z
Q5029942,Canadian Dental Association,1902-01-01T00:00:00Z
Q89562015,R. Hamilton Media,
Q24902262,Code Mystics,2009-01-01T00:00:00Z
Q21405666,SkyBox Labs,2011-01-01T00:00:00Z
Q3522837,The StarPhoenix,1902-01-01T00:00:00Z
Q16989077,Kincardine News,1857-01-01T00:00:00Z
Q62111221,Abridged Pause Recordings,2008-02-01T00:00:00Z
Q6711827,M&M Meat Shops,1980-01-01T00:00:00Z
Q1812075,National Post,1998-01-01T00:00:00Z
Q1250111,MindGeek,2004-01-01T00:00:00Z
Q69093128,TechMalak,2013-01-01T00:00:00Z
Q108800282,"Q-Block Computing, Inc.",2020-03-16T00:00:00Z
Q165684,Rogers Communications,1960-01-01T00:00:00Z
Q1032210,Canadian Mathematical Society,1945-06-01T00:00:00Z
Q5029429,Canada Science and Technology Museum Corporation,1990-01-01T00:00:00Z
Q3115937,Canada Life,1847-01-01T00:00:00Z
Q28659083,Saks Off 5th,
Q5137585,Coach House Books,1965-01-01T00:00:00Z
Q8060835,Yukon News,1960-01-01T00:00:00Z
Q109499183,Q109499183,
Q7165182,Penticton Herald,1906-01-01T00:00:00Z
Q6843392,Midcontinent Independent System Operator,2010-03-01T00:00:00Z
Q903343,Brazzers,2020-01-01T00:00:00Z
Q1145766,Future Shop,1982-01-01T00:00:00Z
Q109677707,Far Out Flicks,2002-01-01T00:00:00Z
Q3560641,Virgin Plus,
Q143630,Calgary Transit,1909-01-01T00:00:00Z
Q7180837,Pharmascience,1983-01-01T00:00:00Z
Q54117155,Adage Games,2016-01-01T00:00:00Z
Q6864658,Ming Pao Daily News,1990-01-01T00:00:00Z
Q24190325,Manitoba Arts Council,1965-01-01T00:00:00Z
Q106639702,North American Rugby League,
Q5422367,Extreme Pita,1997-01-01T00:00:00Z
Q113001366,Visions Electronics,
Q109479804,Q109479804,
Q55928776,The Plastic Bank,2013-01-01T00:00:00Z
Q259865,Unibroue,1990-01-01T00:00:00Z
Q920043,Xtra!,1984-01-01T00:00:00Z
Q44631188,Lucky Mobile,2017-12-04T00:00:00Z
Q113407859,Great Pacific Media,
Q17084082,Sustainable Produce Urban Delivery,1997-01-01T00:00:00Z
Q1473743,Sabian,1981-01-01T00:00:00Z
Q24190173,AskforTask,2012-01-01T00:00:00Z
Q4835978,BMO CAPITAL MARKETS LIMITED,1987-01-01T00:00:00Z
Q3356778,J.Lindeberg,1997-01-01T00:00:00Z
Q2826604,Public Health Agency of Canada,2004-01-01T00:00:00Z
Q3520320,The Co-operators,1945-01-01T00:00:00Z
Q4631768,241 Pizza,1986-01-01T00:00:00Z
Q113153577,Maison 4:3,2014-07-16T00:00:00Z
Q61699211,TinyMob Games,2013-01-01T00:00:00Z
Q109690211,MacKinnon Brothers Brewing Company,
Q5030184,Canadian Institute of Management,1942-01-01T00:00:00Z
Q4942931,Book City,1976-01-01T00:00:00Z
Q4711765,Alberta Medical Association,1906-01-01T00:00:00Z
Q7895153,University of Calgary Press,
Q6859251,Miller Thomson,1957-01-01T00:00:00Z
Q5009043,CBC Sports,1952-01-01T00:00:00Z
Q105751298,DaiLo,2014-01-01T00:00:00Z
Q5515791,Gabriel Pizza,1977-01-01T00:00:00Z
Q105104796,Anchored Coffee,
Q112774497,Quantum Bridge Technologies,
Q65092103,Q65092103,1988-04-01T00:00:00Z
Q702049,Husky Energy,1938-01-01T00:00:00Z
Q7980284,WeirFoulds LLP,1860-01-01T00:00:00Z
Q107395603,Publicité Sauvage,1985-01-01T00:00:00Z
Q66124030,Q66124030,2018-01-01T00:00:00Z
Q110015165,Delphinium Interactive,
Q6383438,Kegedonce Press,1993-01-01T00:00:00Z
Q108100012,Sartigan Railway,1993-01-01T00:00:00Z
Q7914150,Vancouver Courier,1908-01-01T00:00:00Z
Q6869568,Mint Records,1991-01-01T00:00:00Z
Q20712307,PageFreezer,2009-11-09T00:00:00Z
Q16954085,Bron Studios,
Q114096538,Waves Coffee House,2005-01-01T00:00:00Z
Q5435469,Farm Boy,1981-01-01T00:00:00Z
Q108287428,Aghighi Web,2020-09-17T00:00:00Z
Q1516108,TC Energy,1951-01-01T00:00:00Z
Q55635084,The Bull & Bear,
Q1041737,Carleton University,1943-01-01T00:00:00Z
Q6863798,Minden Times,1963-01-30T00:00:00Z
Q2986851,Communauto,1994-01-01T00:00:00Z
Q1135686,Corus Entertainment,1999-09-01T00:00:00Z
Q57942111,University of Ottawa Library,
Q70266232,KO_OP,2012-06-01T00:00:00Z
Q1059770,WestJet,1995-01-01T00:00:00Z
Q645573,Winnipeg Free Press,1872-01-01T00:00:00Z
Q1515682,Radical Entertainment,1991-09-01T00:00:00Z
Q103964272,Heretic Spirits,2017-01-01T00:00:00Z
Q110418504,Presidents' Suites,
Q16665807,Q16665807,2003-01-01T00:00:00Z
Q48790891,Collective Arts Brewing,
Q107065033,Q107065033,2016-01-01T00:00:00Z
Q5454073,First West Credit Union,2010-01-01T00:00:00Z
Q2963156,Chez Ashton,1969-01-01T00:00:00Z
Q876720,VIA Rail Canada,1977-01-12T00:00:00Z
Q65090705,Molly's Reach,1931-01-01T00:00:00Z
Q105953305,Double Stallion,2013-01-01T00:00:00Z
Q64691710,Provencher_Roy,1983-01-01T00:00:00Z
Q5348820,Eidos Montreal,2007-02-15T00:00:00Z
Q105745750,Lightning Rod Games,2013-01-01T00:00:00Z
Q4817265,Atomic Cartoons,1999-01-01T00:00:00Z
Q21428306,Presses de l'Université de Montréal,1962-01-01T00:00:00Z
Q110604207,WonderFi,
Q6980861,Nature's Path,1985-01-01T00:00:00Z
Q105717351,Pacific Rhythm,2013-01-01T00:00:00Z
Q16684371,Éditions Alto,2005-01-01T00:00:00Z
Q3406795,Resolute Forest Products,2007-01-01T00:00:00Z
Q5503051,Freshii,2005-01-01T00:00:00Z
Q3522909,The Suburban,1963-03-01T00:00:00Z
Q1224739,Digital Extremes,1993-01-01T00:00:00Z
Q5471983,Fort Saskatchewan Record,1922-01-01T00:00:00Z
Q112029765,Osyrys,2022-04-01T00:00:00Z
Q105375474,Sphere 3D,2009-01-01T00:00:00Z
Q185339,Air Canada,1936-01-01T00:00:00Z
Q62537250,XTR,1999-01-01T00:00:00Z
Q178959,CANARIE,1993-01-01T00:00:00Z
Q114980915,ARTICLE 11,2013-01-01T00:00:00Z
Q1439745,La Tribune,1910-01-01T00:00:00Z
Q5181948,Cranbrook Daily Townsman,1920-01-01T00:00:00Z
Q7833614,TFI International,1957-01-01T00:00:00Z
Q6805157,Medavie Blue Cross,1943-01-01T00:00:00Z
Q806693,Bank of Montreal,1817-06-23T00:00:00Z
Q111450729,Photonic Inc,2016-01-01T00:00:00Z
Q16918293,Exeter Times-Advocate,
Q109268707,Bay Street Video,1993-01-01T00:00:00Z
Q58693886,Side Effects Software,1987-01-01T00:00:00Z
Q500799,Ubisoft Toronto,2009-01-01T00:00:00Z
Q105926389,NAFF,2018-01-01T00:00:00Z
Q107703678,Mount Polley mine,
Q107863970,creā-ture Studios,
Q105306505,Carp Farmers' Market,1990-06-23T00:00:00Z
Q3508189,Syncrude,1964-01-01T00:00:00Z
Q7722173,The Charlatan,1945-01-01T00:00:00Z
Q944608,SNC-Lavalin,1911-01-01T00:00:00Z
Q167840,Hydro-Quebec,1944-04-14T00:00:00Z
Q5153212,Commodore Ballroom,
Q76887630,Actual Humans,2014-05-21T00:00:00Z
Q5445161,Fernwood Publishing,1991-01-01T00:00:00Z
Q2004274,Vancouver Sun,1912-01-01T00:00:00Z
Q112772514,Airy3D,
Q5042968,Carlton Cards,1920-01-01T00:00:00Z
Q4904972,Big Bad Boo,
Q105978761,Cambridge Art Galleries,1986-01-01T00:00:00Z
Q7838613,Trenton Trentonian,1956-01-01T00:00:00Z
Q4698613,Airdrie Transit,
Q7808781,Tip Top Tailors,1909-01-01T00:00:00Z
Q19903653,Slyce,2012-01-01T00:00:00Z
Q7864225,UDON,2000-01-01T00:00:00Z
Q5179138,Coveo,2005-01-01T00:00:00Z
Q1652574,Manulife Financial,1887-01-01T00:00:00Z
Q106019646,LDRLY Games,2018-01-01T00:00:00Z
Q16506987,Bibliothèque de l'Université Laval,1852-01-01T00:00:00Z
Q66123981,Q66123981,2017-01-01T00:00:00Z
Q97855206,MacGameStore,
Q21097901,Doyle Salewski Inc,1996-01-01T00:00:00Z
Q24913958,Big Viking Games,2011-01-01T00:00:00Z
Q8041760,XE.com,1993-01-01T00:00:00Z
Q4724337,Algonquin Power,1997-01-01T00:00:00Z
Q3299128,Rainmaker Entertainment,1991-01-01T00:00:00Z
Q104080743,Toutte est dans toutte,2019-05-21T00:00:00Z
Q110894964,Fabricland,1968-01-01T00:00:00Z
Q333498,Bombardier,1942-01-29T00:00:00Z
Q22671405,B2Gold,2007-01-01T00:00:00Z
Q105947484,Engramme,1972-01-01T00:00:00Z
Q23672312,Herschel Supply Co.,2009-01-01T00:00:00Z
Q3002428,Creemore Springs,1987-01-01T00:00:00Z
Q3357762,Ottawa Citizen,1845-01-01T00:00:00Z
Q8033460,Woodstock Sentinel-Review,1886-01-01T00:00:00Z
Q25000379,Version One Ventures,2012-07-01T00:00:00Z
Q7839679,Tri-City News,1985-01-01T00:00:00Z
Q7981336,Wellington Brewery,1985-01-01T00:00:00Z
Q3033947,Dollarama,1992-01-01T00:00:00Z
Q5570970,Globe,1954-01-01T00:00:00Z
Q8000869,Wild Wing Restaurants,
Q3569304,Windsor Star,1888-01-01T00:00:00Z
Q60675951,Q60675951,
Q110089858,Inflexion Games,http://www.wikidata.org/.well-known/genid/18d7525ab1b33eb2bb548d4273bada73
Q7106992,"Osler, Hoskin & Harcourt",1862-01-01T00:00:00Z
Q109380858,Bradan Press,
Q7552614,Society of Rural Physicians of Canada,
Q2974570,City Opera of Vancouver,2005-01-01T00:00:00Z
Q97301884,Guard Crush Games,2009-01-01T00:00:00Z
Q5440676,Federated Co-operatives,1955-01-01T00:00:00Z
Q108100012,Sartigan Railway,2008-01-01T00:00:00Z
Q51186655,Q51186655,2012-01-01T00:00:00Z
Q502121,BlackBerry,1984-03-07T00:00:00Z
Q815694,Bell Canada,1877-01-01T00:00:00Z
Q105450826,Studio MDHR,2013-01-01T00:00:00Z
Q7374385,Royal LePage,1913-01-01T00:00:00Z
Q105898675,Plush Records Inc.,
Q62102322,L'Atelier de Joël Robuchon,2016-12-07T00:00:00Z
Q43079557,BC Liquor Stores,1921-01-01T00:00:00Z
Q16985503,ICE Wireless,2005-09-01T00:00:00Z
Q48742870,Nutrien,2018-01-01T00:00:00Z
Q105987843,Haven Studios,
Q1360622,Shell Canada,1911-01-01T00:00:00Z
Q7895143,University of British Columbia Press,1971-01-01T00:00:00Z
Q48768177,Densify,1999-01-01T00:00:00Z
Q66123853,Q66123853,2015-01-01T00:00:00Z
Q58039052,University of Alberta Library,
Q98696090,Nine Dots Studio,
Q2719211,Next Level Games,2002-08-22T00:00:00Z
Q4975131,Brookstreet Hotel,
Q7165811,People's Voice,
Q3476059,Scores,1995-01-01T00:00:00Z
Q5139447,Cochrane Times-Post,1910-01-01T00:00:00Z
Q5928181,HudBay Minerals,2004-01-01T00:00:00Z
Q63184796,Longbow Games,1998-01-01T00:00:00Z
Q104899954,Better Dwelling,2017-01-01T00:00:00Z
Q7939664,Voices.com,2003-01-01T00:00:00Z
Q96241460,Cook it,
Q23763011,Cloudhead Games,2012-01-01T00:00:00Z
Q906120,Nova Chemicals,1954-01-01T00:00:00Z
Q7616915,Stikeman Elliott,1952-01-01T00:00:00Z
Q5503082,Freshslice Pizza,1999-01-01T00:00:00Z
Q70417972,bluecurse,2018-08-03T00:00:00Z
Q3332511,Mediafilm,1955-01-01T00:00:00Z
Q91125606,Bloom Digital Media,
Q107501510,Q107501510,
Q1067935,Laval University,1852-01-01T00:00:00Z
Q71824695,Advanpro,2007-01-01T00:00:00Z
Q5182500,York Region Transit,2001-01-01T00:00:00Z
Q61861528,New Society Publishers,
Q28971927,Parallel 49 Brewing Company,2012-01-01T00:00:00Z
Q3391621,Planète rebelle,1997-01-01T00:00:00Z
Q1034651,Capital Power Corporation,1970-01-01T00:00:00Z
Q107602254,Q107602254,
Q5104054,Choices Market,1990-01-01T00:00:00Z
Q7750766,The McGill Daily,1911-01-01T00:00:00Z
Q105064651,Milford House,
Q55662724,Studio Gamaii,
Q6505068,Lawtons,
Q6670860,London Transit,1951-01-01T00:00:00Z
Q7812147,Today's Farmer,1966-01-01T00:00:00Z
Q5307712,Drinkbox Studios,2008-01-01T00:00:00Z
Q64861470,Melanie Lyne,
Q109877172,Canada Virtual Office,2017-01-01T00:00:00Z
Q7976895,Wayves,1983-01-01T00:00:00Z
Q33509239,Asteroid Base,
Q4969671,British Columbia Ambulance Service,1974-07-01T00:00:00Z
Q5452119,Firmex,2006-01-01T00:00:00Z
Q7695271,TekSavvy,1998-01-01T00:00:00Z
Q7814297,Tolko,1956-01-01T00:00:00Z
Q6858427,Mill Street Brewery,2002-01-01T00:00:00Z
Q33252900,Ludeon Studios,
Q28163337,Mercury Filmworks,1997-01-01T00:00:00Z
Q6917251,Mother's Pizza,
Q3227253,Le Soleil,1896-12-28T00:00:00Z
Q6928929,Mr Mikes,1960-01-01T00:00:00Z
Q54621696,Sienna Senior Living,1972-01-01T00:00:00Z
Q7827512,Torys,1941-01-01T00:00:00Z
Q837893,T & T Supermarket,1993-01-01T00:00:00Z
Q105702415,Randy's Take Out,1979-01-01T00:00:00Z
Q1518612,Relic Entertainment,1997-01-01T00:00:00Z
Q113487242,Lakeland Power,
Q3258959,The London Free Press,1849-01-01T00:00:00Z
Q3151374,Innergex Renewable Energy,1990-01-01T00:00:00Z
Q21189538,Motive Studios,2015-01-01T00:00:00Z
Q55138403,Welland Tribune,
Q56254765,La Roche à Veillon,
Q165858,TELUS,1990-01-01T00:00:00Z
Q60675977,Madame Smith,
Q10398667,Monstercat,2011-01-01T00:00:00Z
Q44506342,ManyVids,2014-01-01T00:00:00Z
Q8000786,Wild Rose Brewery,1996-01-01T00:00:00Z
Q4681311,Addition Elle,1967-01-01T00:00:00Z
Q7285080,Raise5,2012-01-01T00:00:00Z
Q1053422,Cenovus Energy,2009-01-01T00:00:00Z
Q109275005,iLLogika,2009-01-01T00:00:00Z
Q2324214,HB Studios,2000-01-01T00:00:00Z
Q53839568,PRC Music,2010-01-01T00:00:00Z
Q48754797,Librairie féministe l'Euguélionne,
Q7974268,Waterloo Region Record,1878-01-01T00:00:00Z
Q5421912,Extendicare,
Q109499361,Q109499361,
Q2944883,Le Centre Sheraton Montreal Hotel,1982-01-01T00:00:00Z
Q688687,Ovintiv Inc.,2020-01-01T00:00:00Z
Q3402573,Presses de l'Université du Québec,1969-01-01T00:00:00Z
Q7564521,Soulpepper Theatre Company,1998-01-01T00:00:00Z
Q6801308,McGill University Library,
Q111367398,Q111367398,1985-01-01T00:00:00Z
Q1530721,National Film Board of Canada,1939-01-01T00:00:00Z
Q1516410,Suncor Energy,1917-01-01T00:00:00Z
Q2301245,Toronto Sun,1971-01-01T00:00:00Z
Q104819512,URSA mtl,
Q7914085,Vancity,1946-01-01T00:00:00Z
Q2983573,CDI College,1976-01-01T00:00:00Z
Q7074354,Oanda Corporation,1996-01-01T00:00:00Z
Q16954153,Browns Shoes,1940-01-01T00:00:00Z
Q1514848,University of Saskatchewan,1907-01-01T00:00:00Z
Q3222527,Le Délit français,1977-01-01T00:00:00Z
Q1357727,GO Transit,1967-01-01T00:00:00Z
Q105900329,1080p,2013-01-01T00:00:00Z
Q55138084,PageCloud,2015-01-01T00:00:00Z
Q7777457,Theatre Under The Stars,
Q109380228,Cloudscape Comics Society,2007-01-01T00:00:00Z
Q6779125,Mary Brown's,1969-01-01T00:00:00Z
Q65090705,Molly's Reach,1990-01-01T00:00:00Z
Q109322226,Elmer Press Inc.,
Q108595209,Strategic Moves,2007-02-01T00:00:00Z
Q109614665,Q109614665,
Q5928581,Hudson Boatworks,1981-01-01T00:00:00Z
Q29053314,EnPowered,2015-03-18T00:00:00Z
Q114345440,Oxy-Genie Carpet Cleaning Services,
Q7719833,The Brampton Guardian,1964-08-13T00:00:00Z
Q109399094,BCF Business Law,
Q11961178,Bitstrips,2007-01-01T00:00:00Z
Q1647539,Royal Canadian Mint,1908-01-02T00:00:00Z
Q3389502,Pizza Delight,1968-01-01T00:00:00Z
Q5374094,Empire Life,1923-01-01T00:00:00Z
Q6824837,Metroland Media Group,1981-02-01T00:00:00Z
Q110622450,Q110622450,1989-01-01T00:00:00Z
Q59818425,Codename Entertainment,2008-01-01T00:00:00Z
Q109285858,White Star Capital,2007-01-01T00:00:00Z
Q30282552,Isowater Corporation (Canada),2009-01-01T00:00:00Z
Q42922045,ReDeal,2017-04-15T00:00:00Z
Q6074786,Irving Shipbuilding,1959-01-01T00:00:00Z
Q1339966,Enbridge,1949-01-01T00:00:00Z
Q64821050,Fit4Less,
Q106827460,Ad-deyafa,2002-07-01T00:00:00Z
Q30267365,Precision Nanosystems (Canada),2010-01-01T00:00:00Z
Q2933348,UNI Financial Cooperation,1946-01-01T00:00:00Z
Q2612238,Mega Brands,1967-01-01T00:00:00Z
Q246572,Kruger Inc.,1904-01-01T00:00:00Z
Q54133639,trending.ph,2015-01-01T00:00:00Z
Q114096943,Grit Capital,2021-01-01T00:00:00Z
Q3579562,Q3579562,
Q5642040,Haliburton Echo,1884-01-01T00:00:00Z
Q6006077,Impark,1962-01-01T00:00:00Z
Q16958749,Uken Games,2009-01-01T00:00:00Z
Q111821179,Luminawesome Games,
Q16968498,Zymeworks,2003-01-01T00:00:00Z
Q107189244,Nelk,
Q5452622,First Choice Haircutters,1980-01-01T00:00:00Z
Q1139475,Xtube,2008-01-01T00:00:00Z
Q5177435,Country Style,1962-01-01T00:00:00Z
Q7738681,The Hamilton Spectator,1846-01-01T00:00:00Z
Q110900533,AreaVibes,
Q7178037,Peterborough Transit,1978-01-01T00:00:00Z
Q7721475,The Cascade,1993-01-01T00:00:00Z
Q4943796,Booster Juice,1999-01-01T00:00:00Z
Q111598831,Les éditions de la maison en feu,2018-01-01T00:00:00Z
Q16956527,Penningtons,
Q3504127,Super C,1982-01-01T00:00:00Z
Q26700322,Hotel Omni Mont-Royal,1976-01-01T00:00:00Z
Q98076088,Frosteam,2010-06-21T00:00:00Z
Q2396830,Vidéotron,1964-01-01T00:00:00Z
Q30267288,Laserax,2010-01-01T00:00:00Z
Q7726765,College of Family Physicians Canada,1954-01-01T00:00:00Z
Q3048058,Edmonton Transit Service,1908-01-01T00:00:00Z
Q18167951,Lloydminster Meridian Booster,1959-01-01T00:00:00Z
Q298762,ATB Financial,1938-01-01T00:00:00Z
Q7747429,The Link,1980-01-01T00:00:00Z
Q2926182,Q2926182,1979-01-01T00:00:00Z
Q109605534,Q109605534,
Q132110,The Province,1898-01-01T00:00:00Z
Q73906974,PakFactory,2015-01-01T00:00:00Z
Q3347600,OMERS,1962-01-01T00:00:00Z
Q7544706,Smiley Guy Studios,1998-01-01T00:00:00Z
Q53685733,uBreakiFix,2009-01-01T00:00:00Z
Q92498647,Benevity,2008-01-01T00:00:00Z
Q504715,Cirque du Soleil,1984-01-01T00:00:00Z
Q69058017,Newsfile Corp.,1997-01-01T00:00:00Z
Q4903302,BiblioCommons,2006-01-01T00:00:00Z
Q7244554,Princess Auto,1933-01-01T00:00:00Z
Q8068546,Zehrs Markets,1950-07-01T00:00:00Z
Q109498812,Q109498812,
Q107327361,Vertex Pop,
Q19873411,Big Smoke Burger,2007-01-01T00:00:00Z
Q845263,Liquor Control Board of Ontario,1927-01-01T00:00:00Z
Q109498678,Q109498678,
Q62666456,Spira,
Q407673,Air North,1977-01-01T00:00:00Z
Q7686640,Tarragon Theatre,
Q3205485,Q3205485,1917-03-01T00:00:00Z
Q5190093,Crunch Fitness,1989-01-01T00:00:00Z
Q7107368,Osoyoos Times,1947-01-01T00:00:00Z
Q7840515,Tribute Games,2011-01-01T00:00:00Z
Q19753522,The Medium (UTM),1974-01-01T00:00:00Z
Q99378530,Paper Excellence,2006-01-01T00:00:00Z
Q4354637,Warner Music Canada,1967-01-01T00:00:00Z
Q3546604,Telefilm Canada,1967-01-01T00:00:00Z
Q28173854,Compulsion Games,2009-01-01T00:00:00Z
Q7572759,Spacing,2003-01-01T00:00:00Z
Q102843806,Cash 4 You,
Q666694,Canadian Imperial Bank of Commerce,1961-01-01T00:00:00Z
Q5742641,Hero Certified Burgers,2004-01-01T00:00:00Z
Q30283026,Clearpath Robotics (Canada),2009-06-01T00:00:00Z
Q1420038,Queen's University,1841-10-16T00:00:00Z
Q115016804,Gwaandak Theatre,1999-01-01T00:00:00Z
Q7756436,The Peak,1965-01-01T00:00:00Z
Q3343536,Norco Performance Bikes,1964-01-01T00:00:00Z
Q5241741,Davies Ward Phillips & Vineberg,1961-01-01T00:00:00Z
Q5254663,Delta Hotels,1962-01-01T00:00:00Z
Q23927060,SafetySync,2006-01-01T00:00:00Z
Q3528523,Tilley Endurables,1980-01-01T00:00:00Z
Q24190809,Explorer Hotel,1976-01-01T00:00:00Z
Q3579664,Éditions du Septentrion,1988-10-01T00:00:00Z
Q7303988,Red Deer Advocate,1901-01-01T00:00:00Z
Q19903617,Royal Mountain Records,2009-01-01T00:00:00Z
Q7826411,Toronto Hydro,1998-01-01T00:00:00Z
Q27604657,Velvet Underground,
Q115182985,Nôrdika Studio,
Q28133968,Jostle Corporation,2009-01-01T00:00:00Z
Q106610148,Frosty Pop,
Q17120737,Truro Daily News,1891-01-01T00:00:00Z
Q6979995,Native Communications,
Q13512442,Nexopia,2003-01-01T00:00:00Z
Q7579583,Sporting Life,1979-01-01T00:00:00Z
Q106139665,A Different Booklist,1995-01-01T00:00:00Z
Q14875121,Canadian Stage,1988-01-01T00:00:00Z
Q1056567,Cervélo,1995-01-01T00:00:00Z
Q3547650,Ubisoft Quebec,2005-01-01T00:00:00Z
Q2079912,Dine Alone Records,2005-01-01T00:00:00Z
Q62384104,Films du 3 Mars,2005-02-24T00:00:00Z
Q2894594,Bell Mobility,1986-01-01T00:00:00Z
Q20026793,Can Stock Photo,2004-06-01T00:00:00Z
Q40650,Imperial Oil,1880-01-01T00:00:00Z
Q428457,Nelvana,1971-07-30T00:00:00Z
Q109614779,Q109614779,2005-01-01T00:00:00Z
Q6851623,Milestones Grill and Bar,1989-01-01T00:00:00Z
Q5570514,Global News,1994-01-01T00:00:00Z
Q109479645,Q109479645,
Q76039,Hudson's Bay Company,1670-05-02T00:00:00Z
Q114990648,New Scotland Brewing Co.,2018-01-01T00:00:00Z
Q478685,Distribution Select,1982-01-01T00:00:00Z
Q107630742,Artisan Studios,2016-01-01T00:00:00Z
Q2933350,Desjardins Group,1900-01-01T00:00:00Z
Q5914858,House of Cool,2004-01-01T00:00:00Z
Q112570683,Dance Umbrella of Ontario,
Q65068121,Tuque Games,
Q1208279,Petro-Canada,1975-01-01T00:00:00Z
Q3212934,The Source,1986-01-01T00:00:00Z
Q3407445,Promutuel Assurance,1852-01-01T00:00:00Z
Q2937730,Capybara Games,2003-01-01T00:00:00Z
Q3302441,Maxi,1984-01-01T00:00:00Z
Q66123694,Q66123694,2002-01-01T00:00:00Z
Q5594564,Grand Forks Gazette,1897-01-01T00:00:00Z
Q106963815,Benny & Co.,
Q33437793,Steel Crate Games,2014-01-23T00:00:00Z
Q17512202,Cult MTL,2012-09-07T00:00:00Z
Q114594617,Little Ghosts Books,2022-04-09T00:00:00Z
Q109501279,Q109501279,
Q7722790,The Chronicle-Journal,1972-01-01T00:00:00Z
Q392189,Université de Montréal,1878-01-01T00:00:00Z
Q100907329,Offworld Industries,2015-01-01T00:00:00Z
Q1419532,First Quantum Minerals,1996-01-01T00:00:00Z
Q106031231,Rasta Pasta,2012-01-01T00:00:00Z
Q105890439,Planet Euphorique,2018-01-01T00:00:00Z
Q5467439,Force Four Entertainment,1983-01-01T00:00:00Z
Q104054449,Canuck Play,
Q19903580,Pythian Group,1997-01-01T00:00:00Z
Q94301,Royal Society of Canada,1882-01-01T00:00:00Z
Q7075523,Obsidian Theatre,
Q1145669,Metro Inc.,1947-01-01T00:00:00Z
Q108928691,Phil and Sebastian Coffee Roasters,2007-01-01T00:00:00Z
Q100791484,CarBotAnimations,2012-01-01T00:00:00Z
Q96399485,Pivot Airlines,
Q5314923,Dundurn Press,1972-01-01T00:00:00Z
Q30748589,Q30748589,1969-01-01T00:00:00Z
Q1344736,Entertainment One,1970-01-01T00:00:00Z
Q3408306,Provigo,1969-01-01T00:00:00Z
Q2372909,Swiss Chalet,1954-01-01T00:00:00Z
Q697311,Magna International,1957-01-01T00:00:00Z
Q7443566,Second Story Press,1988-01-01T00:00:00Z
Q7272765,Qulliq Energy,2001-01-01T00:00:00Z
Q7995812,Whitecourt Star,1961-01-01T00:00:00Z
Q2274396,Servus Credit Union,1987-01-01T00:00:00Z
Q6030860,Information Systems Management Canada,1992-01-01T00:00:00Z
Q2894586,Bell Internet,1995-11-29T00:00:00Z
Q110949370,BOP Ballet Opéra Pantomime,2013-03-07T00:00:00Z
Q7798946,Thunder Bay Telephone,1902-01-01T00:00:00Z
Q23301680,Kitfox Games,
Q6349904,Kal Tire,1953-01-01T00:00:00Z
Q108556752,Declutter The Mind,2019-01-01T00:00:00Z
Q5009015,CBC Music,2012-01-01T00:00:00Z
Q4708553,Alaska Highway News,1940-01-01T00:00:00Z
Q219758,BioWare,1995-02-01T00:00:00Z
Q6765789,Maritime Bus,2012-01-01T00:00:00Z
Q2080076,Behaviour Interactive,1992-01-01T00:00:00Z
Q1112515,University of New Brunswick,1785-01-01T00:00:00Z
Q18089633,Champlain Society,1905-01-01T00:00:00Z
Q109789481,Journey Bound Games,
Q7761858,The Runner,2008-01-01T00:00:00Z
Q111532478,Eirene Labs Inc.,2018-03-21T00:00:00Z
Q4860293,Bare Oaks Family Naturist Park,2006-12-22T00:00:00Z
Q17012273,McCarthy Tétrault,1855-01-01T00:00:00Z
Q65090705,Molly's Reach,1972-01-01T00:00:00Z
Q5172009,Cornwall Seaway News,1985-01-01T00:00:00Z
Q98097123,Little Dipper,2019-01-15T00:00:00Z
Q111725424,Scanner Bistro,
Q106138157,Type Bookstore,2006-01-01T00:00:00Z
Q1157909,The Dalhousie Gazette,1871-11-18T00:00:00Z
Q112663616,Oxio,2017-09-01T00:00:00Z
Q16247031,Cameron's Brewing Company,1997-01-01T00:00:00Z
Q6908600,Moose Jaw Times-Herald,1889-01-01T00:00:00Z
Q106860433,Q106860433,
Q59566463,StickerYou,2008-05-19T00:00:00Z
Q3048057,Edmonton Sun,1978-01-01T00:00:00Z
Q544004,Cascades,1964-01-01T00:00:00Z
Q105671970,Tre Mari Bakery,1960-01-01T00:00:00Z
Q2864551,Art Mûr,1996-01-01T00:00:00Z
Q16243674,The Beer Store,1927-01-01T00:00:00Z
Q3300067,mau5trap,2007-01-01T00:00:00Z
Q4935789,Bobcaygeon Independent,1869-01-01T00:00:00Z
Q5138088,Coast Capital Savings,1940-01-01T00:00:00Z
Q109048493,Q109048493,2003-01-01T00:00:00Z
Q684254,Drawn & Quarterly,1990-01-01T00:00:00Z
Q1458113,University of Victoria,1903-01-01T00:00:00Z
Q7735943,The Gateway,
Q7495372,Sherritt International,1927-01-01T00:00:00Z
Q3285979,Manitoba Hydro,1961-01-01T00:00:00Z
Q24191243,Gowling WLG,2016-01-01T00:00:00Z
Q105923476,Heart to Heart,2013-01-01T00:00:00Z
Q63796302,Masscoinex,2011-01-01T00:00:00Z
Q107631647,Mighty Yell,
Q5209226,Daily Bread Food Bank,1984-01-01T00:00:00Z
Q25803795,Jobillico,2010-01-01T00:00:00Z
Q1352708,Saputo,1954-01-01T00:00:00Z
Q24190152,Highland Farms,1963-01-01T00:00:00Z
Q613449,National Capital Commission,1959-01-01T00:00:00Z
Q55858235,AgileBits,2005-07-12T00:00:00Z
Q16939217,La Tribu,1996-01-01T00:00:00Z
Q5416951,Everest College,2007-01-01T00:00:00Z
Q6386459,Kelseys Original Roadhouse,
Q109531223,NetEase Games Montréal,2019-11-14T00:00:00Z
Q4179186,BC Transit,
Q109499024,Q109499024,
Q7711610,Thaï Express,
Q18379784,NeWest Press,1977-01-01T00:00:00Z
Q62023257,Hard X,2013-01-01T00:00:00Z
Q55841490,QuadrigaCX,2013-11-04T00:00:00Z
Q3506554,Sweetheart Video,2008-01-01T00:00:00Z
Q5465300,Food Basics,1995-01-01T00:00:00Z
Q105028003,Second Beach Concession,
Q56581451,Katacombes,2006-01-01T00:00:00Z
Q97188295,Les Foutoukours,1997-01-01T00:00:00Z
Q95690585,Q95690585,1978-01-01T00:00:00Z
Q5584094,Goose Lane Editions,1954-01-01T00:00:00Z
Q3415283,Rona,1939-01-01T00:00:00Z
Q4876206,Beamdog,2010-01-01T00:00:00Z
Q39052288,Greystone Books,1993-01-01T00:00:00Z
Q3237901,Insoumise book-store,2004-11-01T00:00:00Z
Q16664423,Q16664423,2013-01-01T00:00:00Z
Q28232761,Hakim Optical,1967-01-01T00:00:00Z
Q1032400,Canadian Tire,1922-09-15T00:00:00Z
Q2931014,CBC News,1941-01-01T00:00:00Z
Q104987471,Canmore Hostel,
Q6156437,Japadog,
Q2910719,Borden Ladner Gervais,2000-03-01T00:00:00Z
Q756147,Wanako Studios,2002-01-01T00:00:00Z
Q1550259,National Lacrosse League,1986-01-01T00:00:00Z
Q30646766,HyperStealth Biotechnology Corporation,1999-01-01T00:00:00Z
Q65679853,Jnana Records,
Q6674182,Longo's,
Q1524197,Gildan Activewear,1984-05-08T00:00:00Z
Q5014635,CTV News,
Q1890462,Bell MTS,1908-01-01T00:00:00Z
Q3987193,UWO Gazette,1906-01-01T00:00:00Z
Q108295525,La Distributrice de films,
Q903621,Ubisoft Montreal,1997-01-01T00:00:00Z
Q339928,SaskTel,1908-06-12T00:00:00Z
Q20710920,Hamilton Bike Share,2015-03-01T00:00:00Z
Q5323708,ENMAX,1905-01-01T00:00:00Z
Q6506731,Le Château,1959-01-01T00:00:00Z
Q6421108,Klipfolio Dashboard,2001-01-01T00:00:00Z
Q4036611,Cougar Helicopters,1984-01-01T00:00:00Z
Q201492,McGill University,1821-01-01T00:00:00Z
Q6379706,Kawartha Lakes This Week,1977-01-01T00:00:00Z
Q56312861,Canada Deposit Insurance Corporation,1967-03-04T00:00:00Z
Q7912687,Valu-mart,1980-01-01T00:00:00Z
Q7157316,Peace Arch News,1976-01-01T00:00:00Z
Q22032140,ProntoForms,2001-01-01T00:00:00Z
Q2996960,Cora,1987-01-01T00:00:00Z
Q3522371,Quebec Chronicle-Telegraph,1764-01-01T00:00:00Z
Q4047451,Propair,1981-01-01T00:00:00Z
Q5030650,Canadian University Press,1938-01-01T00:00:00Z
Q65012391,Soft Moc,
Q3700394,WildBrain,2006-01-01T00:00:00Z
Q7100155,Orca Books,1984-01-01T00:00:00Z
Q3339114,Newfoundland and Labrador Hydro,1954-01-01T00:00:00Z
Q634298,National Bank of Canada,1859-01-01T00:00:00Z
Q5903502,Horizon Weekly,1979-05-28T00:00:00Z
Q2915268,Canadian Opera Company,1950-01-01T00:00:00Z
Q7772082,The Varsity,1880-01-01T00:00:00Z
Q3455043,Ontario Teachers' Pension Plan,1989-01-01T00:00:00Z
Q112597033,Moetic,2022-01-01T00:00:00Z
Q113653191,Canada Jetlines Operations Ltd.,
Q688725,Teck Resources,2001-01-01T00:00:00Z
Q105672075,SanRemo Bakery,1969-01-01T00:00:00Z
Q105968401,Harvest Moon Orchard,1986-01-01T00:00:00Z
Q5570486,Global Mechanic,2000-01-01T00:00:00Z
Q7197726,Piranha Games,1999-01-01T00:00:00Z
Q3579645,Éditions du Noroît,1971-01-01T00:00:00Z
Q17111672,Panago,1986-01-01T00:00:00Z
Q30895649,Endnight Games,
Q108659965,Captain Games,
Q109619691,Toromont CAT,
Q3212802,La Senza,1990-01-01T00:00:00Z
Q7702453,Teriyaki Experience,1986-01-01T00:00:00Z
Q5028137,Campbell River Mirror,
Q4849261,Bakers Delight,1980-01-01T00:00:00Z
Q38676,Agnico-Eagle Mines,1953-01-01T00:00:00Z
Q3260030,Loto-Quebec,1969-12-23T00:00:00Z
Q3488077,Société des alcools du Québec,1921-01-01T00:00:00Z
Q4306661,Raffles Hotels & Resorts,1989-01-01T00:00:00Z
Q66123820,Q66123820,2014-01-01T00:00:00Z
Q7539684,Sleep Country Canada,1994-01-01T00:00:00Z
Q7928214,Vidyard,2011-01-01T00:00:00Z
Q30105931,Red Hook Studios,2013-01-01T00:00:00Z
Q5500894,Freehand Books,2007-01-01T00:00:00Z
Q640694,University of Alberta,1906-05-09T00:00:00Z
Q75728378,StockNSell,2019-01-01T00:00:00Z
Q106116006,Go Button Media,
Q52695329,Ravenous Games,2005-01-01T00:00:00Z
Q1820137,Shoppers Drug Mart,1962-01-01T00:00:00Z
Q3222449,Le Droit,1913-01-01T00:00:00Z
Q6980228,Natrel,1990-01-01T00:00:00Z
Q1333162,WSP Global,1959-01-01T00:00:00Z
Q969813,Ontario Northland Transportation Commission,1902-01-01T00:00:00Z
Q407055,Air Creebec,1982-01-01T00:00:00Z
Q4999271,Burlington Post,
Q7895669,University of Manitoba Press,1967-01-01T00:00:00Z
Q57746282,Snowman,
Q110852564,Billdr,2020-01-01T00:00:00Z
Q30681965,BritBox,2017-03-07T00:00:00Z
Q17117389,Trail Daily Times,1895-01-01T00:00:00Z
Q2709101,Maple Leaf Foods,1991-01-01T00:00:00Z
Q125761,International Civil Aviation Organization,1944-12-07T00:00:00Z
Q3520275,The Chronicle Herald,1874-01-01T00:00:00Z
Q683265,Uniprix,1977-01-01T00:00:00Z
Q5329375,East Side Mario's,1987-01-01T00:00:00Z
Q6537505,LexUM,1993-01-01T00:00:00Z
Q5620440,Guru Studio,2000-01-01T00:00:00Z
Q16955235,Canadian Association of Petroleum Producers,1992-01-01T00:00:00Z
Q6499418,Laura Secord Chocolates,1913-01-01T00:00:00Z
Q7750202,The Manitoban,1914-01-01T00:00:00Z
Q3030761,Distributel,1988-01-01T00:00:00Z
Q7809718,TitanFile,2011-01-01T00:00:00Z
Q2860764,Ardène,
Q66123869,Q66123869,2015-01-01T00:00:00Z
Q7074248,Oakville Beaver,
Q110001790,Ptarmigan Ptheatrics,1990-01-01T00:00:00Z
Q6421119,Nipissing University,1992-01-01T00:00:00Z
Q27118374,impak Finance,2016-05-05T00:00:00Z
Q105944538,Groundwood Books,
Q103471073,Agnostiq,
Q104668118,Institute for Critical Education Studies,
Q604525,The Globe and Mail,1936-01-01T00:00:00Z
Q38271412,Centre Phi,
Q115130669,Here For Now Theatre Company,2012-01-01T00:00:00Z
Q637564,BeaverTails,1978-01-01T00:00:00Z
Q18167972,Mattamy Homes,1978-01-01T00:00:00Z
Q18127703,MaKami College,2001-01-01T00:00:00Z
Q7058790,Northern News,1922-01-01T00:00:00Z
Q912476,Quebecor,1950-01-01T00:00:00Z
Q225613,iStock,2000-01-01T00:00:00Z
Q111770705,Chandos Lake Cottages,
Q7768278,The Telegram,1879-01-01T00:00:00Z
Q76191058,Black Rose Books,1969-01-01T00:00:00Z
Q3143654,Hybride Technologies,1991-01-01T00:00:00Z
Q115036746,Savage Society,2004-01-01T00:00:00Z
Q48814381,Aphria,2014-01-01T00:00:00Z
Q71096495,Popeye's Supplements,1989-01-01T00:00:00Z
Q7617652,Stitches,
Q6927497,Moxie's Grill & Bar,1986-01-01T00:00:00Z
Q22079967,Nutaku,2014-01-01T00:00:00Z
Q3424298,Relay,1852-01-01T00:00:00Z
Q5322780,ECW Press,1974-01-01T00:00:00Z
Q735261,Royal Bank of Canada,1864-01-01T00:00:00Z
Q65947844,Alia N Tanjay,
Q2928517,Burlington Transit,1975-09-01T00:00:00Z
Q3548078,Ultramar,1961-01-01T00:00:00Z
Q106594325,Undertow Publications,
Q6702957,Lululemon Athletica,1998-01-01T00:00:00Z
Q7530403,Sirius XM Canada,2011-01-01T00:00:00Z
Q833531,Central Mountain Air,1987-01-01T00:00:00Z
Q2477358,Indigo,1996-01-01T00:00:00Z
Q111848436,Post City Magazines,
Q26254120,Q26254120,2010-01-01T00:00:00Z
Q4905144,Big Blue Bubble,2004-01-01T00:00:00Z
Q109003498,Cococucumber,2014-01-01T00:00:00Z
Q7069742,Nunatsiaq News,1975-01-01T00:00:00Z
Q106121254,The Beguiling,1987-01-01T00:00:00Z
Q7180716,PharmaChoice,1999-01-01T00:00:00Z
Q627969,University of Ottawa,1848-01-01T00:00:00Z
Q43148750,The Globe and Mail,1936-01-01T00:00:00Z
Q108126179,Théâtre du Renard,2015-01-01T00:00:00Z
Q4889705,Bennett Jones,1922-01-01T00:00:00Z
Q66623296,Clio,2008-01-01T00:00:00Z
Q104987040,Café Books,
Q3423475,Leader-Post,1883-01-01T00:00:00Z
Q7856114,Turnstone Press,
Q22908384,Figure 1,2013-05-01T00:00:00Z
Q3488207,Société des traversiers du Québec,1971-01-01T00:00:00Z
Q2827246,Agropur,1938-01-01T00:00:00Z
Q28777944,Éditions Goélette,1997-01-01T00:00:00Z
Q115017642,Ingaged Creative Productions,
Q109377032,Wonder Pens (stationery store),
Q4120690,Hothead Games,2006-01-01T00:00:00Z
Q107199360,Q107199360,
Q5134194,Clinton News-Record,1865-01-01T00:00:00Z
Q78881070,"StreamYard, Inc.",
Q56479345,Altar Records,2009-01-01T00:00:00Z
Q612938,Harlequin Enterprises,1949-01-01T00:00:00Z
Q114859590,Q114859590,1987-01-01T00:00:00Z
Q1705530,Musée de la civilisation,1988-01-01T00:00:00Z
Q3258955,London Drugs,1945-01-01T00:00:00Z
Q56649198,Bitten Toast Games,
Q3086280,Le Journal de Montréal,1964-01-01T00:00:00Z
Q7561847,Sonic Unyon,1993-01-01T00:00:00Z
Q5024983,Camas Bookstore and Infoshop,2007-01-01T00:00:00Z
Q103393061,RAC7 Games,2014-01-01T00:00:00Z
Q109499642,Q109499642,
Q3579191,Q3579191,1982-01-01T00:00:00Z
Q1546698,The Record,1897-01-01T00:00:00Z
Q100965375,Théâtre Bistouri,2011-05-26T00:00:00Z
Q5086953,Chartwell Retirement Residences,1998-01-01T00:00:00Z
Q107998861,Colorspace Studios,2014-04-01T00:00:00Z
Q106729541,Q106729541,
Q936394,Pornhub,2007-09-01T00:00:00Z
Q2448801,TransAlta Corporation,1909-01-01T00:00:00Z
Q1032001,Canada Post,1867-07-01T00:00:00Z
Q64876684,Kernels Popcorn,1983-01-01T00:00:00Z
Q5073540,Chapters,1995-01-01T00:00:00Z
Q115098761,CollectorVision Games,2008-01-01T00:00:00Z
Q3521254,The Hill Times,1989-01-01T00:00:00Z
Q7995414,White Spot,1928-06-16T00:00:00Z
Q5443311,Fenelon Falls Gazette,1873-01-01T00:00:00Z
Q5121158,Cinémas Guzzo,1974-01-01T00:00:00Z
Q6612865,Toronto Transit Commission bus system,
Q24190799,Cybera,
Q19876460,Blue Isle Studios,2010-01-01T00:00:00Z
Q7849632,Tshiuetin Rail Transportation,2004-09-28T00:00:00Z
Q4922077,The Coalition,2010-02-01T00:00:00Z
Q1424786,Four Seasons Hotels and Resorts,1960-01-01T00:00:00Z
Q7896044,University of Ottawa Press,1931-01-01T00:00:00Z
Q6934764,Multimatic Motorsports,1992-01-01T00:00:00Z
Q6906244,"Montreal, arts interculturels",1999-01-01T00:00:00Z
Q451476,Scotiabank,1832-01-01T00:00:00Z
Q7243775,Prince Albert Daily Herald,1894-01-01T00:00:00Z
Q5577387,Gogii Games,2006-01-01T00:00:00Z
Q2331913,Stantec,1954-01-01T00:00:00Z
Q4646438,9 Story Media Group,2002-09-01T00:00:00Z
Q3203397,L'Express de Toronto,1976-01-01T00:00:00Z
Q52502275,Murchinson,
Q894578,Boston Pizza,1964-01-01T00:00:00Z
Q111391887,Hotel Zed Kelowna,
Q2741883,Les Disques Victo,
Q109648461,Alfred A. Knopf Canada,
Q155223,National Basketball Association,1949-08-03T00:00:00Z
Q17055468,Talonbooks,1963-01-01T00:00:00Z
Q17149420,Staples,1991-01-01T00:00:00Z
Q8023931,Freedom Mobile,2008-01-01T00:00:00Z
Q7887664,Cogeco,1985-01-01T00:00:00Z
Q107741697,Norsfell Games Inc.,2013-01-01T00:00:00Z
Q407847,Air Tindi,1988-01-01T00:00:00Z
Q17972,Viva,2005-09-04T00:00:00Z
Q1144262,Western University,1878-01-01T00:00:00Z
Q17135139,Stocksy United,
Q7501150,Shopify,2012-01-01T00:00:00Z
Q7751769,The Mississauga News,1965-01-01T00:00:00Z
Q531949,Winnipeg Sun,1980-11-05T00:00:00Z
Q19866755,Rebel News,2015-01-01T00:00:00Z
Q1651359,Microsat Systems Canada Inc.,1975-01-01T00:00:00Z
Q1526431,MiWay,1969-01-01T00:00:00Z
Q908324,Brookfield Asset Management,1899-04-07T00:00:00Z
Q7721736,The Catholic Register,1893-01-01T00:00:00Z
Q4043527,Mac's Convenience Stores,1961-01-01T00:00:00Z
Q4025357,Leméac,1957-01-01T00:00:00Z
Q8058833,Your Independent Grocer,
Q3143709,Hydro One,1999-01-01T00:00:00Z
Q7058594,Northern Journal,1977-01-01T00:00:00Z
Q17121269,Vancouver Opera,
Q108905316,Ah Comics,
Q7059529,Northland Power,1987-01-01T00:00:00Z
Q795720,BC Hydro,1961-01-01T00:00:00Z
Q3139611,Home Hardware,1964-01-01T00:00:00Z
Q8034109,Woozworld,2010-01-01T00:00:00Z
Q6545004,Life Time,
Q1820598,Les Classiques des sciences sociales,1993-01-01T00:00:00Z
Q175106,Tim Hortons,1964-01-01T00:00:00Z
Q2935792,Canadian Jewish News,1971-01-01T00:00:00Z
Q113001369,Pizzaville,
Q4785214,Arcana Studio,2004-01-01T00:00:00Z
Q109378438,Hanji Paper and Gifts,
Q52694640,Noodlecake,2011-01-01T00:00:00Z
Q109498511,Q109498511,
Q2749075,HootSuite,2008-11-28T00:00:00Z
Q6840765,Mid-North Monitor,1978-01-01T00:00:00Z
Q5614886,Guernica Editions,1978-01-01T00:00:00Z
Q60741210,VIVO Cannabis,
Q8042304,XMG Studio,
Q866301,Capcom Vancouver,2005-01-01T00:00:00Z
Q2977455,Toon Boom Animation,1994-01-01T00:00:00Z
Q2836957,Alimentation Couche-Tard,1980-01-01T00:00:00Z
Q5595330,Grande Prairie Daily Herald-Tribune,
Q6041620,PressReader,
Q3563283,Vox Theatre,1979-01-01T00:00:00Z
Q33462821,Thunder Lotus Games,2014-01-01T00:00:00Z
Q7758251,The Prince George Citizen,1916-01-01T00:00:00Z
Q115172922,Atlantic Filmmakers Cooperative,1974-01-01T00:00:00Z
Q6962372,Nanaimo Daily News,1874-01-01T00:00:00Z
Q106571019,Western Arctic Moving Pictures Society,
Q1501550,General Dynamics Mission Systems - Canada,1948-01-01T00:00:00Z
Q7112958,Outside Music,2001-01-01T00:00:00Z
Q105670425,Rustic Bakery,1986-01-01T00:00:00Z
Q28233552,Unsplash,2013-01-01T00:00:00Z
Q17146560,Trulioo,2011-01-01T00:00:00Z
Q52084103,Hibernum Créations Inc.,2006-01-01T00:00:00Z
Q3869460,NCW Femmes Fatales,2009-06-14T00:00:00Z
Q6711345,Lögberg-Heimskringla,1959-01-01T00:00:00Z
Q2818848,A&W,1956-01-01T00:00:00Z
Q6997922,Nestlé Toll House Café,2000-01-01T00:00:00Z
Q106139115,BMV Books,1997-01-01T00:00:00Z
Q7305489,Redbox,2003-01-01T00:00:00Z
Q4736322,Alterna Savings,1908-01-01T00:00:00Z
Q5124064,Cityfone,
Q60162,Canadian Bank Note Company,1897-01-01T00:00:00Z
Q7772013,The Vancouver Observer,2006-01-01T00:00:00Z
Q3550703,United Front Games,2007-01-01T00:00:00Z
Q4854167,Bancroft This Week,2000-01-01T00:00:00Z
Q7545801,Smoke's Poutinerie,2008-01-01T00:00:00Z
Q5515117,G Adventures,1990-01-01T00:00:00Z
Q5087696,Chatham This Week,1991-01-01T00:00:00Z
Q107785714,Linus Media Group,2013-01-01T00:00:00Z
Q5527718,Gauntlet,1960-01-01T00:00:00Z
Q7901351,UrtheCast,2010-12-10T00:00:00Z
Q6335683,KPMB Architects,1987-01-01T00:00:00Z
Q28451045,Mission Control Space Services,2015-03-01T00:00:00Z
Q1466184,Harvey's,1959-01-01T00:00:00Z
Q2988422,Canada Goose,1957-01-01T00:00:00Z
Q14239494,Warner Bros. Games Montréal,2010-01-01T00:00:00Z
Q113487274,Lakeland Holding Ltd.,2000-09-01T00:00:00Z
Q105670856,Nino D'Aversa Bakery,1969-01-01T00:00:00Z
Q28130376,Well.ca,2008-01-01T00:00:00Z
Q2972807,Cineplex Entertainment,1999-01-01T00:00:00Z
Q114399388,Basecamp Resorts,2016-06-02T00:00:00Z
Q944414,McCain Foods,1957-01-01T00:00:00Z
Q22318193,Speedy Auto Service,1956-01-01T00:00:00Z
Q56855988,Namaste Technologies,
Q155223,National Basketball Association,1946-06-06T00:00:00Z
Q106489008,Axia Films,
Q7577375,Spin Master,1994-01-01T00:00:00Z
Q7196684,Pioneer Energy,1956-01-01T00:00:00Z
Q2410130,The Canadian Press,1917-01-01T00:00:00Z
Q48247873,OGL Engineering,1980-01-01T00:00:00Z
Q104844533,Electrify Canada,2018-05-10T00:00:00Z
Q111513247,Lorganisme,2010-01-01T00:00:00Z
Q100255453,The Burger's Priest,2010-06-01T00:00:00Z
Q7757758,The Pop Shoppe,2002-01-01T00:00:00Z
Q108818031,Q108818031,
Q106878568,Q106878568,
Q7754459,The Now,1984-01-01T00:00:00Z
Q58542510,Jamstack,2016-07-05T00:00:00Z
Q7798140,Thrifty Foods,1977-01-01T00:00:00Z
Q6906244,"Montreal, arts interculturels",1990-01-01T00:00:00Z
Q109332923,The Good Chocolatier,
Q2065769,University of Windsor,1963-01-01T00:00:00Z
Q33248046,Eden Industries,
Q3011200,DERYtelecom,1954-01-01T00:00:00Z
Q7197528,Pique Newsmagazine,1994-11-25T00:00:00Z
Q51185145,Sexy Sloth Records,2014-07-01T00:00:00Z
Q108742741,Détour en France,2000-01-01T00:00:00Z
Q593841,New Brunswick Liquor Corporation,1976-01-01T00:00:00Z
Q106870946,Semidome Inc.,
Q30283026,Clearpath Robotics (Canada),2009-01-01T00:00:00Z
Q106643717,Indian Ink Publishing,2019-04-29T00:00:00Z
Q106140267,Ben McNally Books,2007-01-01T00:00:00Z
Q16964441,Kamloops This Week,1988-01-01T00:00:00Z
Q3228300,Le Voyageur,1968-06-12T00:00:00Z
Q98241095,evo,2001-01-01T00:00:00Z
Q101535287,Crane Creations Theatre Company,2015-01-01T00:00:00Z
Q3313615,Mikes,1967-01-01T00:00:00Z
Q67277118,Entomological Society of British Columbia,1902-01-01T00:00:00Z
Q1647539,Royal Canadian Mint,1908-01-01T00:00:00Z
Q79470488,Rockwell Razors,2014-01-01T00:00:00Z
Q57525653,Richmond News,
Q7825105,Topper's Pizza,1982-01-01T00:00:00Z
Q3150805,Infobright,2005-01-01T00:00:00Z
Q4919302,Bixi Montreal,2009-01-01T00:00:00Z
Q5209589,Dairyland Canada,1992-01-01T00:00:00Z
Q7771036,The Ubyssey,1918-01-01T00:00:00Z
Q23461325,All or Nothing Brewhouse,2014-01-01T00:00:00Z
Q33248139,Cellar Door Games,
Q17016602,Newfoundland and Labrador Liquor Corporation,1954-01-01T00:00:00Z
Q108766392,Tailscale Inc.,2019-03-23T00:00:00Z
Q7896490,University of Toronto Libraries,
Q105225264,Temaki sushi bar,
Q1141267,Thomson Reuters,2008-04-17T00:00:00Z
Q1504424,Le Devoir,1910-01-10T00:00:00Z
Q109501605,Q109501605,
Q99589371,Atelier Circulaire,1982-01-01T00:00:00Z
Q2832297,ALDO Group,1972-01-01T00:00:00Z
Q862180,Second Cup,1975-01-01T00:00:00Z
Q1549535,The Gazette,1785-08-25T00:00:00Z
Q1030305,University of Prince Edward Island,1969-01-01T00:00:00Z
Q24521620,Wealthsimple,2014-01-01T00:00:00Z
Q6412223,King of Donair,
Q66123804,Q66123804,2011-01-01T00:00:00Z
Q5028781,Camrose Canadian,1908-01-01T00:00:00Z
Q109606768,Laywine's (stationery store),
Q5327589,EastLink,1970-01-01T00:00:00Z
Q1080670,TD Canada Trust,2000-01-01T00:00:00Z
Q17111901,Safeway,1929-01-01T00:00:00Z
Q3303595,McAuslan Brewing,1989-01-01T00:00:00Z
Q461761,Canadian Broadcasting Corporation,1936-11-02T00:00:00Z
Q4943530,Boompa Records,2003-01-01T00:00:00Z
Q3223017,Le Gaboteur,1984-10-05T00:00:00Z
Q98848194,h264,
Q110061023,Wonderful Lasers,2014-11-01T00:00:00Z
Q6747622,Manchu Wok,1980-01-01T00:00:00Z
Q4688969,Affinity Credit Union,
Q2025791,Open Text Corporation,1991-01-01T00:00:00Z
Q106138641,Seekers Books,1988-01-01T00:00:00Z
Q7094923,Ontario Telemedicine Network,2006-04-01T00:00:00Z
Q56558591,Temple of Mystery Records,2016-07-05T00:00:00Z
Q1067299,Toronto Star,1892-01-01T00:00:00Z
Q86707661,Wine Rack,
Q4804752,Ashcroft-Cache Creek Journal,1895-01-01T00:00:00Z
Q7760145,The Reminder,1946-01-01T00:00:00Z
Q6819303,Meridian Credit Union,2005-01-01T00:00:00Z
Q7894536,University Canada West,2005-01-01T00:00:00Z
Q15268911,Torn Banner Studios,2011-01-01T00:00:00Z
Q6409825,Kimberley Daily Bulletin,1932-01-01T00:00:00Z
Q16985046,House of Anansi Press,1967-01-01T00:00:00Z
Q16911977,Slap Happy Cartoons,
Q109942582,Grave Danger Games,
Q407869,Air Transat,1986-01-01T00:00:00Z
Q109602517,Q109602517,
Q7895142,University of British Columbia Library,
Q7753085,The Napanee Guide,1988-01-01T00:00:00Z
Q8054358,Yogen Früz,1986-01-01T00:00:00Z
Q18162767,The Beaverton,2010-01-01T00:00:00Z
Q1157909,The Dalhousie Gazette,1868-01-01T00:00:00Z
Q7754373,The Northern Miner,1915-01-01T00:00:00Z
Q113622410,Corpshore Solutions Corporation,2015-01-01T00:00:00Z
Q7158483,Peavey Mart,
Q109602968,Q109602968,
Q114989186,Propeller Brewing Co,1997-01-01T00:00:00Z
Q47069776,7Geese,
Q17110188,Mt. Begbie Brewing Company,1996-01-01T00:00:00Z
Q106019597,Leaf Mobile,2018-01-01T00:00:00Z
Q109269138,Eyesore Cinema,2008-01-01T00:00:00Z
Q3591464,Érudit,1998-01-01T00:00:00Z
Q111738870,Balattou,1985-01-01T00:00:00Z
Q5016149,Cactus Club Cafe,1988-01-01T00:00:00Z
Q114989394,Garrison Brewing Co,1997-01-01T00:00:00Z
Q6942824,Muskoka Brewery,1996-06-01T00:00:00Z
Q94711744,dbrand,2011-11-11T00:00:00Z
Q1028449,Cameco,1988-01-01T00:00:00Z
Q105902836,Normals Welcome Records,2005-01-01T00:00:00Z
Q7758964,The Queen's Journal,1873-01-01T00:00:00Z
Q6747864,Mandarin Restaurant,1979-01-01T00:00:00Z
Q5340317,Edson Leader,1911-01-01T00:00:00Z
Q3410420,Public Mobile,2010-01-01T00:00:00Z
