id,name,start_date
Q534515,University of Indonesia,1849-01-01T00:00:00Z
Q5317233,Duta Wacana Christian University,1962-10-31T00:00:00Z
Q18712406,Lazada Group,2012-01-01T00:00:00Z
Q512468,Garuda Indonesia,1947-08-01T00:00:00Z
Q4263077,Muhammadiyah University of Magelang,1964-08-31T00:00:00Z
Q10829079,Mount Klabat College,1965-01-01T00:00:00Z
Q76099070,Tiger Sugar,
Q3958218,Syiah Kuala University,1961-09-02T00:00:00Z
Q138133,RWE,1898-04-25T00:00:00Z
Q12523397,Muhammadiyah University of Ponorogo,
Q56391710,OVO,
Q63371124,Guardian,
Q56389158,Advan,1998-01-01T00:00:00Z
Q7603641,State University of Semarang,1965-01-01T00:00:00Z
Q7355586,Jawa Pos Group,1949-07-01T00:00:00Z
Q12712165,Jakarta State University,1964-05-16T00:00:00Z
Q4739894,Amanjiwo,1997-01-01T00:00:00Z
Q4262307,Prambors FM,1971-01-01T00:00:00Z
Q23745600,Alfamart,1999-06-27T00:00:00Z
Q12515931,Sony Music Indonesia,
Q12523376,Medan Area University,1983-01-01T00:00:00Z
Q6177417,Jenderal Soedirman University,1920-01-01T00:00:00Z
Q20427814,Q20427814,
Q94122708,Eduka System,
Q113858405,Hello Health Group,2015-01-01T00:00:00Z
Q20426955,Gojek,2010-01-01T00:00:00Z
Q2745027,Kereta Api Indonesia,1945-09-28T00:00:00Z
Q29981099,Conrad Bali,2004-03-24T00:00:00Z
Q12523351,Universitas Islam Sultan Agung,1962-05-20T00:00:00Z
Q113653701,PROKAL.co,2015-01-01T00:00:00Z
Q67900715,Alnect,
Q4646307,99 Ranch Market,1984-01-01T00:00:00Z
Q109063696,Firebeast,
Q806626,Bank Central Asia,1955-01-01T00:00:00Z
Q1906161,Bank Indonesia,1953-01-01T00:00:00Z
Q5920236,Indonesian Institute of the Arts,2003-07-28T00:00:00Z
Q7894421,Universitas Terbuka,1984-01-01T00:00:00Z
Q623042,Bank Rakyat Indonesia,1895-12-16T00:00:00Z
Q12474471,Bank Jago,
Q106616410,Lion Parcel,
Q10980312,Kuningan University,2003-06-06T00:00:00Z
Q12474533,Bank Syariah Mandiri,1995-01-01T00:00:00Z
Q7896071,University of Pattimura,1963-04-23T00:00:00Z
Q111850958,Buku Mojok,
Q25460696,Indonesian Institute of Information Technology,
Q6026778,MNC Vision,1994-01-01T00:00:00Z
Q4264431,SinemArt,2003-01-01T00:00:00Z
Q6933777,Mulawarman University,1962-09-27T00:00:00Z
Q47927,Muhammadiyah University of Malang,1964-01-01T00:00:00Z
Q806639,Bank Mandiri,1998-10-02T00:00:00Z
Q5358247,Electronic Engineering Polytechnic Institute of Surabaya,1988-06-02T00:00:00Z
Q25104745,Digital Happiness,2013-01-01T00:00:00Z
Q7442749,Sebelas Maret University,1976-03-11T00:00:00Z
Q20895775,Tri Indonesia,2007-01-01T00:00:00Z
Q1494353,Airlangga University,1954-01-01T00:00:00Z
Q56394041,SiCepat Ekspres,
Q2306715,Bogor Institute of Agriculture,1963-01-01T00:00:00Z
Q66264234,RCTI+,2019-08-24T00:00:00Z
Q111548938,Nook,
Q38116375,Voyagin,2011-01-01T00:00:00Z
Q12472740,Central Asia Insurance,1958-01-01T00:00:00Z
Q107551247,Invitee Site,
Q12523418,State University of Yogyakarta,1964-05-21T00:00:00Z
Q478044,Hasanuddin University,1956-06-11T00:00:00Z
Q12474504,Bank Mega,1969-04-15T00:00:00Z
Q17320327,Bukalapak,2010-01-01T00:00:00Z
Q7603634,Padang State University,1997-01-08T00:00:00Z
Q41320506,Amankila,1992-01-01T00:00:00Z
Q5061611,Central Park Jakarta,
Q4405665,Kompas,1965-01-01T00:00:00Z
Q56191337,Warner Music Indonesia,
Q107584938,Mito Mobile,2004-01-01T00:00:00Z
Q12488592,Kalbe Nutritionals,1982-01-01T00:00:00Z
Q12485804,Hits Records,
Q67901817,Pok Pok,
Q5396630,Es Teler 77,1982-01-01T00:00:00Z
Q12486502,Indonesia Shang Bao,2000-04-17T00:00:00Z
Q12477678,Indo Semar Records,
Q56388471,Bank MNC Internasional,
Q2882611,Bank Negara Indonesia,1946-01-01T00:00:00Z
Q83737,Media Indonesia,
Q19726033,GP Records,2012-01-01T00:00:00Z
Q12474532,Bank Syariah Bukopin,1990-01-01T00:00:00Z
Q12523354,Janabadra University,1958-10-07T00:00:00Z
Q101500907,Blackboard Indonesia,1987-01-01T00:00:00Z
Q7603634,Padang State University,1954-09-01T00:00:00Z
Q110903311,The Aveda Boutique Hotel,2015-01-01T00:00:00Z
Q571116,Antara,1937-01-01T00:00:00Z
Q3213529,Indonesia University of Education,1954-10-20T00:00:00Z
Q1641044,Pertamina,1968-01-01T00:00:00Z
Q48966427,Ruangguru,2014-01-01T00:00:00Z
Q6482697,Lampung University,1965-09-23T00:00:00Z
Q1847733,Pelita Harapan University,1993-12-13T00:00:00Z
Q67463292,Warunk Upnormal,
Q19724200,Q19724200,
Q22915087,Richeese Factory,2011-01-01T00:00:00Z
Q19731380,Ramayana Lestari Sentosa,
Q12502751,Bank Pan Indonesia,
Q19729764,Hilton Bali Resort,2016-12-01T00:00:00Z
Q1579397,Bandung Institute of Technology,1957-01-01T00:00:00Z
Q3181122,Padjadjaran University,1957-01-01T00:00:00Z
Q12474534,Bank Tabungan Negara,1897-01-01T00:00:00Z
Q12523382,University of Muhammadiyah Aceh,1987-03-11T00:00:00Z
Q12523371,Lancang Kuning University,
Q23848462,PKT,1990-01-01T00:00:00Z
Q4200627,Diponegoro University,1957-01-09T00:00:00Z
Q19724214,Bank OCBC NISP,1941-01-01T00:00:00Z
Q4855949,Bank Muamalat,1991-01-01T00:00:00Z
Q15057698,Telkom University,2013-08-14T00:00:00Z
Q67910364,il Tempo del Gelato,
Q2141411,Hilton Bandung,2009-01-01T00:00:00Z
Q6818526,Mercu Buana University,1985-10-22T00:00:00Z
Q7426888,Satya Wacana Christian University,1956-11-30T00:00:00Z
Q3482752,XL Axiata,1996-01-01T00:00:00Z
Q19744919,Vidio,2014-10-01T00:00:00Z
Q19729562,MyMusic Records,2009-09-25T00:00:00Z
Q67462086,Rocket Chicken,2010-02-21T00:00:00Z
Q11264892,Kimia Farma,1971-01-01T00:00:00Z
Q13098259,Universitas Merdeka Malang,1964-01-01T00:00:00Z
Q1336952,Brawijaya University,1963-01-05T00:00:00Z
Q367157,Jakarta Globe,2008-11-12T00:00:00Z
Q14457713,"Atma Jaya University, Yogyakarta",1965-09-27T00:00:00Z
Q98687155,Universal Music Indonesia,1987-01-01T00:00:00Z
Q7452397,Sepuluh Nopember Institute of Technology,1957-11-10T00:00:00Z
Q7683446,Tanjungpura University,1959-05-20T00:00:00Z
Q4250926,Trisakti University,1965-11-29T00:00:00Z
Q12501429,Melawai Optic,
Q56393180,Akurama Records,1980-01-01T00:00:00Z
Q5011747,Bank CIMB Niaga,1955-01-01T00:00:00Z
Q12523390,Muhammadiyah University of Jakarta,1956-01-01T00:00:00Z
Q4630986,21 Cineplex,
Q105905211,Netrilis,
Q12523349,Jakarta State Islamic University,1957-06-01T00:00:00Z
Q11223593,Universitas Islam Negeri Walisongo,1970-04-06T00:00:00Z
Q1573634,Udayana University,1962-01-01T00:00:00Z
Q19729764,Hilton Bali Resort,2016-01-01T00:00:00Z
Q13322850,NET.,2013-01-01T00:00:00Z
Q86734001,Karoseri Laksana,1967-01-01T00:00:00Z
Q28214772,Blooming Lotus Yoga,2004-01-01T00:00:00Z
Q56085408,MD Pictures,2006-12-07T00:00:00Z
Q7603607,State University of Makassar,1961-01-01T00:00:00Z
Q1056794,Lion Air,1999-01-01T00:00:00Z
Q6382551,Kedaulatan Rakyat,1945-09-27T00:00:00Z
Q14917503,Muhammadiyah University of Yogyakarta,1981-01-01T00:00:00Z
Q7686915,Tarumanagara University,1959-06-18T00:00:00Z
Q4273095,Pos Indonesia,1995-01-01T00:00:00Z
Q4855913,Bank Danamon Indonesia,1956-01-01T00:00:00Z
Q17998584,National Institute of Health Research and Development,1975-01-01T00:00:00Z
Q1579397,Bandung Institute of Technology,1920-01-01T00:00:00Z
Q13098263,Muhammadiyah University Purwokerto,1995-07-26T00:00:00Z
Q67464137,Olive Fried Chicken,
Q1145992,Gadjah Mada University,1949-01-01T00:00:00Z
Q111550670,Amok Sunset,
Q6026133,Indonesian Institute of Sciences,1967-01-01T00:00:00Z
Q18941968,State University of Surabaya,1964-01-01T00:00:00Z
Q19942740,Cinemaxx,
Q7476068,Universitas Pasundan,
Q12523402,Universitas Muhammadiyah Semarang,
Q12521890,Tokopedia,2009-08-17T00:00:00Z
Q2278575,Republika,1993-01-01T00:00:00Z
Q12523320,Nuswantoro Dian University,1990-01-01T00:00:00Z
Q4926985,CGV Cinemas Indonesia,
Q4688506,Aerowisata,1973-01-01T00:00:00Z
Q57440617,PT Sinar Mas Agro Resources and Technology Tbk,
Q3267815,Bina Nusantara University,1996-01-01T00:00:00Z
Q12497643,Mayasari Bakti,1964-01-01T00:00:00Z
Q7553485,Soegijapranata Catholic University,
Q6127003,Jalur Nugraha Ekakurir,1990-01-01T00:00:00Z
Q28130700,Nusantara TV,2015-11-15T00:00:00Z
Q96278593,Toge Productions,2009-01-20T00:00:00Z
Q12523340,Muhammad Arsyad Al-Banjary Kalimantan Islamic University,
Q13096076,Politeknik Negeri Bali,1997-01-01T00:00:00Z
Q14917501,Universitas Islam Negeri Maulana Malik Ibrahim,2004-06-21T00:00:00Z
Q6382370,Kebab Turki Baba Rafi,2005-01-01T00:00:00Z
Q106914877,GoTo,2021-05-17T00:00:00Z
Q30527988,Amandari,1989-01-01T00:00:00Z
Q111890567,Rocket Chicken,
Q12523407,Universitas Muhammadiyah Surabaya,
Q12523375,Maritime University of Raja Ali Haji,2007-08-01T00:00:00Z
Q2393592,Indosat,1967-01-01T00:00:00Z
Q4751033,Analisa,1972-01-01T00:00:00Z
Q12482004,Q12482004,1972-01-01T00:00:00Z
Q6942482,Musica Studio's,1968-01-01T00:00:00Z
Q4262825,Indomaret,1988-01-01T00:00:00Z
Q74665770,DoubleTree by Hilton Hotel Jakarta - Diponegoro,2014-01-01T00:00:00Z
Q4855963,Bank Permata,1954-01-01T00:00:00Z
Q96472613,Surya Toto Indonesia,
Q12485456,XL,
Q105574200,Bank Syariah Indonesia,2021-02-01T00:00:00Z
Q107726575,Q107726575,
Q4200297,Sriwijaya University,1960-10-29T00:00:00Z
Q7420423,Santika Indonesia Hotels & Resorts,1981-08-22T00:00:00Z
Q6127803,Jambi University,1963-03-23T00:00:00Z
Q17585104,K-Vision,2014-04-18T00:00:00Z
Q12506012,Politeknik Caltex Riau,2001-06-05T00:00:00Z
Q7415523,Sanata Dharma University,1955-01-01T00:00:00Z
