id,name,start_date
Q30174421,Hilton Colombo Residences,2000-08-01T00:00:00Z
Q109571008,L B Finance,1971-01-01T00:00:00Z
Q108406108,Adds.lk Private Limited,2014-01-01T00:00:00Z
Q19885437,Jetwing Hotels,1970-01-01T00:00:00Z
Q720958,University of Sri Jayewardenepura,1873-01-01T00:00:00Z
Q5065795,Ceylon Petroleum Corporation,1962-01-01T00:00:00Z
Q1340361,State Bank of India,1806-06-02T00:00:00Z
Q2882652,Bank of Ceylon,1939-01-01T00:00:00Z
Q3532080,Hatton National Bank,1888-01-01T00:00:00Z
Q64859000,Hilton Colombo,1987-01-01T00:00:00Z
Q109378200,Bonfire,2021-01-01T00:00:00Z
Q3610555,The Sunday Times,1991-01-01T00:00:00Z
Q5270580,Dialog,1993-01-01T00:00:00Z
Q110279211,Testrun,
Q853293,SriLankan Airlines,1979-07-01T00:00:00Z
Q109302185,Dipped Products,
Q5039260,Cargills Ceylon PLC,
Q3532083,Seylan Bank,1987-01-01T00:00:00Z
Q4699321,Aitken Spence,1868-01-01T00:00:00Z
Q55616565,Lanka Electricity Company,
Q7410095,Sampath Bank,1986-01-01T00:00:00Z
Q12500189,National Savings Bank,1971-01-01T00:00:00Z
Q38126960,Amangalla,2005-01-01T00:00:00Z
Q5065789,Ceylon Electricity Board,
Q105055468,21 Mediavision,2014-08-16T00:00:00Z
Q5152468,Commercial Bank of Ceylon,1920-01-01T00:00:00Z
Q54980254,Amanwella,2005-01-01T00:00:00Z
Q3534875,University of Colombo School of Computing,2002-01-01T00:00:00Z
Q67161782,Motion Miracles,
