company_id,val_id,edge_typ,node_typ
Q17061030,Q126793,INDUSTRY,Industry
Q28404980,Q12752882,INDUSTRY,Industry
Q48780935,Q25245117,INDUSTRY,Industry
Q17061030,Q59750463,CEO,Person
Q17061030,Q1024647,HEADQUARTERS,Location
Q28404980,Q1009,HEADQUARTERS,Location
Q17061030,Q117,RESIDES_IN,Location
Q106155702,Q1009,RESIDES_IN,Location
Q28404980,Q1009,RESIDES_IN,Location
Q48780935,Q1009,RESIDES_IN,Location
Q17061030,9_employee_count,EMPLOYEE_COUNT_BAND,Quant_Metric
Q17061030,4_profit,PROFIT_BAND,Quant_Metric
Q106155702,4_profit,PROFIT_BAND,Quant_Metric
Q28404980,4_profit,PROFIT_BAND,Quant_Metric
Q48780935,4_profit,PROFIT_BAND,Quant_Metric
Q17061030,4_assets,ASSETS_BAND,Quant_Metric
Q106155702,4_assets,ASSETS_BAND,Quant_Metric
Q28404980,4_assets,ASSETS_BAND,Quant_Metric
Q48780935,4_assets,ASSETS_BAND,Quant_Metric
Q17061030,4_equity,EQUITY_BAND,Quant_Metric
Q106155702,4_equity,EQUITY_BAND,Quant_Metric
Q28404980,4_equity,EQUITY_BAND,Quant_Metric
Q48780935,4_equity,EQUITY_BAND,Quant_Metric
Q17061030,4_market_cap,MARKET_CAP_BAND,Quant_Metric
Q106155702,4_market_cap,MARKET_CAP_BAND,Quant_Metric
Q28404980,4_market_cap,MARKET_CAP_BAND,Quant_Metric
Q48780935,4_market_cap,MARKET_CAP_BAND,Quant_Metric
