company_id,val_id,edge_typ,node_typ
Q110969032,Q1540863,INDUSTRY,Industry
Q110969032, Q1323528,INDUSTRY,Industry
Q110969032, Q1058914,INDUSTRY,Industry
Q110969032, Q20031260,INDUSTRY,Industry
Q2055692,Q331814,INDUSTRY,Industry
Q56300032,Q862571,INDUSTRY,Industry
Q114671099,Q2516512,INDUSTRY,Industry
Q2819353,Q112166047,INDUSTRY,Industry
Q114853679,Q2516512,INDUSTRY,Industry
Q17061030,Q126793,INDUSTRY,Industry
Q114727483,Q2516512,INDUSTRY,Industry
Q114771384,Q2516512,INDUSTRY,Industry
Q2868678,Q331814,INDUSTRY,Industry
Q3139309,Q1757562,INDUSTRY,Industry
Q3139309, Q867147,INDUSTRY,Industry
Q3139309, Q837171,INDUSTRY,Industry
Q3139309, Q684740,INDUSTRY,Industry
Q3139309, Q396622,INDUSTRY,Industry
Q1138480,Q126793,INDUSTRY,Industry
Q2300433,Q1416657,INDUSTRY,Industry
Q2300433, Q837171,INDUSTRY,Industry
Q2300433, Q806718,INDUSTRY,Industry
Q114679539,Q2516512,INDUSTRY,Industry
Q2829178,Q862571,INDUSTRY,Industry
Q56240889,Q56611700,INDUSTRY,Industry
Q2883441,Q1416657,INDUSTRY,Industry
Q2883441, Q837171,INDUSTRY,Industry
Q2883441, Q806718,INDUSTRY,Industry
Q114666905,Q2516512,INDUSTRY,Industry
Q97304034,Q126793,INDUSTRY,Industry
Q114707454,Q2516512,INDUSTRY,Industry
Q3197636,Q126793,INDUSTRY,Industry
Q105653472,Q33381136,INDUSTRY,Industry
Q114853749,Q2516512,INDUSTRY,Industry
Q114853700,Q2516512,INDUSTRY,Industry
Q42794743,Q43183,INDUSTRY,Industry
Q114853646,Q2516512,INDUSTRY,Industry
Q114853598,Q2516512,INDUSTRY,Industry
Q17061030,Q59750463,CEO,Person
Q3139309,Q3318585,CEO,Person
Q866103,Q28224913,CEO,Person
Q328198,Q11956778,CHAIRMAN,Person
Q110969032,Q3551,HEADQUARTERS,Location
Q2055692,Q7903,HEADQUARTERS,Location
Q55361226,Q101625,HEADQUARTERS,Location
Q56300032,Q7903,HEADQUARTERS,Location
Q2819353,Q90,HEADQUARTERS,Location
Q17061030,Q1024647,HEADQUARTERS,Location
Q2401659,Q3551,HEADQUARTERS,Location
Q2871743,Q7903,HEADQUARTERS,Location
Q2868678,Q647417,HEADQUARTERS,Location
Q3211148,Q7903,HEADQUARTERS,Location
Q328198,Q92067896,HEADQUARTERS,Location
Q3139309,Q7903,HEADQUARTERS,Location
Q1138480,Q983840,HEADQUARTERS,Location
Q2300433,Q7903,HEADQUARTERS,Location
Q2829178,Q7903,HEADQUARTERS,Location
Q56240889,Q7903,HEADQUARTERS,Location
Q2883441,Q7903,HEADQUARTERS,Location
Q111515591,Q80985,HEADQUARTERS,Location
Q3197636,Q7903,HEADQUARTERS,Location
Q4808310,Q7903,HEADQUARTERS,Location
Q97578161,Q7903,HEADQUARTERS,Location
Q42794743,Q7903,HEADQUARTERS,Location
Q758052,Q7903,HEADQUARTERS,Location
Q18384641,Q3551,HEADQUARTERS,Location
Q866103,Q1961870,HEADQUARTERS,Location
Q110969032,Q1028,RESIDES_IN,Location
Q2055692,Q1028,RESIDES_IN,Location
Q55361226,Q1028,RESIDES_IN,Location
Q22683621,Q1028,RESIDES_IN,Location
Q56300032,Q1028,RESIDES_IN,Location
Q114671099,Q1028,RESIDES_IN,Location
Q2819353,Q846,RESIDES_IN,Location
Q114853679,Q1028,RESIDES_IN,Location
Q17061030,Q117,RESIDES_IN,Location
Q114727483,Q1028,RESIDES_IN,Location
Q109311658,Q1028,RESIDES_IN,Location
Q114771384,Q1028,RESIDES_IN,Location
Q2401659,Q1028,RESIDES_IN,Location
Q2871743,Q1028,RESIDES_IN,Location
Q2868678,Q1028,RESIDES_IN,Location
Q3211148,Q1028,RESIDES_IN,Location
Q328198,Q1028,RESIDES_IN,Location
Q3139309,Q1028,RESIDES_IN,Location
Q98183377,Q1028,RESIDES_IN,Location
Q1138480,Q1028,RESIDES_IN,Location
Q2300433,Q1028,RESIDES_IN,Location
Q114679539,Q1028,RESIDES_IN,Location
Q2829178,Q1028,RESIDES_IN,Location
Q56240889,Q1028,RESIDES_IN,Location
Q2883441,Q1028,RESIDES_IN,Location
Q28789756,Q1028,RESIDES_IN,Location
Q114666905,Q1028,RESIDES_IN,Location
Q111515591,Q1028,RESIDES_IN,Location
Q97304034,Q1028,RESIDES_IN,Location
Q114707454,Q1028,RESIDES_IN,Location
Q45472344,Q1028,RESIDES_IN,Location
Q3349576,Q1028,RESIDES_IN,Location
Q3197636,Q1028,RESIDES_IN,Location
Q1360237,Q1028,RESIDES_IN,Location
Q4808310,Q1028,RESIDES_IN,Location
Q19893933,Q1028,RESIDES_IN,Location
Q105653472,Q1028,RESIDES_IN,Location
Q97578161,Q1028,RESIDES_IN,Location
Q114853749,Q1028,RESIDES_IN,Location
Q114853700,Q1028,RESIDES_IN,Location
Q42794743,Q1028,RESIDES_IN,Location
Q758052,Q1028,RESIDES_IN,Location
Q114853646,Q1028,RESIDES_IN,Location
Q18384641,Q1028,RESIDES_IN,Location
Q73139954,Q1028,RESIDES_IN,Location
Q114853598,Q1028,RESIDES_IN,Location
Q866103,Q1028,RESIDES_IN,Location
Q2055692,9_employee_count,EMPLOYEE_COUNT_BAND,Quant_Metric
Q2819353,1_employee_count,EMPLOYEE_COUNT_BAND,Quant_Metric
Q17061030,7_employee_count,EMPLOYEE_COUNT_BAND,Quant_Metric
Q110969032,2_profit,PROFIT_BAND,Quant_Metric
Q110969032,4_assets,ASSETS_BAND,Quant_Metric
Q2055692,4_assets,ASSETS_BAND,Quant_Metric
Q55361226,4_assets,ASSETS_BAND,Quant_Metric
Q22683621,4_assets,ASSETS_BAND,Quant_Metric
Q56300032,4_assets,ASSETS_BAND,Quant_Metric
Q114671099,4_assets,ASSETS_BAND,Quant_Metric
Q2819353,4_assets,ASSETS_BAND,Quant_Metric
Q114853679,4_assets,ASSETS_BAND,Quant_Metric
Q17061030,4_assets,ASSETS_BAND,Quant_Metric
Q114727483,4_assets,ASSETS_BAND,Quant_Metric
Q109311658,4_assets,ASSETS_BAND,Quant_Metric
Q114771384,4_assets,ASSETS_BAND,Quant_Metric
Q2401659,4_assets,ASSETS_BAND,Quant_Metric
Q2871743,4_assets,ASSETS_BAND,Quant_Metric
Q2868678,4_assets,ASSETS_BAND,Quant_Metric
Q3211148,4_assets,ASSETS_BAND,Quant_Metric
Q328198,4_assets,ASSETS_BAND,Quant_Metric
Q3139309,4_assets,ASSETS_BAND,Quant_Metric
Q98183377,4_assets,ASSETS_BAND,Quant_Metric
Q1138480,4_assets,ASSETS_BAND,Quant_Metric
Q2300433,4_assets,ASSETS_BAND,Quant_Metric
Q114679539,4_assets,ASSETS_BAND,Quant_Metric
Q2829178,4_assets,ASSETS_BAND,Quant_Metric
Q56240889,4_assets,ASSETS_BAND,Quant_Metric
Q2883441,4_assets,ASSETS_BAND,Quant_Metric
Q28789756,4_assets,ASSETS_BAND,Quant_Metric
Q114666905,4_assets,ASSETS_BAND,Quant_Metric
Q111515591,4_assets,ASSETS_BAND,Quant_Metric
Q97304034,4_assets,ASSETS_BAND,Quant_Metric
Q114707454,4_assets,ASSETS_BAND,Quant_Metric
Q45472344,4_assets,ASSETS_BAND,Quant_Metric
Q3349576,4_assets,ASSETS_BAND,Quant_Metric
Q3197636,4_assets,ASSETS_BAND,Quant_Metric
Q1360237,4_assets,ASSETS_BAND,Quant_Metric
Q4808310,4_assets,ASSETS_BAND,Quant_Metric
Q19893933,4_assets,ASSETS_BAND,Quant_Metric
Q105653472,4_assets,ASSETS_BAND,Quant_Metric
Q97578161,4_assets,ASSETS_BAND,Quant_Metric
Q114853749,4_assets,ASSETS_BAND,Quant_Metric
Q114853700,4_assets,ASSETS_BAND,Quant_Metric
Q42794743,4_assets,ASSETS_BAND,Quant_Metric
Q758052,4_assets,ASSETS_BAND,Quant_Metric
Q114853646,4_assets,ASSETS_BAND,Quant_Metric
Q18384641,4_assets,ASSETS_BAND,Quant_Metric
Q73139954,4_assets,ASSETS_BAND,Quant_Metric
Q114853598,4_assets,ASSETS_BAND,Quant_Metric
Q866103,4_assets,ASSETS_BAND,Quant_Metric
Q110969032,4_equity,EQUITY_BAND,Quant_Metric
Q2055692,4_equity,EQUITY_BAND,Quant_Metric
Q55361226,4_equity,EQUITY_BAND,Quant_Metric
Q22683621,4_equity,EQUITY_BAND,Quant_Metric
Q56300032,4_equity,EQUITY_BAND,Quant_Metric
Q114671099,4_equity,EQUITY_BAND,Quant_Metric
Q2819353,4_equity,EQUITY_BAND,Quant_Metric
Q114853679,4_equity,EQUITY_BAND,Quant_Metric
Q17061030,4_equity,EQUITY_BAND,Quant_Metric
Q114727483,4_equity,EQUITY_BAND,Quant_Metric
Q109311658,4_equity,EQUITY_BAND,Quant_Metric
Q114771384,4_equity,EQUITY_BAND,Quant_Metric
Q2401659,4_equity,EQUITY_BAND,Quant_Metric
Q2871743,4_equity,EQUITY_BAND,Quant_Metric
Q2868678,4_equity,EQUITY_BAND,Quant_Metric
Q3211148,4_equity,EQUITY_BAND,Quant_Metric
Q328198,4_equity,EQUITY_BAND,Quant_Metric
Q3139309,4_equity,EQUITY_BAND,Quant_Metric
Q98183377,4_equity,EQUITY_BAND,Quant_Metric
Q1138480,4_equity,EQUITY_BAND,Quant_Metric
Q2300433,4_equity,EQUITY_BAND,Quant_Metric
Q114679539,4_equity,EQUITY_BAND,Quant_Metric
Q2829178,4_equity,EQUITY_BAND,Quant_Metric
Q56240889,4_equity,EQUITY_BAND,Quant_Metric
Q2883441,4_equity,EQUITY_BAND,Quant_Metric
Q28789756,4_equity,EQUITY_BAND,Quant_Metric
Q114666905,4_equity,EQUITY_BAND,Quant_Metric
Q111515591,4_equity,EQUITY_BAND,Quant_Metric
Q97304034,4_equity,EQUITY_BAND,Quant_Metric
Q114707454,4_equity,EQUITY_BAND,Quant_Metric
Q45472344,4_equity,EQUITY_BAND,Quant_Metric
Q3349576,4_equity,EQUITY_BAND,Quant_Metric
Q3197636,4_equity,EQUITY_BAND,Quant_Metric
Q1360237,4_equity,EQUITY_BAND,Quant_Metric
Q4808310,4_equity,EQUITY_BAND,Quant_Metric
Q19893933,4_equity,EQUITY_BAND,Quant_Metric
Q105653472,4_equity,EQUITY_BAND,Quant_Metric
Q97578161,4_equity,EQUITY_BAND,Quant_Metric
Q114853749,4_equity,EQUITY_BAND,Quant_Metric
Q114853700,4_equity,EQUITY_BAND,Quant_Metric
Q42794743,4_equity,EQUITY_BAND,Quant_Metric
Q758052,4_equity,EQUITY_BAND,Quant_Metric
Q114853646,4_equity,EQUITY_BAND,Quant_Metric
Q18384641,4_equity,EQUITY_BAND,Quant_Metric
Q73139954,4_equity,EQUITY_BAND,Quant_Metric
Q114853598,4_equity,EQUITY_BAND,Quant_Metric
Q866103,4_equity,EQUITY_BAND,Quant_Metric
Q110969032,4_market_cap,MARKET_CAP_BAND,Quant_Metric
Q2055692,4_market_cap,MARKET_CAP_BAND,Quant_Metric
Q55361226,4_market_cap,MARKET_CAP_BAND,Quant_Metric
Q22683621,4_market_cap,MARKET_CAP_BAND,Quant_Metric
Q56300032,4_market_cap,MARKET_CAP_BAND,Quant_Metric
Q114671099,4_market_cap,MARKET_CAP_BAND,Quant_Metric
Q2819353,4_market_cap,MARKET_CAP_BAND,Quant_Metric
Q114853679,4_market_cap,MARKET_CAP_BAND,Quant_Metric
Q17061030,4_market_cap,MARKET_CAP_BAND,Quant_Metric
Q114727483,4_market_cap,MARKET_CAP_BAND,Quant_Metric
Q109311658,4_market_cap,MARKET_CAP_BAND,Quant_Metric
Q114771384,4_market_cap,MARKET_CAP_BAND,Quant_Metric
Q2401659,4_market_cap,MARKET_CAP_BAND,Quant_Metric
Q2871743,4_market_cap,MARKET_CAP_BAND,Quant_Metric
Q2868678,4_market_cap,MARKET_CAP_BAND,Quant_Metric
Q3211148,4_market_cap,MARKET_CAP_BAND,Quant_Metric
Q328198,4_market_cap,MARKET_CAP_BAND,Quant_Metric
Q3139309,4_market_cap,MARKET_CAP_BAND,Quant_Metric
Q98183377,4_market_cap,MARKET_CAP_BAND,Quant_Metric
Q1138480,4_market_cap,MARKET_CAP_BAND,Quant_Metric
Q2300433,4_market_cap,MARKET_CAP_BAND,Quant_Metric
Q114679539,4_market_cap,MARKET_CAP_BAND,Quant_Metric
Q2829178,4_market_cap,MARKET_CAP_BAND,Quant_Metric
Q56240889,4_market_cap,MARKET_CAP_BAND,Quant_Metric
Q2883441,4_market_cap,MARKET_CAP_BAND,Quant_Metric
Q28789756,4_market_cap,MARKET_CAP_BAND,Quant_Metric
Q114666905,4_market_cap,MARKET_CAP_BAND,Quant_Metric
Q111515591,4_market_cap,MARKET_CAP_BAND,Quant_Metric
Q97304034,4_market_cap,MARKET_CAP_BAND,Quant_Metric
Q114707454,4_market_cap,MARKET_CAP_BAND,Quant_Metric
Q45472344,4_market_cap,MARKET_CAP_BAND,Quant_Metric
Q3349576,4_market_cap,MARKET_CAP_BAND,Quant_Metric
Q3197636,4_market_cap,MARKET_CAP_BAND,Quant_Metric
Q1360237,4_market_cap,MARKET_CAP_BAND,Quant_Metric
Q4808310,4_market_cap,MARKET_CAP_BAND,Quant_Metric
Q19893933,4_market_cap,MARKET_CAP_BAND,Quant_Metric
Q105653472,4_market_cap,MARKET_CAP_BAND,Quant_Metric
Q97578161,4_market_cap,MARKET_CAP_BAND,Quant_Metric
Q114853749,4_market_cap,MARKET_CAP_BAND,Quant_Metric
Q114853700,4_market_cap,MARKET_CAP_BAND,Quant_Metric
Q42794743,4_market_cap,MARKET_CAP_BAND,Quant_Metric
Q758052,4_market_cap,MARKET_CAP_BAND,Quant_Metric
Q114853646,4_market_cap,MARKET_CAP_BAND,Quant_Metric
Q18384641,4_market_cap,MARKET_CAP_BAND,Quant_Metric
Q73139954,4_market_cap,MARKET_CAP_BAND,Quant_Metric
Q114853598,4_market_cap,MARKET_CAP_BAND,Quant_Metric
Q866103,4_market_cap,MARKET_CAP_BAND,Quant_Metric
