company_id,val_id,edge_typ,node_typ
Q7000460,Q178512,INDUSTRY,Industry
Q511031,Q4063722,INDUSTRY,Industry
Q511031, Q2151621,INDUSTRY,Industry
Q1298438,Q30915455,INDUSTRY,Industry
Q110677921,Q25245117,INDUSTRY,Industry
Q110259901,Q607081,INDUSTRY,Industry
Q19392885,Q837171,INDUSTRY,Industry
Q105690179,Q31855,INDUSTRY,Industry
Q6127470,Q20679540,INDUSTRY,Industry
Q11957389,Q5915560,INDUSTRY,Industry
Q107300119,Q1757562,INDUSTRY,Industry
Q22283906,Q932586,INDUSTRY,Industry
Q6966507,Q1341478,INDUSTRY,Industry
Q6966507, Q383973,INDUSTRY,Industry
Q6966507, Q112046,INDUSTRY,Industry
Q7795923,Q1631129,INDUSTRY,Industry
Q5983762,Q97466080,INDUSTRY,Industry
Q5983762, Q1054772,INDUSTRY,Industry
Q5983762, Q878553,INDUSTRY,Industry
Q417431,Q474200,INDUSTRY,Industry
Q3357167,Q2085381,INDUSTRY,Industry
Q3357167, Q126793,INDUSTRY,Industry
Q6513889,Q3972943,INDUSTRY,Industry
Q1800512,Q5358497,INDUSTRY,Industry
Q6514106,Q1618728,INDUSTRY,Industry
Q6514106, Q38112,INDUSTRY,Industry
Q11988771,Q27970162,INDUSTRY,Industry
Q11988771, Q1370714,INDUSTRY,Industry
Q1769959,Q6972269,INDUSTRY,Industry
Q106775674,Q11030,INDUSTRY,Industry
Q16323063,Q18388277,INDUSTRY,Industry
Q6514414,Q126793,INDUSTRY,Industry
Q11995777,Q81799,INDUSTRY,Industry
Q845632,Q25245117,INDUSTRY,Industry
Q110734771,Q746359,INDUSTRY,Industry
Q109828990,Q941594,INDUSTRY,Industry
Q17770215,Q126793,INDUSTRY,Industry
Q7403259,Q188989,INDUSTRY,Industry
Q1309851,Q56611639,INDUSTRY,Industry
Q46376614,Q190408,INDUSTRY,Industry
Q11971386,Q57264543,INDUSTRY,Industry
Q11971386, Q126793,INDUSTRY,Industry
Q2020649,Q837171,INDUSTRY,Industry
Q4691685,Q178512,INDUSTRY,Industry
Q24695424,Q941594,INDUSTRY,Industry
Q1778870,Q207652,INDUSTRY,Industry
Q62761254,Q941594,INDUSTRY,Industry
Q2703272,Q418,INDUSTRY,Industry
Q10443115,Q11828862,INDUSTRY,Industry
Q661479,Q2638171,INDUSTRY,Industry
Q661479, Q628403,INDUSTRY,Industry
Q661479, Q7150,INDUSTRY,Industry
Q11960143,Q837171,INDUSTRY,Industry
Q4355084,Q2316331,INDUSTRY,Industry
Q11959125,Q425779,INDUSTRY,Industry
Q107183026,Q2988038,INDUSTRY,Industry
Q107183026, Q39809,INDUSTRY,Industry
Q842108,Q112166008,INDUSTRY,Industry
Q842108, Q837171,INDUSTRY,Industry
Q918638,Q941594,INDUSTRY,Industry
Q1776022,Q862571,INDUSTRY,Industry
Q106451969,Q29584730,INDUSTRY,Industry
Q106451969, Q2516512,INDUSTRY,Industry
Q106451969, Q155930,INDUSTRY,Industry
Q15139453,Q1757562,INDUSTRY,Industry
Q111130002,Q46843593,INDUSTRY,Industry
Q113137701,Q941594,INDUSTRY,Industry
Q911973,Q10932402,INDUSTRY,Industry
Q911973, Q154383,INDUSTRY,Industry
Q11966962,Q2470676,INDUSTRY,Industry
Q19388379,Q306093,INDUSTRY,Industry
Q11990436,Q104817981,INDUSTRY,Industry
Q7050849,Q2316331,INDUSTRY,Industry
Q31081333,Q1407228,INDUSTRY,Industry
Q11979877,Q2085381,INDUSTRY,Industry
Q80788,Q837171,INDUSTRY,Industry
Q106940660,Q57261067,INDUSTRY,Industry
Q1475657,Q3241434,INDUSTRY,Industry
Q1475657, Q862571,INDUSTRY,Industry
Q7050523,Q2316331,INDUSTRY,Industry
Q4570270,Q2729047,INDUSTRY,Industry
Q1964355,Q392933,INDUSTRY,Industry
Q5124781,Q155271,INDUSTRY,Industry
Q17775971,Q12144907,INDUSTRY,Industry
Q17775971, Q126793,INDUSTRY,Industry
Q5683927,Q651658,INDUSTRY,Industry
Q47457642,Q3510521,INDUSTRY,Industry
Q58897594,Q17776248,INDUSTRY,Industry
Q58897594, Q180388,INDUSTRY,Industry
Q3102177,Q3972943,INDUSTRY,Industry
Q8074211,Q97486561,INDUSTRY,Industry
Q5167705,Q126793,INDUSTRY,Industry
Q1681145,Q2151621,INDUSTRY,Industry
Q4877293,Q746359,INDUSTRY,Industry
Q56404324,Q206615,INDUSTRY,Industry
Q84492874,Q126793,INDUSTRY,Industry
Q108603335,Q29584730,INDUSTRY,Industry
Q108603335, Q155930,INDUSTRY,Industry
Q28718861,Q126793,INDUSTRY,Industry
Q19379243,Q540912,INDUSTRY,Industry
Q19379243, Q192935,INDUSTRY,Industry
Q11993935,Q1901028,INDUSTRY,Industry
Q528446,Q2729047,INDUSTRY,Industry
Q10632989,Q10431511,INDUSTRY,Industry
Q10632989, Q260569,INDUSTRY,Industry
Q10632989, Q126793,INDUSTRY,Industry
Q11997886,Q3406659,INDUSTRY,Industry
Q11997886, Q1301371,INDUSTRY,Industry
Q112875919,Q1415356,INDUSTRY,Industry
Q11989890,Q1407228,INDUSTRY,Industry
Q11989890, Q932586,INDUSTRY,Industry
Q57901713,Q607081,INDUSTRY,Industry
Q28459,Q15825471,INDUSTRY,Industry
Q11962715,Q206615,INDUSTRY,Industry
Q112761550,Q1415395,INDUSTRY,Industry
Q12718328,Q209894,INDUSTRY,Industry
Q12718328, Q188989,INDUSTRY,Industry
Q18455539,Q13460321,INDUSTRY,Industry
Q109628199,Q59095968,INDUSTRY,Industry
Q11968624,Q1407228,INDUSTRY,Industry
Q103699019,Q29584730,INDUSTRY,Industry
Q103699019, Q155930,INDUSTRY,Industry
Q2937546,Q2085381,INDUSTRY,Industry
Q27665087,Q941594,INDUSTRY,Industry
Q21683250,Q1068473,INDUSTRY,Industry
Q19397630,Q132580,INDUSTRY,Industry
Q6515085,Q56598901,INDUSTRY,Industry
Q6515085, Q25245117,INDUSTRY,Industry
Q6515085, Q721830,INDUSTRY,Industry
Q11959918,Q472093,INDUSTRY,Industry
Q11959918, Q112046,INDUSTRY,Industry
Q111731647,Q29584730,INDUSTRY,Industry
Q4581905,Q178512,INDUSTRY,Industry
Q4581905, Q177777,INDUSTRY,Industry
Q110331435,Q29584730,INDUSTRY,Industry
Q10581720,Q15825471,INDUSTRY,Industry
Q10581720, Q507619,INDUSTRY,Industry
Q4937054,Q2316331,INDUSTRY,Industry
Q190238,Q15078788,INDUSTRY,Industry
Q43896479,Q507443,INDUSTRY,Industry
Q5638428,Q25245117,INDUSTRY,Industry
Q5638428, Q383973,INDUSTRY,Industry
Q5638428, Q278784,INDUSTRY,Industry
Q1613639,Q15825471,INDUSTRY,Industry
Q215392,Q112165870,INDUSTRY,Industry
Q12010840,Q126793,INDUSTRY,Industry
Q7558873,Q155930,INDUSTRY,Industry
Q23498557,Q638608,INDUSTRY,Industry
Q20553162,Q383973,INDUSTRY,Industry
Q1771628,Q126793,INDUSTRY,Industry
Q12714075,Q126793,INDUSTRY,Industry
Q215639,Q638608,INDUSTRY,Industry
Q5210706,Q1505660,INDUSTRY,Industry
Q750292,Q7835189,INDUSTRY,Industry
Q750292, Q178512,INDUSTRY,Industry
Q11993725,Q19393031,INDUSTRY,Industry
Q33440274,Q941594,INDUSTRY,Industry
Q1770068,Q594593,INDUSTRY,Industry
Q28256646,Q62069207,INDUSTRY,Industry
Q28256646, Q350882,INDUSTRY,Industry
Q5988558,Q177765,INDUSTRY,Industry
Q11960977,Q81799,INDUSTRY,Industry
Q187854,Q1757562,INDUSTRY,Industry
Q25435180,Q869095,INDUSTRY,Industry
Q31079805,Q1407228,INDUSTRY,Industry
Q31079805, Q932586,INDUSTRY,Industry
Q19392507,Q126793,INDUSTRY,Industry
Q4891601,Q2316331,INDUSTRY,Industry
Q25424437,Q25245117,INDUSTRY,Industry
Q107349471,Q941594,INDUSTRY,Industry
Q83825,Q3565868,INDUSTRY,Industry
Q83825, Q178512,INDUSTRY,Industry
Q11993855,Q25245117,INDUSTRY,Industry
Q110516569,Q100269062,INDUSTRY,Industry
Q110516569, Q13479982,INDUSTRY,Industry
Q110516569, Q5340806,INDUSTRY,Industry
Q110516569, Q319622,INDUSTRY,Industry
Q110516569, Q4290,INDUSTRY,Industry
Q5442461,Q126793,INDUSTRY,Industry
Q4411496,Q59677291,INDUSTRY,Industry
Q11962722,Q206615,INDUSTRY,Industry
Q716328,Q18043413,INDUSTRY,Industry
Q716328, Q15825471,INDUSTRY,Industry
Q1815701,Q49845,INDUSTRY,Industry
Q7573582,Q837171,INDUSTRY,Industry
Q11984150,Q12271,INDUSTRY,Industry
Q111889769,Q1381931,INDUSTRY,Industry
Q111889769, Q746359,INDUSTRY,Industry
Q108126577,Q29584231,INDUSTRY,Industry
Q17522158,Q178512,INDUSTRY,Industry
Q6427938,Q178512,INDUSTRY,Industry
Q511335,Q12271,INDUSTRY,Industry
Q1785012,Q4453957,INDUSTRY,Industry
Q11686899,Q178512,INDUSTRY,Industry
Q417391,Q837171,INDUSTRY,Industry
Q7885253,Q418,INDUSTRY,Industry
Q23979144,Q1311670,INDUSTRY,Industry
Q7000460,Q95744445,CEO,Person
Q7000460, Q95744193,CEO,Person
Q511031,Q62114985,CEO,Person
Q105690179,Q17278034,CEO,Person
Q3357167,Q17106154,CEO,Person
Q1769959,Q4579886,CEO,Person
Q845632,Q7513372,CEO,Person
Q7403259,Q11973427,CEO,Person
Q1309851,Q6438198,CEO,Person
Q842108,Q33290562,CEO,Person
Q1776022,Q28047991,CEO,Person
Q15139453,Q76340270,CEO,Person
Q31081333,Q11979380,CEO,Person
Q11979877,Q54583063,CEO,Person
Q80788,Q64587234,CEO,Person
Q80788, Q4582045,CEO,Person
Q7050523,Q12006930,CEO,Person
Q7050523, Q25431453,CEO,Person
Q7050523, Q17105412,CEO,Person
Q7050523, Q17108577,CEO,Person
Q5124781,Q446695,CEO,Person
Q3102177,Q19371832,CEO,Person
Q1681145,Q4570853,CEO,Person
Q56230193,Q76340270,CEO,Person
Q112761550,Q22260782,CEO,Person
Q18455539,Q22277709,CEO,Person
Q11968624,Q11983403,CEO,Person
Q2937546,Q12006636,CEO,Person
Q6515085,Q12759668,CEO,Person
Q4581905,Q104432331,CEO,Person
Q4581905, Q104432215,CEO,Person
Q4581905, Q104431849,CEO,Person
Q113699916,Q95189366,CEO,Person
Q190238,Q12006150,CEO,Person
Q215392,Q67079850,CEO,Person
Q215639,Q92770,CEO,Person
Q750292,Q95728822,CEO,Person
Q1770068,Q113516682,CEO,Person
Q4891601,Q114056718,CEO,Person
Q25424437,Q56230257,CEO,Person
Q83825,Q3433215,CEO,Person
Q83825, Q11972678,CEO,Person
Q83825, Q11994318,CEO,Person
Q83825, Q11971696,CEO,Person
Q83825, Q4794700,CEO,Person
Q83825, Q95692568,CEO,Person
Q11993855,Q12759668,CEO,Person
Q1815701,Q99465295,CEO,Person
Q7573582,Q64152382,CEO,Person
Q108126577,Q108126641,CEO,Person
Q11686899,Q6155174,CEO,Person
Q11686899, Q112222645,CEO,Person
Q7885253,Q61752123,CEO,Person
Q7000460,Q11971696,CHAIRMAN,Person
Q511031,Q5208424,CHAIRMAN,Person
Q105690179,Q11256023,CHAIRMAN,Person
Q7795923,Q456162,CHAIRMAN,Person
Q417431,Q12012128,CHAIRMAN,Person
Q3357167,Q5987710,CHAIRMAN,Person
Q11988771,Q4583004,CHAIRMAN,Person
Q1769959,Q5618950,CHAIRMAN,Person
Q845632,Q4567000,CHAIRMAN,Person
Q7403259,Q4816882,CHAIRMAN,Person
Q1309851,Q17110401,CHAIRMAN,Person
Q970769,Q110126862,CHAIRMAN,Person
Q1778870,Q7077379,CHAIRMAN,Person
Q110975364,Q5704523,CHAIRMAN,Person
Q11966962,Q4576108,CHAIRMAN,Person
Q31081333,Q12318851,CHAIRMAN,Person
Q80788,Q11993401,CHAIRMAN,Person
Q7050523,Q17108156,CHAIRMAN,Person
Q56405371,Q67079850,CHAIRMAN,Person
Q3102177,Q20111856,CHAIRMAN,Person
Q1681145,Q446390,CHAIRMAN,Person
Q12718328,Q112747639,CHAIRMAN,Person
Q18455539,Q1778858,CHAIRMAN,Person
Q111731647,Q112747639,CHAIRMAN,Person
Q5638428,Q11957317,CHAIRMAN,Person
Q750292,Q7513235,CHAIRMAN,Person
Q1770068,Q17111218,CHAIRMAN,Person
Q28256646,Q99519549,CHAIRMAN,Person
Q83825,Q17110681,CHAIRMAN,Person
Q1815701,Q99464758,CHAIRMAN,Person
Q7573582,Q99477988,CHAIRMAN,Person
Q17522158,Q7283169,CHAIRMAN,Person
Q6427938,Q106434709,CHAIRMAN,Person
Q511335,Q17107210,CHAIRMAN,Person
Q1785012,Q6437820,CHAIRMAN,Person
Q23979144,Q50768064,CHAIRMAN,Person
Q7000460,Q585,HEADQUARTERS,Location
Q511031,Q585,HEADQUARTERS,Location
Q1298438,Q25804,HEADQUARTERS,Location
Q47507312,Q26793,HEADQUARTERS,Location
Q110677921,Q1375280,HEADQUARTERS,Location
Q110677921, Q585,HEADQUARTERS,Location
Q110259901,Q585,HEADQUARTERS,Location
Q7915546,Q2272,HEADQUARTERS,Location
Q19392885,Q585,HEADQUARTERS,Location
Q105690179,Q585,HEADQUARTERS,Location
Q6127470,Q84,HEADQUARTERS,Location
Q11957389,Q1779382,HEADQUARTERS,Location
Q107300119,Q57919,HEADQUARTERS,Location
Q252617,Q6459,HEADQUARTERS,Location
Q252617, Q1825,HEADQUARTERS,Location
Q22283906,Q585,HEADQUARTERS,Location
Q6966507,Q59101,HEADQUARTERS,Location
Q7795923,Q585,HEADQUARTERS,Location
Q5983762,Q109499,HEADQUARTERS,Location
Q417431,Q2363688,HEADQUARTERS,Location
Q3357167,Q585,HEADQUARTERS,Location
Q388841,Q585,HEADQUARTERS,Location
Q11956605,Q585,HEADQUARTERS,Location
Q6513889,Q585,HEADQUARTERS,Location
Q1755702,Q585,HEADQUARTERS,Location
Q1771235,Q585,HEADQUARTERS,Location
Q819558,Q26793,HEADQUARTERS,Location
Q1999199,Q26525,HEADQUARTERS,Location
Q1999199, Q585,HEADQUARTERS,Location
Q1800512,Q2760222,HEADQUARTERS,Location
Q6514106,Q111039,HEADQUARTERS,Location
Q12000809,Q10637941,HEADQUARTERS,Location
Q11988771,Q585,HEADQUARTERS,Location
Q59157222,Q585,HEADQUARTERS,Location
Q4577082,Q2199159,HEADQUARTERS,Location
Q1769959,Q1771789,HEADQUARTERS,Location
Q16323063,Q101341,HEADQUARTERS,Location
Q110204996,Q3229418,HEADQUARTERS,Location
Q11995777,Q27587,HEADQUARTERS,Location
Q845632,Q57076,HEADQUARTERS,Location
Q110734771,Q1825,HEADQUARTERS,Location
Q17770215,Q107135,HEADQUARTERS,Location
Q7403259,Q484119,HEADQUARTERS,Location
Q1309851,Q585,HEADQUARTERS,Location
Q46376614,Q585,HEADQUARTERS,Location
Q498401,Q26772333,HEADQUARTERS,Location
Q11971386,Q585,HEADQUARTERS,Location
Q2020649,Q1757,HEADQUARTERS,Location
Q970769,Q585,HEADQUARTERS,Location
Q4691685,Q2415,HEADQUARTERS,Location
Q24695424,Q26793,HEADQUARTERS,Location
Q1778870,Q109005,HEADQUARTERS,Location
Q62761254,Q104400,HEADQUARTERS,Location
Q2703272,Q2363688,HEADQUARTERS,Location
Q56487613,Q585,HEADQUARTERS,Location
Q1139355,Q585,HEADQUARTERS,Location
Q661479,Q585,HEADQUARTERS,Location
Q11960143,Q2363688,HEADQUARTERS,Location
Q4355084,Q2415,HEADQUARTERS,Location
Q11959125,Q585,HEADQUARTERS,Location
Q107183026,Q585,HEADQUARTERS,Location
Q842108,Q53865133,HEADQUARTERS,Location
Q842108, Q90,HEADQUARTERS,Location
Q918638,Q585,HEADQUARTERS,Location
Q1776022,Q25416,HEADQUARTERS,Location
Q106451969,Q25804,HEADQUARTERS,Location
Q15139453,Q57076,HEADQUARTERS,Location
Q111130002,Q26087,HEADQUARTERS,Location
Q105114179,Q105086412,HEADQUARTERS,Location
Q113137701,Q104400,HEADQUARTERS,Location
Q911973,Q20,HEADQUARTERS,Location
Q110975364,Q585,HEADQUARTERS,Location
Q11966962,Q585,HEADQUARTERS,Location
Q50824508,Q585,HEADQUARTERS,Location
Q19388379,Q1503983,HEADQUARTERS,Location
Q1764501,Q1289596,HEADQUARTERS,Location
Q11990436,Q26525,HEADQUARTERS,Location
Q7050849,Q3362082,HEADQUARTERS,Location
Q31081333,Q585,HEADQUARTERS,Location
Q11991429,Q1698870,HEADQUARTERS,Location
Q19387078,Q585,HEADQUARTERS,Location
Q11979877,Q585,HEADQUARTERS,Location
Q486156,Q3357211,HEADQUARTERS,Location
Q113991614,Q585,HEADQUARTERS,Location
Q80788,Q585,HEADQUARTERS,Location
Q1460924,Q585,HEADQUARTERS,Location
Q1764841,Q113538,HEADQUARTERS,Location
Q106940660,Q26793,HEADQUARTERS,Location
Q1475657,Q17362932,HEADQUARTERS,Location
Q1475657, Q57076,HEADQUARTERS,Location
Q7050523,Q7606901,HEADQUARTERS,Location
Q4570270,Q26087,HEADQUARTERS,Location
Q84753735,Q585,HEADQUARTERS,Location
Q1964355,Q2632394,HEADQUARTERS,Location
Q5124781,Q585,HEADQUARTERS,Location
Q17775971,Q101341,HEADQUARTERS,Location
Q28718965,Q39383,HEADQUARTERS,Location
Q5683927,Q1439388,HEADQUARTERS,Location
Q47457642,Q585,HEADQUARTERS,Location
Q1056473,Q62266,HEADQUARTERS,Location
Q1760498,Q2129267,HEADQUARTERS,Location
Q58897594,Q57076,HEADQUARTERS,Location
Q3102177,Q585,HEADQUARTERS,Location
Q386372,Q2272,HEADQUARTERS,Location
Q105104598,Q105037823,HEADQUARTERS,Location
Q8074211,Q62,HEADQUARTERS,Location
Q19384848,Q585,HEADQUARTERS,Location
Q60331291,Q585,HEADQUARTERS,Location
Q1681145,Q585,HEADQUARTERS,Location
Q4877293,Q42328401,HEADQUARTERS,Location
Q643177,Q490462,HEADQUARTERS,Location
Q50281889,Q26793,HEADQUARTERS,Location
Q11998556,Q585,HEADQUARTERS,Location
Q77289750,Q585,HEADQUARTERS,Location
Q84492874,Q489342,HEADQUARTERS,Location
Q108603335,Q1993766,HEADQUARTERS,Location
Q1479263,Q2415,HEADQUARTERS,Location
Q28718861,Q585,HEADQUARTERS,Location
Q80716310,Q585,HEADQUARTERS,Location
Q19379243,Q26793,HEADQUARTERS,Location
Q11993935,Q585,HEADQUARTERS,Location
Q10632989,Q12912940,HEADQUARTERS,Location
Q11997886,Q865925,HEADQUARTERS,Location
Q56230193,Q2363688,HEADQUARTERS,Location
Q112875919,Q585,HEADQUARTERS,Location
Q56425411,Q585,HEADQUARTERS,Location
Q11989890,Q585,HEADQUARTERS,Location
Q57901713,Q1503983,HEADQUARTERS,Location
Q28459,Q585,HEADQUARTERS,Location
Q1761865,Q1034159,HEADQUARTERS,Location
Q7883092,Q25804,HEADQUARTERS,Location
Q112761550,Q101341,HEADQUARTERS,Location
Q12718328,Q1805933,HEADQUARTERS,Location
Q204457,Q26793,HEADQUARTERS,Location
Q18455539,Q57076,HEADQUARTERS,Location
Q109628199,Q5617769,HEADQUARTERS,Location
Q11968624,Q585,HEADQUARTERS,Location
Q19391814,Q26793,HEADQUARTERS,Location
Q103699019,Q4569996,HEADQUARTERS,Location
Q2937546,Q585,HEADQUARTERS,Location
Q27665087,Q26793,HEADQUARTERS,Location
Q21683250,Q585,HEADQUARTERS,Location
Q19397877,Q288577,HEADQUARTERS,Location
Q19397630,Q11976124,HEADQUARTERS,Location
Q2160593,Q570558,HEADQUARTERS,Location
Q6515085,Q585,HEADQUARTERS,Location
Q12006943,Q585,HEADQUARTERS,Location
Q7831915,Q585,HEADQUARTERS,Location
Q11959918,Q7557746,HEADQUARTERS,Location
Q19389823,Q585,HEADQUARTERS,Location
Q111731647,Q484008,HEADQUARTERS,Location
Q4581905,Q2236,HEADQUARTERS,Location
Q113687974,Q27587,HEADQUARTERS,Location
Q113699916,Q26793,HEADQUARTERS,Location
Q110331435,Q113552,HEADQUARTERS,Location
Q10581720,Q585,HEADQUARTERS,Location
Q4937054,Q39383,HEADQUARTERS,Location
Q190238,Q11990727,HEADQUARTERS,Location
Q43896479,Q26525,HEADQUARTERS,Location
Q5638428,Q585,HEADQUARTERS,Location
Q99525174,Q57860,HEADQUARTERS,Location
Q1613639,Q6544242,HEADQUARTERS,Location
Q215392,Q2363688,HEADQUARTERS,Location
Q12010840,Q585,HEADQUARTERS,Location
Q7558873,Q1900046,HEADQUARTERS,Location
Q23498557,Q585,HEADQUARTERS,Location
Q20553162,Q113571,HEADQUARTERS,Location
Q1771628,Q7071034,HEADQUARTERS,Location
Q12714075,Q585,HEADQUARTERS,Location
Q215639,Q585,HEADQUARTERS,Location
Q5210706,Q1951189,HEADQUARTERS,Location
Q750292,Q585,HEADQUARTERS,Location
Q111686310,Q995477,HEADQUARTERS,Location
Q11988889,Q26793,HEADQUARTERS,Location
Q11993725,Q3187118,HEADQUARTERS,Location
Q33440274,Q585,HEADQUARTERS,Location
Q1157193,Q5679284,HEADQUARTERS,Location
Q1770068,Q585,HEADQUARTERS,Location
Q28256646,Q585,HEADQUARTERS,Location
Q5988558,Q585,HEADQUARTERS,Location
Q11960977,Q25804,HEADQUARTERS,Location
Q187854,Q10673294,HEADQUARTERS,Location
Q25435180,Q10713978,HEADQUARTERS,Location
Q31079805,Q26793,HEADQUARTERS,Location
Q19392507,Q6516948,HEADQUARTERS,Location
Q4891601,Q26793,HEADQUARTERS,Location
Q25424437,Q585,HEADQUARTERS,Location
Q76461532,Q585,HEADQUARTERS,Location
Q83825,Q585,HEADQUARTERS,Location
Q1790884,Q585,HEADQUARTERS,Location
Q11993855,Q585,HEADQUARTERS,Location
Q5442461,Q585,HEADQUARTERS,Location
Q4411496,Q585,HEADQUARTERS,Location
Q716328,Q585,HEADQUARTERS,Location
Q62414538,Q585,HEADQUARTERS,Location
Q1815701,Q585,HEADQUARTERS,Location
Q7573582,Q26793,HEADQUARTERS,Location
Q11984150,Q57076,HEADQUARTERS,Location
Q111889769,Q6535,HEADQUARTERS,Location
Q108126577,Q585,HEADQUARTERS,Location
Q47178816,Q585,HEADQUARTERS,Location
Q17522158,Q26525,HEADQUARTERS,Location
Q62084015,Q114,HEADQUARTERS,Location
Q6427938,Q26772333,HEADQUARTERS,Location
Q511335,Q585,HEADQUARTERS,Location
Q7187731,Q585,HEADQUARTERS,Location
Q1785012,Q585,HEADQUARTERS,Location
Q11686899,Q25804,HEADQUARTERS,Location
Q1759546,Q4581188,HEADQUARTERS,Location
Q417391,Q2363688,HEADQUARTERS,Location
Q23042881,Q585,HEADQUARTERS,Location
Q7885253,Q25804,HEADQUARTERS,Location
Q23979144,Q585,HEADQUARTERS,Location
Q1603114,Q585,HEADQUARTERS,Location
Q498401,Q106706430,GROUPED_IN,Group
Q3354774,Q486156,GROUPED_IN,Group
Q7000460,Q20,RESIDES_IN,Location
Q511031,Q20,RESIDES_IN,Location
Q1298438,Q20,RESIDES_IN,Location
Q47507312,Q20,RESIDES_IN,Location
Q110677921,Q30,RESIDES_IN,Location
Q110259901,Q20,RESIDES_IN,Location
Q7915546,Q20,RESIDES_IN,Location
Q19392885,Q20,RESIDES_IN,Location
Q105690179,Q20,RESIDES_IN,Location
Q19377514,Q20,RESIDES_IN,Location
Q6127470,Q20,RESIDES_IN,Location
Q11957389,Q20,RESIDES_IN,Location
Q107300119,Q20,RESIDES_IN,Location
Q252617,Q20,RESIDES_IN,Location
Q22283906,Q20,RESIDES_IN,Location
Q6966507,Q20,RESIDES_IN,Location
Q314536,Q20,RESIDES_IN,Location
Q7795923,Q20,RESIDES_IN,Location
Q5983762,Q20,RESIDES_IN,Location
Q417431,Q20,RESIDES_IN,Location
Q3357167,Q20,RESIDES_IN,Location
Q112275556,Q20,RESIDES_IN,Location
Q388841,Q20,RESIDES_IN,Location
Q11956605,Q20,RESIDES_IN,Location
Q6513889,Q20,RESIDES_IN,Location
Q1755702,Q20,RESIDES_IN,Location
Q1771235,Q20,RESIDES_IN,Location
Q10720798,Q20,RESIDES_IN,Location
Q819558,Q20,RESIDES_IN,Location
Q1999199,Q20,RESIDES_IN,Location
Q1800512,Q20,RESIDES_IN,Location
Q6514106,Q20,RESIDES_IN,Location
Q12000809,Q20,RESIDES_IN,Location
Q11956351,Q20,RESIDES_IN,Location
Q11988771,Q20,RESIDES_IN,Location
Q59157222,Q20,RESIDES_IN,Location
Q4577082,Q20,RESIDES_IN,Location
Q1769959,Q20,RESIDES_IN,Location
Q106775674,Q20,RESIDES_IN,Location
Q16323063,Q20,RESIDES_IN,Location
Q110204996,Q20,RESIDES_IN,Location
Q6514414,Q37,RESIDES_IN,Location
Q11995777,Q20,RESIDES_IN,Location
Q97621397,Q20,RESIDES_IN,Location
Q845632,Q20,RESIDES_IN,Location
Q110734771,Q20,RESIDES_IN,Location
Q109828990,Q20,RESIDES_IN,Location
Q17770215,Q20,RESIDES_IN,Location
Q7403259,Q20,RESIDES_IN,Location
Q1309851,Q20,RESIDES_IN,Location
Q46376614,Q20,RESIDES_IN,Location
Q498401,Q20,RESIDES_IN,Location
Q11971386,Q20,RESIDES_IN,Location
Q2020649,Q211,RESIDES_IN,Location
Q96180892,Q20,RESIDES_IN,Location
Q970769,Q20,RESIDES_IN,Location
Q4691685,Q20,RESIDES_IN,Location
Q24695424,Q20,RESIDES_IN,Location
Q1778870,Q20,RESIDES_IN,Location
Q62761254,Q20,RESIDES_IN,Location
Q11997878,Q20,RESIDES_IN,Location
Q2703272,Q20,RESIDES_IN,Location
Q56487613,Q20,RESIDES_IN,Location
Q10443115,Q20,RESIDES_IN,Location
Q1139355,Q20,RESIDES_IN,Location
Q661479,Q20,RESIDES_IN,Location
Q11960143,Q20,RESIDES_IN,Location
Q4355084,Q20,RESIDES_IN,Location
Q11959125,Q20,RESIDES_IN,Location
Q28213819,Q20,RESIDES_IN,Location
Q107183026,Q20,RESIDES_IN,Location
Q842108,Q55,RESIDES_IN,Location
Q918638,Q20,RESIDES_IN,Location
Q1776022,Q20,RESIDES_IN,Location
Q106444740,Q20,RESIDES_IN,Location
Q106451969,Q20,RESIDES_IN,Location
Q15139453,Q55,RESIDES_IN,Location
Q111130002,Q34,RESIDES_IN,Location
Q105114179,Q20,RESIDES_IN,Location
Q113137701,Q20,RESIDES_IN,Location
Q911973,Q20,RESIDES_IN,Location
Q110975364,Q20,RESIDES_IN,Location
Q11966962,Q20,RESIDES_IN,Location
Q24817391,Q20,RESIDES_IN,Location
Q50824508,Q20,RESIDES_IN,Location
Q19388379,Q20,RESIDES_IN,Location
Q1764501,Q20,RESIDES_IN,Location
Q11990436,Q20,RESIDES_IN,Location
Q7050849,Q20,RESIDES_IN,Location
Q31081333,Q20,RESIDES_IN,Location
Q11991429,Q20,RESIDES_IN,Location
Q19387078,Q20,RESIDES_IN,Location
Q11979877,Q20,RESIDES_IN,Location
Q486156,Q20,RESIDES_IN,Location
Q113991614,Q20,RESIDES_IN,Location
Q80788,Q20,RESIDES_IN,Location
Q1460924,Q20,RESIDES_IN,Location
Q1764841,Q20,RESIDES_IN,Location
Q17047215,Q20,RESIDES_IN,Location
Q106940660,Q20,RESIDES_IN,Location
Q1475657,Q20,RESIDES_IN,Location
Q7050523,Q20,RESIDES_IN,Location
Q4570270,Q20,RESIDES_IN,Location
Q56405371,Q20,RESIDES_IN,Location
Q84753735,Q20,RESIDES_IN,Location
Q1964355,Q20,RESIDES_IN,Location
Q5124781,Q20,RESIDES_IN,Location
Q7879162,Q20,RESIDES_IN,Location
Q11966068,Q20,RESIDES_IN,Location
Q1780482,Q20,RESIDES_IN,Location
Q17775971,Q20,RESIDES_IN,Location
Q106229672,Q20,RESIDES_IN,Location
Q63107043,Q20,RESIDES_IN,Location
Q28718965,Q20,RESIDES_IN,Location
Q5683927,Q20,RESIDES_IN,Location
Q47457642,Q20,RESIDES_IN,Location
Q1056473,Q20,RESIDES_IN,Location
Q50285372,Q20,RESIDES_IN,Location
Q1760498,Q20,RESIDES_IN,Location
Q58897594,Q20,RESIDES_IN,Location
Q3102177,Q20,RESIDES_IN,Location
Q386372,Q20,RESIDES_IN,Location
Q105104598,Q20,RESIDES_IN,Location
Q8074211,Q20,RESIDES_IN,Location
Q19384848,Q20,RESIDES_IN,Location
Q60331291,Q20,RESIDES_IN,Location
Q5167705,Q20,RESIDES_IN,Location
Q10430823,Q20,RESIDES_IN,Location
Q1681145,Q20,RESIDES_IN,Location
Q4877293,Q20,RESIDES_IN,Location
Q19398541,Q20,RESIDES_IN,Location
Q643177,Q20,RESIDES_IN,Location
Q56404324,Q20,RESIDES_IN,Location
Q50281889,Q20,RESIDES_IN,Location
Q11998556,Q20,RESIDES_IN,Location
Q77289750,Q20,RESIDES_IN,Location
Q56760580,Q20,RESIDES_IN,Location
Q84492874,Q20,RESIDES_IN,Location
Q108603335,Q20,RESIDES_IN,Location
Q1479263,Q20,RESIDES_IN,Location
Q6610469,Q20,RESIDES_IN,Location
Q28718861,Q20,RESIDES_IN,Location
Q57563415,Q20,RESIDES_IN,Location
Q80716310,Q20,RESIDES_IN,Location
Q19379243,Q20,RESIDES_IN,Location
Q11993935,Q20,RESIDES_IN,Location
Q1767454,Q20,RESIDES_IN,Location
Q19381476,Q20,RESIDES_IN,Location
Q18888366,Q20,RESIDES_IN,Location
Q528446,Q20,RESIDES_IN,Location
Q10632989,Q33,RESIDES_IN,Location
Q11997886,Q20,RESIDES_IN,Location
Q12004814,Q20,RESIDES_IN,Location
Q56230193,Q20,RESIDES_IN,Location
Q112875919,Q20,RESIDES_IN,Location
Q56425411,Q20,RESIDES_IN,Location
Q11989890,Q20,RESIDES_IN,Location
Q7093732,Q20,RESIDES_IN,Location
Q57901713,Q20,RESIDES_IN,Location
Q28459,Q20,RESIDES_IN,Location
Q1761865,Q20,RESIDES_IN,Location
Q11962715,Q20,RESIDES_IN,Location
Q7883092,Q20,RESIDES_IN,Location
Q11968121,Q20,RESIDES_IN,Location
Q112761550,Q20,RESIDES_IN,Location
Q12718328,Q20,RESIDES_IN,Location
Q19397565,Q20,RESIDES_IN,Location
Q108110683,Q20,RESIDES_IN,Location
Q7107010,Q20,RESIDES_IN,Location
Q204457,Q20,RESIDES_IN,Location
Q18455539,Q20,RESIDES_IN,Location
Q11994701,Q20,RESIDES_IN,Location
Q109628199,Q20,RESIDES_IN,Location
Q11968624,Q20,RESIDES_IN,Location
Q19391814,Q20,RESIDES_IN,Location
Q112701631,Q20,RESIDES_IN,Location
Q103699019,Q20,RESIDES_IN,Location
Q2937546,Q20,RESIDES_IN,Location
Q27665087,Q20,RESIDES_IN,Location
Q21683250,Q20,RESIDES_IN,Location
Q19397877,Q20,RESIDES_IN,Location
Q11971452,Q20,RESIDES_IN,Location
Q19397630,Q20,RESIDES_IN,Location
Q2160593,Q20,RESIDES_IN,Location
Q17770632,Q20,RESIDES_IN,Location
Q6515085,Q20,RESIDES_IN,Location
Q12000916,Q20,RESIDES_IN,Location
Q12006943,Q20,RESIDES_IN,Location
Q5167707,Q20,RESIDES_IN,Location
Q7831915,Q20,RESIDES_IN,Location
Q11959918,Q20,RESIDES_IN,Location
Q19389823,Q20,RESIDES_IN,Location
Q111731647,Q20,RESIDES_IN,Location
Q4581905,Q20,RESIDES_IN,Location
Q113687974,Q20,RESIDES_IN,Location
Q113699916,Q20,RESIDES_IN,Location
Q110331435,Q20,RESIDES_IN,Location
Q10581720,Q20,RESIDES_IN,Location
Q4937054,Q20,RESIDES_IN,Location
Q190238,Q20,RESIDES_IN,Location
Q43896479,Q20,RESIDES_IN,Location
Q5638428,Q20,RESIDES_IN,Location
Q99525174,Q20,RESIDES_IN,Location
Q3354774,Q20,RESIDES_IN,Location
Q90859310,Q20,RESIDES_IN,Location
Q1613639,Q20,RESIDES_IN,Location
Q66364383,Q20,RESIDES_IN,Location
Q19382469,Q20,RESIDES_IN,Location
Q215392,Q20,RESIDES_IN,Location
Q110736659,Q20,RESIDES_IN,Location
Q12010840,Q20,RESIDES_IN,Location
Q7558873,Q20,RESIDES_IN,Location
Q23498557,Q30,RESIDES_IN,Location
Q20553162,Q20,RESIDES_IN,Location
Q1771628,Q20,RESIDES_IN,Location
Q104017274,Q20,RESIDES_IN,Location
Q12714075,Q20,RESIDES_IN,Location
Q215639,Q20,RESIDES_IN,Location
Q5210706,Q20,RESIDES_IN,Location
Q750292,Q20,RESIDES_IN,Location
Q111686310,Q20,RESIDES_IN,Location
Q11988889,Q20,RESIDES_IN,Location
Q11993725,Q20,RESIDES_IN,Location
Q33440274,Q20,RESIDES_IN,Location
Q1157193,Q20,RESIDES_IN,Location
Q1770068,Q20,RESIDES_IN,Location
Q28256646,Q20,RESIDES_IN,Location
Q3442952,Q20,RESIDES_IN,Location
Q5988558,Q20,RESIDES_IN,Location
Q11960977,Q20,RESIDES_IN,Location
Q187854,Q35,RESIDES_IN,Location
Q25435180,Q20,RESIDES_IN,Location
Q31079805,Q20,RESIDES_IN,Location
Q19392507,Q20,RESIDES_IN,Location
Q3657087,Q20,RESIDES_IN,Location
Q4891601,Q20,RESIDES_IN,Location
Q25424437,Q20,RESIDES_IN,Location
Q107349471,Q20,RESIDES_IN,Location
Q76461532,Q20,RESIDES_IN,Location
Q11965398,Q20,RESIDES_IN,Location
Q83825,Q20,RESIDES_IN,Location
Q602130,Q20,RESIDES_IN,Location
Q1790884,Q20,RESIDES_IN,Location
Q11993855,Q20,RESIDES_IN,Location
Q112232004,Q20,RESIDES_IN,Location
Q110516569,Q35,RESIDES_IN,Location
Q5442461,Q20,RESIDES_IN,Location
Q4411496,Q20,RESIDES_IN,Location
Q11962722,Q20,RESIDES_IN,Location
Q11976069,Q20,RESIDES_IN,Location
Q716328,Q20,RESIDES_IN,Location
Q62414538,Q20,RESIDES_IN,Location
Q1815701,Q20,RESIDES_IN,Location
Q7573582,Q20,RESIDES_IN,Location
Q11984150,Q20,RESIDES_IN,Location
Q111889769,Q20,RESIDES_IN,Location
Q108126577,Q20,RESIDES_IN,Location
Q47178816,Q20,RESIDES_IN,Location
Q17522158,Q20,RESIDES_IN,Location
Q62084015,Q20,RESIDES_IN,Location
Q6427938,Q20,RESIDES_IN,Location
Q11993891,Q20,RESIDES_IN,Location
Q511335,Q20,RESIDES_IN,Location
Q7187731,Q20,RESIDES_IN,Location
Q1785012,Q20,RESIDES_IN,Location
Q11686899,Q20,RESIDES_IN,Location
Q1759546,Q20,RESIDES_IN,Location
Q417391,Q20,RESIDES_IN,Location
Q23042881,Q20,RESIDES_IN,Location
Q7885253,Q20,RESIDES_IN,Location
Q23979144,Q20,RESIDES_IN,Location
Q1603114,Q20,RESIDES_IN,Location
Q511031,9_employee_count,EMPLOYEE_COUNT_BAND,Quant_Metric
Q845632,6_employee_count,EMPLOYEE_COUNT_BAND,Quant_Metric
Q1309851,1_employee_count,EMPLOYEE_COUNT_BAND,Quant_Metric
Q1778870,3_employee_count,EMPLOYEE_COUNT_BAND,Quant_Metric
Q1776022,6_employee_count,EMPLOYEE_COUNT_BAND,Quant_Metric
Q486156,2_employee_count,EMPLOYEE_COUNT_BAND,Quant_Metric
Q80788,2_employee_count,EMPLOYEE_COUNT_BAND,Quant_Metric
Q1681145,1_employee_count,EMPLOYEE_COUNT_BAND,Quant_Metric
Q19379243,1_employee_count,EMPLOYEE_COUNT_BAND,Quant_Metric
Q18455539,3_employee_count,EMPLOYEE_COUNT_BAND,Quant_Metric
Q190238,1_employee_count,EMPLOYEE_COUNT_BAND,Quant_Metric
Q187854,3_employee_count,EMPLOYEE_COUNT_BAND,Quant_Metric
Q83825,3_employee_count,EMPLOYEE_COUNT_BAND,Quant_Metric
Q1815701,4_employee_count,EMPLOYEE_COUNT_BAND,Quant_Metric
Q23979144,1_employee_count,EMPLOYEE_COUNT_BAND,Quant_Metric
Q511031,5_profit,PROFIT_BAND,Quant_Metric
Q80788,9_profit,PROFIT_BAND,Quant_Metric
Q1681145,5_profit,PROFIT_BAND,Quant_Metric
Q80788,9_assets,ASSETS_BAND,Quant_Metric
Q7000460,4_equity,EQUITY_BAND,Quant_Metric
Q511031,4_equity,EQUITY_BAND,Quant_Metric
Q1298438,4_equity,EQUITY_BAND,Quant_Metric
Q47507312,4_equity,EQUITY_BAND,Quant_Metric
Q110677921,4_equity,EQUITY_BAND,Quant_Metric
Q110259901,4_equity,EQUITY_BAND,Quant_Metric
Q7915546,4_equity,EQUITY_BAND,Quant_Metric
Q19392885,4_equity,EQUITY_BAND,Quant_Metric
Q105690179,4_equity,EQUITY_BAND,Quant_Metric
Q19377514,4_equity,EQUITY_BAND,Quant_Metric
Q6127470,4_equity,EQUITY_BAND,Quant_Metric
Q11957389,4_equity,EQUITY_BAND,Quant_Metric
Q107300119,4_equity,EQUITY_BAND,Quant_Metric
Q252617,4_equity,EQUITY_BAND,Quant_Metric
Q22283906,4_equity,EQUITY_BAND,Quant_Metric
Q6966507,4_equity,EQUITY_BAND,Quant_Metric
Q314536,4_equity,EQUITY_BAND,Quant_Metric
Q7795923,4_equity,EQUITY_BAND,Quant_Metric
Q5983762,4_equity,EQUITY_BAND,Quant_Metric
Q417431,4_equity,EQUITY_BAND,Quant_Metric
Q3357167,4_equity,EQUITY_BAND,Quant_Metric
Q112275556,4_equity,EQUITY_BAND,Quant_Metric
Q388841,4_equity,EQUITY_BAND,Quant_Metric
Q11956605,4_equity,EQUITY_BAND,Quant_Metric
Q6513889,4_equity,EQUITY_BAND,Quant_Metric
Q1755702,4_equity,EQUITY_BAND,Quant_Metric
Q1771235,4_equity,EQUITY_BAND,Quant_Metric
Q10720798,4_equity,EQUITY_BAND,Quant_Metric
Q819558,4_equity,EQUITY_BAND,Quant_Metric
Q1999199,4_equity,EQUITY_BAND,Quant_Metric
Q1800512,4_equity,EQUITY_BAND,Quant_Metric
Q6514106,4_equity,EQUITY_BAND,Quant_Metric
Q12000809,4_equity,EQUITY_BAND,Quant_Metric
Q11956351,4_equity,EQUITY_BAND,Quant_Metric
Q11988771,4_equity,EQUITY_BAND,Quant_Metric
Q59157222,4_equity,EQUITY_BAND,Quant_Metric
Q4577082,4_equity,EQUITY_BAND,Quant_Metric
Q1769959,4_equity,EQUITY_BAND,Quant_Metric
Q106775674,4_equity,EQUITY_BAND,Quant_Metric
Q16323063,4_equity,EQUITY_BAND,Quant_Metric
Q110204996,4_equity,EQUITY_BAND,Quant_Metric
Q6514414,4_equity,EQUITY_BAND,Quant_Metric
Q11995777,4_equity,EQUITY_BAND,Quant_Metric
Q97621397,4_equity,EQUITY_BAND,Quant_Metric
Q845632,4_equity,EQUITY_BAND,Quant_Metric
Q110734771,4_equity,EQUITY_BAND,Quant_Metric
Q109828990,4_equity,EQUITY_BAND,Quant_Metric
Q17770215,4_equity,EQUITY_BAND,Quant_Metric
Q7403259,4_equity,EQUITY_BAND,Quant_Metric
Q1309851,4_equity,EQUITY_BAND,Quant_Metric
Q46376614,4_equity,EQUITY_BAND,Quant_Metric
Q498401,4_equity,EQUITY_BAND,Quant_Metric
Q11971386,4_equity,EQUITY_BAND,Quant_Metric
Q2020649,4_equity,EQUITY_BAND,Quant_Metric
Q96180892,4_equity,EQUITY_BAND,Quant_Metric
Q970769,4_equity,EQUITY_BAND,Quant_Metric
Q4691685,4_equity,EQUITY_BAND,Quant_Metric
Q24695424,4_equity,EQUITY_BAND,Quant_Metric
Q1778870,4_equity,EQUITY_BAND,Quant_Metric
Q62761254,4_equity,EQUITY_BAND,Quant_Metric
Q11997878,4_equity,EQUITY_BAND,Quant_Metric
Q2703272,4_equity,EQUITY_BAND,Quant_Metric
Q56487613,4_equity,EQUITY_BAND,Quant_Metric
Q10443115,4_equity,EQUITY_BAND,Quant_Metric
Q1139355,4_equity,EQUITY_BAND,Quant_Metric
Q661479,4_equity,EQUITY_BAND,Quant_Metric
Q11960143,4_equity,EQUITY_BAND,Quant_Metric
Q4355084,4_equity,EQUITY_BAND,Quant_Metric
Q11959125,4_equity,EQUITY_BAND,Quant_Metric
Q28213819,4_equity,EQUITY_BAND,Quant_Metric
Q107183026,4_equity,EQUITY_BAND,Quant_Metric
Q842108,4_equity,EQUITY_BAND,Quant_Metric
Q918638,4_equity,EQUITY_BAND,Quant_Metric
Q1776022,4_equity,EQUITY_BAND,Quant_Metric
Q106444740,4_equity,EQUITY_BAND,Quant_Metric
Q106451969,4_equity,EQUITY_BAND,Quant_Metric
Q15139453,4_equity,EQUITY_BAND,Quant_Metric
Q111130002,4_equity,EQUITY_BAND,Quant_Metric
Q105114179,4_equity,EQUITY_BAND,Quant_Metric
Q113137701,4_equity,EQUITY_BAND,Quant_Metric
Q911973,4_equity,EQUITY_BAND,Quant_Metric
Q110975364,4_equity,EQUITY_BAND,Quant_Metric
Q11966962,4_equity,EQUITY_BAND,Quant_Metric
Q24817391,4_equity,EQUITY_BAND,Quant_Metric
Q50824508,4_equity,EQUITY_BAND,Quant_Metric
Q19388379,4_equity,EQUITY_BAND,Quant_Metric
Q1764501,4_equity,EQUITY_BAND,Quant_Metric
Q11990436,4_equity,EQUITY_BAND,Quant_Metric
Q7050849,4_equity,EQUITY_BAND,Quant_Metric
Q31081333,4_equity,EQUITY_BAND,Quant_Metric
Q11991429,4_equity,EQUITY_BAND,Quant_Metric
Q19387078,4_equity,EQUITY_BAND,Quant_Metric
Q11979877,4_equity,EQUITY_BAND,Quant_Metric
Q486156,4_equity,EQUITY_BAND,Quant_Metric
Q113991614,4_equity,EQUITY_BAND,Quant_Metric
Q80788,4_equity,EQUITY_BAND,Quant_Metric
Q1460924,4_equity,EQUITY_BAND,Quant_Metric
Q1764841,4_equity,EQUITY_BAND,Quant_Metric
Q17047215,4_equity,EQUITY_BAND,Quant_Metric
Q106940660,4_equity,EQUITY_BAND,Quant_Metric
Q1475657,4_equity,EQUITY_BAND,Quant_Metric
Q7050523,4_equity,EQUITY_BAND,Quant_Metric
Q4570270,4_equity,EQUITY_BAND,Quant_Metric
Q56405371,4_equity,EQUITY_BAND,Quant_Metric
Q84753735,4_equity,EQUITY_BAND,Quant_Metric
Q1964355,4_equity,EQUITY_BAND,Quant_Metric
Q5124781,4_equity,EQUITY_BAND,Quant_Metric
Q7879162,4_equity,EQUITY_BAND,Quant_Metric
Q11966068,4_equity,EQUITY_BAND,Quant_Metric
Q1780482,4_equity,EQUITY_BAND,Quant_Metric
Q17775971,4_equity,EQUITY_BAND,Quant_Metric
Q106229672,4_equity,EQUITY_BAND,Quant_Metric
Q63107043,4_equity,EQUITY_BAND,Quant_Metric
Q28718965,4_equity,EQUITY_BAND,Quant_Metric
Q5683927,4_equity,EQUITY_BAND,Quant_Metric
Q47457642,4_equity,EQUITY_BAND,Quant_Metric
Q1056473,4_equity,EQUITY_BAND,Quant_Metric
Q50285372,4_equity,EQUITY_BAND,Quant_Metric
Q1760498,4_equity,EQUITY_BAND,Quant_Metric
Q58897594,4_equity,EQUITY_BAND,Quant_Metric
Q3102177,4_equity,EQUITY_BAND,Quant_Metric
Q386372,4_equity,EQUITY_BAND,Quant_Metric
Q105104598,4_equity,EQUITY_BAND,Quant_Metric
Q8074211,4_equity,EQUITY_BAND,Quant_Metric
Q19384848,4_equity,EQUITY_BAND,Quant_Metric
Q60331291,4_equity,EQUITY_BAND,Quant_Metric
Q5167705,4_equity,EQUITY_BAND,Quant_Metric
Q10430823,4_equity,EQUITY_BAND,Quant_Metric
Q1681145,4_equity,EQUITY_BAND,Quant_Metric
Q4877293,4_equity,EQUITY_BAND,Quant_Metric
Q19398541,4_equity,EQUITY_BAND,Quant_Metric
Q643177,4_equity,EQUITY_BAND,Quant_Metric
Q56404324,4_equity,EQUITY_BAND,Quant_Metric
Q50281889,4_equity,EQUITY_BAND,Quant_Metric
Q11998556,4_equity,EQUITY_BAND,Quant_Metric
Q77289750,4_equity,EQUITY_BAND,Quant_Metric
Q56760580,4_equity,EQUITY_BAND,Quant_Metric
Q84492874,4_equity,EQUITY_BAND,Quant_Metric
Q108603335,4_equity,EQUITY_BAND,Quant_Metric
Q1479263,4_equity,EQUITY_BAND,Quant_Metric
Q6610469,4_equity,EQUITY_BAND,Quant_Metric
Q28718861,4_equity,EQUITY_BAND,Quant_Metric
Q57563415,4_equity,EQUITY_BAND,Quant_Metric
Q80716310,4_equity,EQUITY_BAND,Quant_Metric
Q19379243,4_equity,EQUITY_BAND,Quant_Metric
Q11993935,4_equity,EQUITY_BAND,Quant_Metric
Q1767454,4_equity,EQUITY_BAND,Quant_Metric
Q19381476,4_equity,EQUITY_BAND,Quant_Metric
Q18888366,4_equity,EQUITY_BAND,Quant_Metric
Q528446,4_equity,EQUITY_BAND,Quant_Metric
Q10632989,4_equity,EQUITY_BAND,Quant_Metric
Q11997886,4_equity,EQUITY_BAND,Quant_Metric
Q12004814,4_equity,EQUITY_BAND,Quant_Metric
Q56230193,4_equity,EQUITY_BAND,Quant_Metric
Q112875919,4_equity,EQUITY_BAND,Quant_Metric
Q56425411,4_equity,EQUITY_BAND,Quant_Metric
Q11989890,4_equity,EQUITY_BAND,Quant_Metric
Q7093732,4_equity,EQUITY_BAND,Quant_Metric
Q57901713,4_equity,EQUITY_BAND,Quant_Metric
Q28459,4_equity,EQUITY_BAND,Quant_Metric
Q1761865,4_equity,EQUITY_BAND,Quant_Metric
Q11962715,4_equity,EQUITY_BAND,Quant_Metric
Q7883092,4_equity,EQUITY_BAND,Quant_Metric
Q11968121,4_equity,EQUITY_BAND,Quant_Metric
Q112761550,4_equity,EQUITY_BAND,Quant_Metric
Q12718328,4_equity,EQUITY_BAND,Quant_Metric
Q19397565,4_equity,EQUITY_BAND,Quant_Metric
Q108110683,4_equity,EQUITY_BAND,Quant_Metric
Q7107010,4_equity,EQUITY_BAND,Quant_Metric
Q204457,4_equity,EQUITY_BAND,Quant_Metric
Q18455539,4_equity,EQUITY_BAND,Quant_Metric
Q11994701,4_equity,EQUITY_BAND,Quant_Metric
Q109628199,4_equity,EQUITY_BAND,Quant_Metric
Q11968624,4_equity,EQUITY_BAND,Quant_Metric
Q19391814,4_equity,EQUITY_BAND,Quant_Metric
Q112701631,4_equity,EQUITY_BAND,Quant_Metric
Q103699019,4_equity,EQUITY_BAND,Quant_Metric
Q2937546,4_equity,EQUITY_BAND,Quant_Metric
Q27665087,4_equity,EQUITY_BAND,Quant_Metric
Q21683250,4_equity,EQUITY_BAND,Quant_Metric
Q19397877,4_equity,EQUITY_BAND,Quant_Metric
Q11971452,4_equity,EQUITY_BAND,Quant_Metric
Q19397630,4_equity,EQUITY_BAND,Quant_Metric
Q2160593,4_equity,EQUITY_BAND,Quant_Metric
Q17770632,4_equity,EQUITY_BAND,Quant_Metric
Q6515085,4_equity,EQUITY_BAND,Quant_Metric
Q12000916,4_equity,EQUITY_BAND,Quant_Metric
Q12006943,4_equity,EQUITY_BAND,Quant_Metric
Q5167707,4_equity,EQUITY_BAND,Quant_Metric
Q7831915,4_equity,EQUITY_BAND,Quant_Metric
Q11959918,4_equity,EQUITY_BAND,Quant_Metric
Q19389823,4_equity,EQUITY_BAND,Quant_Metric
Q111731647,4_equity,EQUITY_BAND,Quant_Metric
Q4581905,4_equity,EQUITY_BAND,Quant_Metric
Q113687974,4_equity,EQUITY_BAND,Quant_Metric
Q113699916,4_equity,EQUITY_BAND,Quant_Metric
Q110331435,4_equity,EQUITY_BAND,Quant_Metric
Q10581720,4_equity,EQUITY_BAND,Quant_Metric
Q4937054,4_equity,EQUITY_BAND,Quant_Metric
Q190238,4_equity,EQUITY_BAND,Quant_Metric
Q43896479,4_equity,EQUITY_BAND,Quant_Metric
Q5638428,4_equity,EQUITY_BAND,Quant_Metric
Q99525174,4_equity,EQUITY_BAND,Quant_Metric
Q3354774,4_equity,EQUITY_BAND,Quant_Metric
Q90859310,4_equity,EQUITY_BAND,Quant_Metric
Q1613639,4_equity,EQUITY_BAND,Quant_Metric
Q66364383,4_equity,EQUITY_BAND,Quant_Metric
Q19382469,4_equity,EQUITY_BAND,Quant_Metric
Q215392,4_equity,EQUITY_BAND,Quant_Metric
Q110736659,4_equity,EQUITY_BAND,Quant_Metric
Q12010840,4_equity,EQUITY_BAND,Quant_Metric
Q7558873,4_equity,EQUITY_BAND,Quant_Metric
Q23498557,4_equity,EQUITY_BAND,Quant_Metric
Q20553162,4_equity,EQUITY_BAND,Quant_Metric
Q1771628,4_equity,EQUITY_BAND,Quant_Metric
Q104017274,4_equity,EQUITY_BAND,Quant_Metric
Q12714075,4_equity,EQUITY_BAND,Quant_Metric
Q215639,4_equity,EQUITY_BAND,Quant_Metric
Q5210706,4_equity,EQUITY_BAND,Quant_Metric
Q750292,4_equity,EQUITY_BAND,Quant_Metric
Q111686310,4_equity,EQUITY_BAND,Quant_Metric
Q11988889,4_equity,EQUITY_BAND,Quant_Metric
Q11993725,4_equity,EQUITY_BAND,Quant_Metric
Q33440274,4_equity,EQUITY_BAND,Quant_Metric
Q1157193,4_equity,EQUITY_BAND,Quant_Metric
Q1770068,4_equity,EQUITY_BAND,Quant_Metric
Q28256646,4_equity,EQUITY_BAND,Quant_Metric
Q3442952,4_equity,EQUITY_BAND,Quant_Metric
Q5988558,4_equity,EQUITY_BAND,Quant_Metric
Q11960977,4_equity,EQUITY_BAND,Quant_Metric
Q187854,4_equity,EQUITY_BAND,Quant_Metric
Q25435180,4_equity,EQUITY_BAND,Quant_Metric
Q31079805,4_equity,EQUITY_BAND,Quant_Metric
Q19392507,4_equity,EQUITY_BAND,Quant_Metric
Q3657087,4_equity,EQUITY_BAND,Quant_Metric
Q4891601,4_equity,EQUITY_BAND,Quant_Metric
Q25424437,4_equity,EQUITY_BAND,Quant_Metric
Q107349471,4_equity,EQUITY_BAND,Quant_Metric
Q76461532,4_equity,EQUITY_BAND,Quant_Metric
Q11965398,4_equity,EQUITY_BAND,Quant_Metric
Q83825,4_equity,EQUITY_BAND,Quant_Metric
Q602130,4_equity,EQUITY_BAND,Quant_Metric
Q1790884,4_equity,EQUITY_BAND,Quant_Metric
Q11993855,4_equity,EQUITY_BAND,Quant_Metric
Q112232004,4_equity,EQUITY_BAND,Quant_Metric
Q110516569,4_equity,EQUITY_BAND,Quant_Metric
Q5442461,4_equity,EQUITY_BAND,Quant_Metric
Q4411496,4_equity,EQUITY_BAND,Quant_Metric
Q11962722,4_equity,EQUITY_BAND,Quant_Metric
Q11976069,4_equity,EQUITY_BAND,Quant_Metric
Q716328,4_equity,EQUITY_BAND,Quant_Metric
Q62414538,4_equity,EQUITY_BAND,Quant_Metric
Q1815701,4_equity,EQUITY_BAND,Quant_Metric
Q7573582,4_equity,EQUITY_BAND,Quant_Metric
Q11984150,4_equity,EQUITY_BAND,Quant_Metric
Q111889769,4_equity,EQUITY_BAND,Quant_Metric
Q108126577,4_equity,EQUITY_BAND,Quant_Metric
Q47178816,4_equity,EQUITY_BAND,Quant_Metric
Q17522158,4_equity,EQUITY_BAND,Quant_Metric
Q62084015,4_equity,EQUITY_BAND,Quant_Metric
Q6427938,4_equity,EQUITY_BAND,Quant_Metric
Q11993891,4_equity,EQUITY_BAND,Quant_Metric
Q511335,4_equity,EQUITY_BAND,Quant_Metric
Q7187731,4_equity,EQUITY_BAND,Quant_Metric
Q1785012,4_equity,EQUITY_BAND,Quant_Metric
Q11686899,4_equity,EQUITY_BAND,Quant_Metric
Q1759546,4_equity,EQUITY_BAND,Quant_Metric
Q417391,4_equity,EQUITY_BAND,Quant_Metric
Q23042881,4_equity,EQUITY_BAND,Quant_Metric
Q7885253,4_equity,EQUITY_BAND,Quant_Metric
Q23979144,4_equity,EQUITY_BAND,Quant_Metric
Q1603114,4_equity,EQUITY_BAND,Quant_Metric
Q1776022,9_market_cap,MARKET_CAP_BAND,Quant_Metric
