company_id,val_id,edge_typ,node_typ
Q13538661,Q837171,INDUSTRY,Industry
Q13538661, Q806718,INDUSTRY,Industry
Q1368761,Q21328659,INDUSTRY,Industry
Q1368761, Q2151621,INDUSTRY,Industry
Q578212,Q474200,INDUSTRY,Industry
Q7237158,Q837171,INDUSTRY,Industry
Q7237158, Q806718,INDUSTRY,Industry
Q98456772,Q126793,INDUSTRY,Industry
Q67197464,Q1260046,INDUSTRY,Industry
Q16517554,Q1326624,INDUSTRY,Industry
Q12022160,Q1416657,INDUSTRY,Industry
Q12022160, Q57774188,INDUSTRY,Industry
Q108757006,Q15825471,INDUSTRY,Industry
Q104776297,Q11828862,INDUSTRY,Industry
Q1587563,Q14941854,INDUSTRY,Industry
Q62562792,Q13107184,INDUSTRY,Industry
Q817209,Q880371,INDUSTRY,Industry
Q1718069,Q837171,INDUSTRY,Industry
Q110986212,Q29586127,INDUSTRY,Industry
Q540733,Q418,INDUSTRY,Industry
Q393549,Q2234623,INDUSTRY,Industry
Q12770292,Q38112,INDUSTRY,Industry
Q111695372,Q941594,INDUSTRY,Industry
Q50737403,Q126793,INDUSTRY,Industry
Q12778981,Q1416657,INDUSTRY,Industry
Q12778981, Q837171,INDUSTRY,Industry
Q12778981, Q806718,INDUSTRY,Industry
Q107736469,Q57264543,INDUSTRY,Industry
Q107736469, Q126793,INDUSTRY,Industry
Q107986402,Q806718,INDUSTRY,Industry
Q7541907,Q1416657,INDUSTRY,Industry
Q7541907, Q837171,INDUSTRY,Industry
Q7541907, Q806718,INDUSTRY,Industry
Q114425580,Q484847,INDUSTRY,Industry
Q114425580, Q126793,INDUSTRY,Industry
Q101213292,Q941594,INDUSTRY,Industry
Q64173785,Q126793,INDUSTRY,Industry
Q1191849,Q49845,INDUSTRY,Industry
Q46078814,Q1416657,INDUSTRY,Industry
Q97097184,Q941594,INDUSTRY,Industry
Q30297477,Q25245117,INDUSTRY,Industry
Q12022160,Q20120426,CEO,Person
Q1481791,Q1710078,CHAIRMAN,Person
Q93223593,Q93332311,CHAIRMAN,Person
Q13538661,Q25797,HEADQUARTERS,Location
Q1368761,Q25409,HEADQUARTERS,Location
Q108126892,Q1789604,HEADQUARTERS,Location
Q20051147,Q1780,HEADQUARTERS,Location
Q107986280,Q26393,HEADQUARTERS,Location
Q963904,Q26119,HEADQUARTERS,Location
Q111194516,Q25409,HEADQUARTERS,Location
Q7237158,Q1780,HEADQUARTERS,Location
Q67197464,Q750407,HEADQUARTERS,Location
Q29054618,Q1780,HEADQUARTERS,Location
Q16517554,Q25797,HEADQUARTERS,Location
Q12022160,Q1780,HEADQUARTERS,Location
Q12022160, Q1085,HEADQUARTERS,Location
Q15089074,Q27001,HEADQUARTERS,Location
Q108757006,Q1780,HEADQUARTERS,Location
Q104776297,Q659424,HEADQUARTERS,Location
Q1587563,Q1780,HEADQUARTERS,Location
Q1719038,Q25409,HEADQUARTERS,Location
Q114383734,Q1780,HEADQUARTERS,Location
Q817209,Q1780,HEADQUARTERS,Location
Q1718069,Q1780,HEADQUARTERS,Location
Q12774628,Q1780,HEADQUARTERS,Location
Q897968,Q1780,HEADQUARTERS,Location
Q110986212,Q1780,HEADQUARTERS,Location
Q110986212, Q90,HEADQUARTERS,Location
Q540733,Q1780,HEADQUARTERS,Location
Q107723323,Q1780,HEADQUARTERS,Location
Q108368884,Q26397,HEADQUARTERS,Location
Q1481791,Q1780,HEADQUARTERS,Location
Q393549,Q1780,HEADQUARTERS,Location
Q12770292,Q144983,HEADQUARTERS,Location
Q93258498,Q1780,HEADQUARTERS,Location
Q93514377,Q26119,HEADQUARTERS,Location
Q108369059,Q788753,HEADQUARTERS,Location
Q111695372,Q25409,HEADQUARTERS,Location
Q1668416,Q26397,HEADQUARTERS,Location
Q3559219,Q1780,HEADQUARTERS,Location
Q23766409,Q1780,HEADQUARTERS,Location
Q96483996,Q25409,HEADQUARTERS,Location
Q50737403,Q25409,HEADQUARTERS,Location
Q4241634,Q1780,HEADQUARTERS,Location
Q98599369,Q1780,HEADQUARTERS,Location
Q12778981,Q1780,HEADQUARTERS,Location
Q93431299,Q1780,HEADQUARTERS,Location
Q107740958,Q1085,HEADQUARTERS,Location
Q12761997,Q903832,HEADQUARTERS,Location
Q108371754,Q26119,HEADQUARTERS,Location
Q107736469,Q25409,HEADQUARTERS,Location
Q96138528,Q279720,HEADQUARTERS,Location
Q107986402,Q1780,HEADQUARTERS,Location
Q108149927,Q25409,HEADQUARTERS,Location
Q67804907,Q1085,HEADQUARTERS,Location
Q7541907,Q1780,HEADQUARTERS,Location
Q93267098,Q750423,HEADQUARTERS,Location
Q114425580,Q214,HEADQUARTERS,Location
Q101213292,Q1780,HEADQUARTERS,Location
Q13537421,Q1780,HEADQUARTERS,Location
Q64173785,Q26119,HEADQUARTERS,Location
Q13425071,Q302787,HEADQUARTERS,Location
Q15980348,Q1780,HEADQUARTERS,Location
Q5123488,Q145002,HEADQUARTERS,Location
Q96140700,Q25409,HEADQUARTERS,Location
Q1191849,Q144983,HEADQUARTERS,Location
Q46078814,Q1780,HEADQUARTERS,Location
Q46078814, Q1085,HEADQUARTERS,Location
Q93129643,Q1780,HEADQUARTERS,Location
Q16520438,Q25409,HEADQUARTERS,Location
Q12772537,Q1780,HEADQUARTERS,Location
Q30297477,Q25409,HEADQUARTERS,Location
Q111680657,Q1780,HEADQUARTERS,Location
Q15966341,Q283595,HEADQUARTERS,Location
Q12763551,Q1780,HEADQUARTERS,Location
Q1481791,Q221598,GROUPED_IN,Group
Q93223593,Q2838169,GROUPED_IN,Group
Q5123488,Q5123487,GROUPED_IN,Group
Q15966341,Q2431665,GROUPED_IN,Group
Q15966341, Q2567030,GROUPED_IN,Group
Q13538661,Q214,RESIDES_IN,Location
Q1368761,Q214,RESIDES_IN,Location
Q578212,Q214,RESIDES_IN,Location
Q108126892,Q214,RESIDES_IN,Location
Q20051147,Q214,RESIDES_IN,Location
Q107986280,Q214,RESIDES_IN,Location
Q963904,Q214,RESIDES_IN,Location
Q111194516,Q214,RESIDES_IN,Location
Q7237158,Q214,RESIDES_IN,Location
Q98456772,Q28,RESIDES_IN,Location
Q67197464,Q214,RESIDES_IN,Location
Q29054618,Q214,RESIDES_IN,Location
Q871438,Q214,RESIDES_IN,Location
Q16517554,Q214,RESIDES_IN,Location
Q12022160,Q213,RESIDES_IN,Location
Q13402030,Q214,RESIDES_IN,Location
Q15089074,Q214,RESIDES_IN,Location
Q108757006,Q214,RESIDES_IN,Location
Q100727542,Q214,RESIDES_IN,Location
Q104776297,Q214,RESIDES_IN,Location
Q1587563,Q214,RESIDES_IN,Location
Q62562792,Q236,RESIDES_IN,Location
Q1719038,Q214,RESIDES_IN,Location
Q114383734,Q214,RESIDES_IN,Location
Q817209,Q214,RESIDES_IN,Location
Q1718069,Q214,RESIDES_IN,Location
Q1050317,Q214,RESIDES_IN,Location
Q12774628,Q214,RESIDES_IN,Location
Q41629254,Q214,RESIDES_IN,Location
Q897968,Q214,RESIDES_IN,Location
Q110986212,Q142,RESIDES_IN,Location
Q540733,Q214,RESIDES_IN,Location
Q107723323,Q214,RESIDES_IN,Location
Q108368884,Q214,RESIDES_IN,Location
Q1481791,Q214,RESIDES_IN,Location
Q393549,Q214,RESIDES_IN,Location
Q12770292,Q214,RESIDES_IN,Location
Q93258498,Q214,RESIDES_IN,Location
Q12767056,Q214,RESIDES_IN,Location
Q93514377,Q214,RESIDES_IN,Location
Q108369059,Q214,RESIDES_IN,Location
Q111695372,Q214,RESIDES_IN,Location
Q1668416,Q214,RESIDES_IN,Location
Q3559219,Q214,RESIDES_IN,Location
Q23766409,Q214,RESIDES_IN,Location
Q96483996,Q214,RESIDES_IN,Location
Q50737403,Q214,RESIDES_IN,Location
Q4241634,Q214,RESIDES_IN,Location
Q12777314,Q214,RESIDES_IN,Location
Q12764717,Q214,RESIDES_IN,Location
Q98599369,Q214,RESIDES_IN,Location
Q12778981,Q214,RESIDES_IN,Location
Q93431299,Q214,RESIDES_IN,Location
Q12765257,Q214,RESIDES_IN,Location
Q13402027,Q214,RESIDES_IN,Location
Q107740958,Q213,RESIDES_IN,Location
Q12761997,Q214,RESIDES_IN,Location
Q108371754,Q214,RESIDES_IN,Location
Q107736469,Q214,RESIDES_IN,Location
Q96138528,Q214,RESIDES_IN,Location
Q107986402,Q214,RESIDES_IN,Location
Q108149927,Q214,RESIDES_IN,Location
Q67804907,Q213,RESIDES_IN,Location
Q57653669,Q213,RESIDES_IN,Location
Q7541907,Q214,RESIDES_IN,Location
Q93267098,Q214,RESIDES_IN,Location
Q114425580,Q214,RESIDES_IN,Location
Q101213292,Q214,RESIDES_IN,Location
Q13537421,Q214,RESIDES_IN,Location
Q64173785,Q214,RESIDES_IN,Location
Q13425071,Q214,RESIDES_IN,Location
Q93223593,Q214,RESIDES_IN,Location
Q15980348,Q214,RESIDES_IN,Location
Q5123488,Q214,RESIDES_IN,Location
Q96140700,Q214,RESIDES_IN,Location
Q1191849,Q214,RESIDES_IN,Location
Q107447192,Q214,RESIDES_IN,Location
Q46078814,Q213,RESIDES_IN,Location
Q93129643,Q214,RESIDES_IN,Location
Q97312896,Q213,RESIDES_IN,Location
Q97097184,Q214,RESIDES_IN,Location
Q16520438,Q214,RESIDES_IN,Location
Q12772537,Q214,RESIDES_IN,Location
Q30297477,Q214,RESIDES_IN,Location
Q111680657,Q214,RESIDES_IN,Location
Q15966341,Q214,RESIDES_IN,Location
Q12763551,Q214,RESIDES_IN,Location
Q31392,Q214,RESIDES_IN,Location
Q108106650,Q214,RESIDES_IN,Location
Q1368761,4_employee_count,EMPLOYEE_COUNT_BAND,Quant_Metric
Q12022160,1_employee_count,EMPLOYEE_COUNT_BAND,Quant_Metric
Q1587563,6_employee_count,EMPLOYEE_COUNT_BAND,Quant_Metric
Q817209,2_employee_count,EMPLOYEE_COUNT_BAND,Quant_Metric
Q1718069,9_employee_count,EMPLOYEE_COUNT_BAND,Quant_Metric
Q540733,7_employee_count,EMPLOYEE_COUNT_BAND,Quant_Metric
Q12770292,8_employee_count,EMPLOYEE_COUNT_BAND,Quant_Metric
Q3559219,8_employee_count,EMPLOYEE_COUNT_BAND,Quant_Metric
Q12778981,9_employee_count,EMPLOYEE_COUNT_BAND,Quant_Metric
Q7541907,9_employee_count,EMPLOYEE_COUNT_BAND,Quant_Metric
Q46078814,6_employee_count,EMPLOYEE_COUNT_BAND,Quant_Metric
Q12772537,2_employee_count,EMPLOYEE_COUNT_BAND,Quant_Metric
Q12022160,9_profit,PROFIT_BAND,Quant_Metric
Q12022160,9_assets,ASSETS_BAND,Quant_Metric
Q12022160,9_equity,EQUITY_BAND,Quant_Metric
Q13538661,4_market_cap,MARKET_CAP_BAND,Quant_Metric
Q1368761,4_market_cap,MARKET_CAP_BAND,Quant_Metric
Q578212,4_market_cap,MARKET_CAP_BAND,Quant_Metric
Q108126892,4_market_cap,MARKET_CAP_BAND,Quant_Metric
Q20051147,4_market_cap,MARKET_CAP_BAND,Quant_Metric
Q107986280,4_market_cap,MARKET_CAP_BAND,Quant_Metric
Q963904,4_market_cap,MARKET_CAP_BAND,Quant_Metric
Q111194516,4_market_cap,MARKET_CAP_BAND,Quant_Metric
Q7237158,4_market_cap,MARKET_CAP_BAND,Quant_Metric
Q98456772,4_market_cap,MARKET_CAP_BAND,Quant_Metric
Q67197464,4_market_cap,MARKET_CAP_BAND,Quant_Metric
Q29054618,4_market_cap,MARKET_CAP_BAND,Quant_Metric
Q871438,4_market_cap,MARKET_CAP_BAND,Quant_Metric
Q16517554,4_market_cap,MARKET_CAP_BAND,Quant_Metric
Q12022160,4_market_cap,MARKET_CAP_BAND,Quant_Metric
Q13402030,4_market_cap,MARKET_CAP_BAND,Quant_Metric
Q15089074,4_market_cap,MARKET_CAP_BAND,Quant_Metric
Q108757006,4_market_cap,MARKET_CAP_BAND,Quant_Metric
Q100727542,4_market_cap,MARKET_CAP_BAND,Quant_Metric
Q104776297,4_market_cap,MARKET_CAP_BAND,Quant_Metric
Q1587563,4_market_cap,MARKET_CAP_BAND,Quant_Metric
Q62562792,4_market_cap,MARKET_CAP_BAND,Quant_Metric
Q1719038,4_market_cap,MARKET_CAP_BAND,Quant_Metric
Q114383734,4_market_cap,MARKET_CAP_BAND,Quant_Metric
Q817209,4_market_cap,MARKET_CAP_BAND,Quant_Metric
Q1718069,4_market_cap,MARKET_CAP_BAND,Quant_Metric
Q1050317,4_market_cap,MARKET_CAP_BAND,Quant_Metric
Q12774628,4_market_cap,MARKET_CAP_BAND,Quant_Metric
Q41629254,4_market_cap,MARKET_CAP_BAND,Quant_Metric
Q897968,4_market_cap,MARKET_CAP_BAND,Quant_Metric
Q110986212,4_market_cap,MARKET_CAP_BAND,Quant_Metric
Q540733,4_market_cap,MARKET_CAP_BAND,Quant_Metric
Q107723323,4_market_cap,MARKET_CAP_BAND,Quant_Metric
Q108368884,4_market_cap,MARKET_CAP_BAND,Quant_Metric
Q1481791,4_market_cap,MARKET_CAP_BAND,Quant_Metric
Q393549,4_market_cap,MARKET_CAP_BAND,Quant_Metric
Q12770292,4_market_cap,MARKET_CAP_BAND,Quant_Metric
Q93258498,4_market_cap,MARKET_CAP_BAND,Quant_Metric
Q12767056,4_market_cap,MARKET_CAP_BAND,Quant_Metric
Q93514377,4_market_cap,MARKET_CAP_BAND,Quant_Metric
Q108369059,4_market_cap,MARKET_CAP_BAND,Quant_Metric
Q111695372,4_market_cap,MARKET_CAP_BAND,Quant_Metric
Q1668416,4_market_cap,MARKET_CAP_BAND,Quant_Metric
Q3559219,4_market_cap,MARKET_CAP_BAND,Quant_Metric
Q23766409,4_market_cap,MARKET_CAP_BAND,Quant_Metric
Q96483996,4_market_cap,MARKET_CAP_BAND,Quant_Metric
Q50737403,4_market_cap,MARKET_CAP_BAND,Quant_Metric
Q4241634,4_market_cap,MARKET_CAP_BAND,Quant_Metric
Q12777314,4_market_cap,MARKET_CAP_BAND,Quant_Metric
Q12764717,4_market_cap,MARKET_CAP_BAND,Quant_Metric
Q98599369,4_market_cap,MARKET_CAP_BAND,Quant_Metric
Q12778981,4_market_cap,MARKET_CAP_BAND,Quant_Metric
Q93431299,4_market_cap,MARKET_CAP_BAND,Quant_Metric
Q12765257,4_market_cap,MARKET_CAP_BAND,Quant_Metric
Q13402027,4_market_cap,MARKET_CAP_BAND,Quant_Metric
Q107740958,4_market_cap,MARKET_CAP_BAND,Quant_Metric
Q12761997,4_market_cap,MARKET_CAP_BAND,Quant_Metric
Q108371754,4_market_cap,MARKET_CAP_BAND,Quant_Metric
Q107736469,4_market_cap,MARKET_CAP_BAND,Quant_Metric
Q96138528,4_market_cap,MARKET_CAP_BAND,Quant_Metric
Q107986402,4_market_cap,MARKET_CAP_BAND,Quant_Metric
Q108149927,4_market_cap,MARKET_CAP_BAND,Quant_Metric
Q67804907,4_market_cap,MARKET_CAP_BAND,Quant_Metric
Q57653669,4_market_cap,MARKET_CAP_BAND,Quant_Metric
Q7541907,4_market_cap,MARKET_CAP_BAND,Quant_Metric
Q93267098,4_market_cap,MARKET_CAP_BAND,Quant_Metric
Q114425580,4_market_cap,MARKET_CAP_BAND,Quant_Metric
Q101213292,4_market_cap,MARKET_CAP_BAND,Quant_Metric
Q13537421,4_market_cap,MARKET_CAP_BAND,Quant_Metric
Q64173785,4_market_cap,MARKET_CAP_BAND,Quant_Metric
Q13425071,4_market_cap,MARKET_CAP_BAND,Quant_Metric
Q93223593,4_market_cap,MARKET_CAP_BAND,Quant_Metric
Q15980348,4_market_cap,MARKET_CAP_BAND,Quant_Metric
Q5123488,4_market_cap,MARKET_CAP_BAND,Quant_Metric
Q96140700,4_market_cap,MARKET_CAP_BAND,Quant_Metric
Q1191849,4_market_cap,MARKET_CAP_BAND,Quant_Metric
Q107447192,4_market_cap,MARKET_CAP_BAND,Quant_Metric
Q46078814,4_market_cap,MARKET_CAP_BAND,Quant_Metric
Q93129643,4_market_cap,MARKET_CAP_BAND,Quant_Metric
Q97312896,4_market_cap,MARKET_CAP_BAND,Quant_Metric
Q97097184,4_market_cap,MARKET_CAP_BAND,Quant_Metric
Q16520438,4_market_cap,MARKET_CAP_BAND,Quant_Metric
Q12772537,4_market_cap,MARKET_CAP_BAND,Quant_Metric
Q30297477,4_market_cap,MARKET_CAP_BAND,Quant_Metric
Q111680657,4_market_cap,MARKET_CAP_BAND,Quant_Metric
Q15966341,4_market_cap,MARKET_CAP_BAND,Quant_Metric
Q12763551,4_market_cap,MARKET_CAP_BAND,Quant_Metric
Q31392,4_market_cap,MARKET_CAP_BAND,Quant_Metric
Q108106650,4_market_cap,MARKET_CAP_BAND,Quant_Metric
