company_id,val_id,edge_typ,node_typ
Q13630969,Q2234623,INDUSTRY,Industry
Q857063,Q1416657,INDUSTRY,Industry
Q857063, Q837171,INDUSTRY,Industry
Q857063, Q806718,INDUSTRY,Industry
Q854605,Q3510521,INDUSTRY,Industry
Q1435010,Q638608,INDUSTRY,Industry
Q7924398,Q3565868,INDUSTRY,Industry
Q4854052,Q837171,INDUSTRY,Industry
Q4854052, Q806718,INDUSTRY,Industry
Q2757144,Q21328659,INDUSTRY,Industry
Q1755034,Q862571,INDUSTRY,Industry
Q114647790,Q15825471,INDUSTRY,Industry
Q114647790, Q171141,INDUSTRY,Industry
Q567819,Q3565868,INDUSTRY,Industry
Q18544132,Q126793,INDUSTRY,Industry
Q26070,Q126793,INDUSTRY,Industry
Q12726919,Q507443,INDUSTRY,Industry
Q3083531,Q112166002,INDUSTRY,Industry
Q3083531, Q837171,INDUSTRY,Industry
Q3083531, Q43183,INDUSTRY,Industry
Q1538743,Q2143354,INDUSTRY,Industry
Q1538743, Q43183,INDUSTRY,Industry
Q6808085,Q331814,INDUSTRY,Industry
Q1550912,Q5268834,INDUSTRY,Industry
Q1550912, Q3510521,INDUSTRY,Industry
Q1550912, Q3477363,INDUSTRY,Industry
Q1550912, Q2729047,INDUSTRY,Industry
Q1550912, Q508378,INDUSTRY,Industry
Q1550912, Q190117,INDUSTRY,Industry
Q1023306,Q837171,INDUSTRY,Industry
Q1023306, Q806718,INDUSTRY,Industry
Q806149,Q1416657,INDUSTRY,Industry
Q806149, Q837171,INDUSTRY,Industry
Q806149, Q806718,INDUSTRY,Industry
Q114647927,Q507443,INDUSTRY,Industry
Q112074393,Q21422876,INDUSTRY,Industry
Q112074393, Q210988,INDUSTRY,Industry
Q112074393, Q34493,INDUSTRY,Industry
Q112074393, Q1420,INDUSTRY,Industry
Q67080396,Q941594,INDUSTRY,Industry
Q6272576,Q56598901,INDUSTRY,Industry
Q6272576, Q25245117,INDUSTRY,Industry
Q283175,Q49845,INDUSTRY,Industry
Q110681739,Q4373046,INDUSTRY,Industry
Q2840436,Q126793,INDUSTRY,Industry
Q114417096,Q2516512,INDUSTRY,Industry
Q12740640,Q126793,INDUSTRY,Industry
Q6541479,Q97466012,INDUSTRY,Industry
Q6541479, Q56611639,INDUSTRY,Industry
Q6541479, Q11030,INDUSTRY,Industry
Q27460,Q190117,INDUSTRY,Industry
Q804561,Q1875606,INDUSTRY,Industry
Q6886685,Q126793,INDUSTRY,Industry
Q24035728,Q507443,INDUSTRY,Industry
Q796927,Q1416657,INDUSTRY,Industry
Q796927, Q837171,INDUSTRY,Industry
Q796927, Q806718,INDUSTRY,Industry
Q806161,Q837171,INDUSTRY,Industry
Q806161, Q806718,INDUSTRY,Industry
Q7283806,Q43015,INDUSTRY,Industry
Q857063,Q6829456,CEO,Person
Q1550912,Q26637897,CEO,Person
Q1550912, Q26638506,CEO,Person
Q3083531,Q33226053,CHAIRMAN,Person
Q1550912,Q26639858,CHAIRMAN,Person
Q13630969,Q19660,HEADQUARTERS,Location
Q106632743,Q46852,HEADQUARTERS,Location
Q857063,Q131335,HEADQUARTERS,Location
Q857063, Q60,HEADQUARTERS,Location
Q854605,Q19660,HEADQUARTERS,Location
Q1435010,Q39,HEADQUARTERS,Location
Q2986623,Q46852,HEADQUARTERS,Location
Q12731085,Q572478,HEADQUARTERS,Location
Q426356,Q2642991,HEADQUARTERS,Location
Q7924398,Q100188,HEADQUARTERS,Location
Q929687,Q83404,HEADQUARTERS,Location
Q4854052,Q19660,HEADQUARTERS,Location
Q110066889,Q19660,HEADQUARTERS,Location
Q2757144,Q374465,HEADQUARTERS,Location
Q60802524,Q179585,HEADQUARTERS,Location
Q1755034,Q19660,HEADQUARTERS,Location
Q567819,Q82174,HEADQUARTERS,Location
Q26070,Q207876,HEADQUARTERS,Location
Q26070, Q1150357,HEADQUARTERS,Location
Q6973708,Q19660,HEADQUARTERS,Location
Q12726919,Q19660,HEADQUARTERS,Location
Q3083531,Q90,HEADQUARTERS,Location
Q1538743,Q365,HEADQUARTERS,Location
Q2280353,Q19660,HEADQUARTERS,Location
Q1523902,Q46852,HEADQUARTERS,Location
Q240656,Q257631,HEADQUARTERS,Location
Q240656, Q19660,HEADQUARTERS,Location
Q1550912,Q910410,HEADQUARTERS,Location
Q1023306,Q5010221,HEADQUARTERS,Location
Q806149,Q19660,HEADQUARTERS,Location
Q114647927,Q201404,HEADQUARTERS,Location
Q67080396,Q186349,HEADQUARTERS,Location
Q96397019,Q79808,HEADQUARTERS,Location
Q6272576,Q19660,HEADQUARTERS,Location
Q107677143,Q19660,HEADQUARTERS,Location
Q1091725,Q19660,HEADQUARTERS,Location
Q283175,Q19660,HEADQUARTERS,Location
Q106901415,Q19660,HEADQUARTERS,Location
Q110681739,Q19660,HEADQUARTERS,Location
Q114247072,Q727421,HEADQUARTERS,Location
Q1167563,Q19660,HEADQUARTERS,Location
Q2840436,Q639520,HEADQUARTERS,Location
Q636060,Q19660,HEADQUARTERS,Location
Q2949687,Q2642991,HEADQUARTERS,Location
Q7275888,Q46852,HEADQUARTERS,Location
Q51495045,Q19660,HEADQUARTERS,Location
Q25399056,Q168057,HEADQUARTERS,Location
Q114417096,Q19660,HEADQUARTERS,Location
Q55000205,Q19660,HEADQUARTERS,Location
Q99539906,Q19660,HEADQUARTERS,Location
Q12740640,Q19660,HEADQUARTERS,Location
Q6541479,Q19660,HEADQUARTERS,Location
Q27460,Q172455,HEADQUARTERS,Location
Q804561,Q19660,HEADQUARTERS,Location
Q6886685,Q19660,HEADQUARTERS,Location
Q24035728,Q19660,HEADQUARTERS,Location
Q608338,Q19660,HEADQUARTERS,Location
Q796927,Q19660,HEADQUARTERS,Location
Q54307207,Q168057,HEADQUARTERS,Location
Q806161,Q100188,HEADQUARTERS,Location
Q7283806,Q19660,HEADQUARTERS,Location
Q2757144,Q795840,GROUPED_IN,Group
Q1755034,Q795840,GROUPED_IN,Group
Q6973708,Q33102669,GROUPED_IN,Group
Q6973708, Q55574446,GROUPED_IN,Group
Q108838413,Q3826776,GROUPED_IN,Group
Q796927,Q795840,GROUPED_IN,Group
Q806161,Q795840,GROUPED_IN,Group
Q3551461,Q218,RESIDES_IN,Location
Q13630969,Q218,RESIDES_IN,Location
Q3551414,Q218,RESIDES_IN,Location
Q108338292,Q218,RESIDES_IN,Location
Q106632743,Q218,RESIDES_IN,Location
Q857063,Q218,RESIDES_IN,Location
Q854605,Q218,RESIDES_IN,Location
Q528377,Q218,RESIDES_IN,Location
Q30149186,Q218,RESIDES_IN,Location
Q1435010,Q881,RESIDES_IN,Location
Q2986623,Q218,RESIDES_IN,Location
Q114133371,Q218,RESIDES_IN,Location
Q12731085,Q218,RESIDES_IN,Location
Q426356,Q218,RESIDES_IN,Location
Q851648,Q218,RESIDES_IN,Location
Q1266339,Q218,RESIDES_IN,Location
Q729296,Q218,RESIDES_IN,Location
Q7924398,Q218,RESIDES_IN,Location
Q56628065,Q218,RESIDES_IN,Location
Q929687,Q218,RESIDES_IN,Location
Q4854052,Q218,RESIDES_IN,Location
Q102350621,Q218,RESIDES_IN,Location
Q61340650,Q218,RESIDES_IN,Location
Q110066889,Q218,RESIDES_IN,Location
Q2757144,Q218,RESIDES_IN,Location
Q856252,Q218,RESIDES_IN,Location
Q60802524,Q218,RESIDES_IN,Location
Q1755034,Q218,RESIDES_IN,Location
Q114647790,Q218,RESIDES_IN,Location
Q567819,Q218,RESIDES_IN,Location
Q18544132,Q218,RESIDES_IN,Location
Q26070,Q218,RESIDES_IN,Location
Q108338291,Q218,RESIDES_IN,Location
Q538452,Q218,RESIDES_IN,Location
Q6973708,Q218,RESIDES_IN,Location
Q12726919,Q218,RESIDES_IN,Location
Q12723678,Q218,RESIDES_IN,Location
Q3083531,Q218,RESIDES_IN,Location
Q1538743,Q218,RESIDES_IN,Location
Q2280353,Q218,RESIDES_IN,Location
Q52636682,Q218,RESIDES_IN,Location
Q1523902,Q218,RESIDES_IN,Location
Q240656,Q218,RESIDES_IN,Location
Q6808085,Q218,RESIDES_IN,Location
Q1550912,Q218,RESIDES_IN,Location
Q1023306,Q218,RESIDES_IN,Location
Q33101471,Q218,RESIDES_IN,Location
Q96474837,Q218,RESIDES_IN,Location
Q806149,Q218,RESIDES_IN,Location
Q114647927,Q218,RESIDES_IN,Location
Q112074393,Q218,RESIDES_IN,Location
Q30277724,Q218,RESIDES_IN,Location
Q98034432,Q218,RESIDES_IN,Location
Q67080396,Q218,RESIDES_IN,Location
Q96397019,Q218,RESIDES_IN,Location
Q108838413,Q218,RESIDES_IN,Location
Q108314984,Q218,RESIDES_IN,Location
Q6272576,Q218,RESIDES_IN,Location
Q107677143,Q218,RESIDES_IN,Location
Q495258,Q218,RESIDES_IN,Location
Q1091725,Q218,RESIDES_IN,Location
Q283175,Q218,RESIDES_IN,Location
Q106901415,Q218,RESIDES_IN,Location
Q110681739,Q218,RESIDES_IN,Location
Q12729923,Q218,RESIDES_IN,Location
Q114247072,Q218,RESIDES_IN,Location
Q30140581,Q218,RESIDES_IN,Location
Q1167563,Q218,RESIDES_IN,Location
Q2055060,Q218,RESIDES_IN,Location
Q2840436,Q218,RESIDES_IN,Location
Q636060,Q218,RESIDES_IN,Location
Q2949687,Q218,RESIDES_IN,Location
Q7275888,Q218,RESIDES_IN,Location
Q51495045,Q218,RESIDES_IN,Location
Q25399056,Q218,RESIDES_IN,Location
Q114417096,Q218,RESIDES_IN,Location
Q55000205,Q218,RESIDES_IN,Location
Q99539906,Q218,RESIDES_IN,Location
Q494096,Q218,RESIDES_IN,Location
Q12740640,Q218,RESIDES_IN,Location
Q6541479,Q218,RESIDES_IN,Location
Q27460,Q218,RESIDES_IN,Location
Q837657,Q218,RESIDES_IN,Location
Q3551502,Q218,RESIDES_IN,Location
Q653439,Q218,RESIDES_IN,Location
Q804561,Q218,RESIDES_IN,Location
Q15804138,Q218,RESIDES_IN,Location
Q1619447,Q218,RESIDES_IN,Location
Q1475126,Q218,RESIDES_IN,Location
Q7258031,Q218,RESIDES_IN,Location
Q12742860,Q218,RESIDES_IN,Location
Q979477,Q218,RESIDES_IN,Location
Q6886685,Q218,RESIDES_IN,Location
Q24035728,Q218,RESIDES_IN,Location
Q608338,Q218,RESIDES_IN,Location
Q796927,Q218,RESIDES_IN,Location
Q54307207,Q218,RESIDES_IN,Location
Q806161,Q218,RESIDES_IN,Location
Q7283806,Q218,RESIDES_IN,Location
Q1755034,9_employee_count,EMPLOYEE_COUNT_BAND,Quant_Metric
Q1538743,4_employee_count,EMPLOYEE_COUNT_BAND,Quant_Metric
Q6808085,7_employee_count,EMPLOYEE_COUNT_BAND,Quant_Metric
Q1550912,1_employee_count,EMPLOYEE_COUNT_BAND,Quant_Metric
Q1023306,5_employee_count,EMPLOYEE_COUNT_BAND,Quant_Metric
Q806149,6_employee_count,EMPLOYEE_COUNT_BAND,Quant_Metric
Q6272576,1_employee_count,EMPLOYEE_COUNT_BAND,Quant_Metric
Q1091725,3_employee_count,EMPLOYEE_COUNT_BAND,Quant_Metric
Q2840436,3_employee_count,EMPLOYEE_COUNT_BAND,Quant_Metric
Q12740640,2_employee_count,EMPLOYEE_COUNT_BAND,Quant_Metric
Q1475126,1_employee_count,EMPLOYEE_COUNT_BAND,Quant_Metric
Q796927,5_employee_count,EMPLOYEE_COUNT_BAND,Quant_Metric
Q806161,4_employee_count,EMPLOYEE_COUNT_BAND,Quant_Metric
Q1755034,9_profit,PROFIT_BAND,Quant_Metric
Q3551461,4_assets,ASSETS_BAND,Quant_Metric
Q13630969,4_assets,ASSETS_BAND,Quant_Metric
Q3551414,4_assets,ASSETS_BAND,Quant_Metric
Q108338292,4_assets,ASSETS_BAND,Quant_Metric
Q106632743,4_assets,ASSETS_BAND,Quant_Metric
Q857063,4_assets,ASSETS_BAND,Quant_Metric
Q854605,4_assets,ASSETS_BAND,Quant_Metric
Q528377,4_assets,ASSETS_BAND,Quant_Metric
Q30149186,4_assets,ASSETS_BAND,Quant_Metric
Q1435010,4_assets,ASSETS_BAND,Quant_Metric
Q2986623,4_assets,ASSETS_BAND,Quant_Metric
Q114133371,4_assets,ASSETS_BAND,Quant_Metric
Q12731085,4_assets,ASSETS_BAND,Quant_Metric
Q426356,4_assets,ASSETS_BAND,Quant_Metric
Q851648,4_assets,ASSETS_BAND,Quant_Metric
Q1266339,4_assets,ASSETS_BAND,Quant_Metric
Q729296,4_assets,ASSETS_BAND,Quant_Metric
Q7924398,4_assets,ASSETS_BAND,Quant_Metric
Q56628065,4_assets,ASSETS_BAND,Quant_Metric
Q929687,4_assets,ASSETS_BAND,Quant_Metric
Q4854052,4_assets,ASSETS_BAND,Quant_Metric
Q102350621,4_assets,ASSETS_BAND,Quant_Metric
Q61340650,4_assets,ASSETS_BAND,Quant_Metric
Q110066889,4_assets,ASSETS_BAND,Quant_Metric
Q2757144,4_assets,ASSETS_BAND,Quant_Metric
Q856252,4_assets,ASSETS_BAND,Quant_Metric
Q60802524,4_assets,ASSETS_BAND,Quant_Metric
Q1755034,4_assets,ASSETS_BAND,Quant_Metric
Q114647790,4_assets,ASSETS_BAND,Quant_Metric
Q567819,4_assets,ASSETS_BAND,Quant_Metric
Q18544132,4_assets,ASSETS_BAND,Quant_Metric
Q26070,4_assets,ASSETS_BAND,Quant_Metric
Q108338291,4_assets,ASSETS_BAND,Quant_Metric
Q538452,4_assets,ASSETS_BAND,Quant_Metric
Q6973708,4_assets,ASSETS_BAND,Quant_Metric
Q12726919,4_assets,ASSETS_BAND,Quant_Metric
Q12723678,4_assets,ASSETS_BAND,Quant_Metric
Q3083531,4_assets,ASSETS_BAND,Quant_Metric
Q1538743,4_assets,ASSETS_BAND,Quant_Metric
Q2280353,4_assets,ASSETS_BAND,Quant_Metric
Q52636682,4_assets,ASSETS_BAND,Quant_Metric
Q1523902,4_assets,ASSETS_BAND,Quant_Metric
Q240656,4_assets,ASSETS_BAND,Quant_Metric
Q6808085,4_assets,ASSETS_BAND,Quant_Metric
Q1550912,4_assets,ASSETS_BAND,Quant_Metric
Q1023306,4_assets,ASSETS_BAND,Quant_Metric
Q33101471,4_assets,ASSETS_BAND,Quant_Metric
Q96474837,4_assets,ASSETS_BAND,Quant_Metric
Q806149,4_assets,ASSETS_BAND,Quant_Metric
Q114647927,4_assets,ASSETS_BAND,Quant_Metric
Q112074393,4_assets,ASSETS_BAND,Quant_Metric
Q30277724,4_assets,ASSETS_BAND,Quant_Metric
Q98034432,4_assets,ASSETS_BAND,Quant_Metric
Q67080396,4_assets,ASSETS_BAND,Quant_Metric
Q96397019,4_assets,ASSETS_BAND,Quant_Metric
Q108838413,4_assets,ASSETS_BAND,Quant_Metric
Q108314984,4_assets,ASSETS_BAND,Quant_Metric
Q6272576,4_assets,ASSETS_BAND,Quant_Metric
Q107677143,4_assets,ASSETS_BAND,Quant_Metric
Q495258,4_assets,ASSETS_BAND,Quant_Metric
Q1091725,4_assets,ASSETS_BAND,Quant_Metric
Q283175,4_assets,ASSETS_BAND,Quant_Metric
Q106901415,4_assets,ASSETS_BAND,Quant_Metric
Q110681739,4_assets,ASSETS_BAND,Quant_Metric
Q12729923,4_assets,ASSETS_BAND,Quant_Metric
Q114247072,4_assets,ASSETS_BAND,Quant_Metric
Q30140581,4_assets,ASSETS_BAND,Quant_Metric
Q1167563,4_assets,ASSETS_BAND,Quant_Metric
Q2055060,4_assets,ASSETS_BAND,Quant_Metric
Q2840436,4_assets,ASSETS_BAND,Quant_Metric
Q636060,4_assets,ASSETS_BAND,Quant_Metric
Q2949687,4_assets,ASSETS_BAND,Quant_Metric
Q7275888,4_assets,ASSETS_BAND,Quant_Metric
Q51495045,4_assets,ASSETS_BAND,Quant_Metric
Q25399056,4_assets,ASSETS_BAND,Quant_Metric
Q114417096,4_assets,ASSETS_BAND,Quant_Metric
Q55000205,4_assets,ASSETS_BAND,Quant_Metric
Q99539906,4_assets,ASSETS_BAND,Quant_Metric
Q494096,4_assets,ASSETS_BAND,Quant_Metric
Q12740640,4_assets,ASSETS_BAND,Quant_Metric
Q6541479,4_assets,ASSETS_BAND,Quant_Metric
Q27460,4_assets,ASSETS_BAND,Quant_Metric
Q837657,4_assets,ASSETS_BAND,Quant_Metric
Q3551502,4_assets,ASSETS_BAND,Quant_Metric
Q653439,4_assets,ASSETS_BAND,Quant_Metric
Q804561,4_assets,ASSETS_BAND,Quant_Metric
Q15804138,4_assets,ASSETS_BAND,Quant_Metric
Q1619447,4_assets,ASSETS_BAND,Quant_Metric
Q1475126,4_assets,ASSETS_BAND,Quant_Metric
Q7258031,4_assets,ASSETS_BAND,Quant_Metric
Q12742860,4_assets,ASSETS_BAND,Quant_Metric
Q979477,4_assets,ASSETS_BAND,Quant_Metric
Q6886685,4_assets,ASSETS_BAND,Quant_Metric
Q24035728,4_assets,ASSETS_BAND,Quant_Metric
Q608338,4_assets,ASSETS_BAND,Quant_Metric
Q796927,4_assets,ASSETS_BAND,Quant_Metric
Q54307207,4_assets,ASSETS_BAND,Quant_Metric
Q806161,4_assets,ASSETS_BAND,Quant_Metric
Q7283806,4_assets,ASSETS_BAND,Quant_Metric
Q3551461,4_equity,EQUITY_BAND,Quant_Metric
Q13630969,4_equity,EQUITY_BAND,Quant_Metric
Q3551414,4_equity,EQUITY_BAND,Quant_Metric
Q108338292,4_equity,EQUITY_BAND,Quant_Metric
Q106632743,4_equity,EQUITY_BAND,Quant_Metric
Q857063,4_equity,EQUITY_BAND,Quant_Metric
Q854605,4_equity,EQUITY_BAND,Quant_Metric
Q528377,4_equity,EQUITY_BAND,Quant_Metric
Q30149186,4_equity,EQUITY_BAND,Quant_Metric
Q1435010,4_equity,EQUITY_BAND,Quant_Metric
Q2986623,4_equity,EQUITY_BAND,Quant_Metric
Q114133371,4_equity,EQUITY_BAND,Quant_Metric
Q12731085,4_equity,EQUITY_BAND,Quant_Metric
Q426356,4_equity,EQUITY_BAND,Quant_Metric
Q851648,4_equity,EQUITY_BAND,Quant_Metric
Q1266339,4_equity,EQUITY_BAND,Quant_Metric
Q729296,4_equity,EQUITY_BAND,Quant_Metric
Q7924398,4_equity,EQUITY_BAND,Quant_Metric
Q56628065,4_equity,EQUITY_BAND,Quant_Metric
Q929687,4_equity,EQUITY_BAND,Quant_Metric
Q4854052,4_equity,EQUITY_BAND,Quant_Metric
Q102350621,4_equity,EQUITY_BAND,Quant_Metric
Q61340650,4_equity,EQUITY_BAND,Quant_Metric
Q110066889,4_equity,EQUITY_BAND,Quant_Metric
Q2757144,4_equity,EQUITY_BAND,Quant_Metric
Q856252,4_equity,EQUITY_BAND,Quant_Metric
Q60802524,4_equity,EQUITY_BAND,Quant_Metric
Q1755034,4_equity,EQUITY_BAND,Quant_Metric
Q114647790,4_equity,EQUITY_BAND,Quant_Metric
Q567819,4_equity,EQUITY_BAND,Quant_Metric
Q18544132,4_equity,EQUITY_BAND,Quant_Metric
Q26070,4_equity,EQUITY_BAND,Quant_Metric
Q108338291,4_equity,EQUITY_BAND,Quant_Metric
Q538452,4_equity,EQUITY_BAND,Quant_Metric
Q6973708,4_equity,EQUITY_BAND,Quant_Metric
Q12726919,4_equity,EQUITY_BAND,Quant_Metric
Q12723678,4_equity,EQUITY_BAND,Quant_Metric
Q3083531,4_equity,EQUITY_BAND,Quant_Metric
Q1538743,4_equity,EQUITY_BAND,Quant_Metric
Q2280353,4_equity,EQUITY_BAND,Quant_Metric
Q52636682,4_equity,EQUITY_BAND,Quant_Metric
Q1523902,4_equity,EQUITY_BAND,Quant_Metric
Q240656,4_equity,EQUITY_BAND,Quant_Metric
Q6808085,4_equity,EQUITY_BAND,Quant_Metric
Q1550912,4_equity,EQUITY_BAND,Quant_Metric
Q1023306,4_equity,EQUITY_BAND,Quant_Metric
Q33101471,4_equity,EQUITY_BAND,Quant_Metric
Q96474837,4_equity,EQUITY_BAND,Quant_Metric
Q806149,4_equity,EQUITY_BAND,Quant_Metric
Q114647927,4_equity,EQUITY_BAND,Quant_Metric
Q112074393,4_equity,EQUITY_BAND,Quant_Metric
Q30277724,4_equity,EQUITY_BAND,Quant_Metric
Q98034432,4_equity,EQUITY_BAND,Quant_Metric
Q67080396,4_equity,EQUITY_BAND,Quant_Metric
Q96397019,4_equity,EQUITY_BAND,Quant_Metric
Q108838413,4_equity,EQUITY_BAND,Quant_Metric
Q108314984,4_equity,EQUITY_BAND,Quant_Metric
Q6272576,4_equity,EQUITY_BAND,Quant_Metric
Q107677143,4_equity,EQUITY_BAND,Quant_Metric
Q495258,4_equity,EQUITY_BAND,Quant_Metric
Q1091725,4_equity,EQUITY_BAND,Quant_Metric
Q283175,4_equity,EQUITY_BAND,Quant_Metric
Q106901415,4_equity,EQUITY_BAND,Quant_Metric
Q110681739,4_equity,EQUITY_BAND,Quant_Metric
Q12729923,4_equity,EQUITY_BAND,Quant_Metric
Q114247072,4_equity,EQUITY_BAND,Quant_Metric
Q30140581,4_equity,EQUITY_BAND,Quant_Metric
Q1167563,4_equity,EQUITY_BAND,Quant_Metric
Q2055060,4_equity,EQUITY_BAND,Quant_Metric
Q2840436,4_equity,EQUITY_BAND,Quant_Metric
Q636060,4_equity,EQUITY_BAND,Quant_Metric
Q2949687,4_equity,EQUITY_BAND,Quant_Metric
Q7275888,4_equity,EQUITY_BAND,Quant_Metric
Q51495045,4_equity,EQUITY_BAND,Quant_Metric
Q25399056,4_equity,EQUITY_BAND,Quant_Metric
Q114417096,4_equity,EQUITY_BAND,Quant_Metric
Q55000205,4_equity,EQUITY_BAND,Quant_Metric
Q99539906,4_equity,EQUITY_BAND,Quant_Metric
Q494096,4_equity,EQUITY_BAND,Quant_Metric
Q12740640,4_equity,EQUITY_BAND,Quant_Metric
Q6541479,4_equity,EQUITY_BAND,Quant_Metric
Q27460,4_equity,EQUITY_BAND,Quant_Metric
Q837657,4_equity,EQUITY_BAND,Quant_Metric
Q3551502,4_equity,EQUITY_BAND,Quant_Metric
Q653439,4_equity,EQUITY_BAND,Quant_Metric
Q804561,4_equity,EQUITY_BAND,Quant_Metric
Q15804138,4_equity,EQUITY_BAND,Quant_Metric
Q1619447,4_equity,EQUITY_BAND,Quant_Metric
Q1475126,4_equity,EQUITY_BAND,Quant_Metric
Q7258031,4_equity,EQUITY_BAND,Quant_Metric
Q12742860,4_equity,EQUITY_BAND,Quant_Metric
Q979477,4_equity,EQUITY_BAND,Quant_Metric
Q6886685,4_equity,EQUITY_BAND,Quant_Metric
Q24035728,4_equity,EQUITY_BAND,Quant_Metric
Q608338,4_equity,EQUITY_BAND,Quant_Metric
Q796927,4_equity,EQUITY_BAND,Quant_Metric
Q54307207,4_equity,EQUITY_BAND,Quant_Metric
Q806161,4_equity,EQUITY_BAND,Quant_Metric
Q7283806,4_equity,EQUITY_BAND,Quant_Metric
Q3551461,4_market_cap,MARKET_CAP_BAND,Quant_Metric
Q13630969,4_market_cap,MARKET_CAP_BAND,Quant_Metric
Q3551414,4_market_cap,MARKET_CAP_BAND,Quant_Metric
Q108338292,4_market_cap,MARKET_CAP_BAND,Quant_Metric
Q106632743,4_market_cap,MARKET_CAP_BAND,Quant_Metric
Q857063,4_market_cap,MARKET_CAP_BAND,Quant_Metric
Q854605,4_market_cap,MARKET_CAP_BAND,Quant_Metric
Q528377,4_market_cap,MARKET_CAP_BAND,Quant_Metric
Q30149186,4_market_cap,MARKET_CAP_BAND,Quant_Metric
Q1435010,4_market_cap,MARKET_CAP_BAND,Quant_Metric
Q2986623,4_market_cap,MARKET_CAP_BAND,Quant_Metric
Q114133371,4_market_cap,MARKET_CAP_BAND,Quant_Metric
Q12731085,4_market_cap,MARKET_CAP_BAND,Quant_Metric
Q426356,4_market_cap,MARKET_CAP_BAND,Quant_Metric
Q851648,4_market_cap,MARKET_CAP_BAND,Quant_Metric
Q1266339,4_market_cap,MARKET_CAP_BAND,Quant_Metric
Q729296,4_market_cap,MARKET_CAP_BAND,Quant_Metric
Q7924398,4_market_cap,MARKET_CAP_BAND,Quant_Metric
Q56628065,4_market_cap,MARKET_CAP_BAND,Quant_Metric
Q929687,4_market_cap,MARKET_CAP_BAND,Quant_Metric
Q4854052,4_market_cap,MARKET_CAP_BAND,Quant_Metric
Q102350621,4_market_cap,MARKET_CAP_BAND,Quant_Metric
Q61340650,4_market_cap,MARKET_CAP_BAND,Quant_Metric
Q110066889,4_market_cap,MARKET_CAP_BAND,Quant_Metric
Q2757144,4_market_cap,MARKET_CAP_BAND,Quant_Metric
Q856252,4_market_cap,MARKET_CAP_BAND,Quant_Metric
Q60802524,4_market_cap,MARKET_CAP_BAND,Quant_Metric
Q1755034,4_market_cap,MARKET_CAP_BAND,Quant_Metric
Q114647790,4_market_cap,MARKET_CAP_BAND,Quant_Metric
Q567819,4_market_cap,MARKET_CAP_BAND,Quant_Metric
Q18544132,4_market_cap,MARKET_CAP_BAND,Quant_Metric
Q26070,4_market_cap,MARKET_CAP_BAND,Quant_Metric
Q108338291,4_market_cap,MARKET_CAP_BAND,Quant_Metric
Q538452,4_market_cap,MARKET_CAP_BAND,Quant_Metric
Q6973708,4_market_cap,MARKET_CAP_BAND,Quant_Metric
Q12726919,4_market_cap,MARKET_CAP_BAND,Quant_Metric
Q12723678,4_market_cap,MARKET_CAP_BAND,Quant_Metric
Q3083531,4_market_cap,MARKET_CAP_BAND,Quant_Metric
Q1538743,4_market_cap,MARKET_CAP_BAND,Quant_Metric
Q2280353,4_market_cap,MARKET_CAP_BAND,Quant_Metric
Q52636682,4_market_cap,MARKET_CAP_BAND,Quant_Metric
Q1523902,4_market_cap,MARKET_CAP_BAND,Quant_Metric
Q240656,4_market_cap,MARKET_CAP_BAND,Quant_Metric
Q6808085,4_market_cap,MARKET_CAP_BAND,Quant_Metric
Q1550912,4_market_cap,MARKET_CAP_BAND,Quant_Metric
Q1023306,4_market_cap,MARKET_CAP_BAND,Quant_Metric
Q33101471,4_market_cap,MARKET_CAP_BAND,Quant_Metric
Q96474837,4_market_cap,MARKET_CAP_BAND,Quant_Metric
Q806149,4_market_cap,MARKET_CAP_BAND,Quant_Metric
Q114647927,4_market_cap,MARKET_CAP_BAND,Quant_Metric
Q112074393,4_market_cap,MARKET_CAP_BAND,Quant_Metric
Q30277724,4_market_cap,MARKET_CAP_BAND,Quant_Metric
Q98034432,4_market_cap,MARKET_CAP_BAND,Quant_Metric
Q67080396,4_market_cap,MARKET_CAP_BAND,Quant_Metric
Q96397019,4_market_cap,MARKET_CAP_BAND,Quant_Metric
Q108838413,4_market_cap,MARKET_CAP_BAND,Quant_Metric
Q108314984,4_market_cap,MARKET_CAP_BAND,Quant_Metric
Q6272576,4_market_cap,MARKET_CAP_BAND,Quant_Metric
Q107677143,4_market_cap,MARKET_CAP_BAND,Quant_Metric
Q495258,4_market_cap,MARKET_CAP_BAND,Quant_Metric
Q1091725,4_market_cap,MARKET_CAP_BAND,Quant_Metric
Q283175,4_market_cap,MARKET_CAP_BAND,Quant_Metric
Q106901415,4_market_cap,MARKET_CAP_BAND,Quant_Metric
Q110681739,4_market_cap,MARKET_CAP_BAND,Quant_Metric
Q12729923,4_market_cap,MARKET_CAP_BAND,Quant_Metric
Q114247072,4_market_cap,MARKET_CAP_BAND,Quant_Metric
Q30140581,4_market_cap,MARKET_CAP_BAND,Quant_Metric
Q1167563,4_market_cap,MARKET_CAP_BAND,Quant_Metric
Q2055060,4_market_cap,MARKET_CAP_BAND,Quant_Metric
Q2840436,4_market_cap,MARKET_CAP_BAND,Quant_Metric
Q636060,4_market_cap,MARKET_CAP_BAND,Quant_Metric
Q2949687,4_market_cap,MARKET_CAP_BAND,Quant_Metric
Q7275888,4_market_cap,MARKET_CAP_BAND,Quant_Metric
Q51495045,4_market_cap,MARKET_CAP_BAND,Quant_Metric
Q25399056,4_market_cap,MARKET_CAP_BAND,Quant_Metric
Q114417096,4_market_cap,MARKET_CAP_BAND,Quant_Metric
Q55000205,4_market_cap,MARKET_CAP_BAND,Quant_Metric
Q99539906,4_market_cap,MARKET_CAP_BAND,Quant_Metric
Q494096,4_market_cap,MARKET_CAP_BAND,Quant_Metric
Q12740640,4_market_cap,MARKET_CAP_BAND,Quant_Metric
Q6541479,4_market_cap,MARKET_CAP_BAND,Quant_Metric
Q27460,4_market_cap,MARKET_CAP_BAND,Quant_Metric
Q837657,4_market_cap,MARKET_CAP_BAND,Quant_Metric
Q3551502,4_market_cap,MARKET_CAP_BAND,Quant_Metric
Q653439,4_market_cap,MARKET_CAP_BAND,Quant_Metric
Q804561,4_market_cap,MARKET_CAP_BAND,Quant_Metric
Q15804138,4_market_cap,MARKET_CAP_BAND,Quant_Metric
Q1619447,4_market_cap,MARKET_CAP_BAND,Quant_Metric
Q1475126,4_market_cap,MARKET_CAP_BAND,Quant_Metric
Q7258031,4_market_cap,MARKET_CAP_BAND,Quant_Metric
Q12742860,4_market_cap,MARKET_CAP_BAND,Quant_Metric
Q979477,4_market_cap,MARKET_CAP_BAND,Quant_Metric
Q6886685,4_market_cap,MARKET_CAP_BAND,Quant_Metric
Q24035728,4_market_cap,MARKET_CAP_BAND,Quant_Metric
Q608338,4_market_cap,MARKET_CAP_BAND,Quant_Metric
Q796927,4_market_cap,MARKET_CAP_BAND,Quant_Metric
Q54307207,4_market_cap,MARKET_CAP_BAND,Quant_Metric
Q806161,4_market_cap,MARKET_CAP_BAND,Quant_Metric
Q7283806,4_market_cap,MARKET_CAP_BAND,Quant_Metric
