company_id,val_id,edge_typ,node_typ
Q85614408,Q622934,INDUSTRY,Industry
Q63213940,Q17200001,INDUSTRY,Industry
Q66133376,Q126793,INDUSTRY,Industry
Q7937522,Q56598901,INDUSTRY,Industry
Q7937522, Q25245117,INDUSTRY,Industry
Q14915070,Q56598901,INDUSTRY,Industry
Q14915070, Q25245117,INDUSTRY,Industry
Q61116364,Q7258040,INDUSTRY,Industry
Q3367065,Q837171,INDUSTRY,Industry
Q64033983,Q126793,INDUSTRY,Industry
Q4996377,Q862571,INDUSTRY,Industry
Q6975183,Q3565868,INDUSTRY,Industry
Q7283808,Q837171,INDUSTRY,Industry
Q12270598,Q56598901,INDUSTRY,Industry
Q12270598, Q25245117,INDUSTRY,Industry
Q12270598, Q289,INDUSTRY,Industry
Q105955393,Q638,INDUSTRY,Industry
Q2880826,Q177777,INDUSTRY,Industry
Q7234083,Q1416657,INDUSTRY,Industry
Q7234083, Q837171,INDUSTRY,Industry
Q7234083, Q806718,INDUSTRY,Industry
Q12289125,Q862571,INDUSTRY,Industry
Q78142706,Q25245117,INDUSTRY,Industry
Q78142706, Q81945,INDUSTRY,Industry
Q1941592,Q56598901,INDUSTRY,Industry
Q1941592, Q25245117,INDUSTRY,Industry
Q2944755,Q837171,INDUSTRY,Industry
Q610143,Q3565868,INDUSTRY,Industry
Q12287911,Q383973,INDUSTRY,Industry
Q12287911, Q112046,INDUSTRY,Industry
Q19370762,Q21781591,CEO,Person
Q12289125,Q723240,CHAIRMAN,Person
Q85614408,Q472,HEADQUARTERS,Location
Q63213940,Q6506,HEADQUARTERS,Location
Q66133376,Q181830,HEADQUARTERS,Location
Q7937522,Q472,HEADQUARTERS,Location
Q12279650,Q472,HEADQUARTERS,Location
Q3658386,Q170415,HEADQUARTERS,Location
Q14915070,Q472,HEADQUARTERS,Location
Q98446722,Q472,HEADQUARTERS,Location
Q108868578,Q472,HEADQUARTERS,Location
Q3367065,Q472,HEADQUARTERS,Location
Q108032108,Q472,HEADQUARTERS,Location
Q12274176,Q472,HEADQUARTERS,Location
Q4996377,Q472,HEADQUARTERS,Location
Q6975183,Q472,HEADQUARTERS,Location
Q19370762,Q472,HEADQUARTERS,Location
Q61140282,Q472,HEADQUARTERS,Location
Q7283808,Q472,HEADQUARTERS,Location
Q1232958,Q472,HEADQUARTERS,Location
Q12270598,Q472,HEADQUARTERS,Location
Q7884635,Q472,HEADQUARTERS,Location
Q16691,Q43196,HEADQUARTERS,Location
Q16691, Q62,HEADQUARTERS,Location
Q105955393,Q472,HEADQUARTERS,Location
Q55636863,Q472,HEADQUARTERS,Location
Q113611306,Q185289,HEADQUARTERS,Location
Q12279603,Q160173,HEADQUARTERS,Location
Q2880826,Q472,HEADQUARTERS,Location
Q370968,Q472,HEADQUARTERS,Location
Q7234083,Q472,HEADQUARTERS,Location
Q12289125,Q472,HEADQUARTERS,Location
Q1003730,Q472,HEADQUARTERS,Location
Q2471460,Q472,HEADQUARTERS,Location
Q717721,Q472,HEADQUARTERS,Location
Q1941592,Q472,HEADQUARTERS,Location
Q2944755,Q472,HEADQUARTERS,Location
Q610143,Q472,HEADQUARTERS,Location
Q5206146,Q472,HEADQUARTERS,Location
Q12287911,Q472,HEADQUARTERS,Location
Q1034634,Q472,HEADQUARTERS,Location
Q108113024,Q472,HEADQUARTERS,Location
Q19707473,Q219,RESIDES_IN,Location
Q106508620,Q219,RESIDES_IN,Location
Q98225196,Q219,RESIDES_IN,Location
Q106093611,Q219,RESIDES_IN,Location
Q101417751,Q219,RESIDES_IN,Location
Q85614408,Q219,RESIDES_IN,Location
Q63213940,Q219,RESIDES_IN,Location
Q66133376,Q219,RESIDES_IN,Location
Q7937522,Q219,RESIDES_IN,Location
Q87444476,Q219,RESIDES_IN,Location
Q12279650,Q219,RESIDES_IN,Location
Q3658386,Q219,RESIDES_IN,Location
Q106094333,Q219,RESIDES_IN,Location
Q894120,Q219,RESIDES_IN,Location
Q102274798,Q219,RESIDES_IN,Location
Q14915070,Q219,RESIDES_IN,Location
Q98446722,Q219,RESIDES_IN,Location
Q61116364,Q219,RESIDES_IN,Location
Q109996760,Q219,RESIDES_IN,Location
Q108868578,Q219,RESIDES_IN,Location
Q3367065,Q219,RESIDES_IN,Location
Q30498109,Q219,RESIDES_IN,Location
Q64033983,Q219,RESIDES_IN,Location
Q106508561,Q219,RESIDES_IN,Location
Q108032108,Q219,RESIDES_IN,Location
Q12274176,Q219,RESIDES_IN,Location
Q114237784,Q219,RESIDES_IN,Location
Q4996377,Q219,RESIDES_IN,Location
Q6975183,Q219,RESIDES_IN,Location
Q19370762,Q219,RESIDES_IN,Location
Q61140282,Q219,RESIDES_IN,Location
Q114238286,Q219,RESIDES_IN,Location
Q951167,Q219,RESIDES_IN,Location
Q114238259,Q219,RESIDES_IN,Location
Q113588713,Q219,RESIDES_IN,Location
Q7283808,Q219,RESIDES_IN,Location
Q12286392,Q219,RESIDES_IN,Location
Q1232958,Q219,RESIDES_IN,Location
Q114053570,Q219,RESIDES_IN,Location
Q12270598,Q219,RESIDES_IN,Location
Q106508421,Q219,RESIDES_IN,Location
Q61140834,Q219,RESIDES_IN,Location
Q79101901,Q219,RESIDES_IN,Location
Q7884635,Q219,RESIDES_IN,Location
Q16691,Q219,RESIDES_IN,Location
Q105955393,Q219,RESIDES_IN,Location
Q55636863,Q219,RESIDES_IN,Location
Q12279128,Q219,RESIDES_IN,Location
Q110614670,Q219,RESIDES_IN,Location
Q113611306,Q219,RESIDES_IN,Location
Q18932478,Q219,RESIDES_IN,Location
Q12279603,Q219,RESIDES_IN,Location
Q2880826,Q219,RESIDES_IN,Location
Q111603199,Q219,RESIDES_IN,Location
Q114053568,Q219,RESIDES_IN,Location
Q25484895,Q219,RESIDES_IN,Location
Q370968,Q219,RESIDES_IN,Location
Q7234083,Q219,RESIDES_IN,Location
Q114237735,Q219,RESIDES_IN,Location
Q114131717,Q219,RESIDES_IN,Location
Q12289125,Q219,RESIDES_IN,Location
Q98633109,Q219,RESIDES_IN,Location
Q106093074,Q219,RESIDES_IN,Location
Q493187,Q219,RESIDES_IN,Location
Q78142706,Q219,RESIDES_IN,Location
Q1003730,Q219,RESIDES_IN,Location
Q108169047,Q219,RESIDES_IN,Location
Q2471460,Q219,RESIDES_IN,Location
Q717721,Q219,RESIDES_IN,Location
Q1941592,Q219,RESIDES_IN,Location
Q106508478,Q219,RESIDES_IN,Location
Q2944755,Q219,RESIDES_IN,Location
Q106094537,Q219,RESIDES_IN,Location
Q7692633,Q219,RESIDES_IN,Location
Q610143,Q219,RESIDES_IN,Location
Q114238322,Q219,RESIDES_IN,Location
Q5206146,Q219,RESIDES_IN,Location
Q12287911,Q219,RESIDES_IN,Location
Q12298056,Q219,RESIDES_IN,Location
Q1034634,Q219,RESIDES_IN,Location
Q108113024,Q219,RESIDES_IN,Location
Q66133376,2_employee_count,EMPLOYEE_COUNT_BAND,Quant_Metric
Q7937522,9_employee_count,EMPLOYEE_COUNT_BAND,Quant_Metric
Q14915070,5_employee_count,EMPLOYEE_COUNT_BAND,Quant_Metric
Q12270598,3_employee_count,EMPLOYEE_COUNT_BAND,Quant_Metric
Q108169047,8_employee_count,EMPLOYEE_COUNT_BAND,Quant_Metric
Q1941592,6_employee_count,EMPLOYEE_COUNT_BAND,Quant_Metric
Q12287911,6_employee_count,EMPLOYEE_COUNT_BAND,Quant_Metric
Q7937522,9_profit,PROFIT_BAND,Quant_Metric
Q108169047,2_profit,PROFIT_BAND,Quant_Metric
Q12287911,5_profit,PROFIT_BAND,Quant_Metric
Q19707473,4_assets,ASSETS_BAND,Quant_Metric
Q106508620,4_assets,ASSETS_BAND,Quant_Metric
Q98225196,4_assets,ASSETS_BAND,Quant_Metric
Q106093611,4_assets,ASSETS_BAND,Quant_Metric
Q101417751,4_assets,ASSETS_BAND,Quant_Metric
Q85614408,4_assets,ASSETS_BAND,Quant_Metric
Q63213940,4_assets,ASSETS_BAND,Quant_Metric
Q66133376,4_assets,ASSETS_BAND,Quant_Metric
Q7937522,4_assets,ASSETS_BAND,Quant_Metric
Q87444476,4_assets,ASSETS_BAND,Quant_Metric
Q12279650,4_assets,ASSETS_BAND,Quant_Metric
Q3658386,4_assets,ASSETS_BAND,Quant_Metric
Q106094333,4_assets,ASSETS_BAND,Quant_Metric
Q894120,4_assets,ASSETS_BAND,Quant_Metric
Q102274798,4_assets,ASSETS_BAND,Quant_Metric
Q14915070,4_assets,ASSETS_BAND,Quant_Metric
Q98446722,4_assets,ASSETS_BAND,Quant_Metric
Q61116364,4_assets,ASSETS_BAND,Quant_Metric
Q109996760,4_assets,ASSETS_BAND,Quant_Metric
Q108868578,4_assets,ASSETS_BAND,Quant_Metric
Q3367065,4_assets,ASSETS_BAND,Quant_Metric
Q30498109,4_assets,ASSETS_BAND,Quant_Metric
Q64033983,4_assets,ASSETS_BAND,Quant_Metric
Q106508561,4_assets,ASSETS_BAND,Quant_Metric
Q108032108,4_assets,ASSETS_BAND,Quant_Metric
Q12274176,4_assets,ASSETS_BAND,Quant_Metric
Q114237784,4_assets,ASSETS_BAND,Quant_Metric
Q4996377,4_assets,ASSETS_BAND,Quant_Metric
Q6975183,4_assets,ASSETS_BAND,Quant_Metric
Q19370762,4_assets,ASSETS_BAND,Quant_Metric
Q61140282,4_assets,ASSETS_BAND,Quant_Metric
Q114238286,4_assets,ASSETS_BAND,Quant_Metric
Q951167,4_assets,ASSETS_BAND,Quant_Metric
Q114238259,4_assets,ASSETS_BAND,Quant_Metric
Q113588713,4_assets,ASSETS_BAND,Quant_Metric
Q7283808,4_assets,ASSETS_BAND,Quant_Metric
Q12286392,4_assets,ASSETS_BAND,Quant_Metric
Q1232958,4_assets,ASSETS_BAND,Quant_Metric
Q114053570,4_assets,ASSETS_BAND,Quant_Metric
Q12270598,4_assets,ASSETS_BAND,Quant_Metric
Q106508421,4_assets,ASSETS_BAND,Quant_Metric
Q61140834,4_assets,ASSETS_BAND,Quant_Metric
Q79101901,4_assets,ASSETS_BAND,Quant_Metric
Q7884635,4_assets,ASSETS_BAND,Quant_Metric
Q16691,4_assets,ASSETS_BAND,Quant_Metric
Q105955393,4_assets,ASSETS_BAND,Quant_Metric
Q55636863,4_assets,ASSETS_BAND,Quant_Metric
Q12279128,4_assets,ASSETS_BAND,Quant_Metric
Q110614670,4_assets,ASSETS_BAND,Quant_Metric
Q113611306,4_assets,ASSETS_BAND,Quant_Metric
Q18932478,4_assets,ASSETS_BAND,Quant_Metric
Q12279603,4_assets,ASSETS_BAND,Quant_Metric
Q2880826,4_assets,ASSETS_BAND,Quant_Metric
Q111603199,4_assets,ASSETS_BAND,Quant_Metric
Q114053568,4_assets,ASSETS_BAND,Quant_Metric
Q25484895,4_assets,ASSETS_BAND,Quant_Metric
Q370968,4_assets,ASSETS_BAND,Quant_Metric
Q7234083,4_assets,ASSETS_BAND,Quant_Metric
Q114237735,4_assets,ASSETS_BAND,Quant_Metric
Q114131717,4_assets,ASSETS_BAND,Quant_Metric
Q12289125,4_assets,ASSETS_BAND,Quant_Metric
Q98633109,4_assets,ASSETS_BAND,Quant_Metric
Q106093074,4_assets,ASSETS_BAND,Quant_Metric
Q493187,4_assets,ASSETS_BAND,Quant_Metric
Q78142706,4_assets,ASSETS_BAND,Quant_Metric
Q1003730,4_assets,ASSETS_BAND,Quant_Metric
Q108169047,4_assets,ASSETS_BAND,Quant_Metric
Q2471460,4_assets,ASSETS_BAND,Quant_Metric
Q717721,4_assets,ASSETS_BAND,Quant_Metric
Q1941592,4_assets,ASSETS_BAND,Quant_Metric
Q106508478,4_assets,ASSETS_BAND,Quant_Metric
Q2944755,4_assets,ASSETS_BAND,Quant_Metric
Q106094537,4_assets,ASSETS_BAND,Quant_Metric
Q7692633,4_assets,ASSETS_BAND,Quant_Metric
Q610143,4_assets,ASSETS_BAND,Quant_Metric
Q114238322,4_assets,ASSETS_BAND,Quant_Metric
Q5206146,4_assets,ASSETS_BAND,Quant_Metric
Q12287911,4_assets,ASSETS_BAND,Quant_Metric
Q12298056,4_assets,ASSETS_BAND,Quant_Metric
Q1034634,4_assets,ASSETS_BAND,Quant_Metric
Q108113024,4_assets,ASSETS_BAND,Quant_Metric
Q19707473,4_equity,EQUITY_BAND,Quant_Metric
Q106508620,4_equity,EQUITY_BAND,Quant_Metric
Q98225196,4_equity,EQUITY_BAND,Quant_Metric
Q106093611,4_equity,EQUITY_BAND,Quant_Metric
Q101417751,4_equity,EQUITY_BAND,Quant_Metric
Q85614408,4_equity,EQUITY_BAND,Quant_Metric
Q63213940,4_equity,EQUITY_BAND,Quant_Metric
Q66133376,4_equity,EQUITY_BAND,Quant_Metric
Q7937522,4_equity,EQUITY_BAND,Quant_Metric
Q87444476,4_equity,EQUITY_BAND,Quant_Metric
Q12279650,4_equity,EQUITY_BAND,Quant_Metric
Q3658386,4_equity,EQUITY_BAND,Quant_Metric
Q106094333,4_equity,EQUITY_BAND,Quant_Metric
Q894120,4_equity,EQUITY_BAND,Quant_Metric
Q102274798,4_equity,EQUITY_BAND,Quant_Metric
Q14915070,4_equity,EQUITY_BAND,Quant_Metric
Q98446722,4_equity,EQUITY_BAND,Quant_Metric
Q61116364,4_equity,EQUITY_BAND,Quant_Metric
Q109996760,4_equity,EQUITY_BAND,Quant_Metric
Q108868578,4_equity,EQUITY_BAND,Quant_Metric
Q3367065,4_equity,EQUITY_BAND,Quant_Metric
Q30498109,4_equity,EQUITY_BAND,Quant_Metric
Q64033983,4_equity,EQUITY_BAND,Quant_Metric
Q106508561,4_equity,EQUITY_BAND,Quant_Metric
Q108032108,4_equity,EQUITY_BAND,Quant_Metric
Q12274176,4_equity,EQUITY_BAND,Quant_Metric
Q114237784,4_equity,EQUITY_BAND,Quant_Metric
Q4996377,4_equity,EQUITY_BAND,Quant_Metric
Q6975183,4_equity,EQUITY_BAND,Quant_Metric
Q19370762,4_equity,EQUITY_BAND,Quant_Metric
Q61140282,4_equity,EQUITY_BAND,Quant_Metric
Q114238286,4_equity,EQUITY_BAND,Quant_Metric
Q951167,4_equity,EQUITY_BAND,Quant_Metric
Q114238259,4_equity,EQUITY_BAND,Quant_Metric
Q113588713,4_equity,EQUITY_BAND,Quant_Metric
Q7283808,4_equity,EQUITY_BAND,Quant_Metric
Q12286392,4_equity,EQUITY_BAND,Quant_Metric
Q1232958,4_equity,EQUITY_BAND,Quant_Metric
Q114053570,4_equity,EQUITY_BAND,Quant_Metric
Q12270598,4_equity,EQUITY_BAND,Quant_Metric
Q106508421,4_equity,EQUITY_BAND,Quant_Metric
Q61140834,4_equity,EQUITY_BAND,Quant_Metric
Q79101901,4_equity,EQUITY_BAND,Quant_Metric
Q7884635,4_equity,EQUITY_BAND,Quant_Metric
Q16691,4_equity,EQUITY_BAND,Quant_Metric
Q105955393,4_equity,EQUITY_BAND,Quant_Metric
Q55636863,4_equity,EQUITY_BAND,Quant_Metric
Q12279128,4_equity,EQUITY_BAND,Quant_Metric
Q110614670,4_equity,EQUITY_BAND,Quant_Metric
Q113611306,4_equity,EQUITY_BAND,Quant_Metric
Q18932478,4_equity,EQUITY_BAND,Quant_Metric
Q12279603,4_equity,EQUITY_BAND,Quant_Metric
Q2880826,4_equity,EQUITY_BAND,Quant_Metric
Q111603199,4_equity,EQUITY_BAND,Quant_Metric
Q114053568,4_equity,EQUITY_BAND,Quant_Metric
Q25484895,4_equity,EQUITY_BAND,Quant_Metric
Q370968,4_equity,EQUITY_BAND,Quant_Metric
Q7234083,4_equity,EQUITY_BAND,Quant_Metric
Q114237735,4_equity,EQUITY_BAND,Quant_Metric
Q114131717,4_equity,EQUITY_BAND,Quant_Metric
Q12289125,4_equity,EQUITY_BAND,Quant_Metric
Q98633109,4_equity,EQUITY_BAND,Quant_Metric
Q106093074,4_equity,EQUITY_BAND,Quant_Metric
Q493187,4_equity,EQUITY_BAND,Quant_Metric
Q78142706,4_equity,EQUITY_BAND,Quant_Metric
Q1003730,4_equity,EQUITY_BAND,Quant_Metric
Q108169047,4_equity,EQUITY_BAND,Quant_Metric
Q2471460,4_equity,EQUITY_BAND,Quant_Metric
Q717721,4_equity,EQUITY_BAND,Quant_Metric
Q1941592,4_equity,EQUITY_BAND,Quant_Metric
Q106508478,4_equity,EQUITY_BAND,Quant_Metric
Q2944755,4_equity,EQUITY_BAND,Quant_Metric
Q106094537,4_equity,EQUITY_BAND,Quant_Metric
Q7692633,4_equity,EQUITY_BAND,Quant_Metric
Q610143,4_equity,EQUITY_BAND,Quant_Metric
Q114238322,4_equity,EQUITY_BAND,Quant_Metric
Q5206146,4_equity,EQUITY_BAND,Quant_Metric
Q12287911,4_equity,EQUITY_BAND,Quant_Metric
Q12298056,4_equity,EQUITY_BAND,Quant_Metric
Q1034634,4_equity,EQUITY_BAND,Quant_Metric
Q108113024,4_equity,EQUITY_BAND,Quant_Metric
Q19707473,4_market_cap,MARKET_CAP_BAND,Quant_Metric
Q106508620,4_market_cap,MARKET_CAP_BAND,Quant_Metric
Q98225196,4_market_cap,MARKET_CAP_BAND,Quant_Metric
Q106093611,4_market_cap,MARKET_CAP_BAND,Quant_Metric
Q101417751,4_market_cap,MARKET_CAP_BAND,Quant_Metric
Q85614408,4_market_cap,MARKET_CAP_BAND,Quant_Metric
Q63213940,4_market_cap,MARKET_CAP_BAND,Quant_Metric
Q66133376,4_market_cap,MARKET_CAP_BAND,Quant_Metric
Q7937522,4_market_cap,MARKET_CAP_BAND,Quant_Metric
Q87444476,4_market_cap,MARKET_CAP_BAND,Quant_Metric
Q12279650,4_market_cap,MARKET_CAP_BAND,Quant_Metric
Q3658386,4_market_cap,MARKET_CAP_BAND,Quant_Metric
Q106094333,4_market_cap,MARKET_CAP_BAND,Quant_Metric
Q894120,4_market_cap,MARKET_CAP_BAND,Quant_Metric
Q102274798,4_market_cap,MARKET_CAP_BAND,Quant_Metric
Q14915070,4_market_cap,MARKET_CAP_BAND,Quant_Metric
Q98446722,4_market_cap,MARKET_CAP_BAND,Quant_Metric
Q61116364,4_market_cap,MARKET_CAP_BAND,Quant_Metric
Q109996760,4_market_cap,MARKET_CAP_BAND,Quant_Metric
Q108868578,4_market_cap,MARKET_CAP_BAND,Quant_Metric
Q3367065,4_market_cap,MARKET_CAP_BAND,Quant_Metric
Q30498109,4_market_cap,MARKET_CAP_BAND,Quant_Metric
Q64033983,4_market_cap,MARKET_CAP_BAND,Quant_Metric
Q106508561,4_market_cap,MARKET_CAP_BAND,Quant_Metric
Q108032108,4_market_cap,MARKET_CAP_BAND,Quant_Metric
Q12274176,4_market_cap,MARKET_CAP_BAND,Quant_Metric
Q114237784,4_market_cap,MARKET_CAP_BAND,Quant_Metric
Q4996377,4_market_cap,MARKET_CAP_BAND,Quant_Metric
Q6975183,4_market_cap,MARKET_CAP_BAND,Quant_Metric
Q19370762,4_market_cap,MARKET_CAP_BAND,Quant_Metric
Q61140282,4_market_cap,MARKET_CAP_BAND,Quant_Metric
Q114238286,4_market_cap,MARKET_CAP_BAND,Quant_Metric
Q951167,4_market_cap,MARKET_CAP_BAND,Quant_Metric
Q114238259,4_market_cap,MARKET_CAP_BAND,Quant_Metric
Q113588713,4_market_cap,MARKET_CAP_BAND,Quant_Metric
Q7283808,4_market_cap,MARKET_CAP_BAND,Quant_Metric
Q12286392,4_market_cap,MARKET_CAP_BAND,Quant_Metric
Q1232958,4_market_cap,MARKET_CAP_BAND,Quant_Metric
Q114053570,4_market_cap,MARKET_CAP_BAND,Quant_Metric
Q12270598,4_market_cap,MARKET_CAP_BAND,Quant_Metric
Q106508421,4_market_cap,MARKET_CAP_BAND,Quant_Metric
Q61140834,4_market_cap,MARKET_CAP_BAND,Quant_Metric
Q79101901,4_market_cap,MARKET_CAP_BAND,Quant_Metric
Q7884635,4_market_cap,MARKET_CAP_BAND,Quant_Metric
Q16691,4_market_cap,MARKET_CAP_BAND,Quant_Metric
Q105955393,4_market_cap,MARKET_CAP_BAND,Quant_Metric
Q55636863,4_market_cap,MARKET_CAP_BAND,Quant_Metric
Q12279128,4_market_cap,MARKET_CAP_BAND,Quant_Metric
Q110614670,4_market_cap,MARKET_CAP_BAND,Quant_Metric
Q113611306,4_market_cap,MARKET_CAP_BAND,Quant_Metric
Q18932478,4_market_cap,MARKET_CAP_BAND,Quant_Metric
Q12279603,4_market_cap,MARKET_CAP_BAND,Quant_Metric
Q2880826,4_market_cap,MARKET_CAP_BAND,Quant_Metric
Q111603199,4_market_cap,MARKET_CAP_BAND,Quant_Metric
Q114053568,4_market_cap,MARKET_CAP_BAND,Quant_Metric
Q25484895,4_market_cap,MARKET_CAP_BAND,Quant_Metric
Q370968,4_market_cap,MARKET_CAP_BAND,Quant_Metric
Q7234083,4_market_cap,MARKET_CAP_BAND,Quant_Metric
Q114237735,4_market_cap,MARKET_CAP_BAND,Quant_Metric
Q114131717,4_market_cap,MARKET_CAP_BAND,Quant_Metric
Q12289125,4_market_cap,MARKET_CAP_BAND,Quant_Metric
Q98633109,4_market_cap,MARKET_CAP_BAND,Quant_Metric
Q106093074,4_market_cap,MARKET_CAP_BAND,Quant_Metric
Q493187,4_market_cap,MARKET_CAP_BAND,Quant_Metric
Q78142706,4_market_cap,MARKET_CAP_BAND,Quant_Metric
Q1003730,4_market_cap,MARKET_CAP_BAND,Quant_Metric
Q108169047,4_market_cap,MARKET_CAP_BAND,Quant_Metric
Q2471460,4_market_cap,MARKET_CAP_BAND,Quant_Metric
Q717721,4_market_cap,MARKET_CAP_BAND,Quant_Metric
Q1941592,4_market_cap,MARKET_CAP_BAND,Quant_Metric
Q106508478,4_market_cap,MARKET_CAP_BAND,Quant_Metric
Q2944755,4_market_cap,MARKET_CAP_BAND,Quant_Metric
Q106094537,4_market_cap,MARKET_CAP_BAND,Quant_Metric
Q7692633,4_market_cap,MARKET_CAP_BAND,Quant_Metric
Q610143,4_market_cap,MARKET_CAP_BAND,Quant_Metric
Q114238322,4_market_cap,MARKET_CAP_BAND,Quant_Metric
Q5206146,4_market_cap,MARKET_CAP_BAND,Quant_Metric
Q12287911,4_market_cap,MARKET_CAP_BAND,Quant_Metric
Q12298056,4_market_cap,MARKET_CAP_BAND,Quant_Metric
Q1034634,4_market_cap,MARKET_CAP_BAND,Quant_Metric
Q108113024,4_market_cap,MARKET_CAP_BAND,Quant_Metric
