company_id,val_id,edge_typ,node_typ
Q7334368,Q190117,INDUSTRY,Industry
Q3040168,Q1193236,INDUSTRY,Industry
Q106775805,Q941594,INDUSTRY,Industry
Q140381,Q22687,INDUSTRY,Industry
Q1662137,Q862571,INDUSTRY,Industry
Q470696,Q418,INDUSTRY,Industry
Q3116209,Q10302058,INDUSTRY,Industry
Q1958759,Q126793,INDUSTRY,Industry
Q109407566,Q941594,INDUSTRY,Industry
Q12643627,Q1193236,INDUSTRY,Industry
Q1664911,Q540912,INDUSTRY,Industry
Q107633440,Q941594,INDUSTRY,Industry
Q7199671,Q869095,INDUSTRY,Industry
Q2340010,Q941594,INDUSTRY,Industry
Q7246343,Q1416657,INDUSTRY,Industry
Q7246343, Q837171,INDUSTRY,Industry
Q7246343, Q806718,INDUSTRY,Industry
Q58040098,Q126793,INDUSTRY,Industry
Q62082464,Q126793,INDUSTRY,Industry
Q97222641,Q3972943,INDUSTRY,Industry
Q904388,Q507443,INDUSTRY,Industry
Q1143457,Q1564292,CHAIRMAN,Person
Q1143457, Q6771291,CHAIRMAN,Person
Q1143457, Q12627038,CHAIRMAN,Person
Q1143457, Q12628155,CHAIRMAN,Person
Q1143457, Q12639527,CHAIRMAN,Person
Q63184374,Q63184404,CHAIRMAN,Person
Q7334368,Q856385,HEADQUARTERS,Location
Q3040168,Q1435,HEADQUARTERS,Location
Q106775805,Q1435,HEADQUARTERS,Location
Q100256384,Q1647,HEADQUARTERS,Location
Q140381,Q1435,HEADQUARTERS,Location
Q1662137,Q1435,HEADQUARTERS,Location
Q308974,Q1435,HEADQUARTERS,Location
Q1143457,Q1435,HEADQUARTERS,Location
Q470696,Q1435,HEADQUARTERS,Location
Q12627396,Q1647,HEADQUARTERS,Location
Q3116209,Q3711,HEADQUARTERS,Location
Q3116209, Q1435,HEADQUARTERS,Location
Q3116209, Q437,HEADQUARTERS,Location
Q1958759,Q64990,HEADQUARTERS,Location
Q1958759, Q3012,HEADQUARTERS,Location
Q1958759, Q1741,HEADQUARTERS,Location
Q109407566,Q390587,HEADQUARTERS,Location
Q12643627,Q1435,HEADQUARTERS,Location
Q633782,Q4656,HEADQUARTERS,Location
Q478374,Q1647,HEADQUARTERS,Location
Q1664911,Q5640,HEADQUARTERS,Location
Q107633440,Q1435,HEADQUARTERS,Location
Q12643718,Q1663,HEADQUARTERS,Location
Q87399724,Q904320,HEADQUARTERS,Location
Q7199671,Q319276,HEADQUARTERS,Location
Q20526419,Q3549,HEADQUARTERS,Location
Q62274622,Q1435,HEADQUARTERS,Location
Q12631567,Q1435,HEADQUARTERS,Location
Q2340010,Q1435,HEADQUARTERS,Location
Q7246343,Q1435,HEADQUARTERS,Location
Q63184374,Q1663,HEADQUARTERS,Location
Q65132948,Q3370,HEADQUARTERS,Location
Q3115750,Q1435,HEADQUARTERS,Location
Q58040098,Q1647,HEADQUARTERS,Location
Q97222641,Q1435,HEADQUARTERS,Location
Q10368807,Q1435,HEADQUARTERS,Location
Q115137198,Q1435,HEADQUARTERS,Location
Q241622,Q7539502,HEADQUARTERS,Location
Q106866275,Q1663,HEADQUARTERS,Location
Q904388,Q1435,HEADQUARTERS,Location
Q5428937,Q1708709,GROUPED_IN,Group
Q7334368,Q224,RESIDES_IN,Location
Q3040168,Q224,RESIDES_IN,Location
Q106775805,Q224,RESIDES_IN,Location
Q100256384,Q224,RESIDES_IN,Location
Q2496046,Q224,RESIDES_IN,Location
Q140381,Q224,RESIDES_IN,Location
Q1662137,Q224,RESIDES_IN,Location
Q308974,Q224,RESIDES_IN,Location
Q1143457,Q224,RESIDES_IN,Location
Q470696,Q224,RESIDES_IN,Location
Q12627396,Q224,RESIDES_IN,Location
Q5428937,Q224,RESIDES_IN,Location
Q65971584,Q224,RESIDES_IN,Location
Q3116209,Q403,RESIDES_IN,Location
Q111362777,Q224,RESIDES_IN,Location
Q6930032,Q224,RESIDES_IN,Location
Q1958759,Q224,RESIDES_IN,Location
Q109407566,Q224,RESIDES_IN,Location
Q12643627,Q224,RESIDES_IN,Location
Q633782,Q224,RESIDES_IN,Location
Q478374,Q224,RESIDES_IN,Location
Q429032,Q224,RESIDES_IN,Location
Q12629608,Q224,RESIDES_IN,Location
Q12643390,Q224,RESIDES_IN,Location
Q1664911,Q224,RESIDES_IN,Location
Q440838,Q224,RESIDES_IN,Location
Q113486638,Q224,RESIDES_IN,Location
Q107633440,Q224,RESIDES_IN,Location
Q12643718,Q224,RESIDES_IN,Location
Q87399724,Q224,RESIDES_IN,Location
Q6471746,Q224,RESIDES_IN,Location
Q7199671,Q224,RESIDES_IN,Location
Q20526419,Q224,RESIDES_IN,Location
Q30736107,Q224,RESIDES_IN,Location
Q62274622,Q224,RESIDES_IN,Location
Q12631567,Q224,RESIDES_IN,Location
Q2340010,Q224,RESIDES_IN,Location
Q7246343,Q224,RESIDES_IN,Location
Q16110289,Q224,RESIDES_IN,Location
Q63184374,Q224,RESIDES_IN,Location
Q65149639,Q224,RESIDES_IN,Location
Q65132948,Q224,RESIDES_IN,Location
Q5250252,Q224,RESIDES_IN,Location
Q101617829,Q224,RESIDES_IN,Location
Q60642328,Q224,RESIDES_IN,Location
Q3115750,Q224,RESIDES_IN,Location
Q58040098,Q224,RESIDES_IN,Location
Q73898961,Q224,RESIDES_IN,Location
Q787388,Q224,RESIDES_IN,Location
Q62082464,Q224,RESIDES_IN,Location
Q97222641,Q224,RESIDES_IN,Location
Q10368807,Q224,RESIDES_IN,Location
Q69885897,Q224,RESIDES_IN,Location
Q115137198,Q224,RESIDES_IN,Location
Q5428923,Q224,RESIDES_IN,Location
Q241622,Q224,RESIDES_IN,Location
Q106866275,Q224,RESIDES_IN,Location
Q904388,Q224,RESIDES_IN,Location
Q1662137,4_employee_count,EMPLOYEE_COUNT_BAND,Quant_Metric
Q470696,1_employee_count,EMPLOYEE_COUNT_BAND,Quant_Metric
Q1958759,9_employee_count,EMPLOYEE_COUNT_BAND,Quant_Metric
Q12643627,1_employee_count,EMPLOYEE_COUNT_BAND,Quant_Metric
Q1664911,2_employee_count,EMPLOYEE_COUNT_BAND,Quant_Metric
Q58040098,1_employee_count,EMPLOYEE_COUNT_BAND,Quant_Metric
Q1662137,9_profit,PROFIT_BAND,Quant_Metric
Q470696,7_profit,PROFIT_BAND,Quant_Metric
Q7334368,4_assets,ASSETS_BAND,Quant_Metric
Q3040168,4_assets,ASSETS_BAND,Quant_Metric
Q106775805,4_assets,ASSETS_BAND,Quant_Metric
Q100256384,4_assets,ASSETS_BAND,Quant_Metric
Q2496046,4_assets,ASSETS_BAND,Quant_Metric
Q140381,4_assets,ASSETS_BAND,Quant_Metric
Q1662137,4_assets,ASSETS_BAND,Quant_Metric
Q308974,4_assets,ASSETS_BAND,Quant_Metric
Q1143457,4_assets,ASSETS_BAND,Quant_Metric
Q470696,4_assets,ASSETS_BAND,Quant_Metric
Q12627396,4_assets,ASSETS_BAND,Quant_Metric
Q5428937,4_assets,ASSETS_BAND,Quant_Metric
Q65971584,4_assets,ASSETS_BAND,Quant_Metric
Q3116209,4_assets,ASSETS_BAND,Quant_Metric
Q111362777,4_assets,ASSETS_BAND,Quant_Metric
Q6930032,4_assets,ASSETS_BAND,Quant_Metric
Q1958759,4_assets,ASSETS_BAND,Quant_Metric
Q109407566,4_assets,ASSETS_BAND,Quant_Metric
Q12643627,4_assets,ASSETS_BAND,Quant_Metric
Q633782,4_assets,ASSETS_BAND,Quant_Metric
Q478374,4_assets,ASSETS_BAND,Quant_Metric
Q429032,4_assets,ASSETS_BAND,Quant_Metric
Q12629608,4_assets,ASSETS_BAND,Quant_Metric
Q12643390,4_assets,ASSETS_BAND,Quant_Metric
Q1664911,4_assets,ASSETS_BAND,Quant_Metric
Q440838,4_assets,ASSETS_BAND,Quant_Metric
Q113486638,4_assets,ASSETS_BAND,Quant_Metric
Q107633440,4_assets,ASSETS_BAND,Quant_Metric
Q12643718,4_assets,ASSETS_BAND,Quant_Metric
Q87399724,4_assets,ASSETS_BAND,Quant_Metric
Q6471746,4_assets,ASSETS_BAND,Quant_Metric
Q7199671,4_assets,ASSETS_BAND,Quant_Metric
Q20526419,4_assets,ASSETS_BAND,Quant_Metric
Q30736107,4_assets,ASSETS_BAND,Quant_Metric
Q62274622,4_assets,ASSETS_BAND,Quant_Metric
Q12631567,4_assets,ASSETS_BAND,Quant_Metric
Q2340010,4_assets,ASSETS_BAND,Quant_Metric
Q7246343,4_assets,ASSETS_BAND,Quant_Metric
Q16110289,4_assets,ASSETS_BAND,Quant_Metric
Q63184374,4_assets,ASSETS_BAND,Quant_Metric
Q65149639,4_assets,ASSETS_BAND,Quant_Metric
Q65132948,4_assets,ASSETS_BAND,Quant_Metric
Q5250252,4_assets,ASSETS_BAND,Quant_Metric
Q101617829,4_assets,ASSETS_BAND,Quant_Metric
Q60642328,4_assets,ASSETS_BAND,Quant_Metric
Q3115750,4_assets,ASSETS_BAND,Quant_Metric
Q58040098,4_assets,ASSETS_BAND,Quant_Metric
Q73898961,4_assets,ASSETS_BAND,Quant_Metric
Q787388,4_assets,ASSETS_BAND,Quant_Metric
Q62082464,4_assets,ASSETS_BAND,Quant_Metric
Q97222641,4_assets,ASSETS_BAND,Quant_Metric
Q10368807,4_assets,ASSETS_BAND,Quant_Metric
Q69885897,4_assets,ASSETS_BAND,Quant_Metric
Q115137198,4_assets,ASSETS_BAND,Quant_Metric
Q5428923,4_assets,ASSETS_BAND,Quant_Metric
Q241622,4_assets,ASSETS_BAND,Quant_Metric
Q106866275,4_assets,ASSETS_BAND,Quant_Metric
Q904388,4_assets,ASSETS_BAND,Quant_Metric
Q7334368,4_equity,EQUITY_BAND,Quant_Metric
Q3040168,4_equity,EQUITY_BAND,Quant_Metric
Q106775805,4_equity,EQUITY_BAND,Quant_Metric
Q100256384,4_equity,EQUITY_BAND,Quant_Metric
Q2496046,4_equity,EQUITY_BAND,Quant_Metric
Q140381,4_equity,EQUITY_BAND,Quant_Metric
Q1662137,4_equity,EQUITY_BAND,Quant_Metric
Q308974,4_equity,EQUITY_BAND,Quant_Metric
Q1143457,4_equity,EQUITY_BAND,Quant_Metric
Q470696,4_equity,EQUITY_BAND,Quant_Metric
Q12627396,4_equity,EQUITY_BAND,Quant_Metric
Q5428937,4_equity,EQUITY_BAND,Quant_Metric
Q65971584,4_equity,EQUITY_BAND,Quant_Metric
Q3116209,4_equity,EQUITY_BAND,Quant_Metric
Q111362777,4_equity,EQUITY_BAND,Quant_Metric
Q6930032,4_equity,EQUITY_BAND,Quant_Metric
Q1958759,4_equity,EQUITY_BAND,Quant_Metric
Q109407566,4_equity,EQUITY_BAND,Quant_Metric
Q12643627,4_equity,EQUITY_BAND,Quant_Metric
Q633782,4_equity,EQUITY_BAND,Quant_Metric
Q478374,4_equity,EQUITY_BAND,Quant_Metric
Q429032,4_equity,EQUITY_BAND,Quant_Metric
Q12629608,4_equity,EQUITY_BAND,Quant_Metric
Q12643390,4_equity,EQUITY_BAND,Quant_Metric
Q1664911,4_equity,EQUITY_BAND,Quant_Metric
Q440838,4_equity,EQUITY_BAND,Quant_Metric
Q113486638,4_equity,EQUITY_BAND,Quant_Metric
Q107633440,4_equity,EQUITY_BAND,Quant_Metric
Q12643718,4_equity,EQUITY_BAND,Quant_Metric
Q87399724,4_equity,EQUITY_BAND,Quant_Metric
Q6471746,4_equity,EQUITY_BAND,Quant_Metric
Q7199671,4_equity,EQUITY_BAND,Quant_Metric
Q20526419,4_equity,EQUITY_BAND,Quant_Metric
Q30736107,4_equity,EQUITY_BAND,Quant_Metric
Q62274622,4_equity,EQUITY_BAND,Quant_Metric
Q12631567,4_equity,EQUITY_BAND,Quant_Metric
Q2340010,4_equity,EQUITY_BAND,Quant_Metric
Q7246343,4_equity,EQUITY_BAND,Quant_Metric
Q16110289,4_equity,EQUITY_BAND,Quant_Metric
Q63184374,4_equity,EQUITY_BAND,Quant_Metric
Q65149639,4_equity,EQUITY_BAND,Quant_Metric
Q65132948,4_equity,EQUITY_BAND,Quant_Metric
Q5250252,4_equity,EQUITY_BAND,Quant_Metric
Q101617829,4_equity,EQUITY_BAND,Quant_Metric
Q60642328,4_equity,EQUITY_BAND,Quant_Metric
Q3115750,4_equity,EQUITY_BAND,Quant_Metric
Q58040098,4_equity,EQUITY_BAND,Quant_Metric
Q73898961,4_equity,EQUITY_BAND,Quant_Metric
Q787388,4_equity,EQUITY_BAND,Quant_Metric
Q62082464,4_equity,EQUITY_BAND,Quant_Metric
Q97222641,4_equity,EQUITY_BAND,Quant_Metric
Q10368807,4_equity,EQUITY_BAND,Quant_Metric
Q69885897,4_equity,EQUITY_BAND,Quant_Metric
Q115137198,4_equity,EQUITY_BAND,Quant_Metric
Q5428923,4_equity,EQUITY_BAND,Quant_Metric
Q241622,4_equity,EQUITY_BAND,Quant_Metric
Q106866275,4_equity,EQUITY_BAND,Quant_Metric
Q904388,4_equity,EQUITY_BAND,Quant_Metric
Q7334368,4_market_cap,MARKET_CAP_BAND,Quant_Metric
Q3040168,4_market_cap,MARKET_CAP_BAND,Quant_Metric
Q106775805,4_market_cap,MARKET_CAP_BAND,Quant_Metric
Q100256384,4_market_cap,MARKET_CAP_BAND,Quant_Metric
Q2496046,4_market_cap,MARKET_CAP_BAND,Quant_Metric
Q140381,4_market_cap,MARKET_CAP_BAND,Quant_Metric
Q1662137,4_market_cap,MARKET_CAP_BAND,Quant_Metric
Q308974,4_market_cap,MARKET_CAP_BAND,Quant_Metric
Q1143457,4_market_cap,MARKET_CAP_BAND,Quant_Metric
Q470696,4_market_cap,MARKET_CAP_BAND,Quant_Metric
Q12627396,4_market_cap,MARKET_CAP_BAND,Quant_Metric
Q5428937,4_market_cap,MARKET_CAP_BAND,Quant_Metric
Q65971584,4_market_cap,MARKET_CAP_BAND,Quant_Metric
Q3116209,4_market_cap,MARKET_CAP_BAND,Quant_Metric
Q111362777,4_market_cap,MARKET_CAP_BAND,Quant_Metric
Q6930032,4_market_cap,MARKET_CAP_BAND,Quant_Metric
Q1958759,4_market_cap,MARKET_CAP_BAND,Quant_Metric
Q109407566,4_market_cap,MARKET_CAP_BAND,Quant_Metric
Q12643627,4_market_cap,MARKET_CAP_BAND,Quant_Metric
Q633782,4_market_cap,MARKET_CAP_BAND,Quant_Metric
Q478374,4_market_cap,MARKET_CAP_BAND,Quant_Metric
Q429032,4_market_cap,MARKET_CAP_BAND,Quant_Metric
Q12629608,4_market_cap,MARKET_CAP_BAND,Quant_Metric
Q12643390,4_market_cap,MARKET_CAP_BAND,Quant_Metric
Q1664911,4_market_cap,MARKET_CAP_BAND,Quant_Metric
Q440838,4_market_cap,MARKET_CAP_BAND,Quant_Metric
Q113486638,4_market_cap,MARKET_CAP_BAND,Quant_Metric
Q107633440,4_market_cap,MARKET_CAP_BAND,Quant_Metric
Q12643718,4_market_cap,MARKET_CAP_BAND,Quant_Metric
Q87399724,4_market_cap,MARKET_CAP_BAND,Quant_Metric
Q6471746,4_market_cap,MARKET_CAP_BAND,Quant_Metric
Q7199671,4_market_cap,MARKET_CAP_BAND,Quant_Metric
Q20526419,4_market_cap,MARKET_CAP_BAND,Quant_Metric
Q30736107,4_market_cap,MARKET_CAP_BAND,Quant_Metric
Q62274622,4_market_cap,MARKET_CAP_BAND,Quant_Metric
Q12631567,4_market_cap,MARKET_CAP_BAND,Quant_Metric
Q2340010,4_market_cap,MARKET_CAP_BAND,Quant_Metric
Q7246343,4_market_cap,MARKET_CAP_BAND,Quant_Metric
Q16110289,4_market_cap,MARKET_CAP_BAND,Quant_Metric
Q63184374,4_market_cap,MARKET_CAP_BAND,Quant_Metric
Q65149639,4_market_cap,MARKET_CAP_BAND,Quant_Metric
Q65132948,4_market_cap,MARKET_CAP_BAND,Quant_Metric
Q5250252,4_market_cap,MARKET_CAP_BAND,Quant_Metric
Q101617829,4_market_cap,MARKET_CAP_BAND,Quant_Metric
Q60642328,4_market_cap,MARKET_CAP_BAND,Quant_Metric
Q3115750,4_market_cap,MARKET_CAP_BAND,Quant_Metric
Q58040098,4_market_cap,MARKET_CAP_BAND,Quant_Metric
Q73898961,4_market_cap,MARKET_CAP_BAND,Quant_Metric
Q787388,4_market_cap,MARKET_CAP_BAND,Quant_Metric
Q62082464,4_market_cap,MARKET_CAP_BAND,Quant_Metric
Q97222641,4_market_cap,MARKET_CAP_BAND,Quant_Metric
Q10368807,4_market_cap,MARKET_CAP_BAND,Quant_Metric
Q69885897,4_market_cap,MARKET_CAP_BAND,Quant_Metric
Q115137198,4_market_cap,MARKET_CAP_BAND,Quant_Metric
Q5428923,4_market_cap,MARKET_CAP_BAND,Quant_Metric
Q241622,4_market_cap,MARKET_CAP_BAND,Quant_Metric
Q106866275,4_market_cap,MARKET_CAP_BAND,Quant_Metric
Q904388,4_market_cap,MARKET_CAP_BAND,Quant_Metric
