company_id,val_id,edge_typ,node_typ
Q2419591,Q941594,INDUSTRY,Industry
Q23870181,Q540912,INDUSTRY,Industry
Q16916495,Q43183,INDUSTRY,Industry
Q16916495, Q4290,INDUSTRY,Industry
Q473211,Q178512,INDUSTRY,Industry
Q534903,Q607081,INDUSTRY,Industry
Q33465158,Q941594,INDUSTRY,Industry
Q1890664,Q2283886,INDUSTRY,Industry
Q1890664, Q38112,INDUSTRY,Industry
Q11894327,Q10494269,INDUSTRY,Industry
Q339318,Q101333,INDUSTRY,Industry
Q1053610,Q3972943,INDUSTRY,Industry
Q1197161,Q1924906,INDUSTRY,Industry
Q1197161, Q474200,INDUSTRY,Industry
Q18689179,Q1056396,INDUSTRY,Industry
Q1439075,Q1341477,INDUSTRY,Industry
Q327429,Q187939,INDUSTRY,Industry
Q327429, Q101333,INDUSTRY,Industry
Q327429, Q43035,INDUSTRY,Industry
Q15994199,Q18534542,INDUSTRY,Industry
Q15994199, Q171141,INDUSTRY,Industry
Q18688764,Q941594,INDUSTRY,Industry
Q23045055,Q941594,INDUSTRY,Industry
Q4748309,Q7248058,INDUSTRY,Industry
Q4353753,Q1416657,INDUSTRY,Industry
Q4353753, Q837171,INDUSTRY,Industry
Q4353753, Q806718,INDUSTRY,Industry
Q11851432,Q11425,INDUSTRY,Industry
Q5398274,Q540912,INDUSTRY,Industry
Q3503412,Q1076513,INDUSTRY,Industry
Q3503412, Q746359,INDUSTRY,Industry
Q5494373,Q81799,INDUSTRY,Industry
Q110822544,Q10302058,INDUSTRY,Industry
Q110822544, Q959049,INDUSTRY,Industry
Q2913670,Q2151621,INDUSTRY,Industry
Q843453,Q49845,INDUSTRY,Industry
Q101142662,Q5056668,INDUSTRY,Industry
Q1739782,Q126793,INDUSTRY,Industry
Q7090071,Q1631129,INDUSTRY,Industry
Q65073657,Q540912,INDUSTRY,Industry
Q55418905,Q607081,INDUSTRY,Industry
Q3359700,Q953045,INDUSTRY,Industry
Q4986006,Q1415395,INDUSTRY,Industry
Q5393605,Q126793,INDUSTRY,Industry
Q54718,Q15078788,INDUSTRY,Industry
Q54718, Q11033,INDUSTRY,Industry
Q54718, Q11030,INDUSTRY,Industry
Q3579529,Q3972943,INDUSTRY,Industry
Q1438774,Q941594,INDUSTRY,Industry
Q1438774, Q638608,INDUSTRY,Industry
Q100256275,Q4899370,INDUSTRY,Industry
Q108171406,Q2151621,INDUSTRY,Industry
Q108171406, Q383973,INDUSTRY,Industry
Q522016,Q880371,INDUSTRY,Industry
Q32984827,Q941594,INDUSTRY,Industry
Q2300228,Q385378,INDUSTRY,Industry
Q8061,Q56598901,INDUSTRY,Industry
Q8061, Q25245117,INDUSTRY,Industry
Q965268,Q56598901,INDUSTRY,Industry
Q965268, Q25245117,INDUSTRY,Industry
Q108606235,Q29585390,INDUSTRY,Industry
Q108606235, Q19595701,INDUSTRY,Industry
Q10632989,Q10431511,INDUSTRY,Industry
Q10632989, Q260569,INDUSTRY,Industry
Q10632989, Q126793,INDUSTRY,Industry
Q2625965,Q637776,INDUSTRY,Industry
Q12047031,Q126793,INDUSTRY,Industry
Q1481634,Q190117,INDUSTRY,Industry
Q59157067,Q190928,INDUSTRY,Industry
Q2020649,Q837171,INDUSTRY,Industry
Q7207777,Q1740966,INDUSTRY,Industry
Q24090301,Q5358497,INDUSTRY,Industry
Q107442068,Q941594,INDUSTRY,Industry
Q66796623,Q37038,INDUSTRY,Industry
Q10453570,Q10494269,INDUSTRY,Industry
Q2572761,Q941594,INDUSTRY,Industry
Q4349236,Q837171,INDUSTRY,Industry
Q26694,Q2285982,INDUSTRY,Industry
Q26694, Q766401,INDUSTRY,Industry
Q3088115,Q581105,INDUSTRY,Industry
Q107556005,Q107400701,INDUSTRY,Industry
Q107556005, Q5358497,INDUSTRY,Industry
Q107556005, Q880371,INDUSTRY,Industry
Q1418,Q25245117,INDUSTRY,Industry
Q1418, Q2425052,INDUSTRY,Industry
Q1418, Q1780509,INDUSTRY,Industry
Q1418, Q1666934,INDUSTRY,Industry
Q1418, Q1546066,INDUSTRY,Industry
Q1418, Q1301371,INDUSTRY,Industry
Q1417185,Q15156570,INDUSTRY,Industry
Q1417185, Q1096907,INDUSTRY,Industry
Q7387053,Q1416657,INDUSTRY,Industry
Q7387053, Q837171,INDUSTRY,Industry
Q7387053, Q806718,INDUSTRY,Industry
Q23045439,Q13554450,INDUSTRY,Industry
Q3278155,Q2151621,INDUSTRY,Industry
Q3278155, Q12739,INDUSTRY,Industry
Q30024526,Q3181044,INDUSTRY,Industry
Q7784348,Q11016,INDUSTRY,Industry
Q7784348, Q75,INDUSTRY,Industry
Q56168601,Q4373046,INDUSTRY,Industry
Q630486,Q628403,INDUSTRY,Industry
Q630486, Q38112,INDUSTRY,Industry
Q1146592,Q11023,INDUSTRY,Industry
Q972745,Q941594,INDUSTRY,Industry
Q18662740,Q126793,INDUSTRY,Industry
Q977120,Q1924906,INDUSTRY,Industry
Q30285138,Q149013,INDUSTRY,Industry
Q30285138, Q11023,INDUSTRY,Industry
Q31086789,Q1121542,INDUSTRY,Industry
Q107352256,Q126793,INDUSTRY,Industry
Q4045597,Q1416657,INDUSTRY,Industry
Q4045597, Q837171,INDUSTRY,Industry
Q4045597, Q806718,INDUSTRY,Industry
Q11861256,Q126793,INDUSTRY,Industry
Q11893355,Q5915560,INDUSTRY,Industry
Q27032144,Q1368944,INDUSTRY,Industry
Q65248386,Q126793,INDUSTRY,Industry
Q65248386, Q62955,INDUSTRY,Industry
Q18643976,Q2151621,INDUSTRY,Industry
Q1755621,Q155930,INDUSTRY,Industry
Q201821,Q9640723,INDUSTRY,Industry
Q616376,Q862571,INDUSTRY,Industry
Q1543093,Q126793,INDUSTRY,Industry
Q90405658,Q941594,INDUSTRY,Industry
Q110508024,Q3150593,INDUSTRY,Industry
Q1123823,Q29584334,INDUSTRY,Industry
Q1123823, Q1416657,INDUSTRY,Industry
Q1123823, Q837171,INDUSTRY,Industry
Q1123823, Q806718,INDUSTRY,Industry
Q10714920,Q1310967,INDUSTRY,Industry
Q107400727,Q1415395,INDUSTRY,Industry
Q97341465,Q941594,INDUSTRY,Industry
Q109595477,Q941594,INDUSTRY,Industry
Q1423707,Q18388277,INDUSTRY,Industry
Q1423707, Q880371,INDUSTRY,Industry
Q10403942,Q998426,INDUSTRY,Industry
Q4047232,Q1957908,INDUSTRY,Industry
Q4411944,Q126793,INDUSTRY,Industry
Q2739747,Q1326885,INDUSTRY,Industry
Q23045171,Q4899370,INDUSTRY,Industry
Q23045171, Q56139,INDUSTRY,Industry
Q1544900,Q49389,INDUSTRY,Industry
Q1276832,Q171141,INDUSTRY,Industry
Q11865127,Q11990434,INDUSTRY,Industry
Q11874666,Q2151621,INDUSTRY,Industry
Q18689235,Q20708021,INDUSTRY,Industry
Q3915538,Q507619,INDUSTRY,Industry
Q5397239,Q2316331,INDUSTRY,Industry
Q830947,Q941594,INDUSTRY,Industry
Q1925962,Q995609,INDUSTRY,Industry
Q1418246,Q155930,INDUSTRY,Industry
Q18689156,Q941594,INDUSTRY,Industry
Q4047151,Q383973,INDUSTRY,Industry
Q43389011,Q880371,INDUSTRY,Industry
Q43389011, Q177777,INDUSTRY,Industry
Q43389011, Q126793,INDUSTRY,Industry
Q11853290,Q540912,INDUSTRY,Industry
Q1416687,Q765633,INDUSTRY,Industry
Q2069430,Q10302047,INDUSTRY,Industry
Q65241898,Q1519843,INDUSTRY,Industry
Q111307735,Q941594,INDUSTRY,Industry
Q21426201,Q869095,INDUSTRY,Industry
Q104025471,Q1996635,INDUSTRY,Industry
Q11874847,Q1618728,INDUSTRY,Industry
Q66777838,Q941594,INDUSTRY,Industry
Q13423470,Q126793,INDUSTRY,Industry
Q62299,Q920890,INDUSTRY,Industry
Q400563,Q187939,INDUSTRY,Industry
Q2703882,Q187939,INDUSTRY,Industry
Q2703882, Q14745,INDUSTRY,Industry
Q903328,Q507443,INDUSTRY,Industry
Q112254103,Q86478515,INDUSTRY,Industry
Q112254103, Q4290,INDUSTRY,Industry
Q16829899,Q941594,INDUSTRY,Industry
Q38235328,Q941594,INDUSTRY,Industry
Q747265,Q107598107,INDUSTRY,Industry
Q747265, Q2283886,INDUSTRY,Industry
Q44293084,Q941594,INDUSTRY,Industry
Q870095,Q941594,INDUSTRY,Industry
Q113292557,Q1415395,INDUSTRY,Industry
Q64824538,Q4290,INDUSTRY,Industry
Q31086161,Q725252,INDUSTRY,Industry
Q106152562,Q941594,INDUSTRY,Industry
Q23045010,Q638608,INDUSTRY,Industry
Q23045010, Q446760,INDUSTRY,Industry
Q18689180,Q126793,INDUSTRY,Industry
Q43896272,Q507443,INDUSTRY,Industry
Q7692079,Q862571,INDUSTRY,Industry
Q28495996,Q11416,INDUSTRY,Industry
Q104028151,Q104714944,INDUSTRY,Industry
Q60053872,Q2516403,INDUSTRY,Industry
Q50826023,Q11890724,CEO,Person
Q11868562,Q16991458,CEO,Person
Q54718,Q16991444,CEO,Person
Q54718, Q11875054,CEO,Person
Q1438774,Q23902590,CEO,Person
Q18688791,Q4716022,CEO,Person
Q1418,Q5897386,CEO,Person
Q1418, Q550660,CEO,Person
Q1418, Q1374132,CEO,Person
Q1418, Q14090205,CEO,Person
Q1418, Q4919788,CEO,Person
Q1418, Q7518082,CEO,Person
Q1418, Q7285954,CEO,Person
Q1418, Q983111,CEO,Person
Q103941859,Q84361173,CEO,Person
Q201821,Q11887214,CEO,Person
Q107400727,Q102415812,CEO,Person
Q1416687,Q63109921,CEO,Person
Q11874847,Q61103545,CEO,Person
Q16829899,Q98213456,CEO,Person
Q6305494,Q11898683,CEO,Person
Q327429,Q484876,CHAIRMAN,Person
Q327429, Q5889783,CHAIRMAN,Person
Q1418,Q4118053,CHAIRMAN,Person
Q1423707,Q16632959,CHAIRMAN,Person
Q4047232,Q114037845,CHAIRMAN,Person
Q1376788,Q2531146,CHAIRMAN,Person
Q50826023,Q2749924,HEADQUARTERS,Location
Q11870854,Q103717,HEADQUARTERS,Location
Q2419591,Q1757,HEADQUARTERS,Location
Q23870181,Q368448,HEADQUARTERS,Location
Q3360446,Q18661232,HEADQUARTERS,Location
Q787177,Q505549,HEADQUARTERS,Location
Q787177, Q47034,HEADQUARTERS,Location
Q16916495,Q1757,HEADQUARTERS,Location
Q473211,Q1757,HEADQUARTERS,Location
Q534903,Q1757,HEADQUARTERS,Location
Q33465158,Q1757,HEADQUARTERS,Location
Q18690993,Q385316,HEADQUARTERS,Location
Q1890664,Q1017793,HEADQUARTERS,Location
Q102226106,Q38511,HEADQUARTERS,Location
Q11894327,Q1017793,HEADQUARTERS,Location
Q339318,Q1757,HEADQUARTERS,Location
Q11901263,Q1757,HEADQUARTERS,Location
Q55605121,Q47034,HEADQUARTERS,Location
Q1053610,Q1393571,HEADQUARTERS,Location
Q104776622,Q1757,HEADQUARTERS,Location
Q1197161,Q47034,HEADQUARTERS,Location
Q18689179,Q2370085,HEADQUARTERS,Location
Q1439075,Q3485890,HEADQUARTERS,Location
Q100873685,Q1757,HEADQUARTERS,Location
Q327429,Q1757,HEADQUARTERS,Location
Q1391304,Q1757,HEADQUARTERS,Location
Q11896974,Q18660899,HEADQUARTERS,Location
Q18688764,Q1757,HEADQUARTERS,Location
Q2437256,Q48329,HEADQUARTERS,Location
Q23045055,Q47048,HEADQUARTERS,Location
Q5408826,Q5397324,HEADQUARTERS,Location
Q17008943,Q1757,HEADQUARTERS,Location
Q4748309,Q11862648,HEADQUARTERS,Location
Q4353753,Q1757,HEADQUARTERS,Location
Q11851432,Q33,HEADQUARTERS,Location
Q5398274,Q780914,HEADQUARTERS,Location
Q3503412,Q4410909,HEADQUARTERS,Location
Q11896685,Q11893063,HEADQUARTERS,Location
Q110822544,Q581920,HEADQUARTERS,Location
Q2913670,Q1514540,HEADQUARTERS,Location
Q18689178,Q42901899,HEADQUARTERS,Location
Q843453,Q1757,HEADQUARTERS,Location
Q15994200,Q11865195,HEADQUARTERS,Location
Q366921,Q1757,HEADQUARTERS,Location
Q101142662,Q1757,HEADQUARTERS,Location
Q1739782,Q5492372,HEADQUARTERS,Location
Q7090071,Q1757,HEADQUARTERS,Location
Q11864937,Q47034,HEADQUARTERS,Location
Q65073657,Q40840,HEADQUARTERS,Location
Q18688715,Q1017793,HEADQUARTERS,Location
Q55418905,Q186237,HEADQUARTERS,Location
Q3359700,Q127623,HEADQUARTERS,Location
Q11862132,Q3736278,HEADQUARTERS,Location
Q5398366,Q2749924,HEADQUARTERS,Location
Q4986006,Q20251632,HEADQUARTERS,Location
Q5393605,Q735583,HEADQUARTERS,Location
Q54718,Q3068703,HEADQUARTERS,Location
Q18662710,Q3736278,HEADQUARTERS,Location
Q3579529,Q729552,HEADQUARTERS,Location
Q1438774,Q2370085,HEADQUARTERS,Location
Q100256275,Q47034,HEADQUARTERS,Location
Q108171406,Q204382,HEADQUARTERS,Location
Q522016,Q1757,HEADQUARTERS,Location
Q104403875,Q1757,HEADQUARTERS,Location
Q32984827,Q1757,HEADQUARTERS,Location
Q2300228,Q1757,HEADQUARTERS,Location
Q11886695,Q1010550,HEADQUARTERS,Location
Q8061,Q1757,HEADQUARTERS,Location
Q11890138,Q40840,HEADQUARTERS,Location
Q965268,Q1757,HEADQUARTERS,Location
Q5482554,Q181854,HEADQUARTERS,Location
Q108606235,Q1757,HEADQUARTERS,Location
Q10632989,Q12912940,HEADQUARTERS,Location
Q2625965,Q5214994,HEADQUARTERS,Location
Q60674697,Q1757,HEADQUARTERS,Location
Q11886056,Q3815354,HEADQUARTERS,Location
Q15737144,Q47034,HEADQUARTERS,Location
Q1481634,Q192870,HEADQUARTERS,Location
Q2020649,Q1757,HEADQUARTERS,Location
Q28721140,Q5492372,HEADQUARTERS,Location
Q5159811,Q1757,HEADQUARTERS,Location
Q7207777,Q3068697,HEADQUARTERS,Location
Q7278580,Q5492372,HEADQUARTERS,Location
Q23045098,Q134620,HEADQUARTERS,Location
Q11860734,Q729552,HEADQUARTERS,Location
Q24090301,Q47034,HEADQUARTERS,Location
Q107442068,Q1757,HEADQUARTERS,Location
Q10453570,Q3107346,HEADQUARTERS,Location
Q2572761,Q1757,HEADQUARTERS,Location
Q1241369,Q3132968,HEADQUARTERS,Location
Q4349236,Q48329,HEADQUARTERS,Location
Q11888496,Q3068703,HEADQUARTERS,Location
Q18688791,Q1017793,HEADQUARTERS,Location
Q26694,Q47034,HEADQUARTERS,Location
Q3088115,Q748533,HEADQUARTERS,Location
Q3564797,Q729552,HEADQUARTERS,Location
Q107556005,Q1757,HEADQUARTERS,Location
Q1418,Q653536,HEADQUARTERS,Location
Q270993,Q5689,HEADQUARTERS,Location
Q103941859,Q3070063,HEADQUARTERS,Location
Q1417185,Q3069100,HEADQUARTERS,Location
Q18786360,Q729552,HEADQUARTERS,Location
Q7387053,Q1757,HEADQUARTERS,Location
Q11894264,Q26962481,HEADQUARTERS,Location
Q23045439,Q65235198,HEADQUARTERS,Location
Q11852753,Q729552,HEADQUARTERS,Location
Q3278155,Q2370085,HEADQUARTERS,Location
Q109012661,Q47034,HEADQUARTERS,Location
Q4926610,Q20251632,HEADQUARTERS,Location
Q30024526,Q1757,HEADQUARTERS,Location
Q11872844,Q5397324,HEADQUARTERS,Location
Q7784348,Q1757,HEADQUARTERS,Location
Q5483919,Q1772186,HEADQUARTERS,Location
Q18689170,Q42901268,HEADQUARTERS,Location
Q5014065,Q47034,HEADQUARTERS,Location
Q1434560,Q127623,HEADQUARTERS,Location
Q18689016,Q28911,HEADQUARTERS,Location
Q630486,Q127623,HEADQUARTERS,Location
Q1146592,Q3069446,HEADQUARTERS,Location
Q972745,Q1757,HEADQUARTERS,Location
Q11893488,Q11901460,HEADQUARTERS,Location
Q1489206,Q3742910,HEADQUARTERS,Location
Q63251823,Q1973972,HEADQUARTERS,Location
Q20252698,Q1757,HEADQUARTERS,Location
Q18662740,Q1757,HEADQUARTERS,Location
Q18680114,Q5438749,HEADQUARTERS,Location
Q977120,Q2370085,HEADQUARTERS,Location
Q30285138,Q166942,HEADQUARTERS,Location
Q10397504,Q1757,HEADQUARTERS,Location
Q4051860,Q935867,HEADQUARTERS,Location
Q31086789,Q1757,HEADQUARTERS,Location
Q4045597,Q1973972,HEADQUARTERS,Location
Q66527530,Q1757,HEADQUARTERS,Location
Q11861256,Q207891,HEADQUARTERS,Location
Q18688864,Q5492372,HEADQUARTERS,Location
Q11893355,Q1001761,HEADQUARTERS,Location
Q27032144,Q134620,HEADQUARTERS,Location
Q113687135,Q1757,HEADQUARTERS,Location
Q11902589,Q5492372,HEADQUARTERS,Location
Q11899913,Q3135412,HEADQUARTERS,Location
Q65248386,Q1757,HEADQUARTERS,Location
Q18643976,Q3788566,HEADQUARTERS,Location
Q11894935,Q1757,HEADQUARTERS,Location
Q1755621,Q1757,HEADQUARTERS,Location
Q201821,Q3736278,HEADQUARTERS,Location
Q616376,Q47034,HEADQUARTERS,Location
Q1543093,Q1757,HEADQUARTERS,Location
Q90405658,Q38511,HEADQUARTERS,Location
Q11864381,Q912952,HEADQUARTERS,Location
Q4349872,Q48329,HEADQUARTERS,Location
Q1500857,Q11901258,HEADQUARTERS,Location
Q18689250,Q5492372,HEADQUARTERS,Location
Q110508024,Q1757,HEADQUARTERS,Location
Q1123823,Q1757,HEADQUARTERS,Location
Q1849187,Q1757,HEADQUARTERS,Location
Q10714920,Q192870,HEADQUARTERS,Location
Q28721029,Q1393571,HEADQUARTERS,Location
Q107400727,Q729552,HEADQUARTERS,Location
Q97341465,Q40840,HEADQUARTERS,Location
Q109595477,Q1757,HEADQUARTERS,Location
Q1423707,Q1757,HEADQUARTERS,Location
Q83740889,Q38511,HEADQUARTERS,Location
Q10403942,Q1757,HEADQUARTERS,Location
Q4047232,Q110890330,HEADQUARTERS,Location
Q4411944,Q3069090,HEADQUARTERS,Location
Q113977588,Q1757,HEADQUARTERS,Location
Q5350617,Q180233,HEADQUARTERS,Location
Q20252049,Q181854,HEADQUARTERS,Location
Q2739747,Q216900,HEADQUARTERS,Location
Q2602805,Q18661094,HEADQUARTERS,Location
Q2843522,Q1772186,HEADQUARTERS,Location
Q3141380,Q38511,HEADQUARTERS,Location
Q23045171,Q571384,HEADQUARTERS,Location
Q1544900,Q48329,HEADQUARTERS,Location
Q1473770,Q1757,HEADQUARTERS,Location
Q1276832,Q38511,HEADQUARTERS,Location
Q18689102,Q10424153,HEADQUARTERS,Location
Q111488479,Q47034,HEADQUARTERS,Location
Q11865127,Q28911,HEADQUARTERS,Location
Q11874666,Q181854,HEADQUARTERS,Location
Q739024,Q11901460,HEADQUARTERS,Location
Q18759808,Q3068703,HEADQUARTERS,Location
Q740115,Q127623,HEADQUARTERS,Location
Q18688820,Q215327,HEADQUARTERS,Location
Q5397239,Q11890139,HEADQUARTERS,Location
Q830947,Q47034,HEADQUARTERS,Location
Q1925962,Q1757,HEADQUARTERS,Location
Q1418246,Q1757,HEADQUARTERS,Location
Q6438759,Q1757,HEADQUARTERS,Location
Q11859693,Q162279,HEADQUARTERS,Location
Q62004955,Q3366110,HEADQUARTERS,Location
Q18689156,Q1757,HEADQUARTERS,Location
Q4047151,Q2741998,HEADQUARTERS,Location
Q43389011,Q1757,HEADQUARTERS,Location
Q11853290,Q162279,HEADQUARTERS,Location
Q11896913,Q1017793,HEADQUARTERS,Location
Q1416687,Q215327,HEADQUARTERS,Location
Q18688807,Q2370085,HEADQUARTERS,Location
Q5406812,Q4052521,HEADQUARTERS,Location
Q2069430,Q530517,HEADQUARTERS,Location
Q5237141,Q1757,HEADQUARTERS,Location
Q18689080,Q1757,HEADQUARTERS,Location
Q65241898,Q3815367,HEADQUARTERS,Location
Q21426201,Q40840,HEADQUARTERS,Location
Q23045547,Q38511,HEADQUARTERS,Location
Q1791348,Q47034,HEADQUARTERS,Location
Q11874847,Q5214994,HEADQUARTERS,Location
Q66777838,Q1757,HEADQUARTERS,Location
Q3269941,Q214777,HEADQUARTERS,Location
Q1376788,Q1757,HEADQUARTERS,Location
Q10714155,Q38511,HEADQUARTERS,Location
Q13423470,Q986318,HEADQUARTERS,Location
Q62299,Q1757,HEADQUARTERS,Location
Q107530663,Q38511,HEADQUARTERS,Location
Q912755,Q48329,HEADQUARTERS,Location
Q1507020,Q47034,HEADQUARTERS,Location
Q400563,Q1757,HEADQUARTERS,Location
Q613979,Q1757,HEADQUARTERS,Location
Q2703882,Q729552,HEADQUARTERS,Location
Q903328,Q7034502,HEADQUARTERS,Location
Q30056820,Q215327,HEADQUARTERS,Location
Q114314448,Q28911,HEADQUARTERS,Location
Q112769055,Q47034,HEADQUARTERS,Location
Q112254103,Q1757,HEADQUARTERS,Location
Q16829899,Q40840,HEADQUARTERS,Location
Q42512186,Q1757,HEADQUARTERS,Location
Q18680161,Q207891,HEADQUARTERS,Location
Q38235328,Q1757,HEADQUARTERS,Location
Q111919103,Q110505358,HEADQUARTERS,Location
Q747265,Q1757,HEADQUARTERS,Location
Q11890068,Q985461,HEADQUARTERS,Location
Q42904151,Q729552,HEADQUARTERS,Location
Q870095,Q6383723,HEADQUARTERS,Location
Q61983816,Q11861699,HEADQUARTERS,Location
Q11871934,Q15235652,HEADQUARTERS,Location
Q113292557,Q1757,HEADQUARTERS,Location
Q64824538,Q1679567,HEADQUARTERS,Location
Q11858950,Q1757,HEADQUARTERS,Location
Q63458538,Q2037874,HEADQUARTERS,Location
Q31086161,Q47034,HEADQUARTERS,Location
Q106152562,Q1757,HEADQUARTERS,Location
Q23045010,Q186237,HEADQUARTERS,Location
Q1124153,Q1757,HEADQUARTERS,Location
Q1124153, Q1384,HEADQUARTERS,Location
Q1124153, Q84,HEADQUARTERS,Location
Q3352241,Q48329,HEADQUARTERS,Location
Q20978620,Q1757,HEADQUARTERS,Location
Q43896272,Q47034,HEADQUARTERS,Location
Q7692079,Q127623,HEADQUARTERS,Location
Q65246228,Q204382,HEADQUARTERS,Location
Q28495996,Q3069436,HEADQUARTERS,Location
Q85918168,Q1757,HEADQUARTERS,Location
Q6305494,Q40840,HEADQUARTERS,Location
Q60053872,Q3068703,HEADQUARTERS,Location
Q11896331,Q11874036,HEADQUARTERS,Location
Q5408826,Q3892249,GROUPED_IN,Group
Q5482554,Q3892249,GROUPED_IN,Group
Q18680101,Q11852753,GROUPED_IN,Group
Q28947937,Q54718,GROUPED_IN,Group
Q10397504,Q3892249,GROUPED_IN,Group
Q1123823,Q767273,GROUPED_IN,Group
Q1123823, Q1359526,GROUPED_IN,Group
Q41776583,Q60808746,GROUPED_IN,Group
Q10818904,Q3892249,GROUPED_IN,Group
Q23040226,Q11883965,GROUPED_IN,Group
Q42904151,Q3564797,GROUPED_IN,Group
Q14272885,Q11883965,GROUPED_IN,Group
Q50826023,Q33,RESIDES_IN,Location
Q11870854,Q33,RESIDES_IN,Location
Q2419591,Q33,RESIDES_IN,Location
Q11868562,Q33,RESIDES_IN,Location
Q23870181,Q33,RESIDES_IN,Location
Q3360446,Q33,RESIDES_IN,Location
Q787177,Q33,RESIDES_IN,Location
Q16916495,Q33,RESIDES_IN,Location
Q473211,Q33,RESIDES_IN,Location
Q534903,Q33,RESIDES_IN,Location
Q33465158,Q33,RESIDES_IN,Location
Q18690993,Q33,RESIDES_IN,Location
Q1890664,Q33,RESIDES_IN,Location
Q102226106,Q33,RESIDES_IN,Location
Q60161310,Q33,RESIDES_IN,Location
Q109981073,Q33,RESIDES_IN,Location
Q11894327,Q33,RESIDES_IN,Location
Q339318,Q33,RESIDES_IN,Location
Q11901263,Q33,RESIDES_IN,Location
Q55605121,Q33,RESIDES_IN,Location
Q98116748,Q33,RESIDES_IN,Location
Q1053610,Q33,RESIDES_IN,Location
Q104776622,Q33,RESIDES_IN,Location
Q1197161,Q33,RESIDES_IN,Location
Q18689179,Q33,RESIDES_IN,Location
Q1439075,Q33,RESIDES_IN,Location
Q100873685,Q33,RESIDES_IN,Location
Q327429,Q33,RESIDES_IN,Location
Q1391304,Q33,RESIDES_IN,Location
Q11896974,Q33,RESIDES_IN,Location
Q15994199,Q33,RESIDES_IN,Location
Q18688764,Q33,RESIDES_IN,Location
Q11854643,Q33,RESIDES_IN,Location
Q2437256,Q33,RESIDES_IN,Location
Q23045055,Q33,RESIDES_IN,Location
Q5408826,Q33,RESIDES_IN,Location
Q17008943,Q33,RESIDES_IN,Location
Q60785190,Q33,RESIDES_IN,Location
Q4748309,Q33,RESIDES_IN,Location
Q4353753,Q33,RESIDES_IN,Location
Q11883558,Q33,RESIDES_IN,Location
Q7651680,Q33,RESIDES_IN,Location
Q11851432,Q33,RESIDES_IN,Location
Q5398274,Q33,RESIDES_IN,Location
Q3503412,Q33,RESIDES_IN,Location
Q5494373,Q33,RESIDES_IN,Location
Q11896685,Q33,RESIDES_IN,Location
Q23040143,Q33,RESIDES_IN,Location
Q110822544,Q33,RESIDES_IN,Location
Q2913670,Q33,RESIDES_IN,Location
Q18689178,Q33,RESIDES_IN,Location
Q28040576,Q33,RESIDES_IN,Location
Q843453,Q33,RESIDES_IN,Location
Q15994200,Q33,RESIDES_IN,Location
Q366921,Q33,RESIDES_IN,Location
Q101142662,Q33,RESIDES_IN,Location
Q1739782,Q33,RESIDES_IN,Location
Q7930350,Q33,RESIDES_IN,Location
Q7090071,Q33,RESIDES_IN,Location
Q11864937,Q33,RESIDES_IN,Location
Q65073657,Q33,RESIDES_IN,Location
Q18688715,Q33,RESIDES_IN,Location
Q18688757,Q33,RESIDES_IN,Location
Q11900642,Q33,RESIDES_IN,Location
Q55418905,Q33,RESIDES_IN,Location
Q3359700,Q33,RESIDES_IN,Location
Q23040159,Q33,RESIDES_IN,Location
Q11862132,Q33,RESIDES_IN,Location
Q5398366,Q33,RESIDES_IN,Location
Q4986006,Q33,RESIDES_IN,Location
Q10831860,Q33,RESIDES_IN,Location
Q5393605,Q33,RESIDES_IN,Location
Q54718,Q33,RESIDES_IN,Location
Q18662710,Q33,RESIDES_IN,Location
Q3579529,Q33,RESIDES_IN,Location
Q1438774,Q33,RESIDES_IN,Location
Q6474193,Q33,RESIDES_IN,Location
Q100256275,Q33,RESIDES_IN,Location
Q108171406,Q33,RESIDES_IN,Location
Q522016,Q33,RESIDES_IN,Location
Q1418002,Q33,RESIDES_IN,Location
Q18661499,Q33,RESIDES_IN,Location
Q107614342,Q33,RESIDES_IN,Location
Q18689155,Q33,RESIDES_IN,Location
Q104403875,Q33,RESIDES_IN,Location
Q32984827,Q33,RESIDES_IN,Location
Q2300228,Q33,RESIDES_IN,Location
Q11886695,Q33,RESIDES_IN,Location
Q8061,Q33,RESIDES_IN,Location
Q11890138,Q33,RESIDES_IN,Location
Q965268,Q33,RESIDES_IN,Location
Q5482554,Q33,RESIDES_IN,Location
Q108606235,Q33,RESIDES_IN,Location
Q28721295,Q33,RESIDES_IN,Location
Q10632989,Q33,RESIDES_IN,Location
Q2625965,Q33,RESIDES_IN,Location
Q60674697,Q33,RESIDES_IN,Location
Q11886056,Q33,RESIDES_IN,Location
Q15737144,Q33,RESIDES_IN,Location
Q12047031,Q191,RESIDES_IN,Location
Q1481634,Q33,RESIDES_IN,Location
Q59157067,Q33,RESIDES_IN,Location
Q2020649,Q20,RESIDES_IN,Location
Q28721140,Q33,RESIDES_IN,Location
Q5159811,Q33,RESIDES_IN,Location
Q44291456,Q33,RESIDES_IN,Location
Q7207777,Q33,RESIDES_IN,Location
Q7278580,Q33,RESIDES_IN,Location
Q23045098,Q33,RESIDES_IN,Location
Q11860734,Q33,RESIDES_IN,Location
Q24090301,Q33,RESIDES_IN,Location
Q107442068,Q33,RESIDES_IN,Location
Q18661748,Q33,RESIDES_IN,Location
Q66796623,Q33,RESIDES_IN,Location
Q10453570,Q33,RESIDES_IN,Location
Q2572761,Q33,RESIDES_IN,Location
Q1241369,Q33,RESIDES_IN,Location
Q4349236,Q33,RESIDES_IN,Location
Q11888496,Q33,RESIDES_IN,Location
Q18680101,Q33,RESIDES_IN,Location
Q18688791,Q33,RESIDES_IN,Location
Q26694,Q33,RESIDES_IN,Location
Q3088115,Q33,RESIDES_IN,Location
Q3564797,Q33,RESIDES_IN,Location
Q107556005,Q33,RESIDES_IN,Location
Q1418,Q33,RESIDES_IN,Location
Q270993,Q33,RESIDES_IN,Location
Q103941859,Q33,RESIDES_IN,Location
Q1417185,Q33,RESIDES_IN,Location
Q13403111,Q33,RESIDES_IN,Location
Q111104513,Q33,RESIDES_IN,Location
Q18786360,Q33,RESIDES_IN,Location
Q11863538,Q33,RESIDES_IN,Location
Q7387053,Q33,RESIDES_IN,Location
Q11894264,Q33,RESIDES_IN,Location
Q11900059,Q33,RESIDES_IN,Location
Q23045439,Q33,RESIDES_IN,Location
Q107337014,Q33,RESIDES_IN,Location
Q28947937,Q33,RESIDES_IN,Location
Q11852753,Q33,RESIDES_IN,Location
Q3278155,Q33,RESIDES_IN,Location
Q109012661,Q33,RESIDES_IN,Location
Q4926610,Q33,RESIDES_IN,Location
Q30024526,Q33,RESIDES_IN,Location
Q11872844,Q33,RESIDES_IN,Location
Q7784348,Q33,RESIDES_IN,Location
Q5483919,Q33,RESIDES_IN,Location
Q18689170,Q33,RESIDES_IN,Location
Q56168601,Q33,RESIDES_IN,Location
Q5014065,Q33,RESIDES_IN,Location
Q1434560,Q33,RESIDES_IN,Location
Q18689016,Q33,RESIDES_IN,Location
Q18689173,Q33,RESIDES_IN,Location
Q630486,Q33,RESIDES_IN,Location
Q1146592,Q33,RESIDES_IN,Location
Q972745,Q33,RESIDES_IN,Location
Q11893488,Q33,RESIDES_IN,Location
Q1489206,Q33,RESIDES_IN,Location
Q63251823,Q33,RESIDES_IN,Location
Q20252698,Q33,RESIDES_IN,Location
Q18662740,Q33,RESIDES_IN,Location
Q18680114,Q33,RESIDES_IN,Location
Q977120,Q33,RESIDES_IN,Location
Q66803843,Q33,RESIDES_IN,Location
Q26902701,Q33,RESIDES_IN,Location
Q30285138,Q33,RESIDES_IN,Location
Q10397504,Q33,RESIDES_IN,Location
Q4051860,Q33,RESIDES_IN,Location
Q31086789,Q33,RESIDES_IN,Location
Q107352256,Q33,RESIDES_IN,Location
Q4045597,Q33,RESIDES_IN,Location
Q66527530,Q33,RESIDES_IN,Location
Q11861256,Q33,RESIDES_IN,Location
Q18688864,Q33,RESIDES_IN,Location
Q11893355,Q33,RESIDES_IN,Location
Q28367333,Q33,RESIDES_IN,Location
Q27032144,Q33,RESIDES_IN,Location
Q113687135,Q33,RESIDES_IN,Location
Q11902589,Q33,RESIDES_IN,Location
Q11899913,Q33,RESIDES_IN,Location
Q65248386,Q33,RESIDES_IN,Location
Q18643976,Q33,RESIDES_IN,Location
Q11894935,Q33,RESIDES_IN,Location
Q1755621,Q33,RESIDES_IN,Location
Q201821,Q33,RESIDES_IN,Location
Q616376,Q33,RESIDES_IN,Location
Q1543093,Q33,RESIDES_IN,Location
Q113660092,Q33,RESIDES_IN,Location
Q90909484,Q33,RESIDES_IN,Location
Q90405658,Q33,RESIDES_IN,Location
Q11864381,Q33,RESIDES_IN,Location
Q4349872,Q33,RESIDES_IN,Location
Q49380155,Q33,RESIDES_IN,Location
Q1500857,Q33,RESIDES_IN,Location
Q87741521,Q33,RESIDES_IN,Location
Q18689250,Q33,RESIDES_IN,Location
Q108584424,Q33,RESIDES_IN,Location
Q110508024,Q33,RESIDES_IN,Location
Q1123823,Q33,RESIDES_IN,Location
Q1849187,Q33,RESIDES_IN,Location
Q10714920,Q33,RESIDES_IN,Location
Q41776583,Q33,RESIDES_IN,Location
Q28721029,Q33,RESIDES_IN,Location
Q666410,Q33,RESIDES_IN,Location
Q107400727,Q33,RESIDES_IN,Location
Q97341465,Q33,RESIDES_IN,Location
Q104817012,Q33,RESIDES_IN,Location
Q109595477,Q33,RESIDES_IN,Location
Q1423707,Q33,RESIDES_IN,Location
Q83740889,Q33,RESIDES_IN,Location
Q10403942,Q33,RESIDES_IN,Location
Q4047232,Q33,RESIDES_IN,Location
Q4411944,Q33,RESIDES_IN,Location
Q113977588,Q33,RESIDES_IN,Location
Q456107,Q33,RESIDES_IN,Location
Q5350617,Q33,RESIDES_IN,Location
Q20252049,Q33,RESIDES_IN,Location
Q2739747,Q33,RESIDES_IN,Location
Q2602805,Q33,RESIDES_IN,Location
Q18658718,Q33,RESIDES_IN,Location
Q2843522,Q33,RESIDES_IN,Location
Q3141380,Q33,RESIDES_IN,Location
Q20736939,Q33,RESIDES_IN,Location
Q23045171,Q33,RESIDES_IN,Location
Q1544900,Q33,RESIDES_IN,Location
Q1473770,Q33,RESIDES_IN,Location
Q1276832,Q33,RESIDES_IN,Location
Q18689102,Q33,RESIDES_IN,Location
Q111488479,Q33,RESIDES_IN,Location
Q11865127,Q33,RESIDES_IN,Location
Q11874666,Q33,RESIDES_IN,Location
Q4716167,Q33,RESIDES_IN,Location
Q739024,Q33,RESIDES_IN,Location
Q18759808,Q33,RESIDES_IN,Location
Q18689235,Q33,RESIDES_IN,Location
Q3915538,Q33,RESIDES_IN,Location
Q23045212,Q33,RESIDES_IN,Location
Q11853132,Q33,RESIDES_IN,Location
Q11859483,Q33,RESIDES_IN,Location
Q11891613,Q33,RESIDES_IN,Location
Q740115,Q33,RESIDES_IN,Location
Q83432330,Q33,RESIDES_IN,Location
Q18688820,Q33,RESIDES_IN,Location
Q5397239,Q33,RESIDES_IN,Location
Q830947,Q33,RESIDES_IN,Location
Q18661259,Q33,RESIDES_IN,Location
Q10818904,Q33,RESIDES_IN,Location
Q1925962,Q33,RESIDES_IN,Location
Q1418246,Q33,RESIDES_IN,Location
Q1742604,Q33,RESIDES_IN,Location
Q11902773,Q33,RESIDES_IN,Location
Q6438759,Q33,RESIDES_IN,Location
Q11859693,Q33,RESIDES_IN,Location
Q56400270,Q33,RESIDES_IN,Location
Q62004955,Q33,RESIDES_IN,Location
Q18689156,Q33,RESIDES_IN,Location
Q4047151,Q33,RESIDES_IN,Location
Q43389011,Q33,RESIDES_IN,Location
Q11853290,Q33,RESIDES_IN,Location
Q112112665,Q33,RESIDES_IN,Location
Q18662140,Q33,RESIDES_IN,Location
Q11896913,Q33,RESIDES_IN,Location
Q1416687,Q33,RESIDES_IN,Location
Q18688807,Q33,RESIDES_IN,Location
Q5406812,Q33,RESIDES_IN,Location
Q2069430,Q33,RESIDES_IN,Location
Q5237141,Q33,RESIDES_IN,Location
Q18689080,Q33,RESIDES_IN,Location
Q65241898,Q33,RESIDES_IN,Location
Q4041276,Q33,RESIDES_IN,Location
Q111307735,Q33,RESIDES_IN,Location
Q21426201,Q33,RESIDES_IN,Location
Q23045547,Q33,RESIDES_IN,Location
Q104025471,Q33,RESIDES_IN,Location
Q1791348,Q33,RESIDES_IN,Location
Q11874847,Q33,RESIDES_IN,Location
Q42901564,Q33,RESIDES_IN,Location
Q66777838,Q33,RESIDES_IN,Location
Q3269941,Q33,RESIDES_IN,Location
Q1376788,Q33,RESIDES_IN,Location
Q10714155,Q33,RESIDES_IN,Location
Q20871899,Q33,RESIDES_IN,Location
Q13423470,Q33,RESIDES_IN,Location
Q62299,Q33,RESIDES_IN,Location
Q107530663,Q33,RESIDES_IN,Location
Q912755,Q33,RESIDES_IN,Location
Q1507020,Q33,RESIDES_IN,Location
Q60579597,Q33,RESIDES_IN,Location
Q400563,Q33,RESIDES_IN,Location
Q10545774,Q33,RESIDES_IN,Location
Q613979,Q33,RESIDES_IN,Location
Q23040226,Q33,RESIDES_IN,Location
Q2703882,Q33,RESIDES_IN,Location
Q903328,Q33,RESIDES_IN,Location
Q30056820,Q33,RESIDES_IN,Location
Q114314448,Q33,RESIDES_IN,Location
Q112769055,Q33,RESIDES_IN,Location
Q112254103,Q33,RESIDES_IN,Location
Q16829899,Q33,RESIDES_IN,Location
Q42512186,Q33,RESIDES_IN,Location
Q18680161,Q33,RESIDES_IN,Location
Q38235328,Q33,RESIDES_IN,Location
Q111919103,Q33,RESIDES_IN,Location
Q747265,Q33,RESIDES_IN,Location
Q11890068,Q33,RESIDES_IN,Location
Q42904151,Q33,RESIDES_IN,Location
Q44293084,Q33,RESIDES_IN,Location
Q870095,Q33,RESIDES_IN,Location
Q104211534,Q33,RESIDES_IN,Location
Q61983816,Q33,RESIDES_IN,Location
Q11871934,Q33,RESIDES_IN,Location
Q113292557,Q33,RESIDES_IN,Location
Q64824538,Q33,RESIDES_IN,Location
Q14272885,Q33,RESIDES_IN,Location
Q11858950,Q33,RESIDES_IN,Location
Q63458538,Q33,RESIDES_IN,Location
Q31086161,Q33,RESIDES_IN,Location
Q106152562,Q33,RESIDES_IN,Location
Q23045010,Q33,RESIDES_IN,Location
Q1124153,Q33,RESIDES_IN,Location
Q3352241,Q33,RESIDES_IN,Location
Q20978620,Q33,RESIDES_IN,Location
Q18689180,Q33,RESIDES_IN,Location
Q43896272,Q33,RESIDES_IN,Location
Q7692079,Q33,RESIDES_IN,Location
Q57593810,Q33,RESIDES_IN,Location
Q56399059,Q33,RESIDES_IN,Location
Q65246228,Q33,RESIDES_IN,Location
Q28495996,Q33,RESIDES_IN,Location
Q85918168,Q33,RESIDES_IN,Location
Q104028151,Q33,RESIDES_IN,Location
Q6305494,Q33,RESIDES_IN,Location
Q11855687,Q33,RESIDES_IN,Location
Q60053872,Q33,RESIDES_IN,Location
Q62320,Q33,RESIDES_IN,Location
Q11896331,Q33,RESIDES_IN,Location
Q327429,1_employee_count,EMPLOYEE_COUNT_BAND,Quant_Metric
Q1418,9_employee_count,EMPLOYEE_COUNT_BAND,Quant_Metric
Q1123823,3_employee_count,EMPLOYEE_COUNT_BAND,Quant_Metric
Q1423707,2_employee_count,EMPLOYEE_COUNT_BAND,Quant_Metric
Q1925962,1_employee_count,EMPLOYEE_COUNT_BAND,Quant_Metric
Q1418,2_profit,PROFIT_BAND,Quant_Metric
Q1123823,9_profit,PROFIT_BAND,Quant_Metric
Q1123823,9_assets,ASSETS_BAND,Quant_Metric
Q50826023,4_equity,EQUITY_BAND,Quant_Metric
Q11870854,4_equity,EQUITY_BAND,Quant_Metric
Q2419591,4_equity,EQUITY_BAND,Quant_Metric
Q11868562,4_equity,EQUITY_BAND,Quant_Metric
Q23870181,4_equity,EQUITY_BAND,Quant_Metric
Q3360446,4_equity,EQUITY_BAND,Quant_Metric
Q787177,4_equity,EQUITY_BAND,Quant_Metric
Q16916495,4_equity,EQUITY_BAND,Quant_Metric
Q473211,4_equity,EQUITY_BAND,Quant_Metric
Q534903,4_equity,EQUITY_BAND,Quant_Metric
Q33465158,4_equity,EQUITY_BAND,Quant_Metric
Q18690993,4_equity,EQUITY_BAND,Quant_Metric
Q1890664,4_equity,EQUITY_BAND,Quant_Metric
Q102226106,4_equity,EQUITY_BAND,Quant_Metric
Q60161310,4_equity,EQUITY_BAND,Quant_Metric
Q109981073,4_equity,EQUITY_BAND,Quant_Metric
Q11894327,4_equity,EQUITY_BAND,Quant_Metric
Q339318,4_equity,EQUITY_BAND,Quant_Metric
Q11901263,4_equity,EQUITY_BAND,Quant_Metric
Q55605121,4_equity,EQUITY_BAND,Quant_Metric
Q98116748,4_equity,EQUITY_BAND,Quant_Metric
Q1053610,4_equity,EQUITY_BAND,Quant_Metric
Q104776622,4_equity,EQUITY_BAND,Quant_Metric
Q1197161,4_equity,EQUITY_BAND,Quant_Metric
Q18689179,4_equity,EQUITY_BAND,Quant_Metric
Q1439075,4_equity,EQUITY_BAND,Quant_Metric
Q100873685,4_equity,EQUITY_BAND,Quant_Metric
Q327429,4_equity,EQUITY_BAND,Quant_Metric
Q1391304,4_equity,EQUITY_BAND,Quant_Metric
Q11896974,4_equity,EQUITY_BAND,Quant_Metric
Q15994199,4_equity,EQUITY_BAND,Quant_Metric
Q18688764,4_equity,EQUITY_BAND,Quant_Metric
Q11854643,4_equity,EQUITY_BAND,Quant_Metric
Q2437256,4_equity,EQUITY_BAND,Quant_Metric
Q23045055,4_equity,EQUITY_BAND,Quant_Metric
Q5408826,4_equity,EQUITY_BAND,Quant_Metric
Q17008943,4_equity,EQUITY_BAND,Quant_Metric
Q60785190,4_equity,EQUITY_BAND,Quant_Metric
Q4748309,4_equity,EQUITY_BAND,Quant_Metric
Q4353753,4_equity,EQUITY_BAND,Quant_Metric
Q11883558,4_equity,EQUITY_BAND,Quant_Metric
Q7651680,4_equity,EQUITY_BAND,Quant_Metric
Q11851432,4_equity,EQUITY_BAND,Quant_Metric
Q5398274,4_equity,EQUITY_BAND,Quant_Metric
Q3503412,4_equity,EQUITY_BAND,Quant_Metric
Q5494373,4_equity,EQUITY_BAND,Quant_Metric
Q11896685,4_equity,EQUITY_BAND,Quant_Metric
Q23040143,4_equity,EQUITY_BAND,Quant_Metric
Q110822544,4_equity,EQUITY_BAND,Quant_Metric
Q2913670,4_equity,EQUITY_BAND,Quant_Metric
Q18689178,4_equity,EQUITY_BAND,Quant_Metric
Q28040576,4_equity,EQUITY_BAND,Quant_Metric
Q843453,4_equity,EQUITY_BAND,Quant_Metric
Q15994200,4_equity,EQUITY_BAND,Quant_Metric
Q366921,4_equity,EQUITY_BAND,Quant_Metric
Q101142662,4_equity,EQUITY_BAND,Quant_Metric
Q1739782,4_equity,EQUITY_BAND,Quant_Metric
Q7930350,4_equity,EQUITY_BAND,Quant_Metric
Q7090071,4_equity,EQUITY_BAND,Quant_Metric
Q11864937,4_equity,EQUITY_BAND,Quant_Metric
Q65073657,4_equity,EQUITY_BAND,Quant_Metric
Q18688715,4_equity,EQUITY_BAND,Quant_Metric
Q18688757,4_equity,EQUITY_BAND,Quant_Metric
Q11900642,4_equity,EQUITY_BAND,Quant_Metric
Q55418905,4_equity,EQUITY_BAND,Quant_Metric
Q3359700,4_equity,EQUITY_BAND,Quant_Metric
Q23040159,4_equity,EQUITY_BAND,Quant_Metric
Q11862132,4_equity,EQUITY_BAND,Quant_Metric
Q5398366,4_equity,EQUITY_BAND,Quant_Metric
Q4986006,4_equity,EQUITY_BAND,Quant_Metric
Q10831860,4_equity,EQUITY_BAND,Quant_Metric
Q5393605,4_equity,EQUITY_BAND,Quant_Metric
Q54718,4_equity,EQUITY_BAND,Quant_Metric
Q18662710,4_equity,EQUITY_BAND,Quant_Metric
Q3579529,4_equity,EQUITY_BAND,Quant_Metric
Q1438774,4_equity,EQUITY_BAND,Quant_Metric
Q6474193,4_equity,EQUITY_BAND,Quant_Metric
Q100256275,4_equity,EQUITY_BAND,Quant_Metric
Q108171406,4_equity,EQUITY_BAND,Quant_Metric
Q522016,4_equity,EQUITY_BAND,Quant_Metric
Q1418002,4_equity,EQUITY_BAND,Quant_Metric
Q18661499,4_equity,EQUITY_BAND,Quant_Metric
Q107614342,4_equity,EQUITY_BAND,Quant_Metric
Q18689155,4_equity,EQUITY_BAND,Quant_Metric
Q104403875,4_equity,EQUITY_BAND,Quant_Metric
Q32984827,4_equity,EQUITY_BAND,Quant_Metric
Q2300228,4_equity,EQUITY_BAND,Quant_Metric
Q11886695,4_equity,EQUITY_BAND,Quant_Metric
Q8061,4_equity,EQUITY_BAND,Quant_Metric
Q11890138,4_equity,EQUITY_BAND,Quant_Metric
Q965268,4_equity,EQUITY_BAND,Quant_Metric
Q5482554,4_equity,EQUITY_BAND,Quant_Metric
Q108606235,4_equity,EQUITY_BAND,Quant_Metric
Q28721295,4_equity,EQUITY_BAND,Quant_Metric
Q10632989,4_equity,EQUITY_BAND,Quant_Metric
Q2625965,4_equity,EQUITY_BAND,Quant_Metric
Q60674697,4_equity,EQUITY_BAND,Quant_Metric
Q11886056,4_equity,EQUITY_BAND,Quant_Metric
Q15737144,4_equity,EQUITY_BAND,Quant_Metric
Q12047031,4_equity,EQUITY_BAND,Quant_Metric
Q1481634,4_equity,EQUITY_BAND,Quant_Metric
Q59157067,4_equity,EQUITY_BAND,Quant_Metric
Q2020649,4_equity,EQUITY_BAND,Quant_Metric
Q28721140,4_equity,EQUITY_BAND,Quant_Metric
Q5159811,4_equity,EQUITY_BAND,Quant_Metric
Q44291456,4_equity,EQUITY_BAND,Quant_Metric
Q7207777,4_equity,EQUITY_BAND,Quant_Metric
Q7278580,4_equity,EQUITY_BAND,Quant_Metric
Q23045098,4_equity,EQUITY_BAND,Quant_Metric
Q11860734,4_equity,EQUITY_BAND,Quant_Metric
Q24090301,4_equity,EQUITY_BAND,Quant_Metric
Q107442068,4_equity,EQUITY_BAND,Quant_Metric
Q18661748,4_equity,EQUITY_BAND,Quant_Metric
Q66796623,4_equity,EQUITY_BAND,Quant_Metric
Q10453570,4_equity,EQUITY_BAND,Quant_Metric
Q2572761,4_equity,EQUITY_BAND,Quant_Metric
Q1241369,4_equity,EQUITY_BAND,Quant_Metric
Q4349236,4_equity,EQUITY_BAND,Quant_Metric
Q11888496,4_equity,EQUITY_BAND,Quant_Metric
Q18680101,4_equity,EQUITY_BAND,Quant_Metric
Q18688791,4_equity,EQUITY_BAND,Quant_Metric
Q26694,4_equity,EQUITY_BAND,Quant_Metric
Q3088115,4_equity,EQUITY_BAND,Quant_Metric
Q3564797,4_equity,EQUITY_BAND,Quant_Metric
Q107556005,4_equity,EQUITY_BAND,Quant_Metric
Q1418,4_equity,EQUITY_BAND,Quant_Metric
Q270993,4_equity,EQUITY_BAND,Quant_Metric
Q103941859,4_equity,EQUITY_BAND,Quant_Metric
Q1417185,4_equity,EQUITY_BAND,Quant_Metric
Q13403111,4_equity,EQUITY_BAND,Quant_Metric
Q111104513,4_equity,EQUITY_BAND,Quant_Metric
Q18786360,4_equity,EQUITY_BAND,Quant_Metric
Q11863538,4_equity,EQUITY_BAND,Quant_Metric
Q7387053,4_equity,EQUITY_BAND,Quant_Metric
Q11894264,4_equity,EQUITY_BAND,Quant_Metric
Q11900059,4_equity,EQUITY_BAND,Quant_Metric
Q23045439,4_equity,EQUITY_BAND,Quant_Metric
Q107337014,4_equity,EQUITY_BAND,Quant_Metric
Q28947937,4_equity,EQUITY_BAND,Quant_Metric
Q11852753,4_equity,EQUITY_BAND,Quant_Metric
Q3278155,4_equity,EQUITY_BAND,Quant_Metric
Q109012661,4_equity,EQUITY_BAND,Quant_Metric
Q4926610,4_equity,EQUITY_BAND,Quant_Metric
Q30024526,4_equity,EQUITY_BAND,Quant_Metric
Q11872844,4_equity,EQUITY_BAND,Quant_Metric
Q7784348,4_equity,EQUITY_BAND,Quant_Metric
Q5483919,4_equity,EQUITY_BAND,Quant_Metric
Q18689170,4_equity,EQUITY_BAND,Quant_Metric
Q56168601,4_equity,EQUITY_BAND,Quant_Metric
Q5014065,4_equity,EQUITY_BAND,Quant_Metric
Q1434560,4_equity,EQUITY_BAND,Quant_Metric
Q18689016,4_equity,EQUITY_BAND,Quant_Metric
Q18689173,4_equity,EQUITY_BAND,Quant_Metric
Q630486,4_equity,EQUITY_BAND,Quant_Metric
Q1146592,4_equity,EQUITY_BAND,Quant_Metric
Q972745,4_equity,EQUITY_BAND,Quant_Metric
Q11893488,4_equity,EQUITY_BAND,Quant_Metric
Q1489206,4_equity,EQUITY_BAND,Quant_Metric
Q63251823,4_equity,EQUITY_BAND,Quant_Metric
Q20252698,4_equity,EQUITY_BAND,Quant_Metric
Q18662740,4_equity,EQUITY_BAND,Quant_Metric
Q18680114,4_equity,EQUITY_BAND,Quant_Metric
Q977120,4_equity,EQUITY_BAND,Quant_Metric
Q66803843,4_equity,EQUITY_BAND,Quant_Metric
Q26902701,4_equity,EQUITY_BAND,Quant_Metric
Q30285138,4_equity,EQUITY_BAND,Quant_Metric
Q10397504,4_equity,EQUITY_BAND,Quant_Metric
Q4051860,4_equity,EQUITY_BAND,Quant_Metric
Q31086789,4_equity,EQUITY_BAND,Quant_Metric
Q107352256,4_equity,EQUITY_BAND,Quant_Metric
Q4045597,4_equity,EQUITY_BAND,Quant_Metric
Q66527530,4_equity,EQUITY_BAND,Quant_Metric
Q11861256,4_equity,EQUITY_BAND,Quant_Metric
Q18688864,4_equity,EQUITY_BAND,Quant_Metric
Q11893355,4_equity,EQUITY_BAND,Quant_Metric
Q28367333,4_equity,EQUITY_BAND,Quant_Metric
Q27032144,4_equity,EQUITY_BAND,Quant_Metric
Q113687135,4_equity,EQUITY_BAND,Quant_Metric
Q11902589,4_equity,EQUITY_BAND,Quant_Metric
Q11899913,4_equity,EQUITY_BAND,Quant_Metric
Q65248386,4_equity,EQUITY_BAND,Quant_Metric
Q18643976,4_equity,EQUITY_BAND,Quant_Metric
Q11894935,4_equity,EQUITY_BAND,Quant_Metric
Q1755621,4_equity,EQUITY_BAND,Quant_Metric
Q201821,4_equity,EQUITY_BAND,Quant_Metric
Q616376,4_equity,EQUITY_BAND,Quant_Metric
Q1543093,4_equity,EQUITY_BAND,Quant_Metric
Q113660092,4_equity,EQUITY_BAND,Quant_Metric
Q90909484,4_equity,EQUITY_BAND,Quant_Metric
Q90405658,4_equity,EQUITY_BAND,Quant_Metric
Q11864381,4_equity,EQUITY_BAND,Quant_Metric
Q4349872,4_equity,EQUITY_BAND,Quant_Metric
Q49380155,4_equity,EQUITY_BAND,Quant_Metric
Q1500857,4_equity,EQUITY_BAND,Quant_Metric
Q87741521,4_equity,EQUITY_BAND,Quant_Metric
Q18689250,4_equity,EQUITY_BAND,Quant_Metric
Q108584424,4_equity,EQUITY_BAND,Quant_Metric
Q110508024,4_equity,EQUITY_BAND,Quant_Metric
Q1123823,4_equity,EQUITY_BAND,Quant_Metric
Q1849187,4_equity,EQUITY_BAND,Quant_Metric
Q10714920,4_equity,EQUITY_BAND,Quant_Metric
Q41776583,4_equity,EQUITY_BAND,Quant_Metric
Q28721029,4_equity,EQUITY_BAND,Quant_Metric
Q666410,4_equity,EQUITY_BAND,Quant_Metric
Q107400727,4_equity,EQUITY_BAND,Quant_Metric
Q97341465,4_equity,EQUITY_BAND,Quant_Metric
Q104817012,4_equity,EQUITY_BAND,Quant_Metric
Q109595477,4_equity,EQUITY_BAND,Quant_Metric
Q1423707,4_equity,EQUITY_BAND,Quant_Metric
Q83740889,4_equity,EQUITY_BAND,Quant_Metric
Q10403942,4_equity,EQUITY_BAND,Quant_Metric
Q4047232,4_equity,EQUITY_BAND,Quant_Metric
Q4411944,4_equity,EQUITY_BAND,Quant_Metric
Q113977588,4_equity,EQUITY_BAND,Quant_Metric
Q456107,4_equity,EQUITY_BAND,Quant_Metric
Q5350617,4_equity,EQUITY_BAND,Quant_Metric
Q20252049,4_equity,EQUITY_BAND,Quant_Metric
Q2739747,4_equity,EQUITY_BAND,Quant_Metric
Q2602805,4_equity,EQUITY_BAND,Quant_Metric
Q18658718,4_equity,EQUITY_BAND,Quant_Metric
Q2843522,4_equity,EQUITY_BAND,Quant_Metric
Q3141380,4_equity,EQUITY_BAND,Quant_Metric
Q20736939,4_equity,EQUITY_BAND,Quant_Metric
Q23045171,4_equity,EQUITY_BAND,Quant_Metric
Q1544900,4_equity,EQUITY_BAND,Quant_Metric
Q1473770,4_equity,EQUITY_BAND,Quant_Metric
Q1276832,4_equity,EQUITY_BAND,Quant_Metric
Q18689102,4_equity,EQUITY_BAND,Quant_Metric
Q111488479,4_equity,EQUITY_BAND,Quant_Metric
Q11865127,4_equity,EQUITY_BAND,Quant_Metric
Q11874666,4_equity,EQUITY_BAND,Quant_Metric
Q4716167,4_equity,EQUITY_BAND,Quant_Metric
Q739024,4_equity,EQUITY_BAND,Quant_Metric
Q18759808,4_equity,EQUITY_BAND,Quant_Metric
Q18689235,4_equity,EQUITY_BAND,Quant_Metric
Q3915538,4_equity,EQUITY_BAND,Quant_Metric
Q23045212,4_equity,EQUITY_BAND,Quant_Metric
Q11853132,4_equity,EQUITY_BAND,Quant_Metric
Q11859483,4_equity,EQUITY_BAND,Quant_Metric
Q11891613,4_equity,EQUITY_BAND,Quant_Metric
Q740115,4_equity,EQUITY_BAND,Quant_Metric
Q83432330,4_equity,EQUITY_BAND,Quant_Metric
Q18688820,4_equity,EQUITY_BAND,Quant_Metric
Q5397239,4_equity,EQUITY_BAND,Quant_Metric
Q830947,4_equity,EQUITY_BAND,Quant_Metric
Q18661259,4_equity,EQUITY_BAND,Quant_Metric
Q10818904,4_equity,EQUITY_BAND,Quant_Metric
Q1925962,4_equity,EQUITY_BAND,Quant_Metric
Q1418246,4_equity,EQUITY_BAND,Quant_Metric
Q1742604,4_equity,EQUITY_BAND,Quant_Metric
Q11902773,4_equity,EQUITY_BAND,Quant_Metric
Q6438759,4_equity,EQUITY_BAND,Quant_Metric
Q11859693,4_equity,EQUITY_BAND,Quant_Metric
Q56400270,4_equity,EQUITY_BAND,Quant_Metric
Q62004955,4_equity,EQUITY_BAND,Quant_Metric
Q18689156,4_equity,EQUITY_BAND,Quant_Metric
Q4047151,4_equity,EQUITY_BAND,Quant_Metric
Q43389011,4_equity,EQUITY_BAND,Quant_Metric
Q11853290,4_equity,EQUITY_BAND,Quant_Metric
Q112112665,4_equity,EQUITY_BAND,Quant_Metric
Q18662140,4_equity,EQUITY_BAND,Quant_Metric
Q11896913,4_equity,EQUITY_BAND,Quant_Metric
Q1416687,4_equity,EQUITY_BAND,Quant_Metric
Q18688807,4_equity,EQUITY_BAND,Quant_Metric
Q5406812,4_equity,EQUITY_BAND,Quant_Metric
Q2069430,4_equity,EQUITY_BAND,Quant_Metric
Q5237141,4_equity,EQUITY_BAND,Quant_Metric
Q18689080,4_equity,EQUITY_BAND,Quant_Metric
Q65241898,4_equity,EQUITY_BAND,Quant_Metric
Q4041276,4_equity,EQUITY_BAND,Quant_Metric
Q111307735,4_equity,EQUITY_BAND,Quant_Metric
Q21426201,4_equity,EQUITY_BAND,Quant_Metric
Q23045547,4_equity,EQUITY_BAND,Quant_Metric
Q104025471,4_equity,EQUITY_BAND,Quant_Metric
Q1791348,4_equity,EQUITY_BAND,Quant_Metric
Q11874847,4_equity,EQUITY_BAND,Quant_Metric
Q42901564,4_equity,EQUITY_BAND,Quant_Metric
Q66777838,4_equity,EQUITY_BAND,Quant_Metric
Q3269941,4_equity,EQUITY_BAND,Quant_Metric
Q1376788,4_equity,EQUITY_BAND,Quant_Metric
Q10714155,4_equity,EQUITY_BAND,Quant_Metric
Q20871899,4_equity,EQUITY_BAND,Quant_Metric
Q13423470,4_equity,EQUITY_BAND,Quant_Metric
Q62299,4_equity,EQUITY_BAND,Quant_Metric
Q107530663,4_equity,EQUITY_BAND,Quant_Metric
Q912755,4_equity,EQUITY_BAND,Quant_Metric
Q1507020,4_equity,EQUITY_BAND,Quant_Metric
Q60579597,4_equity,EQUITY_BAND,Quant_Metric
Q400563,4_equity,EQUITY_BAND,Quant_Metric
Q10545774,4_equity,EQUITY_BAND,Quant_Metric
Q613979,4_equity,EQUITY_BAND,Quant_Metric
Q23040226,4_equity,EQUITY_BAND,Quant_Metric
Q2703882,4_equity,EQUITY_BAND,Quant_Metric
Q903328,4_equity,EQUITY_BAND,Quant_Metric
Q30056820,4_equity,EQUITY_BAND,Quant_Metric
Q114314448,4_equity,EQUITY_BAND,Quant_Metric
Q112769055,4_equity,EQUITY_BAND,Quant_Metric
Q112254103,4_equity,EQUITY_BAND,Quant_Metric
Q16829899,4_equity,EQUITY_BAND,Quant_Metric
Q42512186,4_equity,EQUITY_BAND,Quant_Metric
Q18680161,4_equity,EQUITY_BAND,Quant_Metric
Q38235328,4_equity,EQUITY_BAND,Quant_Metric
Q111919103,4_equity,EQUITY_BAND,Quant_Metric
Q747265,4_equity,EQUITY_BAND,Quant_Metric
Q11890068,4_equity,EQUITY_BAND,Quant_Metric
Q42904151,4_equity,EQUITY_BAND,Quant_Metric
Q44293084,4_equity,EQUITY_BAND,Quant_Metric
Q870095,4_equity,EQUITY_BAND,Quant_Metric
Q104211534,4_equity,EQUITY_BAND,Quant_Metric
Q61983816,4_equity,EQUITY_BAND,Quant_Metric
Q11871934,4_equity,EQUITY_BAND,Quant_Metric
Q113292557,4_equity,EQUITY_BAND,Quant_Metric
Q64824538,4_equity,EQUITY_BAND,Quant_Metric
Q14272885,4_equity,EQUITY_BAND,Quant_Metric
Q11858950,4_equity,EQUITY_BAND,Quant_Metric
Q63458538,4_equity,EQUITY_BAND,Quant_Metric
Q31086161,4_equity,EQUITY_BAND,Quant_Metric
Q106152562,4_equity,EQUITY_BAND,Quant_Metric
Q23045010,4_equity,EQUITY_BAND,Quant_Metric
Q1124153,4_equity,EQUITY_BAND,Quant_Metric
Q3352241,4_equity,EQUITY_BAND,Quant_Metric
Q20978620,4_equity,EQUITY_BAND,Quant_Metric
Q18689180,4_equity,EQUITY_BAND,Quant_Metric
Q43896272,4_equity,EQUITY_BAND,Quant_Metric
Q7692079,4_equity,EQUITY_BAND,Quant_Metric
Q57593810,4_equity,EQUITY_BAND,Quant_Metric
Q56399059,4_equity,EQUITY_BAND,Quant_Metric
Q65246228,4_equity,EQUITY_BAND,Quant_Metric
Q28495996,4_equity,EQUITY_BAND,Quant_Metric
Q85918168,4_equity,EQUITY_BAND,Quant_Metric
Q104028151,4_equity,EQUITY_BAND,Quant_Metric
Q6305494,4_equity,EQUITY_BAND,Quant_Metric
Q11855687,4_equity,EQUITY_BAND,Quant_Metric
Q60053872,4_equity,EQUITY_BAND,Quant_Metric
Q62320,4_equity,EQUITY_BAND,Quant_Metric
Q11896331,4_equity,EQUITY_BAND,Quant_Metric
Q1123823,9_market_cap,MARKET_CAP_BAND,Quant_Metric
