company_id,val_id,edge_typ,node_typ
Q699142,Q540912,INDUSTRY,Industry
Q683146,Q3972943,INDUSTRY,Industry
Q22907073,Q484847,INDUSTRY,Industry
Q105659003,Q100269062,INDUSTRY,Industry
Q65089884,Q2867142,INDUSTRY,Industry
Q138133,Q2151621,INDUSTRY,Industry
Q138133, Q1341477,INDUSTRY,Industry
Q138133, Q1326594,INDUSTRY,Industry
Q48999268,Q14745,INDUSTRY,Industry
Q746413,Q3972943,INDUSTRY,Industry
Q4140545,Q4354683,INDUSTRY,Industry
Q6713673,Q56598901,INDUSTRY,Industry
Q6713673, Q25245117,INDUSTRY,Industry
Q96273147,Q837171,INDUSTRY,Industry
Q18712406,Q484847,INDUSTRY,Industry
Q4167907,Q11416,INDUSTRY,Industry
Q55393537,Q291240,INDUSTRY,Industry
Q76099070,Q4899370,INDUSTRY,Industry
Q76099070, Q540912,INDUSTRY,Industry
Q2994389,Q941594,INDUSTRY,Industry
Q342813,Q7397,INDUSTRY,Industry
Q342813, Q3510521,INDUSTRY,Industry
Q113858405,Q12147,INDUSTRY,Industry
Q367412,Q941594,INDUSTRY,Industry
Q367412, Q3966,INDUSTRY,Industry
Q106767114,Q941594,INDUSTRY,Industry
Q63371124,Q126793,INDUSTRY,Industry
Q4438176,Q126793,INDUSTRY,Industry
Q5142390,Q126793,INDUSTRY,Industry
Q2418447,Q2085381,INDUSTRY,Industry
Q54322030,Q41958,INDUSTRY,Industry
Q60617198,Q220499,INDUSTRY,Industry
Q7388847,Q18235436,INDUSTRY,Industry
Q7388847, Q320020,INDUSTRY,Industry
Q106438156,Q941594,INDUSTRY,Industry
Q4827416,Q2986369,INDUSTRY,Industry
Q108281816,Q100269062,INDUSTRY,Industry
Q18388249,Q41958,INDUSTRY,Industry
Q10937260,Q484847,INDUSTRY,Industry
Q8046237,Q41958,INDUSTRY,Industry
Q2064074,Q837171,INDUSTRY,Industry
Q807019,Q1285245,INDUSTRY,Industry
Q100285490,Q126793,INDUSTRY,Industry
Q22569868,Q1432426,INDUSTRY,Industry
Q22569868, Q171947,INDUSTRY,Industry
Q96274482,Q220499,INDUSTRY,Industry
Q864923,Q56598901,INDUSTRY,Industry
Q864923, Q25245117,INDUSTRY,Industry
Q621429,Q56604188,INDUSTRY,Industry
Q7523053,Q953045,INDUSTRY,Industry
Q52022226,Q941594,INDUSTRY,Industry
Q23043391,Q41958,INDUSTRY,Industry
Q19840460,Q25245117,INDUSTRY,Industry
Q4049531,Q778575,INDUSTRY,Industry
Q18712593,Q41958,INDUSTRY,Industry
Q762479,Q4290,INDUSTRY,Industry
Q96354890,Q941594,INDUSTRY,Industry
Q32245,Q1757562,INDUSTRY,Industry
Q5035390,Q126793,INDUSTRY,Industry
Q17027563,Q909558,INDUSTRY,Industry
Q17027563, Q180253,INDUSTRY,Industry
Q17054602,Q1254596,INDUSTRY,Industry
Q7075953,Q746359,INDUSTRY,Industry
Q2661305,Q178512,INDUSTRY,Industry
Q111243216,Q1495452,INDUSTRY,Industry
Q105966974,Q941594,INDUSTRY,Industry
Q81189660,Q56611639,INDUSTRY,Industry
Q44827897,Q932586,INDUSTRY,Industry
Q7440544,Q56598901,INDUSTRY,Industry
Q7440544, Q25245117,INDUSTRY,Industry
Q20873932,Q23582374,INDUSTRY,Industry
Q20873932, Q11661,INDUSTRY,Industry
Q20873932, Q7590,INDUSTRY,Industry
Q4167785,Q126793,INDUSTRY,Industry
Q31614246,Q941594,INDUSTRY,Industry
Q3878818,Q126793,INDUSTRY,Industry
Q705417,Q1416657,INDUSTRY,Industry
Q539627,Q873442,INDUSTRY,Industry
Q4052312,Q941594,INDUSTRY,Industry
Q1106640,Q41958,INDUSTRY,Industry
Q54863641,Q484847,INDUSTRY,Industry
Q28858090,Q189900,INDUSTRY,Industry
Q108873123,Q3510521,INDUSTRY,Industry
Q138133,Q15842921,CEO,Person
Q138133, Q2078625,CEO,Person
Q138133, Q108936810,CEO,Person
Q38116375,Q17229042,CEO,Person
Q2064074,Q39050789,CEO,Person
Q864923,Q5115191,CEO,Person
Q762479,Q455666,CEO,Person
Q32245,Q5577535,CEO,Person
Q17039222,Q92469811,CEO,Person
Q16259060,Q47012408,CEO,Person
Q705417,Q17579992,CEO,Person
Q2661296,Q983752,CHAIRMAN,Person
Q16259060,Q8963128,CHAIRMAN,Person
Q699142,Q1867,HEADQUARTERS,Location
Q683146,Q60,HEADQUARTERS,Location
Q22907073,Q928,HEADQUARTERS,Location
Q22907073, Q334,HEADQUARTERS,Location
Q105659003,Q334,HEADQUARTERS,Location
Q65089884,Q60,HEADQUARTERS,Location
Q138133,Q2066,HEADQUARTERS,Location
Q48999268,Q334,HEADQUARTERS,Location
Q746413,Q2662373,HEADQUARTERS,Location
Q746413, Q1345,HEADQUARTERS,Location
Q4140545,Q334,HEADQUARTERS,Location
Q102347657,Q334,HEADQUARTERS,Location
Q38116375,Q1490,HEADQUARTERS,Location
Q1357666,Q8646,HEADQUARTERS,Location
Q1357666, Q334,HEADQUARTERS,Location
Q96273147,Q334,HEADQUARTERS,Location
Q18712406,Q334,HEADQUARTERS,Location
Q2661296,Q334,HEADQUARTERS,Location
Q76099070,Q569548,HEADQUARTERS,Location
Q2994389,Q334,HEADQUARTERS,Location
Q342813,Q9009,HEADQUARTERS,Location
Q342813, Q334,HEADQUARTERS,Location
Q483281,Q334,HEADQUARTERS,Location
Q113858405,Q334,HEADQUARTERS,Location
Q367412,Q491099,HEADQUARTERS,Location
Q367412, Q49219,HEADQUARTERS,Location
Q367412, Q334,HEADQUARTERS,Location
Q367412, Q62,HEADQUARTERS,Location
Q4438176,Q649,HEADQUARTERS,Location
Q5142390,Q334,HEADQUARTERS,Location
Q395182,Q334,HEADQUARTERS,Location
Q112770365,Q334,HEADQUARTERS,Location
Q4013942,Q84,HEADQUARTERS,Location
Q2418447,Q334,HEADQUARTERS,Location
Q60617198,Q334,HEADQUARTERS,Location
Q7388847,Q334,HEADQUARTERS,Location
Q7491188,Q334,HEADQUARTERS,Location
Q1304693,Q334,HEADQUARTERS,Location
Q4827416,Q16553,HEADQUARTERS,Location
Q4827416, Q334,HEADQUARTERS,Location
Q7523084,Q334,HEADQUARTERS,Location
Q10937260,Q334,HEADQUARTERS,Location
Q2064074,Q334,HEADQUARTERS,Location
Q1819222,Q334,HEADQUARTERS,Location
Q807019,Q334,HEADQUARTERS,Location
Q7257653,Q334,HEADQUARTERS,Location
Q22569868,Q1726,HEADQUARTERS,Location
Q5185161,Q334,HEADQUARTERS,Location
Q864923,Q334,HEADQUARTERS,Location
Q621429,Q7593503,HEADQUARTERS,Location
Q7523053,Q334,HEADQUARTERS,Location
Q103472677,Q334,HEADQUARTERS,Location
Q52022226,Q334,HEADQUARTERS,Location
Q23043391,Q334,HEADQUARTERS,Location
Q19840460,Q334,HEADQUARTERS,Location
Q4049531,Q525295,HEADQUARTERS,Location
Q3273611,Q334,HEADQUARTERS,Location
Q110636380,Q334,HEADQUARTERS,Location
Q19840989,Q334,HEADQUARTERS,Location
Q6109055,Q334,HEADQUARTERS,Location
Q1319404,Q334,HEADQUARTERS,Location
Q762479,Q334,HEADQUARTERS,Location
Q12525426,Q334,HEADQUARTERS,Location
Q32245,Q334,HEADQUARTERS,Location
Q5035390,Q334,HEADQUARTERS,Location
Q17027563,Q334,HEADQUARTERS,Location
Q284748,Q334,HEADQUARTERS,Location
Q17054602,Q334,HEADQUARTERS,Location
Q7075953,Q956,HEADQUARTERS,Location
Q2661305,Q334,HEADQUARTERS,Location
Q3880200,Q4216846,HEADQUARTERS,Location
Q3880200, Q3810086,HEADQUARTERS,Location
Q17039222,Q334,HEADQUARTERS,Location
Q105966974,Q334,HEADQUARTERS,Location
Q7440544,Q334,HEADQUARTERS,Location
Q20873932,Q334,HEADQUARTERS,Location
Q1515558,Q334,HEADQUARTERS,Location
Q6955648,Q334,HEADQUARTERS,Location
Q16259060,Q334,HEADQUARTERS,Location
Q3878818,Q334,HEADQUARTERS,Location
Q705417,Q334,HEADQUARTERS,Location
Q539627,Q334,HEADQUARTERS,Location
Q4052312,Q334,HEADQUARTERS,Location
Q54863641,Q334,HEADQUARTERS,Location
Q28858090,Q334,HEADQUARTERS,Location
Q19898668,Q14874474,HEADQUARTERS,Location
Q138133,Q155718,GROUPED_IN,Group
Q138133, Q874430,GROUPED_IN,Group
Q138133, Q1230458,GROUPED_IN,Group
Q138133, Q6571804,GROUPED_IN,Group
Q2661296,Q55713177,GROUPED_IN,Group
Q4827416,Q242345,GROUPED_IN,Group
Q4827416, Q507306,GROUPED_IN,Group
Q11974291,Q918151,GROUPED_IN,Group
Q864923,Q4966205,GROUPED_IN,Group
Q6955648,Q738236,GROUPED_IN,Group
Q738236,Q334,RESIDES_IN,Location
Q699142,Q148,RESIDES_IN,Location
Q683146,Q334,RESIDES_IN,Location
Q22907073,Q334,RESIDES_IN,Location
Q105659003,Q334,RESIDES_IN,Location
Q65089884,Q8646,RESIDES_IN,Location
Q138133,Q148,RESIDES_IN,Location
Q48999268,Q334,RESIDES_IN,Location
Q746413,Q96,RESIDES_IN,Location
Q109295941,Q334,RESIDES_IN,Location
Q4140545,Q334,RESIDES_IN,Location
Q109991283,Q334,RESIDES_IN,Location
Q6713673,Q334,RESIDES_IN,Location
Q102347657,Q30,RESIDES_IN,Location
Q61987093,Q334,RESIDES_IN,Location
Q38116375,Q252,RESIDES_IN,Location
Q1357666,Q334,RESIDES_IN,Location
Q96273147,Q235,RESIDES_IN,Location
Q18712406,Q252,RESIDES_IN,Location
Q2783770,Q334,RESIDES_IN,Location
Q2661296,Q334,RESIDES_IN,Location
Q4167907,Q334,RESIDES_IN,Location
Q55393537,Q334,RESIDES_IN,Location
Q76099070,Q252,RESIDES_IN,Location
Q2994389,Q334,RESIDES_IN,Location
Q342813,Q334,RESIDES_IN,Location
Q483281,Q334,RESIDES_IN,Location
Q24698874,Q334,RESIDES_IN,Location
Q5764722,Q334,RESIDES_IN,Location
Q114789061,Q334,RESIDES_IN,Location
Q113858405,Q252,RESIDES_IN,Location
Q367412,Q30,RESIDES_IN,Location
Q106767114,Q334,RESIDES_IN,Location
Q60236385,Q334,RESIDES_IN,Location
Q63371124,Q252,RESIDES_IN,Location
Q74046115,Q334,RESIDES_IN,Location
Q104845845,Q334,RESIDES_IN,Location
Q4438176,Q334,RESIDES_IN,Location
Q5142390,Q334,RESIDES_IN,Location
Q395182,Q334,RESIDES_IN,Location
Q112770365,Q334,RESIDES_IN,Location
Q4013942,Q1030,RESIDES_IN,Location
Q2418447,Q334,RESIDES_IN,Location
Q54322030,Q334,RESIDES_IN,Location
Q60617198,Q334,RESIDES_IN,Location
Q7388847,Q334,RESIDES_IN,Location
Q106438156,Q334,RESIDES_IN,Location
Q7491188,Q334,RESIDES_IN,Location
Q1304693,Q334,RESIDES_IN,Location
Q4827416,Q30,RESIDES_IN,Location
Q108281816,Q334,RESIDES_IN,Location
Q477719,Q334,RESIDES_IN,Location
Q18388249,Q334,RESIDES_IN,Location
Q7523084,Q334,RESIDES_IN,Location
Q10937260,Q334,RESIDES_IN,Location
Q98271091,Q334,RESIDES_IN,Location
Q8046237,Q334,RESIDES_IN,Location
Q2064074,Q334,RESIDES_IN,Location
Q1819222,Q334,RESIDES_IN,Location
Q807019,Q334,RESIDES_IN,Location
Q100285490,Q334,RESIDES_IN,Location
Q7257653,Q334,RESIDES_IN,Location
Q22569868,Q334,RESIDES_IN,Location
Q11974291,Q334,RESIDES_IN,Location
Q96274482,Q334,RESIDES_IN,Location
Q5185161,Q334,RESIDES_IN,Location
Q864923,Q334,RESIDES_IN,Location
Q104871568,Q334,RESIDES_IN,Location
Q621429,Q334,RESIDES_IN,Location
Q7523053,Q334,RESIDES_IN,Location
Q103472677,Q334,RESIDES_IN,Location
Q52022226,Q334,RESIDES_IN,Location
Q23043391,Q334,RESIDES_IN,Location
Q19840460,Q334,RESIDES_IN,Location
Q4049531,Q334,RESIDES_IN,Location
Q18712593,Q334,RESIDES_IN,Location
Q3273611,Q334,RESIDES_IN,Location
Q110636380,Q334,RESIDES_IN,Location
Q12683855,Q334,RESIDES_IN,Location
Q22908670,Q334,RESIDES_IN,Location
Q19840989,Q334,RESIDES_IN,Location
Q64827562,Q334,RESIDES_IN,Location
Q6109055,Q334,RESIDES_IN,Location
Q1319404,Q334,RESIDES_IN,Location
Q1538837,Q334,RESIDES_IN,Location
Q762479,Q334,RESIDES_IN,Location
Q96354890,Q334,RESIDES_IN,Location
Q12525426,Q334,RESIDES_IN,Location
Q32245,Q334,RESIDES_IN,Location
Q721064,Q334,RESIDES_IN,Location
Q12872453,Q334,RESIDES_IN,Location
Q5124431,Q334,RESIDES_IN,Location
Q5035390,Q334,RESIDES_IN,Location
Q17027563,Q334,RESIDES_IN,Location
Q284748,Q334,RESIDES_IN,Location
Q17054602,Q334,RESIDES_IN,Location
Q7075953,Q334,RESIDES_IN,Location
Q2661305,Q334,RESIDES_IN,Location
Q3880200,Q334,RESIDES_IN,Location
Q109524582,Q334,RESIDES_IN,Location
Q114901566,Q334,RESIDES_IN,Location
Q55889644,Q334,RESIDES_IN,Location
Q17039222,Q334,RESIDES_IN,Location
Q54321831,Q334,RESIDES_IN,Location
Q111243216,Q334,RESIDES_IN,Location
Q105966974,Q334,RESIDES_IN,Location
Q16245618,Q334,RESIDES_IN,Location
Q81189660,Q334,RESIDES_IN,Location
Q105836013,Q334,RESIDES_IN,Location
Q44827897,Q334,RESIDES_IN,Location
Q7440544,Q334,RESIDES_IN,Location
Q548679,Q334,RESIDES_IN,Location
Q69618274,Q334,RESIDES_IN,Location
Q20873932,Q334,RESIDES_IN,Location
Q1515558,Q334,RESIDES_IN,Location
Q6955648,Q334,RESIDES_IN,Location
Q3536298,Q334,RESIDES_IN,Location
Q16259060,Q334,RESIDES_IN,Location
Q4167785,Q334,RESIDES_IN,Location
Q5955134,Q334,RESIDES_IN,Location
Q31614246,Q334,RESIDES_IN,Location
Q6926713,Q334,RESIDES_IN,Location
Q3878818,Q334,RESIDES_IN,Location
Q705417,Q334,RESIDES_IN,Location
Q539627,Q334,RESIDES_IN,Location
Q17053163,Q334,RESIDES_IN,Location
Q4052312,Q334,RESIDES_IN,Location
Q1106640,Q334,RESIDES_IN,Location
Q54863641,Q334,RESIDES_IN,Location
Q28858090,Q334,RESIDES_IN,Location
Q108873123,Q334,RESIDES_IN,Location
Q2928751,Q334,RESIDES_IN,Location
Q97602541,Q334,RESIDES_IN,Location
Q7945080,Q334,RESIDES_IN,Location
Q498921,Q334,RESIDES_IN,Location
Q19898668,Q334,RESIDES_IN,Location
Q138133,1_employee_count,EMPLOYEE_COUNT_BAND,Quant_Metric
Q4827416,1_employee_count,EMPLOYEE_COUNT_BAND,Quant_Metric
Q17039222,9_employee_count,EMPLOYEE_COUNT_BAND,Quant_Metric
Q705417,1_employee_count,EMPLOYEE_COUNT_BAND,Quant_Metric
Q4827416,9_profit,PROFIT_BAND,Quant_Metric
Q4827416,9_assets,ASSETS_BAND,Quant_Metric
Q4827416,9_equity,EQUITY_BAND,Quant_Metric
Q4827416,9_market_cap,MARKET_CAP_BAND,Quant_Metric
