company_id,val_id,edge_typ,node_typ
Q107660550,Q941594,INDUSTRY,Industry
Q4855947,Q1416657,INDUSTRY,Industry
Q4855947, Q837171,INDUSTRY,Industry
Q4855947, Q806718,INDUSTRY,Industry
Q9347392,Q3972943,INDUSTRY,Industry
Q105037594,Q941594,INDUSTRY,Industry
Q21809354,Q11828862,INDUSTRY,Industry
Q2589061,Q126793,INDUSTRY,Industry
Q324614,Q178512,INDUSTRY,Industry
Q3507748,Q44497,INDUSTRY,Industry
Q6100964,Q16319025,INDUSTRY,Industry
Q971649,Q862571,INDUSTRY,Industry
Q1172164,Q941594,INDUSTRY,Industry
Q48844636,Q126793,INDUSTRY,Industry
Q138133,Q2151621,INDUSTRY,Industry
Q138133, Q1341477,INDUSTRY,Industry
Q138133, Q1326594,INDUSTRY,Industry
Q389526,Q941594,INDUSTRY,Industry
Q113686383,Q941594,INDUSTRY,Industry
Q93517084,Q126793,INDUSTRY,Industry
Q11837058,Q126793,INDUSTRY,Industry
Q6658155,Q7397,INDUSTRY,Industry
Q9164984,Q837171,INDUSTRY,Industry
Q106918849,Q941594,INDUSTRY,Industry
Q110573154,Q941594,INDUSTRY,Industry
Q2066242,Q941594,INDUSTRY,Industry
Q11752350,Q126793,INDUSTRY,Industry
Q787714,Q2151621,INDUSTRY,Industry
Q11821937,Q126793,INDUSTRY,Industry
Q100734718,Q941594,INDUSTRY,Industry
Q2397198,Q1304795,INDUSTRY,Industry
Q1476710,Q44497,INDUSTRY,Industry
Q7277895,Q126793,INDUSTRY,Industry
Q16525801,Q607081,INDUSTRY,Industry
Q102424219,Q941594,INDUSTRY,Industry
Q11762689,Q25245117,INDUSTRY,Industry
Q52085723,Q941594,INDUSTRY,Industry
Q9253957,Q472093,INDUSTRY,Industry
Q2295606,Q126793,INDUSTRY,Industry
Q41171373,Q126793,INDUSTRY,Industry
Q62073490,Q126793,INDUSTRY,Industry
Q1550912,Q190117,INDUSTRY,Industry
Q1550912, Q5268834,INDUSTRY,Industry
Q1550912, Q3510521,INDUSTRY,Industry
Q1550912, Q3477363,INDUSTRY,Industry
Q1550912, Q2729047,INDUSTRY,Industry
Q1550912, Q508378,INDUSTRY,Industry
Q1654997,Q1727518,INDUSTRY,Industry
Q101086301,Q941594,INDUSTRY,Industry
Q597307,Q249556,INDUSTRY,Industry
Q113093586,Q2095,INDUSTRY,Industry
Q20744004,Q1416657,INDUSTRY,Industry
Q20744004, Q837171,INDUSTRY,Industry
Q20744004, Q806718,INDUSTRY,Industry
Q31678377,Q941594,INDUSTRY,Industry
Q18385671,Q229367,INDUSTRY,Industry
Q108806144,Q3510521,INDUSTRY,Industry
Q110068296,Q941594,INDUSTRY,Industry
Q9174325,Q47505416,INDUSTRY,Industry
Q655966,Q880371,INDUSTRY,Industry
Q9386219,Q3565868,INDUSTRY,Industry
Q9386219, Q178512,INDUSTRY,Industry
Q48853121,Q837171,INDUSTRY,Industry
Q168833,Q49845,INDUSTRY,Industry
Q98399153,Q2729047,INDUSTRY,Industry
Q11785216,Q126793,INDUSTRY,Industry
Q60860205,Q1358919,INDUSTRY,Industry
Q16605125,Q16643467,INDUSTRY,Industry
Q9294202,Q2090555,INDUSTRY,Industry
Q2549114,Q941594,INDUSTRY,Industry
Q7205598,Q56598901,INDUSTRY,Industry
Q7205598, Q25245117,INDUSTRY,Industry
Q109619982,Q941594,INDUSTRY,Industry
Q7865474,Q184452,INDUSTRY,Industry
Q56325139,Q126793,INDUSTRY,Industry
Q1256909,Q862571,INDUSTRY,Industry
Q1465005,Q56598901,INDUSTRY,Industry
Q1465005, Q25245117,INDUSTRY,Industry
Q1139703,Q3565868,INDUSTRY,Industry
Q1749435,Q112046,INDUSTRY,Industry
Q11694239,Q601401,INDUSTRY,Industry
Q103720734,Q2151621,INDUSTRY,Industry
Q113672892,Q941594,INDUSTRY,Industry
Q52085298,Q941594,INDUSTRY,Industry
Q110193428,Q941594,INDUSTRY,Industry
Q114129506,Q590870,INDUSTRY,Industry
Q86682773,Q56611700,INDUSTRY,Industry
Q86682773, Q880371,INDUSTRY,Industry
Q12309283,Q126793,INDUSTRY,Industry
Q204268,Q1757562,INDUSTRY,Industry
Q9343712,Q3550859,INDUSTRY,Industry
Q86679800,Q941594,INDUSTRY,Industry
Q56056109,Q941594,INDUSTRY,Industry
Q107410579,Q11828862,INDUSTRY,Industry
Q7098994,Q941594,INDUSTRY,Industry
Q673670,Q862571,INDUSTRY,Industry
Q425956,Q56598901,INDUSTRY,Industry
Q425956, Q25245117,INDUSTRY,Industry
Q13220217,Q126793,INDUSTRY,Industry
Q109942429,Q941594,INDUSTRY,Industry
Q33326238,Q941594,INDUSTRY,Industry
Q110738319,Q941594,INDUSTRY,Industry
Q1410383,Q837171,INDUSTRY,Industry
Q4921546,Q1957814,INDUSTRY,Industry
Q82737848,Q21157865,INDUSTRY,Industry
Q82737848, Q880371,INDUSTRY,Industry
Q82737848, Q638608,INDUSTRY,Industry
Q249591,Q3565868,INDUSTRY,Industry
Q107410616,Q11828862,INDUSTRY,Industry
Q110038772,Q941594,INDUSTRY,Industry
Q11815580,Q126793,INDUSTRY,Industry
Q847966,Q3565868,INDUSTRY,Industry
Q93982889,Q126793,INDUSTRY,Industry
Q11788344,Q126793,INDUSTRY,Industry
Q11826043,Q126793,INDUSTRY,Industry
Q102291992,Q56604188,INDUSTRY,Industry
Q102291992, Q3558289,INDUSTRY,Industry
Q102291992, Q1327701,INDUSTRY,Industry
Q60169569,Q941594,INDUSTRY,Industry
Q590406,Q3565868,INDUSTRY,Industry
Q11780318,Q178512,INDUSTRY,Industry
Q68574562,Q941594,INDUSTRY,Industry
Q1807170,Q837171,INDUSTRY,Industry
Q9267646,Q1416657,INDUSTRY,Industry
Q9267646, Q837171,INDUSTRY,Industry
Q9267646, Q806718,INDUSTRY,Industry
Q54822246,Q941594,INDUSTRY,Industry
Q693200,Q187939,INDUSTRY,Industry
Q7708592,Q941594,INDUSTRY,Industry
Q857182,Q126793,INDUSTRY,Industry
Q9148395,Q22687,INDUSTRY,Industry
Q11710978,Q22687,INDUSTRY,Industry
Q107378372,Q941594,INDUSTRY,Industry
Q776749,Q3565868,INDUSTRY,Industry
Q110400563,Q941594,INDUSTRY,Industry
Q1341068,Q2151621,INDUSTRY,Industry
Q93070134,Q126793,INDUSTRY,Industry
Q7119525,Q3565868,INDUSTRY,Industry
Q113505176,Q11460,INDUSTRY,Industry
Q11790622,Q126793,INDUSTRY,Industry
Q109532985,Q941594,INDUSTRY,Industry
Q11741120,Q3565868,INDUSTRY,Industry
Q115007305,Q11644505,INDUSTRY,Industry
Q109587952,Q941594,INDUSTRY,Industry
Q19401271,Q392933,INDUSTRY,Industry
Q106495389,Q941594,INDUSTRY,Industry
Q7202998,Q56598901,INDUSTRY,Industry
Q7202998, Q25245117,INDUSTRY,Industry
Q109828151,Q941594,INDUSTRY,Industry
Q7933970,Q56598901,INDUSTRY,Industry
Q7933970, Q25245117,INDUSTRY,Industry
Q578832,Q837171,INDUSTRY,Industry
Q578832, Q806718,INDUSTRY,Industry
Q1484980,Q1193236,INDUSTRY,Industry
Q4051069,Q941594,INDUSTRY,Industry
Q112158349,Q941594,INDUSTRY,Industry
Q9370881,Q3972943,INDUSTRY,Industry
Q109682965,Q941594,INDUSTRY,Industry
Q1260314,Q126793,INDUSTRY,Industry
Q108910285,Q941594,INDUSTRY,Industry
Q11742085,Q601401,INDUSTRY,Industry
Q109323856,Q2095,INDUSTRY,Industry
Q106864235,Q941594,INDUSTRY,Industry
Q64433260,Q28050159,INDUSTRY,Industry
Q64433260, Q638608,INDUSTRY,Industry
Q18431946,Q126793,INDUSTRY,Industry
Q806642,Q837171,INDUSTRY,Industry
Q806642, Q806718,INDUSTRY,Industry
Q9347395,Q1415395,INDUSTRY,Industry
Q62054190,Q15825471,INDUSTRY,Industry
Q113137735,Q1415395,INDUSTRY,Industry
Q58886464,Q941594,INDUSTRY,Industry
Q2096356,Q126793,INDUSTRY,Industry
Q109381699,Q941594,INDUSTRY,Industry
Q106436003,Q941594,INDUSTRY,Industry
Q9303218,Q1416657,INDUSTRY,Industry
Q9303218, Q837171,INDUSTRY,Industry
Q9303218, Q806718,INDUSTRY,Industry
Q9142801,Q941594,INDUSTRY,Industry
Q111907295,Q941594,INDUSTRY,Industry
Q4806100,Q941594,INDUSTRY,Industry
Q86661244,Q941594,INDUSTRY,Industry
Q971649,Q24429855,CEO,Person
Q971649, Q382884,CEO,Person
Q138133,Q15842921,CEO,Person
Q138133, Q2078625,CEO,Person
Q138133, Q108936810,CEO,Person
Q495943,Q105366826,CEO,Person
Q495943, Q26207337,CEO,Person
Q495943, Q105368186,CEO,Person
Q495943, Q95783018,CEO,Person
Q495943, Q105367473,CEO,Person
Q11752350,Q15833826,CEO,Person
Q787714,Q22350976,CEO,Person
Q129110,Q432183,CEO,Person
Q2397198,Q22350980,CEO,Person
Q1476710,Q27683158,CEO,Person
Q1550912,Q26637897,CEO,Person
Q1550912, Q26638506,CEO,Person
Q1654997,Q9376606,CEO,Person
Q655966,Q11720143,CEO,Person
Q1256909,Q21035967,CEO,Person
Q1465005,Q24956110,CEO,Person
Q1465005, Q16533765,CEO,Person
Q1465005, Q11765700,CEO,Person
Q7098994,Q9139766,CEO,Person
Q673670,Q601171,CEO,Person
Q1144802,Q11818303,CEO,Person
Q249591,Q27149368,CEO,Person
Q11788344,Q9202133,CEO,Person
Q7999846,Q11778744,CEO,Person
Q7999846, Q7192785,CEO,Person
Q1807170,Q9188491,CEO,Person
Q1807170, Q11720745,CEO,Person
Q1807170, Q11718439,CEO,Person
Q1807170, Q9381891,CEO,Person
Q1807170, Q515057,CEO,Person
Q1807170, Q11684589,CEO,Person
Q1807170, Q85860409,CEO,Person
Q1807170, Q48841389,CEO,Person
Q1807170, Q6836029,CEO,Person
Q1807170, Q87720395,CEO,Person
Q1807170, Q11725747,CEO,Person
Q11790622,Q11768296,CEO,Person
Q18649951,Q63061638,CEO,Person
Q4806100,Q9281974,CEO,Person
Q9361197,Q107209475,CHAIRMAN,Person
Q1550912,Q26639858,CHAIRMAN,Person
Q2838157,Q3308725,CHAIRMAN,Person
Q2838157, Q59211818,CHAIRMAN,Person
Q2838157, Q108423150,CHAIRMAN,Person
Q2838157, Q108428855,CHAIRMAN,Person
Q48853121,Q48864274,CHAIRMAN,Person
Q16616750,Q76612561,CHAIRMAN,Person
Q2838156,Q2850523,CHAIRMAN,Person
Q107660550,Q270,HEADQUARTERS,Location
Q4855947,Q112686047,HEADQUARTERS,Location
Q4855947, Q270,HEADQUARTERS,Location
Q105037594,Q270,HEADQUARTERS,Location
Q21809354,Q1792,HEADQUARTERS,Location
Q11757565,Q270,HEADQUARTERS,Location
Q9361197,Q270,HEADQUARTERS,Location
Q2589061,Q268,HEADQUARTERS,Location
Q324614,Q47554,HEADQUARTERS,Location
Q1471879,Q31487,HEADQUARTERS,Location
Q3507748,Q107106,HEADQUARTERS,Location
Q11735522,Q31487,HEADQUARTERS,Location
Q522109,Q1799,HEADQUARTERS,Location
Q18426195,Q270,HEADQUARTERS,Location
Q6100964,Q84,HEADQUARTERS,Location
Q971649,Q112061856,HEADQUARTERS,Location
Q971649, Q104725,HEADQUARTERS,Location
Q1172164,Q580,HEADQUARTERS,Location
Q1172164, Q270,HEADQUARTERS,Location
Q101065199,Q1799,HEADQUARTERS,Location
Q48844636,Q378821,HEADQUARTERS,Location
Q138133,Q2066,HEADQUARTERS,Location
Q389526,Q31487,HEADQUARTERS,Location
Q113686383,Q31487,HEADQUARTERS,Location
Q11837058,Q1613105,HEADQUARTERS,Location
Q9376325,Q54159,HEADQUARTERS,Location
Q56337814,Q104407,HEADQUARTERS,Location
Q495943,Q31487,HEADQUARTERS,Location
Q6658155,Q1799,HEADQUARTERS,Location
Q9164984,Q11687305,HEADQUARTERS,Location
Q106918849,Q270,HEADQUARTERS,Location
Q110573154,Q270,HEADQUARTERS,Location
Q58014,Q268,HEADQUARTERS,Location
Q2066242,Q52895,HEADQUARTERS,Location
Q11752350,Q1792,HEADQUARTERS,Location
Q787714,Q270,HEADQUARTERS,Location
Q11821937,Q5559746,HEADQUARTERS,Location
Q129110,Q270,HEADQUARTERS,Location
Q13404090,Q268,HEADQUARTERS,Location
Q100734718,Q31487,HEADQUARTERS,Location
Q677662,Q31487,HEADQUARTERS,Location
Q2397198,Q588,HEADQUARTERS,Location
Q1476710,Q237512,HEADQUARTERS,Location
Q7277895,Q270,HEADQUARTERS,Location
Q9256201,Q1799,HEADQUARTERS,Location
Q741296,Q270,HEADQUARTERS,Location
Q16525801,Q472621,HEADQUARTERS,Location
Q102424219,Q270,HEADQUARTERS,Location
Q11762689,Q31487,HEADQUARTERS,Location
Q111017679,Q270,HEADQUARTERS,Location
Q806653,Q270,HEADQUARTERS,Location
Q51646356,Q270,HEADQUARTERS,Location
Q52085723,Q270,HEADQUARTERS,Location
Q9253957,Q1792,HEADQUARTERS,Location
Q2295606,Q270,HEADQUARTERS,Location
Q41171373,Q2066,HEADQUARTERS,Location
Q62073490,Q106583,HEADQUARTERS,Location
Q1550912,Q910410,HEADQUARTERS,Location
Q1654997,Q270,HEADQUARTERS,Location
Q597307,Q106274,HEADQUARTERS,Location
Q20744004,Q270,HEADQUARTERS,Location
Q9379181,Q109383022,HEADQUARTERS,Location
Q9379181, Q106246598,HEADQUARTERS,Location
Q9379181, Q33548591,HEADQUARTERS,Location
Q105425091,Q1792,HEADQUARTERS,Location
Q18385671,Q82765,HEADQUARTERS,Location
Q108806144,Q31487,HEADQUARTERS,Location
Q110068296,Q41252,HEADQUARTERS,Location
Q655966,Q31487,HEADQUARTERS,Location
Q9386219,Q1792,HEADQUARTERS,Location
Q348402,Q268,HEADQUARTERS,Location
Q168833,Q270,HEADQUARTERS,Location
Q98399153,Q1799,HEADQUARTERS,Location
Q11785216,Q580,HEADQUARTERS,Location
Q9171569,Q52842,HEADQUARTERS,Location
Q11811699,Q270,HEADQUARTERS,Location
Q673632,Q270,HEADQUARTERS,Location
Q16605125,Q1613105,HEADQUARTERS,Location
Q107299031,Q270,HEADQUARTERS,Location
Q62563833,Q580,HEADQUARTERS,Location
Q2344102,Q270,HEADQUARTERS,Location
Q2549114,Q270,HEADQUARTERS,Location
Q7205598,Q270,HEADQUARTERS,Location
Q7865474,Q28676342,HEADQUARTERS,Location
Q7865474, Q270,HEADQUARTERS,Location
Q1256909,Q1792,HEADQUARTERS,Location
Q9164980,Q270,HEADQUARTERS,Location
Q1465005,Q270,HEADQUARTERS,Location
Q1139703,Q99769138,HEADQUARTERS,Location
Q1139703, Q270,HEADQUARTERS,Location
Q98455928,Q158459,HEADQUARTERS,Location
Q1749435,Q985687,HEADQUARTERS,Location
Q11694239,Q984538,HEADQUARTERS,Location
Q4855958,Q109336521,HEADQUARTERS,Location
Q103720734,Q658861,HEADQUARTERS,Location
Q113672892,Q270,HEADQUARTERS,Location
Q52085298,Q588,HEADQUARTERS,Location
Q110193428,Q270,HEADQUARTERS,Location
Q6427874,Q102317,HEADQUARTERS,Location
Q86682773,Q268,HEADQUARTERS,Location
Q204268,Q108940484,HEADQUARTERS,Location
Q204268, Q270,HEADQUARTERS,Location
Q9343712,Q588,HEADQUARTERS,Location
Q86679800,Q31487,HEADQUARTERS,Location
Q56056109,Q270,HEADQUARTERS,Location
Q107410579,Q1792,HEADQUARTERS,Location
Q7098994,Q270,HEADQUARTERS,Location
Q9257464,Q1799,HEADQUARTERS,Location
Q5420712,Q208473,HEADQUARTERS,Location
Q673670,Q270,HEADQUARTERS,Location
Q109985801,Q65,HEADQUARTERS,Location
Q109985801, Q62,HEADQUARTERS,Location
Q11833154,Q270,HEADQUARTERS,Location
Q189191,Q598,HEADQUARTERS,Location
Q137503,Q580,HEADQUARTERS,Location
Q425956,Q270,HEADQUARTERS,Location
Q13220217,Q152491,HEADQUARTERS,Location
Q9212032,Q580,HEADQUARTERS,Location
Q11780311,Q1799,HEADQUARTERS,Location
Q48860749,Q684754,HEADQUARTERS,Location
Q11780251,Q123511,HEADQUARTERS,Location
Q1144802,Q270,HEADQUARTERS,Location
Q33326238,Q393,HEADQUARTERS,Location
Q110738319,Q270,HEADQUARTERS,Location
Q30909211,Q103217,HEADQUARTERS,Location
Q11832868,Q1799,HEADQUARTERS,Location
Q1410383,Q588,HEADQUARTERS,Location
Q4921546,Q319445,HEADQUARTERS,Location
Q82737848,Q270,HEADQUARTERS,Location
Q249591,Q270,HEADQUARTERS,Location
Q110038772,Q588,HEADQUARTERS,Location
Q11815580,Q268,HEADQUARTERS,Location
Q847966,Q270,HEADQUARTERS,Location
Q93982889,Q31487,HEADQUARTERS,Location
Q11788344,Q246685,HEADQUARTERS,Location
Q1752712,Q47554,HEADQUARTERS,Location
Q11686561,Q51021,HEADQUARTERS,Location
Q11826043,Q270,HEADQUARTERS,Location
Q2164678,Q270,HEADQUARTERS,Location
Q102291992,Q598,HEADQUARTERS,Location
Q16616750,Q1799,HEADQUARTERS,Location
Q11755396,Q106681,HEADQUARTERS,Location
Q7999846,Q47554,HEADQUARTERS,Location
Q16971795,Q31487,HEADQUARTERS,Location
Q5705879,Q580,HEADQUARTERS,Location
Q60169569,Q270,HEADQUARTERS,Location
Q3045978,Q270,HEADQUARTERS,Location
Q590406,Q270,HEADQUARTERS,Location
Q11780318,Q72803893,HEADQUARTERS,Location
Q11780318, Q270,HEADQUARTERS,Location
Q68574562,Q270,HEADQUARTERS,Location
Q1807170,Q270,HEADQUARTERS,Location
Q9267646,Q270,HEADQUARTERS,Location
Q11801865,Q385,HEADQUARTERS,Location
Q98455993,Q640223,HEADQUARTERS,Location
Q16612870,Q270,HEADQUARTERS,Location
Q693200,Q826068,HEADQUARTERS,Location
Q7708592,Q31487,HEADQUARTERS,Location
Q857182,Q52850,HEADQUARTERS,Location
Q11780275,Q106583,HEADQUARTERS,Location
Q9148395,Q270,HEADQUARTERS,Location
Q11710978,Q270,HEADQUARTERS,Location
Q4781165,Q270,HEADQUARTERS,Location
Q107378372,Q31487,HEADQUARTERS,Location
Q6148831,Q103217,HEADQUARTERS,Location
Q776749,Q588,HEADQUARTERS,Location
Q11766161,Q270,HEADQUARTERS,Location
Q1341068,Q268,HEADQUARTERS,Location
Q4034832,Q270,HEADQUARTERS,Location
Q93070134,Q826068,HEADQUARTERS,Location
Q1737513,Q41252,HEADQUARTERS,Location
Q2838156,Q1799,HEADQUARTERS,Location
Q7119525,Q110311277,HEADQUARTERS,Location
Q7119525, Q270,HEADQUARTERS,Location
Q108060892,Q36,HEADQUARTERS,Location
Q11790622,Q1799,HEADQUARTERS,Location
Q109532985,Q270,HEADQUARTERS,Location
Q11741120,Q268,HEADQUARTERS,Location
Q115007305,Q147380,HEADQUARTERS,Location
Q109587952,Q270,HEADQUARTERS,Location
Q9165001,Q109455919,HEADQUARTERS,Location
Q19401271,Q104740,HEADQUARTERS,Location
Q18609984,Q31487,HEADQUARTERS,Location
Q3551420,Q102317,HEADQUARTERS,Location
Q3888048,Q270,HEADQUARTERS,Location
Q106495389,Q270,HEADQUARTERS,Location
Q9352533,Q270,HEADQUARTERS,Location
Q18649951,Q1792,HEADQUARTERS,Location
Q48862619,Q588,HEADQUARTERS,Location
Q7202998,Q270,HEADQUARTERS,Location
Q60240487,Q31487,HEADQUARTERS,Location
Q9386230,Q751140,HEADQUARTERS,Location
Q109828151,Q1792,HEADQUARTERS,Location
Q1758009,Q110908674,HEADQUARTERS,Location
Q7933970,Q270,HEADQUARTERS,Location
Q578832,Q270,HEADQUARTERS,Location
Q1484980,Q270,HEADQUARTERS,Location
Q4051069,Q105084,HEADQUARTERS,Location
Q9370881,Q270,HEADQUARTERS,Location
Q4059233,Q1792,HEADQUARTERS,Location
Q109682965,Q270,HEADQUARTERS,Location
Q1260314,Q270,HEADQUARTERS,Location
Q470784,Q52900,HEADQUARTERS,Location
Q108910285,Q31487,HEADQUARTERS,Location
Q11742085,Q268,HEADQUARTERS,Location
Q109323856,Q2060255,HEADQUARTERS,Location
Q106864235,Q106268,HEADQUARTERS,Location
Q106432292,Q31487,HEADQUARTERS,Location
Q64433260,Q270,HEADQUARTERS,Location
Q18431946,Q268,HEADQUARTERS,Location
Q1613719,Q37333,HEADQUARTERS,Location
Q9325152,Q389860,HEADQUARTERS,Location
Q806642,Q270,HEADQUARTERS,Location
Q55758642,Q270,HEADQUARTERS,Location
Q11780295,Q580,HEADQUARTERS,Location
Q74019694,Q107094,HEADQUARTERS,Location
Q9347262,Q270,HEADQUARTERS,Location
Q3198646,Q270,HEADQUARTERS,Location
Q58886464,Q461513,HEADQUARTERS,Location
Q2096356,Q268,HEADQUARTERS,Location
Q2033727,Q1792,HEADQUARTERS,Location
Q109381699,Q270,HEADQUARTERS,Location
Q106436003,Q270,HEADQUARTERS,Location
Q9303218,Q270,HEADQUARTERS,Location
Q9142801,Q1792,HEADQUARTERS,Location
Q111907295,Q31487,HEADQUARTERS,Location
Q4806100,Q270,HEADQUARTERS,Location
Q86661244,Q270,HEADQUARTERS,Location
Q7259612,Q270,HEADQUARTERS,Location
Q1160928,Q60854801,HEADQUARTERS,Location
Q1160928, Q270,HEADQUARTERS,Location
Q2589061,Q126793,GROUPED_IN,Group
Q138133,Q874430,GROUPED_IN,Group
Q138133, Q155718,GROUPED_IN,Group
Q138133, Q1230458,GROUPED_IN,Group
Q138133, Q6571804,GROUPED_IN,Group
Q11691326,Q1752712,GROUPED_IN,Group
Q41171373,Q125054,GROUPED_IN,Group
Q2838157,Q2419580,GROUPED_IN,Group
Q2034617,Q22785,GROUPED_IN,Group
Q601176,Q8066998,GROUPED_IN,Group
Q11974290,Q918151,GROUPED_IN,Group
Q102291992,Q189191,GROUPED_IN,Group
Q2838156,Q2419580,GROUPED_IN,Group
Q107660550,Q36,RESIDES_IN,Location
Q2691064,Q36,RESIDES_IN,Location
Q4855947,Q36,RESIDES_IN,Location
Q9347392,Q36,RESIDES_IN,Location
Q105037594,Q36,RESIDES_IN,Location
Q21809354,Q36,RESIDES_IN,Location
Q11757565,Q36,RESIDES_IN,Location
Q2115847,Q183,RESIDES_IN,Location
Q9361197,Q36,RESIDES_IN,Location
Q2589061,Q36,RESIDES_IN,Location
Q324614,Q36,RESIDES_IN,Location
Q60860593,Q36,RESIDES_IN,Location
Q1471879,Q36,RESIDES_IN,Location
Q3507748,Q36,RESIDES_IN,Location
Q11735522,Q36,RESIDES_IN,Location
Q110801396,Q36,RESIDES_IN,Location
Q522109,Q36,RESIDES_IN,Location
Q18426195,Q36,RESIDES_IN,Location
Q6100964,Q145,RESIDES_IN,Location
Q99324035,Q36,RESIDES_IN,Location
Q971649,Q36,RESIDES_IN,Location
Q1172164,Q36,RESIDES_IN,Location
Q101065199,Q36,RESIDES_IN,Location
Q48844636,Q36,RESIDES_IN,Location
Q138133,Q148,RESIDES_IN,Location
Q389526,Q36,RESIDES_IN,Location
Q113686383,Q36,RESIDES_IN,Location
Q93517084,Q36,RESIDES_IN,Location
Q11837058,Q36,RESIDES_IN,Location
Q9376325,Q36,RESIDES_IN,Location
Q110801045,Q36,RESIDES_IN,Location
Q56337814,Q36,RESIDES_IN,Location
Q495943,Q36,RESIDES_IN,Location
Q6658155,Q36,RESIDES_IN,Location
Q9164984,Q36,RESIDES_IN,Location
Q106918849,Q36,RESIDES_IN,Location
Q9356205,Q36,RESIDES_IN,Location
Q110573154,Q36,RESIDES_IN,Location
Q58014,Q36,RESIDES_IN,Location
Q2066242,Q36,RESIDES_IN,Location
Q11752350,Q36,RESIDES_IN,Location
Q112001186,Q36,RESIDES_IN,Location
Q787714,Q36,RESIDES_IN,Location
Q11821937,Q36,RESIDES_IN,Location
Q2264760,Q36,RESIDES_IN,Location
Q5734420,Q36,RESIDES_IN,Location
Q129110,Q36,RESIDES_IN,Location
Q13404090,Q36,RESIDES_IN,Location
Q100734718,Q36,RESIDES_IN,Location
Q9356175,Q36,RESIDES_IN,Location
Q677662,Q36,RESIDES_IN,Location
Q2397198,Q36,RESIDES_IN,Location
Q1476710,Q36,RESIDES_IN,Location
Q142095,Q36,RESIDES_IN,Location
Q7277895,Q36,RESIDES_IN,Location
Q113070760,Q36,RESIDES_IN,Location
Q9256201,Q36,RESIDES_IN,Location
Q741296,Q36,RESIDES_IN,Location
Q16525801,Q36,RESIDES_IN,Location
Q110801119,Q36,RESIDES_IN,Location
Q102424219,Q36,RESIDES_IN,Location
Q108821794,Q36,RESIDES_IN,Location
Q11762689,Q36,RESIDES_IN,Location
Q111017679,Q36,RESIDES_IN,Location
Q806653,Q36,RESIDES_IN,Location
Q11691326,Q36,RESIDES_IN,Location
Q51646356,Q36,RESIDES_IN,Location
Q52085723,Q36,RESIDES_IN,Location
Q9253957,Q36,RESIDES_IN,Location
Q2295606,Q36,RESIDES_IN,Location
Q41171373,Q55,RESIDES_IN,Location
Q62073490,Q36,RESIDES_IN,Location
Q1550912,Q218,RESIDES_IN,Location
Q1654997,Q36,RESIDES_IN,Location
Q101086301,Q36,RESIDES_IN,Location
Q597307,Q36,RESIDES_IN,Location
Q113093586,Q36,RESIDES_IN,Location
Q655104,Q36,RESIDES_IN,Location
Q20744004,Q36,RESIDES_IN,Location
Q9379181,Q36,RESIDES_IN,Location
Q109929481,Q36,RESIDES_IN,Location
Q21061309,Q36,RESIDES_IN,Location
Q6949407,Q36,RESIDES_IN,Location
Q31678377,Q36,RESIDES_IN,Location
Q105425091,Q36,RESIDES_IN,Location
Q16618278,Q36,RESIDES_IN,Location
Q18385671,Q36,RESIDES_IN,Location
Q108806144,Q36,RESIDES_IN,Location
Q110068296,Q36,RESIDES_IN,Location
Q56338245,Q36,RESIDES_IN,Location
Q2838157,Q36,RESIDES_IN,Location
Q9356024,Q36,RESIDES_IN,Location
Q72914288,Q36,RESIDES_IN,Location
Q9360044,Q36,RESIDES_IN,Location
Q9174325,Q36,RESIDES_IN,Location
Q115182955,Q36,RESIDES_IN,Location
Q9294078,Q36,RESIDES_IN,Location
Q1804769,Q36,RESIDES_IN,Location
Q655966,Q36,RESIDES_IN,Location
Q9386219,Q36,RESIDES_IN,Location
Q75018491,Q36,RESIDES_IN,Location
Q48853121,Q36,RESIDES_IN,Location
Q348402,Q36,RESIDES_IN,Location
Q168833,Q36,RESIDES_IN,Location
Q110801183,Q36,RESIDES_IN,Location
Q98399153,Q36,RESIDES_IN,Location
Q11785216,Q36,RESIDES_IN,Location
Q99167221,Q36,RESIDES_IN,Location
Q60860205,Q36,RESIDES_IN,Location
Q9171569,Q36,RESIDES_IN,Location
Q11811699,Q36,RESIDES_IN,Location
Q673632,Q36,RESIDES_IN,Location
Q16605125,Q36,RESIDES_IN,Location
Q2034617,Q36,RESIDES_IN,Location
Q107299031,Q36,RESIDES_IN,Location
Q108063491,Q36,RESIDES_IN,Location
Q62563833,Q36,RESIDES_IN,Location
Q9294202,Q36,RESIDES_IN,Location
Q2344102,Q36,RESIDES_IN,Location
Q2549114,Q36,RESIDES_IN,Location
Q7205598,Q36,RESIDES_IN,Location
Q109619982,Q36,RESIDES_IN,Location
Q7865474,Q36,RESIDES_IN,Location
Q91876198,Q36,RESIDES_IN,Location
Q56325139,Q36,RESIDES_IN,Location
Q9383695,Q36,RESIDES_IN,Location
Q1256909,Q36,RESIDES_IN,Location
Q16614254,Q36,RESIDES_IN,Location
Q16560452,Q36,RESIDES_IN,Location
Q9164980,Q36,RESIDES_IN,Location
Q1465005,Q36,RESIDES_IN,Location
Q1139703,Q36,RESIDES_IN,Location
Q98455928,Q36,RESIDES_IN,Location
Q1749435,Q36,RESIDES_IN,Location
Q11694239,Q36,RESIDES_IN,Location
Q4855958,Q36,RESIDES_IN,Location
Q103720734,Q36,RESIDES_IN,Location
Q113672892,Q36,RESIDES_IN,Location
Q52085298,Q36,RESIDES_IN,Location
Q110457879,Q36,RESIDES_IN,Location
Q110193428,Q36,RESIDES_IN,Location
Q6427874,Q36,RESIDES_IN,Location
Q11786409,Q36,RESIDES_IN,Location
Q114129506,Q36,RESIDES_IN,Location
Q86682773,Q36,RESIDES_IN,Location
Q12309283,Q40,RESIDES_IN,Location
Q204268,Q36,RESIDES_IN,Location
Q9343712,Q36,RESIDES_IN,Location
Q86679800,Q36,RESIDES_IN,Location
Q56056109,Q36,RESIDES_IN,Location
Q107410579,Q36,RESIDES_IN,Location
Q7098994,Q36,RESIDES_IN,Location
Q5529098,Q36,RESIDES_IN,Location
Q9257464,Q36,RESIDES_IN,Location
Q5420712,Q36,RESIDES_IN,Location
Q673670,Q36,RESIDES_IN,Location
Q109985801,Q36,RESIDES_IN,Location
Q11833154,Q36,RESIDES_IN,Location
Q189191,Q36,RESIDES_IN,Location
Q137503,Q36,RESIDES_IN,Location
Q601176,Q36,RESIDES_IN,Location
Q109732600,Q36,RESIDES_IN,Location
Q425956,Q36,RESIDES_IN,Location
Q13220217,Q36,RESIDES_IN,Location
Q109942429,Q36,RESIDES_IN,Location
Q9212032,Q36,RESIDES_IN,Location
Q11780311,Q36,RESIDES_IN,Location
Q48860749,Q36,RESIDES_IN,Location
Q11692586,Q36,RESIDES_IN,Location
Q11780251,Q36,RESIDES_IN,Location
Q1144802,Q36,RESIDES_IN,Location
Q20354074,Q36,RESIDES_IN,Location
Q30407987,Q36,RESIDES_IN,Location
Q33326238,Q36,RESIDES_IN,Location
Q100452287,Q36,RESIDES_IN,Location
Q104747119,Q36,RESIDES_IN,Location
Q110738319,Q36,RESIDES_IN,Location
Q30909211,Q36,RESIDES_IN,Location
Q11832868,Q36,RESIDES_IN,Location
Q1410383,Q36,RESIDES_IN,Location
Q4921546,Q36,RESIDES_IN,Location
Q11974290,Q36,RESIDES_IN,Location
Q9366819,Q36,RESIDES_IN,Location
Q82737848,Q36,RESIDES_IN,Location
Q249591,Q36,RESIDES_IN,Location
Q62297700,Q36,RESIDES_IN,Location
Q110952328,Q36,RESIDES_IN,Location
Q107410616,Q36,RESIDES_IN,Location
Q11683985,Q36,RESIDES_IN,Location
Q97969110,Q36,RESIDES_IN,Location
Q110038772,Q36,RESIDES_IN,Location
Q11815580,Q36,RESIDES_IN,Location
Q847966,Q36,RESIDES_IN,Location
Q93982889,Q36,RESIDES_IN,Location
Q11788344,Q36,RESIDES_IN,Location
Q1752712,Q36,RESIDES_IN,Location
Q11686561,Q36,RESIDES_IN,Location
Q315658,Q36,RESIDES_IN,Location
Q11826043,Q36,RESIDES_IN,Location
Q2164678,Q36,RESIDES_IN,Location
Q3578303,Q36,RESIDES_IN,Location
Q102291992,Q36,RESIDES_IN,Location
Q21245163,Q36,RESIDES_IN,Location
Q9195224,Q36,RESIDES_IN,Location
Q111308042,Q36,RESIDES_IN,Location
Q16616750,Q36,RESIDES_IN,Location
Q110594816,Q36,RESIDES_IN,Location
Q11755396,Q36,RESIDES_IN,Location
Q7999846,Q36,RESIDES_IN,Location
Q16971795,Q36,RESIDES_IN,Location
Q9345945,Q36,RESIDES_IN,Location
Q5705879,Q36,RESIDES_IN,Location
Q60169569,Q36,RESIDES_IN,Location
Q28673883,Q36,RESIDES_IN,Location
Q9325974,Q36,RESIDES_IN,Location
Q3045978,Q36,RESIDES_IN,Location
Q590406,Q36,RESIDES_IN,Location
Q9251859,Q36,RESIDES_IN,Location
Q11780318,Q36,RESIDES_IN,Location
Q3847868,Q36,RESIDES_IN,Location
Q68574562,Q36,RESIDES_IN,Location
Q113469395,Q36,RESIDES_IN,Location
Q1807170,Q36,RESIDES_IN,Location
Q9267646,Q36,RESIDES_IN,Location
Q71817207,Q36,RESIDES_IN,Location
Q11801865,Q36,RESIDES_IN,Location
Q9387122,Q36,RESIDES_IN,Location
Q98455993,Q36,RESIDES_IN,Location
Q5147001,Q36,RESIDES_IN,Location
Q16612870,Q36,RESIDES_IN,Location
Q54822246,Q36,RESIDES_IN,Location
Q86661255,Q36,RESIDES_IN,Location
Q693200,Q36,RESIDES_IN,Location
Q7708592,Q36,RESIDES_IN,Location
Q104129929,Q36,RESIDES_IN,Location
Q857182,Q36,RESIDES_IN,Location
Q11780300,Q36,RESIDES_IN,Location
Q9378123,Q36,RESIDES_IN,Location
Q11780275,Q36,RESIDES_IN,Location
Q681,Q36,RESIDES_IN,Location
Q9148395,Q36,RESIDES_IN,Location
Q11710978,Q36,RESIDES_IN,Location
Q104643381,Q36,RESIDES_IN,Location
Q4781165,Q36,RESIDES_IN,Location
Q107529719,Q36,RESIDES_IN,Location
Q107378372,Q36,RESIDES_IN,Location
Q114345712,Q36,RESIDES_IN,Location
Q6148831,Q36,RESIDES_IN,Location
Q776749,Q36,RESIDES_IN,Location
Q104616329,Q36,RESIDES_IN,Location
Q11699009,Q36,RESIDES_IN,Location
Q110400563,Q36,RESIDES_IN,Location
Q108857903,Q36,RESIDES_IN,Location
Q9387123,Q36,RESIDES_IN,Location
Q11766161,Q36,RESIDES_IN,Location
Q1341068,Q36,RESIDES_IN,Location
Q4034832,Q36,RESIDES_IN,Location
Q93070134,Q36,RESIDES_IN,Location
Q1737513,Q36,RESIDES_IN,Location
Q2838156,Q36,RESIDES_IN,Location
Q7119525,Q36,RESIDES_IN,Location
Q108060892,Q36,RESIDES_IN,Location
Q113505176,Q36,RESIDES_IN,Location
Q11790622,Q36,RESIDES_IN,Location
Q109532985,Q36,RESIDES_IN,Location
Q11741120,Q36,RESIDES_IN,Location
Q115007305,Q36,RESIDES_IN,Location
Q90583485,Q36,RESIDES_IN,Location
Q109587952,Q36,RESIDES_IN,Location
Q87434991,Q36,RESIDES_IN,Location
Q9165001,Q36,RESIDES_IN,Location
Q19401271,Q36,RESIDES_IN,Location
Q9387124,Q36,RESIDES_IN,Location
Q18609984,Q36,RESIDES_IN,Location
Q3551420,Q36,RESIDES_IN,Location
Q4707862,Q36,RESIDES_IN,Location
Q3888048,Q36,RESIDES_IN,Location
Q1630911,Q36,RESIDES_IN,Location
Q106495389,Q36,RESIDES_IN,Location
Q9352533,Q36,RESIDES_IN,Location
Q18649951,Q36,RESIDES_IN,Location
Q48862619,Q36,RESIDES_IN,Location
Q76724214,Q36,RESIDES_IN,Location
Q7202998,Q36,RESIDES_IN,Location
Q60240487,Q36,RESIDES_IN,Location
Q9386230,Q36,RESIDES_IN,Location
Q63832005,Q36,RESIDES_IN,Location
Q109828151,Q36,RESIDES_IN,Location
Q1758009,Q36,RESIDES_IN,Location
Q7933970,Q36,RESIDES_IN,Location
Q578832,Q36,RESIDES_IN,Location
Q1484980,Q36,RESIDES_IN,Location
Q4051069,Q36,RESIDES_IN,Location
Q112158349,Q36,RESIDES_IN,Location
Q9370881,Q36,RESIDES_IN,Location
Q4059233,Q36,RESIDES_IN,Location
Q112001195,Q36,RESIDES_IN,Location
Q27104038,Q36,RESIDES_IN,Location
Q11697493,Q36,RESIDES_IN,Location
Q3606691,Q36,RESIDES_IN,Location
Q109682965,Q36,RESIDES_IN,Location
Q104786277,Q36,RESIDES_IN,Location
Q1260314,Q36,RESIDES_IN,Location
Q9380870,Q36,RESIDES_IN,Location
Q470784,Q36,RESIDES_IN,Location
Q108910285,Q36,RESIDES_IN,Location
Q11742085,Q36,RESIDES_IN,Location
Q109323856,Q36,RESIDES_IN,Location
Q2364321,Q36,RESIDES_IN,Location
Q2333801,Q36,RESIDES_IN,Location
Q106864235,Q36,RESIDES_IN,Location
Q106432292,Q36,RESIDES_IN,Location
Q64433260,Q36,RESIDES_IN,Location
Q18431946,Q36,RESIDES_IN,Location
Q20034845,Q36,RESIDES_IN,Location
Q1613719,Q36,RESIDES_IN,Location
Q9325152,Q36,RESIDES_IN,Location
Q806642,Q36,RESIDES_IN,Location
Q9347395,Q36,RESIDES_IN,Location
Q62054190,Q36,RESIDES_IN,Location
Q55758642,Q36,RESIDES_IN,Location
Q106617510,Q36,RESIDES_IN,Location
Q11780295,Q36,RESIDES_IN,Location
Q11693824,Q36,RESIDES_IN,Location
Q74019694,Q36,RESIDES_IN,Location
Q113137735,Q36,RESIDES_IN,Location
Q9347262,Q36,RESIDES_IN,Location
Q3198646,Q36,RESIDES_IN,Location
Q58886464,Q36,RESIDES_IN,Location
Q11780266,Q36,RESIDES_IN,Location
Q2096356,Q36,RESIDES_IN,Location
Q2033727,Q36,RESIDES_IN,Location
Q109381699,Q36,RESIDES_IN,Location
Q106436003,Q36,RESIDES_IN,Location
Q9303218,Q36,RESIDES_IN,Location
Q9142801,Q36,RESIDES_IN,Location
Q111907295,Q36,RESIDES_IN,Location
Q4806100,Q36,RESIDES_IN,Location
Q86661244,Q36,RESIDES_IN,Location
Q7259612,Q36,RESIDES_IN,Location
Q1160928,Q36,RESIDES_IN,Location
Q30915392,Q36,RESIDES_IN,Location
Q3507748,3_employee_count,EMPLOYEE_COUNT_BAND,Quant_Metric
Q971649,2_employee_count,EMPLOYEE_COUNT_BAND,Quant_Metric
Q138133,2_employee_count,EMPLOYEE_COUNT_BAND,Quant_Metric
Q11752350,2_employee_count,EMPLOYEE_COUNT_BAND,Quant_Metric
Q787714,4_employee_count,EMPLOYEE_COUNT_BAND,Quant_Metric
Q1476710,3_employee_count,EMPLOYEE_COUNT_BAND,Quant_Metric
Q9253957,1_employee_count,EMPLOYEE_COUNT_BAND,Quant_Metric
Q168833,9_employee_count,EMPLOYEE_COUNT_BAND,Quant_Metric
Q1465005,3_employee_count,EMPLOYEE_COUNT_BAND,Quant_Metric
Q11694239,1_employee_count,EMPLOYEE_COUNT_BAND,Quant_Metric
Q673670,2_employee_count,EMPLOYEE_COUNT_BAND,Quant_Metric
Q249591,8_employee_count,EMPLOYEE_COUNT_BAND,Quant_Metric
Q9345945,1_employee_count,EMPLOYEE_COUNT_BAND,Quant_Metric
Q590406,1_employee_count,EMPLOYEE_COUNT_BAND,Quant_Metric
Q1807170,1_employee_count,EMPLOYEE_COUNT_BAND,Quant_Metric
Q857182,4_employee_count,EMPLOYEE_COUNT_BAND,Quant_Metric
Q1341068,1_employee_count,EMPLOYEE_COUNT_BAND,Quant_Metric
Q3507748,3_profit,PROFIT_BAND,Quant_Metric
Q971649,9_profit,PROFIT_BAND,Quant_Metric
Q787714,2_profit,PROFIT_BAND,Quant_Metric
Q1476710,2_profit,PROFIT_BAND,Quant_Metric
Q9253957,1_profit,PROFIT_BAND,Quant_Metric
Q1256909,2_profit,PROFIT_BAND,Quant_Metric
Q11694239,6_profit,PROFIT_BAND,Quant_Metric
Q7098994,8_profit,PROFIT_BAND,Quant_Metric
Q673670,5_profit,PROFIT_BAND,Quant_Metric
Q1341068,1_profit,PROFIT_BAND,Quant_Metric
Q971649,9_assets,ASSETS_BAND,Quant_Metric
Q971649,9_equity,EQUITY_BAND,Quant_Metric
Q107660550,4_market_cap,MARKET_CAP_BAND,Quant_Metric
Q2691064,4_market_cap,MARKET_CAP_BAND,Quant_Metric
Q4855947,4_market_cap,MARKET_CAP_BAND,Quant_Metric
Q9347392,4_market_cap,MARKET_CAP_BAND,Quant_Metric
Q105037594,4_market_cap,MARKET_CAP_BAND,Quant_Metric
Q21809354,4_market_cap,MARKET_CAP_BAND,Quant_Metric
Q11757565,4_market_cap,MARKET_CAP_BAND,Quant_Metric
Q2115847,4_market_cap,MARKET_CAP_BAND,Quant_Metric
Q9361197,4_market_cap,MARKET_CAP_BAND,Quant_Metric
Q2589061,4_market_cap,MARKET_CAP_BAND,Quant_Metric
Q324614,4_market_cap,MARKET_CAP_BAND,Quant_Metric
Q60860593,4_market_cap,MARKET_CAP_BAND,Quant_Metric
Q1471879,4_market_cap,MARKET_CAP_BAND,Quant_Metric
Q3507748,4_market_cap,MARKET_CAP_BAND,Quant_Metric
Q11735522,4_market_cap,MARKET_CAP_BAND,Quant_Metric
Q110801396,4_market_cap,MARKET_CAP_BAND,Quant_Metric
Q522109,4_market_cap,MARKET_CAP_BAND,Quant_Metric
Q18426195,4_market_cap,MARKET_CAP_BAND,Quant_Metric
Q6100964,4_market_cap,MARKET_CAP_BAND,Quant_Metric
Q99324035,4_market_cap,MARKET_CAP_BAND,Quant_Metric
Q971649,4_market_cap,MARKET_CAP_BAND,Quant_Metric
Q1172164,4_market_cap,MARKET_CAP_BAND,Quant_Metric
Q101065199,4_market_cap,MARKET_CAP_BAND,Quant_Metric
Q48844636,4_market_cap,MARKET_CAP_BAND,Quant_Metric
Q138133,4_market_cap,MARKET_CAP_BAND,Quant_Metric
Q389526,4_market_cap,MARKET_CAP_BAND,Quant_Metric
Q113686383,4_market_cap,MARKET_CAP_BAND,Quant_Metric
Q93517084,4_market_cap,MARKET_CAP_BAND,Quant_Metric
Q11837058,4_market_cap,MARKET_CAP_BAND,Quant_Metric
Q9376325,4_market_cap,MARKET_CAP_BAND,Quant_Metric
Q110801045,4_market_cap,MARKET_CAP_BAND,Quant_Metric
Q56337814,4_market_cap,MARKET_CAP_BAND,Quant_Metric
Q495943,4_market_cap,MARKET_CAP_BAND,Quant_Metric
Q6658155,4_market_cap,MARKET_CAP_BAND,Quant_Metric
Q9164984,4_market_cap,MARKET_CAP_BAND,Quant_Metric
Q106918849,4_market_cap,MARKET_CAP_BAND,Quant_Metric
Q9356205,4_market_cap,MARKET_CAP_BAND,Quant_Metric
Q110573154,4_market_cap,MARKET_CAP_BAND,Quant_Metric
Q58014,4_market_cap,MARKET_CAP_BAND,Quant_Metric
Q2066242,4_market_cap,MARKET_CAP_BAND,Quant_Metric
Q11752350,4_market_cap,MARKET_CAP_BAND,Quant_Metric
Q112001186,4_market_cap,MARKET_CAP_BAND,Quant_Metric
Q787714,4_market_cap,MARKET_CAP_BAND,Quant_Metric
Q11821937,4_market_cap,MARKET_CAP_BAND,Quant_Metric
Q2264760,4_market_cap,MARKET_CAP_BAND,Quant_Metric
Q5734420,4_market_cap,MARKET_CAP_BAND,Quant_Metric
Q129110,4_market_cap,MARKET_CAP_BAND,Quant_Metric
Q13404090,4_market_cap,MARKET_CAP_BAND,Quant_Metric
Q100734718,4_market_cap,MARKET_CAP_BAND,Quant_Metric
Q9356175,4_market_cap,MARKET_CAP_BAND,Quant_Metric
Q677662,4_market_cap,MARKET_CAP_BAND,Quant_Metric
Q2397198,4_market_cap,MARKET_CAP_BAND,Quant_Metric
Q1476710,4_market_cap,MARKET_CAP_BAND,Quant_Metric
Q142095,4_market_cap,MARKET_CAP_BAND,Quant_Metric
Q7277895,4_market_cap,MARKET_CAP_BAND,Quant_Metric
Q113070760,4_market_cap,MARKET_CAP_BAND,Quant_Metric
Q9256201,4_market_cap,MARKET_CAP_BAND,Quant_Metric
Q741296,4_market_cap,MARKET_CAP_BAND,Quant_Metric
Q16525801,4_market_cap,MARKET_CAP_BAND,Quant_Metric
Q110801119,4_market_cap,MARKET_CAP_BAND,Quant_Metric
Q102424219,4_market_cap,MARKET_CAP_BAND,Quant_Metric
Q108821794,4_market_cap,MARKET_CAP_BAND,Quant_Metric
Q11762689,4_market_cap,MARKET_CAP_BAND,Quant_Metric
Q111017679,4_market_cap,MARKET_CAP_BAND,Quant_Metric
Q806653,4_market_cap,MARKET_CAP_BAND,Quant_Metric
Q11691326,4_market_cap,MARKET_CAP_BAND,Quant_Metric
Q51646356,4_market_cap,MARKET_CAP_BAND,Quant_Metric
Q52085723,4_market_cap,MARKET_CAP_BAND,Quant_Metric
Q9253957,4_market_cap,MARKET_CAP_BAND,Quant_Metric
Q2295606,4_market_cap,MARKET_CAP_BAND,Quant_Metric
Q41171373,4_market_cap,MARKET_CAP_BAND,Quant_Metric
Q62073490,4_market_cap,MARKET_CAP_BAND,Quant_Metric
Q1550912,4_market_cap,MARKET_CAP_BAND,Quant_Metric
Q1654997,4_market_cap,MARKET_CAP_BAND,Quant_Metric
Q101086301,4_market_cap,MARKET_CAP_BAND,Quant_Metric
Q597307,4_market_cap,MARKET_CAP_BAND,Quant_Metric
Q113093586,4_market_cap,MARKET_CAP_BAND,Quant_Metric
Q655104,4_market_cap,MARKET_CAP_BAND,Quant_Metric
Q20744004,4_market_cap,MARKET_CAP_BAND,Quant_Metric
Q9379181,4_market_cap,MARKET_CAP_BAND,Quant_Metric
Q109929481,4_market_cap,MARKET_CAP_BAND,Quant_Metric
Q21061309,4_market_cap,MARKET_CAP_BAND,Quant_Metric
Q6949407,4_market_cap,MARKET_CAP_BAND,Quant_Metric
Q31678377,4_market_cap,MARKET_CAP_BAND,Quant_Metric
Q105425091,4_market_cap,MARKET_CAP_BAND,Quant_Metric
Q16618278,4_market_cap,MARKET_CAP_BAND,Quant_Metric
Q18385671,4_market_cap,MARKET_CAP_BAND,Quant_Metric
Q108806144,4_market_cap,MARKET_CAP_BAND,Quant_Metric
Q110068296,4_market_cap,MARKET_CAP_BAND,Quant_Metric
Q56338245,4_market_cap,MARKET_CAP_BAND,Quant_Metric
Q2838157,4_market_cap,MARKET_CAP_BAND,Quant_Metric
Q9356024,4_market_cap,MARKET_CAP_BAND,Quant_Metric
Q72914288,4_market_cap,MARKET_CAP_BAND,Quant_Metric
Q9360044,4_market_cap,MARKET_CAP_BAND,Quant_Metric
Q9174325,4_market_cap,MARKET_CAP_BAND,Quant_Metric
Q115182955,4_market_cap,MARKET_CAP_BAND,Quant_Metric
Q9294078,4_market_cap,MARKET_CAP_BAND,Quant_Metric
Q1804769,4_market_cap,MARKET_CAP_BAND,Quant_Metric
Q655966,4_market_cap,MARKET_CAP_BAND,Quant_Metric
Q9386219,4_market_cap,MARKET_CAP_BAND,Quant_Metric
Q75018491,4_market_cap,MARKET_CAP_BAND,Quant_Metric
Q48853121,4_market_cap,MARKET_CAP_BAND,Quant_Metric
Q348402,4_market_cap,MARKET_CAP_BAND,Quant_Metric
Q168833,4_market_cap,MARKET_CAP_BAND,Quant_Metric
Q110801183,4_market_cap,MARKET_CAP_BAND,Quant_Metric
Q98399153,4_market_cap,MARKET_CAP_BAND,Quant_Metric
Q11785216,4_market_cap,MARKET_CAP_BAND,Quant_Metric
Q99167221,4_market_cap,MARKET_CAP_BAND,Quant_Metric
Q60860205,4_market_cap,MARKET_CAP_BAND,Quant_Metric
Q9171569,4_market_cap,MARKET_CAP_BAND,Quant_Metric
Q11811699,4_market_cap,MARKET_CAP_BAND,Quant_Metric
Q673632,4_market_cap,MARKET_CAP_BAND,Quant_Metric
Q16605125,4_market_cap,MARKET_CAP_BAND,Quant_Metric
Q2034617,4_market_cap,MARKET_CAP_BAND,Quant_Metric
Q107299031,4_market_cap,MARKET_CAP_BAND,Quant_Metric
Q108063491,4_market_cap,MARKET_CAP_BAND,Quant_Metric
Q62563833,4_market_cap,MARKET_CAP_BAND,Quant_Metric
Q9294202,4_market_cap,MARKET_CAP_BAND,Quant_Metric
Q2344102,4_market_cap,MARKET_CAP_BAND,Quant_Metric
Q2549114,4_market_cap,MARKET_CAP_BAND,Quant_Metric
Q7205598,4_market_cap,MARKET_CAP_BAND,Quant_Metric
Q109619982,4_market_cap,MARKET_CAP_BAND,Quant_Metric
Q7865474,4_market_cap,MARKET_CAP_BAND,Quant_Metric
Q91876198,4_market_cap,MARKET_CAP_BAND,Quant_Metric
Q56325139,4_market_cap,MARKET_CAP_BAND,Quant_Metric
Q9383695,4_market_cap,MARKET_CAP_BAND,Quant_Metric
Q1256909,4_market_cap,MARKET_CAP_BAND,Quant_Metric
Q16614254,4_market_cap,MARKET_CAP_BAND,Quant_Metric
Q16560452,4_market_cap,MARKET_CAP_BAND,Quant_Metric
Q9164980,4_market_cap,MARKET_CAP_BAND,Quant_Metric
Q1465005,4_market_cap,MARKET_CAP_BAND,Quant_Metric
Q1139703,4_market_cap,MARKET_CAP_BAND,Quant_Metric
Q98455928,4_market_cap,MARKET_CAP_BAND,Quant_Metric
Q1749435,4_market_cap,MARKET_CAP_BAND,Quant_Metric
Q11694239,4_market_cap,MARKET_CAP_BAND,Quant_Metric
Q4855958,4_market_cap,MARKET_CAP_BAND,Quant_Metric
Q103720734,4_market_cap,MARKET_CAP_BAND,Quant_Metric
Q113672892,4_market_cap,MARKET_CAP_BAND,Quant_Metric
Q52085298,4_market_cap,MARKET_CAP_BAND,Quant_Metric
Q110457879,4_market_cap,MARKET_CAP_BAND,Quant_Metric
Q110193428,4_market_cap,MARKET_CAP_BAND,Quant_Metric
Q6427874,4_market_cap,MARKET_CAP_BAND,Quant_Metric
Q11786409,4_market_cap,MARKET_CAP_BAND,Quant_Metric
Q114129506,4_market_cap,MARKET_CAP_BAND,Quant_Metric
Q86682773,4_market_cap,MARKET_CAP_BAND,Quant_Metric
Q12309283,4_market_cap,MARKET_CAP_BAND,Quant_Metric
Q204268,4_market_cap,MARKET_CAP_BAND,Quant_Metric
Q9343712,4_market_cap,MARKET_CAP_BAND,Quant_Metric
Q86679800,4_market_cap,MARKET_CAP_BAND,Quant_Metric
Q56056109,4_market_cap,MARKET_CAP_BAND,Quant_Metric
Q107410579,4_market_cap,MARKET_CAP_BAND,Quant_Metric
Q7098994,4_market_cap,MARKET_CAP_BAND,Quant_Metric
Q5529098,4_market_cap,MARKET_CAP_BAND,Quant_Metric
Q9257464,4_market_cap,MARKET_CAP_BAND,Quant_Metric
Q5420712,4_market_cap,MARKET_CAP_BAND,Quant_Metric
Q673670,4_market_cap,MARKET_CAP_BAND,Quant_Metric
Q109985801,4_market_cap,MARKET_CAP_BAND,Quant_Metric
Q11833154,4_market_cap,MARKET_CAP_BAND,Quant_Metric
Q189191,4_market_cap,MARKET_CAP_BAND,Quant_Metric
Q137503,4_market_cap,MARKET_CAP_BAND,Quant_Metric
Q601176,4_market_cap,MARKET_CAP_BAND,Quant_Metric
Q109732600,4_market_cap,MARKET_CAP_BAND,Quant_Metric
Q425956,4_market_cap,MARKET_CAP_BAND,Quant_Metric
Q13220217,4_market_cap,MARKET_CAP_BAND,Quant_Metric
Q109942429,4_market_cap,MARKET_CAP_BAND,Quant_Metric
Q9212032,4_market_cap,MARKET_CAP_BAND,Quant_Metric
Q11780311,4_market_cap,MARKET_CAP_BAND,Quant_Metric
Q48860749,4_market_cap,MARKET_CAP_BAND,Quant_Metric
Q11692586,4_market_cap,MARKET_CAP_BAND,Quant_Metric
Q11780251,4_market_cap,MARKET_CAP_BAND,Quant_Metric
Q1144802,4_market_cap,MARKET_CAP_BAND,Quant_Metric
Q20354074,4_market_cap,MARKET_CAP_BAND,Quant_Metric
Q30407987,4_market_cap,MARKET_CAP_BAND,Quant_Metric
Q33326238,4_market_cap,MARKET_CAP_BAND,Quant_Metric
Q100452287,4_market_cap,MARKET_CAP_BAND,Quant_Metric
Q104747119,4_market_cap,MARKET_CAP_BAND,Quant_Metric
Q110738319,4_market_cap,MARKET_CAP_BAND,Quant_Metric
Q30909211,4_market_cap,MARKET_CAP_BAND,Quant_Metric
Q11832868,4_market_cap,MARKET_CAP_BAND,Quant_Metric
Q1410383,4_market_cap,MARKET_CAP_BAND,Quant_Metric
Q4921546,4_market_cap,MARKET_CAP_BAND,Quant_Metric
Q11974290,4_market_cap,MARKET_CAP_BAND,Quant_Metric
Q9366819,4_market_cap,MARKET_CAP_BAND,Quant_Metric
Q82737848,4_market_cap,MARKET_CAP_BAND,Quant_Metric
Q249591,4_market_cap,MARKET_CAP_BAND,Quant_Metric
Q62297700,4_market_cap,MARKET_CAP_BAND,Quant_Metric
Q110952328,4_market_cap,MARKET_CAP_BAND,Quant_Metric
Q107410616,4_market_cap,MARKET_CAP_BAND,Quant_Metric
Q11683985,4_market_cap,MARKET_CAP_BAND,Quant_Metric
Q97969110,4_market_cap,MARKET_CAP_BAND,Quant_Metric
Q110038772,4_market_cap,MARKET_CAP_BAND,Quant_Metric
Q11815580,4_market_cap,MARKET_CAP_BAND,Quant_Metric
Q847966,4_market_cap,MARKET_CAP_BAND,Quant_Metric
Q93982889,4_market_cap,MARKET_CAP_BAND,Quant_Metric
Q11788344,4_market_cap,MARKET_CAP_BAND,Quant_Metric
Q1752712,4_market_cap,MARKET_CAP_BAND,Quant_Metric
Q11686561,4_market_cap,MARKET_CAP_BAND,Quant_Metric
Q315658,4_market_cap,MARKET_CAP_BAND,Quant_Metric
Q11826043,4_market_cap,MARKET_CAP_BAND,Quant_Metric
Q2164678,4_market_cap,MARKET_CAP_BAND,Quant_Metric
Q3578303,4_market_cap,MARKET_CAP_BAND,Quant_Metric
Q102291992,4_market_cap,MARKET_CAP_BAND,Quant_Metric
Q21245163,4_market_cap,MARKET_CAP_BAND,Quant_Metric
Q9195224,4_market_cap,MARKET_CAP_BAND,Quant_Metric
Q111308042,4_market_cap,MARKET_CAP_BAND,Quant_Metric
Q16616750,4_market_cap,MARKET_CAP_BAND,Quant_Metric
Q110594816,4_market_cap,MARKET_CAP_BAND,Quant_Metric
Q11755396,4_market_cap,MARKET_CAP_BAND,Quant_Metric
Q7999846,4_market_cap,MARKET_CAP_BAND,Quant_Metric
Q16971795,4_market_cap,MARKET_CAP_BAND,Quant_Metric
Q9345945,4_market_cap,MARKET_CAP_BAND,Quant_Metric
Q5705879,4_market_cap,MARKET_CAP_BAND,Quant_Metric
Q60169569,4_market_cap,MARKET_CAP_BAND,Quant_Metric
Q28673883,4_market_cap,MARKET_CAP_BAND,Quant_Metric
Q9325974,4_market_cap,MARKET_CAP_BAND,Quant_Metric
Q3045978,4_market_cap,MARKET_CAP_BAND,Quant_Metric
Q590406,4_market_cap,MARKET_CAP_BAND,Quant_Metric
Q9251859,4_market_cap,MARKET_CAP_BAND,Quant_Metric
Q11780318,4_market_cap,MARKET_CAP_BAND,Quant_Metric
Q3847868,4_market_cap,MARKET_CAP_BAND,Quant_Metric
Q68574562,4_market_cap,MARKET_CAP_BAND,Quant_Metric
Q113469395,4_market_cap,MARKET_CAP_BAND,Quant_Metric
Q1807170,4_market_cap,MARKET_CAP_BAND,Quant_Metric
Q9267646,4_market_cap,MARKET_CAP_BAND,Quant_Metric
Q71817207,4_market_cap,MARKET_CAP_BAND,Quant_Metric
Q11801865,4_market_cap,MARKET_CAP_BAND,Quant_Metric
Q9387122,4_market_cap,MARKET_CAP_BAND,Quant_Metric
Q98455993,4_market_cap,MARKET_CAP_BAND,Quant_Metric
Q5147001,4_market_cap,MARKET_CAP_BAND,Quant_Metric
Q16612870,4_market_cap,MARKET_CAP_BAND,Quant_Metric
Q54822246,4_market_cap,MARKET_CAP_BAND,Quant_Metric
Q86661255,4_market_cap,MARKET_CAP_BAND,Quant_Metric
Q693200,4_market_cap,MARKET_CAP_BAND,Quant_Metric
Q7708592,4_market_cap,MARKET_CAP_BAND,Quant_Metric
Q104129929,4_market_cap,MARKET_CAP_BAND,Quant_Metric
Q857182,4_market_cap,MARKET_CAP_BAND,Quant_Metric
Q11780300,4_market_cap,MARKET_CAP_BAND,Quant_Metric
Q9378123,4_market_cap,MARKET_CAP_BAND,Quant_Metric
Q11780275,4_market_cap,MARKET_CAP_BAND,Quant_Metric
Q681,4_market_cap,MARKET_CAP_BAND,Quant_Metric
Q9148395,4_market_cap,MARKET_CAP_BAND,Quant_Metric
Q11710978,4_market_cap,MARKET_CAP_BAND,Quant_Metric
Q104643381,4_market_cap,MARKET_CAP_BAND,Quant_Metric
Q4781165,4_market_cap,MARKET_CAP_BAND,Quant_Metric
Q107529719,4_market_cap,MARKET_CAP_BAND,Quant_Metric
Q107378372,4_market_cap,MARKET_CAP_BAND,Quant_Metric
Q114345712,4_market_cap,MARKET_CAP_BAND,Quant_Metric
Q6148831,4_market_cap,MARKET_CAP_BAND,Quant_Metric
Q776749,4_market_cap,MARKET_CAP_BAND,Quant_Metric
Q104616329,4_market_cap,MARKET_CAP_BAND,Quant_Metric
Q11699009,4_market_cap,MARKET_CAP_BAND,Quant_Metric
Q110400563,4_market_cap,MARKET_CAP_BAND,Quant_Metric
Q108857903,4_market_cap,MARKET_CAP_BAND,Quant_Metric
Q9387123,4_market_cap,MARKET_CAP_BAND,Quant_Metric
Q11766161,4_market_cap,MARKET_CAP_BAND,Quant_Metric
Q1341068,4_market_cap,MARKET_CAP_BAND,Quant_Metric
Q4034832,4_market_cap,MARKET_CAP_BAND,Quant_Metric
Q93070134,4_market_cap,MARKET_CAP_BAND,Quant_Metric
Q1737513,4_market_cap,MARKET_CAP_BAND,Quant_Metric
Q2838156,4_market_cap,MARKET_CAP_BAND,Quant_Metric
Q7119525,4_market_cap,MARKET_CAP_BAND,Quant_Metric
Q108060892,4_market_cap,MARKET_CAP_BAND,Quant_Metric
Q113505176,4_market_cap,MARKET_CAP_BAND,Quant_Metric
Q11790622,4_market_cap,MARKET_CAP_BAND,Quant_Metric
Q109532985,4_market_cap,MARKET_CAP_BAND,Quant_Metric
Q11741120,4_market_cap,MARKET_CAP_BAND,Quant_Metric
Q115007305,4_market_cap,MARKET_CAP_BAND,Quant_Metric
Q90583485,4_market_cap,MARKET_CAP_BAND,Quant_Metric
Q109587952,4_market_cap,MARKET_CAP_BAND,Quant_Metric
Q87434991,4_market_cap,MARKET_CAP_BAND,Quant_Metric
Q9165001,4_market_cap,MARKET_CAP_BAND,Quant_Metric
Q19401271,4_market_cap,MARKET_CAP_BAND,Quant_Metric
Q9387124,4_market_cap,MARKET_CAP_BAND,Quant_Metric
Q18609984,4_market_cap,MARKET_CAP_BAND,Quant_Metric
Q3551420,4_market_cap,MARKET_CAP_BAND,Quant_Metric
Q4707862,4_market_cap,MARKET_CAP_BAND,Quant_Metric
Q3888048,4_market_cap,MARKET_CAP_BAND,Quant_Metric
Q1630911,4_market_cap,MARKET_CAP_BAND,Quant_Metric
Q106495389,4_market_cap,MARKET_CAP_BAND,Quant_Metric
Q9352533,4_market_cap,MARKET_CAP_BAND,Quant_Metric
Q18649951,4_market_cap,MARKET_CAP_BAND,Quant_Metric
Q48862619,4_market_cap,MARKET_CAP_BAND,Quant_Metric
Q76724214,4_market_cap,MARKET_CAP_BAND,Quant_Metric
Q7202998,4_market_cap,MARKET_CAP_BAND,Quant_Metric
Q60240487,4_market_cap,MARKET_CAP_BAND,Quant_Metric
Q9386230,4_market_cap,MARKET_CAP_BAND,Quant_Metric
Q63832005,4_market_cap,MARKET_CAP_BAND,Quant_Metric
Q109828151,4_market_cap,MARKET_CAP_BAND,Quant_Metric
Q1758009,4_market_cap,MARKET_CAP_BAND,Quant_Metric
Q7933970,4_market_cap,MARKET_CAP_BAND,Quant_Metric
Q578832,4_market_cap,MARKET_CAP_BAND,Quant_Metric
Q1484980,4_market_cap,MARKET_CAP_BAND,Quant_Metric
Q4051069,4_market_cap,MARKET_CAP_BAND,Quant_Metric
Q112158349,4_market_cap,MARKET_CAP_BAND,Quant_Metric
Q9370881,4_market_cap,MARKET_CAP_BAND,Quant_Metric
Q4059233,4_market_cap,MARKET_CAP_BAND,Quant_Metric
Q112001195,4_market_cap,MARKET_CAP_BAND,Quant_Metric
Q27104038,4_market_cap,MARKET_CAP_BAND,Quant_Metric
Q11697493,4_market_cap,MARKET_CAP_BAND,Quant_Metric
Q3606691,4_market_cap,MARKET_CAP_BAND,Quant_Metric
Q109682965,4_market_cap,MARKET_CAP_BAND,Quant_Metric
Q104786277,4_market_cap,MARKET_CAP_BAND,Quant_Metric
Q1260314,4_market_cap,MARKET_CAP_BAND,Quant_Metric
Q9380870,4_market_cap,MARKET_CAP_BAND,Quant_Metric
Q470784,4_market_cap,MARKET_CAP_BAND,Quant_Metric
Q108910285,4_market_cap,MARKET_CAP_BAND,Quant_Metric
Q11742085,4_market_cap,MARKET_CAP_BAND,Quant_Metric
Q109323856,4_market_cap,MARKET_CAP_BAND,Quant_Metric
Q2364321,4_market_cap,MARKET_CAP_BAND,Quant_Metric
Q2333801,4_market_cap,MARKET_CAP_BAND,Quant_Metric
Q106864235,4_market_cap,MARKET_CAP_BAND,Quant_Metric
Q106432292,4_market_cap,MARKET_CAP_BAND,Quant_Metric
Q64433260,4_market_cap,MARKET_CAP_BAND,Quant_Metric
Q18431946,4_market_cap,MARKET_CAP_BAND,Quant_Metric
Q20034845,4_market_cap,MARKET_CAP_BAND,Quant_Metric
Q1613719,4_market_cap,MARKET_CAP_BAND,Quant_Metric
Q9325152,4_market_cap,MARKET_CAP_BAND,Quant_Metric
Q806642,4_market_cap,MARKET_CAP_BAND,Quant_Metric
Q9347395,4_market_cap,MARKET_CAP_BAND,Quant_Metric
Q62054190,4_market_cap,MARKET_CAP_BAND,Quant_Metric
Q55758642,4_market_cap,MARKET_CAP_BAND,Quant_Metric
Q106617510,4_market_cap,MARKET_CAP_BAND,Quant_Metric
Q11780295,4_market_cap,MARKET_CAP_BAND,Quant_Metric
Q11693824,4_market_cap,MARKET_CAP_BAND,Quant_Metric
Q74019694,4_market_cap,MARKET_CAP_BAND,Quant_Metric
Q113137735,4_market_cap,MARKET_CAP_BAND,Quant_Metric
Q9347262,4_market_cap,MARKET_CAP_BAND,Quant_Metric
Q3198646,4_market_cap,MARKET_CAP_BAND,Quant_Metric
Q58886464,4_market_cap,MARKET_CAP_BAND,Quant_Metric
Q11780266,4_market_cap,MARKET_CAP_BAND,Quant_Metric
Q2096356,4_market_cap,MARKET_CAP_BAND,Quant_Metric
Q2033727,4_market_cap,MARKET_CAP_BAND,Quant_Metric
Q109381699,4_market_cap,MARKET_CAP_BAND,Quant_Metric
Q106436003,4_market_cap,MARKET_CAP_BAND,Quant_Metric
Q9303218,4_market_cap,MARKET_CAP_BAND,Quant_Metric
Q9142801,4_market_cap,MARKET_CAP_BAND,Quant_Metric
Q111907295,4_market_cap,MARKET_CAP_BAND,Quant_Metric
Q4806100,4_market_cap,MARKET_CAP_BAND,Quant_Metric
Q86661244,4_market_cap,MARKET_CAP_BAND,Quant_Metric
Q7259612,4_market_cap,MARKET_CAP_BAND,Quant_Metric
Q1160928,4_market_cap,MARKET_CAP_BAND,Quant_Metric
Q30915392,4_market_cap,MARKET_CAP_BAND,Quant_Metric
