company_id,val_id,edge_typ,node_typ
Q105960982,Q126793,INDUSTRY,Industry
Q757307,Q880371,INDUSTRY,Industry
Q17103499,Q870895,INDUSTRY,Industry
Q2998907,Q126793,INDUSTRY,Industry
Q115203761,Q121359,INDUSTRY,Industry
Q41550,Q112166212,INDUSTRY,Industry
Q64326907,Q37929123,INDUSTRY,Industry
Q64326907, Q2140665,INDUSTRY,Industry
Q64326907, Q1139861,INDUSTRY,Industry
Q64326907, Q126793,INDUSTRY,Industry
Q64326907, Q81799,INDUSTRY,Industry
Q4997829,Q126793,INDUSTRY,Industry
Q41171672,Q126793,INDUSTRY,Industry
Q17008691,Q12752882,INDUSTRY,Industry
Q20648697,Q1945600,INDUSTRY,Industry
Q3125951,Q941594,INDUSTRY,Industry
Q108044091,Q868410,INDUSTRY,Industry
Q108044091, Q638608,INDUSTRY,Industry
Q108044091, Q11016,INDUSTRY,Industry
Q108044091, Q7397,INDUSTRY,Industry
Q5666678,Q41958,INDUSTRY,Industry
Q16952468,Q190117,INDUSTRY,Industry
Q82813727,Q171141,INDUSTRY,Industry
Q18754892,Q9323634,INDUSTRY,Industry
Q105432293,Q2151621,INDUSTRY,Industry
Q5196153,Q1416657,INDUSTRY,Industry
Q108329069,Q941594,INDUSTRY,Industry
Q7691250,Q22687,INDUSTRY,Industry
Q683146,Q3972943,INDUSTRY,Industry
Q10931299,Q178512,INDUSTRY,Industry
Q64329386,Q2822895,INDUSTRY,Industry
Q18636397,Q126793,INDUSTRY,Industry
Q56273715,Q11828862,INDUSTRY,Industry
Q56273715, Q1065579,INDUSTRY,Industry
Q4978794,Q126793,INDUSTRY,Industry
Q5629090,Q334911,INDUSTRY,Industry
Q63367608,Q126793,INDUSTRY,Industry
Q6167713,Q126793,INDUSTRY,Industry
Q105906945,Q81799,INDUSTRY,Industry
Q376466,Q171141,INDUSTRY,Industry
Q4836848,Q126793,INDUSTRY,Industry
Q138736,Q2143354,INDUSTRY,Industry
Q85845553,Q15067276,INDUSTRY,Industry
Q85845553, Q12752882,INDUSTRY,Industry
Q1110323,Q126793,INDUSTRY,Industry
Q106689581,Q837171,INDUSTRY,Industry
Q112617667,Q11828862,INDUSTRY,Industry
Q2783191,Q2234623,INDUSTRY,Industry
Q1888156,Q126793,INDUSTRY,Industry
Q17047856,Q2151621,INDUSTRY,Industry
Q699142,Q540912,INDUSTRY,Industry
Q285328,Q1416657,INDUSTRY,Industry
Q285328, Q837171,INDUSTRY,Industry
Q285328, Q806718,INDUSTRY,Industry
Q56473863,Q37843228,INDUSTRY,Industry
Q185651,Q1660132,INDUSTRY,Industry
Q185651, Q695829,INDUSTRY,Industry
Q96041372,Q49836,INDUSTRY,Industry
Q101251390,Q21157865,INDUSTRY,Industry
Q101251390, Q880371,INDUSTRY,Industry
Q101251390, Q11661,INDUSTRY,Industry
Q7836817,Q213376,INDUSTRY,Industry
Q55632847,Q177777,INDUSTRY,Industry
Q18378048,Q1618728,INDUSTRY,Industry
Q18378048, Q695829,INDUSTRY,Industry
Q111132753,Q941594,INDUSTRY,Industry
Q5214075,Q126793,INDUSTRY,Industry
Q721162,Q56598901,INDUSTRY,Industry
Q721162, Q25245117,INDUSTRY,Industry
Q109694403,Q7397,INDUSTRY,Industry
Q25349740,Q3510521,INDUSTRY,Industry
Q3249145,Q126793,INDUSTRY,Industry
Q108280445,Q2142888,INDUSTRY,Industry
Q113650563,Q1323528,INDUSTRY,Industry
Q113650563, Q39809,INDUSTRY,Industry
Q908265,Q7108,INDUSTRY,Industry
Q18359036,Q22687,INDUSTRY,Industry
Q1430985,Q1416657,INDUSTRY,Industry
Q1430985, Q837171,INDUSTRY,Industry
Q1430985, Q806718,INDUSTRY,Industry
Q460307,Q207822,INDUSTRY,Industry
Q26205756,Q5358497,INDUSTRY,Industry
Q106734137,Q64576680,INDUSTRY,Industry
Q5376876,Q2151621,INDUSTRY,Industry
Q5175717,Q607081,INDUSTRY,Industry
Q5175717, Q126793,INDUSTRY,Industry
Q19589776,Q81799,INDUSTRY,Industry
Q943097,Q1416657,INDUSTRY,Industry
Q943097, Q837171,INDUSTRY,Industry
Q98599338,Q56598901,INDUSTRY,Industry
Q98599338, Q25245117,INDUSTRY,Industry
Q865038,Q56598901,INDUSTRY,Industry
Q865038, Q25245117,INDUSTRY,Industry
Q108254137,Q941594,INDUSTRY,Industry
Q2567594,Q126793,INDUSTRY,Industry
Q28448211,Q2729047,INDUSTRY,Industry
Q2982390,Q1311064,INDUSTRY,Industry
Q108536518,Q941594,INDUSTRY,Industry
Q108278820,Q2142888,INDUSTRY,Industry
Q16252604,Q11371,INDUSTRY,Industry
Q110243886,Q484847,INDUSTRY,Industry
Q21178908,Q401404,INDUSTRY,Industry
Q99399262,Q64576680,INDUSTRY,Industry
Q16837842,Q837171,INDUSTRY,Industry
Q4856151,Q1416657,INDUSTRY,Industry
Q4856151, Q837171,INDUSTRY,Industry
Q4856151, Q806718,INDUSTRY,Industry
Q343225,Q21328659,INDUSTRY,Industry
Q343225, Q12103756,INDUSTRY,Industry
Q343225, Q844861,INDUSTRY,Industry
Q5574624,Q847201,INDUSTRY,Industry
Q1606050,Q837171,INDUSTRY,Industry
Q109807592,Q126793,INDUSTRY,Industry
Q55594454,Q25866325,INDUSTRY,Industry
Q55594454, Q171141,INDUSTRY,Industry
Q55594454, Q131734,INDUSTRY,Industry
Q3128675,Q5915560,INDUSTRY,Industry
Q51955248,Q941594,INDUSTRY,Industry
Q1640187,Q2356921,INDUSTRY,Industry
Q1640187, Q844861,INDUSTRY,Industry
Q1640187, Q383973,INDUSTRY,Industry
Q1640187, Q200928,INDUSTRY,Industry
Q1142936,Q49845,INDUSTRY,Industry
Q7165483,Q837171,INDUSTRY,Industry
Q50977065,Q4236462,INDUSTRY,Industry
Q50977065, Q211841,INDUSTRY,Industry
Q50977065, Q8486,INDUSTRY,Industry
Q6952833,Q25245117,INDUSTRY,Industry
Q4906646,Q126793,INDUSTRY,Industry
Q4849261,Q126793,INDUSTRY,Industry
Q63367814,Q126793,INDUSTRY,Industry
Q5738690,Q1416657,INDUSTRY,Industry
Q5738690, Q837171,INDUSTRY,Industry
Q5738690, Q806718,INDUSTRY,Industry
Q7930631,Q567053,INDUSTRY,Industry
Q780696,Q474200,INDUSTRY,Industry
Q17030137,Q4986607,INDUSTRY,Industry
Q17030137, Q811501,INDUSTRY,Industry
Q17030137, Q385378,INDUSTRY,Industry
Q17030137, Q150737,INDUSTRY,Industry
Q17030137, Q77590,INDUSTRY,Industry
Q52783736,Q190117,INDUSTRY,Industry
Q22906320,Q418,INDUSTRY,Industry
Q7978791,Q49389,INDUSTRY,Industry
Q5273391,Q126793,INDUSTRY,Industry
Q5376841,Q844861,INDUSTRY,Industry
Q7600946,Q177777,INDUSTRY,Industry
Q7833620,Q112046,INDUSTRY,Industry
Q3310113,Q126793,INDUSTRY,Industry
Q17056430,Q484847,INDUSTRY,Industry
Q65090427,Q11033,INDUSTRY,Industry
Q2445401,Q941594,INDUSTRY,Industry
Q108280420,Q2142888,INDUSTRY,Industry
Q5465579,Q126793,INDUSTRY,Industry
Q847931,Q2151621,INDUSTRY,Industry
Q56395437,Q49389,INDUSTRY,Industry
Q7236677,Q844861,INDUSTRY,Industry
Q57430021,Q25245117,INDUSTRY,Industry
Q57430021, Q5358497,INDUSTRY,Industry
Q57430021, Q880371,INDUSTRY,Industry
Q57430021, Q11661,INDUSTRY,Industry
Q56064089,Q44497,INDUSTRY,Industry
Q19589766,Q81799,INDUSTRY,Industry
Q108915495,Q941594,INDUSTRY,Industry
Q18166493,Q844861,INDUSTRY,Industry
Q18166493, Q200928,INDUSTRY,Industry
Q17048773,Q3550859,INDUSTRY,Industry
Q18636699,Q126793,INDUSTRY,Industry
Q22908178,Q11661,INDUSTRY,Industry
Q66439798,Q941594,INDUSTRY,Industry
Q108865044,Q837171,INDUSTRY,Industry
Q108865044, Q4290,INDUSTRY,Industry
Q109794495,Q941594,INDUSTRY,Industry
Q55639119,Q16319025,INDUSTRY,Industry
Q2915254,Q607081,INDUSTRY,Industry
Q60755633,Q2729047,INDUSTRY,Industry
Q1075994,Q11033,INDUSTRY,Industry
Q100760429,Q941594,INDUSTRY,Industry
Q6708384,Q44497,INDUSTRY,Industry
Q625713,Q1945600,INDUSTRY,Industry
Q625713, Q1924906,INDUSTRY,Industry
Q625713, Q44497,INDUSTRY,Industry
Q5579275,Q41958,INDUSTRY,Industry
Q63367906,Q126793,INDUSTRY,Industry
Q28220211,Q418,INDUSTRY,Industry
Q17053453,Q187939,INDUSTRY,Industry
Q105431916,Q2151621,INDUSTRY,Industry
Q6421682,Q126793,INDUSTRY,Industry
Q48782120,Q126793,INDUSTRY,Industry
Q18636431,Q11707,INDUSTRY,Industry
Q105904686,Q126793,INDUSTRY,Industry
Q4040441,Q126793,INDUSTRY,Industry
Q18164664,Q185925,INDUSTRY,Industry
Q4688560,Q131207,INDUSTRY,Industry
Q1665336,Q2143354,INDUSTRY,Industry
Q70794867,Q7171563,INDUSTRY,Industry
Q176712,Q837171,INDUSTRY,Industry
Q7392701,Q112046,INDUSTRY,Industry
Q56872873,Q941594,INDUSTRY,Industry
Q18162112,Q126793,INDUSTRY,Industry
Q32860618,Q941594,INDUSTRY,Industry
Q4997484,Q147538,INDUSTRY,Industry
Q1438957,Q44497,INDUSTRY,Industry
Q100605707,Q2151621,INDUSTRY,Industry
Q16920933,Q126793,INDUSTRY,Industry
Q4941440,Q11460,INDUSTRY,Industry
Q17039356,Q837171,INDUSTRY,Industry
Q7685854,Q126793,INDUSTRY,Industry
Q19589778,Q11707,INDUSTRY,Industry
Q4824547,Q806718,INDUSTRY,Industry
Q104713255,Q1494322,INDUSTRY,Industry
Q547341,Q1415395,INDUSTRY,Industry
Q7388435,Q11828862,INDUSTRY,Industry
Q7388435, Q607081,INDUSTRY,Industry
Q7388435, Q126793,INDUSTRY,Industry
Q17957,Q3972943,INDUSTRY,Industry
Q26205367,Q49389,INDUSTRY,Industry
Q3817132,Q941594,INDUSTRY,Industry
Q6177098,Q466707,INDUSTRY,Industry
Q111591434,Q941594,INDUSTRY,Industry
Q73822167,Q48779726,INDUSTRY,Industry
Q6316068,Q126793,INDUSTRY,Industry
Q105392197,Q941594,INDUSTRY,Industry
Q4896542,Q126793,INDUSTRY,Industry
Q55696290,Q25245117,INDUSTRY,Industry
Q83988050,Q39809,INDUSTRY,Industry
Q4959217,Q41958,INDUSTRY,Industry
Q8034908,Q11396960,INDUSTRY,Industry
Q6939252,Q187939,INDUSTRY,Industry
Q5154660,Q22687,INDUSTRY,Industry
Q200687,Q7406919,INDUSTRY,Industry
Q7939276,Q418,INDUSTRY,Industry
Q7671152,Q25245117,INDUSTRY,Industry
Q714641,Q1416657,INDUSTRY,Industry
Q714641, Q837171,INDUSTRY,Industry
Q714641, Q806718,INDUSTRY,Industry
Q7336696,Q126793,INDUSTRY,Industry
Q908144,Q778575,INDUSTRY,Industry
Q4943790,Q56598901,INDUSTRY,Industry
Q4943790, Q25245117,INDUSTRY,Industry
Q28864757,Q190117,INDUSTRY,Industry
Q33252867,Q941594,INDUSTRY,Industry
Q1816526,Q173799,INDUSTRY,Industry
Q111372942,Q746359,INDUSTRY,Industry
Q836945,Q1945600,INDUSTRY,Industry
Q295862,Q837171,INDUSTRY,Industry
Q10387761,Q638,INDUSTRY,Industry
Q288778,Q18449863,INDUSTRY,Industry
Q5664888,Q126793,INDUSTRY,Industry
Q111812586,Q941594,INDUSTRY,Industry
Q4943789,Q41958,INDUSTRY,Industry
Q7457362,Q11030,INDUSTRY,Industry
Q4914136,Q126793,INDUSTRY,Industry
Q31287807,Q941594,INDUSTRY,Industry
Q87940280,Q1285245,INDUSTRY,Industry
Q87940280, Q27686,INDUSTRY,Industry
Q29476140,Q484847,INDUSTRY,Industry
Q5235753,Q126793,INDUSTRY,Industry
Q7079486,Q126793,INDUSTRY,Industry
Q64328922,Q121359,INDUSTRY,Industry
Q64328922, Q12705,INDUSTRY,Industry
Q7306270,Q291240,INDUSTRY,Industry
Q732670,Q837171,INDUSTRY,Industry
Q56679137,Q941594,INDUSTRY,Industry
Q4856173,Q1416657,INDUSTRY,Industry
Q4856173, Q837171,INDUSTRY,Industry
Q4856173, Q806718,INDUSTRY,Industry
Q111081969,Q21328659,INDUSTRY,Industry
Q111081969, Q12103756,INDUSTRY,Industry
Q111081969, Q844861,INDUSTRY,Industry
Q295261,Q57774188,INDUSTRY,Industry
Q295261, Q1063076,INDUSTRY,Industry
Q295261, Q806718,INDUSTRY,Industry
Q295261, Q43183,INDUSTRY,Industry
Q781365,Q11033,INDUSTRY,Industry
Q57473164,Q941594,INDUSTRY,Industry
Q5322604,Q126793,INDUSTRY,Industry
Q106224590,Q126793,INDUSTRY,Industry
Q6058627,Q49389,INDUSTRY,Industry
Q4893510,Q941594,INDUSTRY,Industry
Q4856817,Q1416657,INDUSTRY,Industry
Q4856817, Q837171,INDUSTRY,Industry
Q4856817, Q806718,INDUSTRY,Industry
Q1546185,Q7590,INDUSTRY,Industry
Q104721339,Q1520439,INDUSTRY,Industry
Q104721339, Q1403389,INDUSTRY,Industry
Q63367667,Q126793,INDUSTRY,Industry
Q109984648,Q2151621,INDUSTRY,Industry
Q7924717,Q7590,INDUSTRY,Industry
Q5445924,Q841645,INDUSTRY,Industry
Q7645153,Q12684,INDUSTRY,Industry
Q6978710,Q837171,INDUSTRY,Industry
Q19579890,Q61054412,INDUSTRY,Industry
Q28183324,Q274393,INDUSTRY,Industry
Q7982571,Q41958,INDUSTRY,Industry
Q5876920,Q11707,INDUSTRY,Industry
Q5296921,Q11707,INDUSTRY,Industry
Q6720425,Q11661,INDUSTRY,Industry
Q7579966,Q11828862,INDUSTRY,Industry
Q7579966, Q607081,INDUSTRY,Industry
Q7579966, Q126793,INDUSTRY,Industry
Q4596269,Q126793,INDUSTRY,Industry
Q4748528,Q862571,INDUSTRY,Industry
Q66191011,Q11828862,INDUSTRY,Industry
Q66191011, Q607081,INDUSTRY,Industry
Q66191011, Q126793,INDUSTRY,Industry
Q7197417,Q126793,INDUSTRY,Industry
Q7017454,Q1416657,INDUSTRY,Industry
Q22906565,Q1548025,INDUSTRY,Industry
Q29281,Q190117,INDUSTRY,Industry
Q108874194,Q941594,INDUSTRY,Industry
Q7418330,Q126793,INDUSTRY,Industry
Q106234391,Q2151621,INDUSTRY,Industry
Q58898260,Q11661,INDUSTRY,Industry
Q21031539,Q44497,INDUSTRY,Industry
Q17021875,Q11707,INDUSTRY,Industry
Q4412342,Q81799,INDUSTRY,Industry
Q108396892,Q49389,INDUSTRY,Industry
Q108444709,Q941594,INDUSTRY,Industry
Q96016136,Q2140665,INDUSTRY,Industry
Q96016136, Q1520439,INDUSTRY,Industry
Q96016136, Q121359,INDUSTRY,Industry
Q19874631,Q56611700,INDUSTRY,Industry
Q19874631, Q880371,INDUSTRY,Industry
Q19874631, Q837171,INDUSTRY,Industry
Q15995209,Q418,INDUSTRY,Industry
Q739558,Q5358497,INDUSTRY,Industry
Q7686519,Q126793,INDUSTRY,Industry
Q7271738,Q723685,INDUSTRY,Industry
Q780477,Q126793,INDUSTRY,Industry
Q7039137,Q941594,INDUSTRY,Industry
Q72772310,Q941594,INDUSTRY,Industry
Q104720777,Q23671509,INDUSTRY,Industry
Q104720777, Q2089936,INDUSTRY,Industry
Q28135184,Q837171,INDUSTRY,Industry
Q4859570,Q126793,INDUSTRY,Industry
Q2031726,Q1416657,INDUSTRY,Industry
Q2031726, Q837171,INDUSTRY,Industry
Q2031726, Q806718,INDUSTRY,Industry
Q18166370,Q11707,INDUSTRY,Industry
Q83728,Q192283,INDUSTRY,Industry
Q95596878,Q1068473,INDUSTRY,Industry
Q7752057,Q969040,INDUSTRY,Industry
Q105710085,Q941594,INDUSTRY,Industry
Q112649453,Q3751111,INDUSTRY,Industry
Q5665029,Q126793,INDUSTRY,Industry
Q862718,Q126793,INDUSTRY,Industry
Q105612281,Q941594,INDUSTRY,Industry
Q6166759,Q126793,INDUSTRY,Industry
Q18164803,Q187939,INDUSTRY,Industry
Q18164803, Q126793,INDUSTRY,Industry
Q1108172,Q126793,INDUSTRY,Industry
Q7643119,Q126793,INDUSTRY,Industry
Q1066620,Q5358497,INDUSTRY,Industry
Q1066620, Q880371,INDUSTRY,Industry
Q2283837,Q126793,INDUSTRY,Industry
Q17005474,Q126793,INDUSTRY,Industry
Q63367543,Q126793,INDUSTRY,Industry
Q5973461,Q7397,INDUSTRY,Industry
Q6715540,Q4856332,INDUSTRY,Industry
Q102863175,Q56883008,INDUSTRY,Industry
Q5096274,Q171141,INDUSTRY,Industry
Q3339152,Q11033,INDUSTRY,Industry
Q61930516,Q48767813,INDUSTRY,Industry
Q61930516, Q37929123,INDUSTRY,Industry
Q61930516, Q2151621,INDUSTRY,Industry
Q61930516, Q1483757,INDUSTRY,Industry
Q61930516, Q126793,INDUSTRY,Industry
Q7726599,Q11707,INDUSTRY,Industry
Q5014668,Q22687,INDUSTRY,Industry
Q6693996,Q126793,INDUSTRY,Industry
Q4897236,Q14864997,INDUSTRY,Industry
Q19589751,Q11707,INDUSTRY,Industry
Q1200904,Q837171,INDUSTRY,Industry
Q1976628,Q418,INDUSTRY,Industry
Q109719064,Q64576680,INDUSTRY,Industry
Q18636313,Q607081,INDUSTRY,Industry
Q5970945,Q126793,INDUSTRY,Industry
Q112407058,Q941594,INDUSTRY,Industry
Q6425763,Q126793,INDUSTRY,Industry
Q4822520,Q2356921,INDUSTRY,Industry
Q4822520, Q844861,INDUSTRY,Industry
Q7242652,Q126793,INDUSTRY,Industry
Q48797459,Q11828862,INDUSTRY,Industry
Q113961498,Q607081,INDUSTRY,Industry
Q113961498, Q126793,INDUSTRY,Industry
Q4887077,Q1416657,INDUSTRY,Industry
Q4887077, Q837171,INDUSTRY,Industry
Q4887077, Q806718,INDUSTRY,Industry
Q1006504,Q104983012,CEO,Person
Q138736,Q2345564,CEO,Person
Q285328,Q47544149,CEO,Person
Q5214075,Q28771408,CEO,Person
Q721162,Q19867600,CEO,Person
Q721162, Q5240333,CEO,Person
Q108865044,Q58898579,CEO,Person
Q625713,Q15042554,CEO,Person
Q625713, Q81071198,CEO,Person
Q1438957,Q59594280,CEO,Person
Q767627,Q4707007,CEO,Person
Q732670,Q104786710,CEO,Person
Q106335934,Q102165759,CEO,Person
Q29281,Q20669523,CEO,Person
Q58898260,Q58898579,CEO,Person
Q19874631,Q24727838,CEO,Person
Q2031726,Q22278143,CEO,Person
Q2031726, Q108647632,CEO,Person
Q32491,Q5534117,CEO,Person
Q32491, Q4707007,CEO,Person
Q32491, Q6143764,CEO,Person
Q61930516,Q69393305,CEO,Person
Q1200904,Q3875979,CEO,Person
Q285328,Q5052785,CHAIRMAN,Person
Q781585,Q59670640,CHAIRMAN,Person
Q1506724,Q27922677,CHAIRMAN,Person
Q625713,Q43380347,CHAIRMAN,Person
Q1438957,Q504773,CHAIRMAN,Person
Q2031726,Q6247749,CHAIRMAN,Person
Q61930516,Q69393305,CHAIRMAN,Person
Q61930516, Q6394494,CHAIRMAN,Person
Q1200904,Q16867760,CHAIRMAN,Person
Q4822750,Q3130,HEADQUARTERS,Location
Q757307,Q60055192,HEADQUARTERS,Location
Q757307, Q3130,HEADQUARTERS,Location
Q17103499,Q1011205,HEADQUARTERS,Location
Q292374,Q3130,HEADQUARTERS,Location
Q2998907,Q3141,HEADQUARTERS,Location
Q115203761,Q99,HEADQUARTERS,Location
Q115203761, Q62,HEADQUARTERS,Location
Q41550,Q3114,HEADQUARTERS,Location
Q41550, Q90,HEADQUARTERS,Location
Q41550, Q2971342,HEADQUARTERS,Location
Q64326907,Q3224,HEADQUARTERS,Location
Q64326907, Q3130,HEADQUARTERS,Location
Q4997829,Q5685486,HEADQUARTERS,Location
Q17000714,Q3130,HEADQUARTERS,Location
Q41171672,Q2899,HEADQUARTERS,Location
Q7548740,Q1129726,HEADQUARTERS,Location
Q111081406,Q6710412,HEADQUARTERS,Location
Q106119874,Q40191,HEADQUARTERS,Location
Q98325662,Q828526,HEADQUARTERS,Location
Q99522958,Q5112,HEADQUARTERS,Location
Q83443964,Q3224,HEADQUARTERS,Location
Q14468778,Q84,HEADQUARTERS,Location
Q17008691,Q408,HEADQUARTERS,Location
Q20648697,Q3183,HEADQUARTERS,Location
Q3125951,Q34932,HEADQUARTERS,Location
Q105045807,Q3130,HEADQUARTERS,Location
Q1006504,Q3141,HEADQUARTERS,Location
Q5666678,Q2915990,HEADQUARTERS,Location
Q3110722,Q3130,HEADQUARTERS,Location
Q16952468,Q3141,HEADQUARTERS,Location
Q50038833,Q3130,HEADQUARTERS,Location
Q4013942,Q84,HEADQUARTERS,Location
Q17002343,Q3141,HEADQUARTERS,Location
Q111081152,Q1769479,HEADQUARTERS,Location
Q7660203,Q3130,HEADQUARTERS,Location
Q16958619,Q34932,HEADQUARTERS,Location
Q18754892,Q5112,HEADQUARTERS,Location
Q2095955,Q34932,HEADQUARTERS,Location
Q105432293,Q3141,HEADQUARTERS,Location
Q5196153,Q3130,HEADQUARTERS,Location
Q108329069,Q34932,HEADQUARTERS,Location
Q32985087,Q231765,HEADQUARTERS,Location
Q7691250,Q3531585,HEADQUARTERS,Location
Q683146,Q60,HEADQUARTERS,Location
Q10931299,Q1853763,HEADQUARTERS,Location
Q64329386,Q3224,HEADQUARTERS,Location
Q64329386, Q3130,HEADQUARTERS,Location
Q18636397,Q3484027,HEADQUARTERS,Location
Q56273715,Q60,HEADQUARTERS,Location
Q4978794,Q3141,HEADQUARTERS,Location
Q5055627,Q3141,HEADQUARTERS,Location
Q5629090,Q3130,HEADQUARTERS,Location
Q63367608,Q5087800,HEADQUARTERS,Location
Q19871425,Q3141,HEADQUARTERS,Location
Q6167713,Q7384866,HEADQUARTERS,Location
Q6167713, Q1461374,HEADQUARTERS,Location
Q96840186,Q3130,HEADQUARTERS,Location
Q376466,Q4850226,HEADQUARTERS,Location
Q4836848,Q4883381,HEADQUARTERS,Location
Q7627412,Q3130,HEADQUARTERS,Location
Q138736,Q3130,HEADQUARTERS,Location
Q85845553,Q1623026,HEADQUARTERS,Location
Q85845553, Q99,HEADQUARTERS,Location
Q85845553, Q84,HEADQUARTERS,Location
Q50531813,Q2871928,HEADQUARTERS,Location
Q1110323,Q3141,HEADQUARTERS,Location
Q107657589,Q3141,HEADQUARTERS,Location
Q2783191,Q34932,HEADQUARTERS,Location
Q1888156,Q2915846,HEADQUARTERS,Location
Q17047856,Q3183,HEADQUARTERS,Location
Q699142,Q1867,HEADQUARTERS,Location
Q98278032,Q36074,HEADQUARTERS,Location
Q6824728,Q40191,HEADQUARTERS,Location
Q285328,Q3130,HEADQUARTERS,Location
Q7876111,Q3183,HEADQUARTERS,Location
Q56473863,Q140075,HEADQUARTERS,Location
Q185651,Q3130,HEADQUARTERS,Location
Q101251390,Q3114,HEADQUARTERS,Location
Q7836817,Q3141,HEADQUARTERS,Location
Q5564126,Q3130,HEADQUARTERS,Location
Q2410008,Q6999758,HEADQUARTERS,Location
Q54554714,Q3183,HEADQUARTERS,Location
Q18378048,Q3130,HEADQUARTERS,Location
Q1144750,Q34932,HEADQUARTERS,Location
Q111132753,Q5112,HEADQUARTERS,Location
Q22681502,Q3130,HEADQUARTERS,Location
Q5560748,Q3130,HEADQUARTERS,Location
Q5214075,Q3141,HEADQUARTERS,Location
Q5038832,Q3130,HEADQUARTERS,Location
Q721162,Q3141,HEADQUARTERS,Location
Q109694403,Q3114,HEADQUARTERS,Location
Q14476248,Q3130,HEADQUARTERS,Location
Q3249145,Q4883381,HEADQUARTERS,Location
Q17033391,Q34932,HEADQUARTERS,Location
Q7537617,Q733738,HEADQUARTERS,Location
Q113650563,Q7384943,HEADQUARTERS,Location
Q908265,Q3141,HEADQUARTERS,Location
Q18359036,Q3183,HEADQUARTERS,Location
Q1430985,Q3141,HEADQUARTERS,Location
Q7096097,Q84,HEADQUARTERS,Location
Q7130194,Q3141,HEADQUARTERS,Location
Q5380906,Q3141,HEADQUARTERS,Location
Q25931696,Q3130,HEADQUARTERS,Location
Q460307,Q72,HEADQUARTERS,Location
Q83781158,Q3183,HEADQUARTERS,Location
Q28224393,Q5685475,HEADQUARTERS,Location
Q5376876,Q3141,HEADQUARTERS,Location
Q5175717,Q231765,HEADQUARTERS,Location
Q47464223,Q3114,HEADQUARTERS,Location
Q12521502,Q3183,HEADQUARTERS,Location
Q5190093,Q60,HEADQUARTERS,Location
Q7687072,Q339527,HEADQUARTERS,Location
Q6030537,Q3141,HEADQUARTERS,Location
Q6979519,Q3114,HEADQUARTERS,Location
Q1506724,Q1094194,HEADQUARTERS,Location
Q943097,Q3130,HEADQUARTERS,Location
Q865038,Q3130,HEADQUARTERS,Location
Q16923572,Q3130,HEADQUARTERS,Location
Q108254137,Q726992,HEADQUARTERS,Location
Q2567594,Q1952253,HEADQUARTERS,Location
Q66364477,Q34932,HEADQUARTERS,Location
Q8049513,Q6881034,HEADQUARTERS,Location
Q59849147,Q84,HEADQUARTERS,Location
Q28448211,Q14935436,HEADQUARTERS,Location
Q108536518,Q34932,HEADQUARTERS,Location
Q16252604,Q3976501,HEADQUARTERS,Location
Q110243886,Q34932,HEADQUARTERS,Location
Q21178908,Q34932,HEADQUARTERS,Location
Q5385825,Q190021,HEADQUARTERS,Location
Q99337542,Q36074,HEADQUARTERS,Location
Q7574399,Q983606,HEADQUARTERS,Location
Q16837842,Q3141,HEADQUARTERS,Location
Q4856151,Q3141,HEADQUARTERS,Location
Q99402407,Q36074,HEADQUARTERS,Location
Q343225,Q3114,HEADQUARTERS,Location
Q5574624,Q3130,HEADQUARTERS,Location
Q1606050,Q3130,HEADQUARTERS,Location
Q55594454,Q36687,HEADQUARTERS,Location
Q106702101,Q256711,HEADQUARTERS,Location
Q3128675,Q174,HEADQUARTERS,Location
Q1350021,Q187861,HEADQUARTERS,Location
Q1640187,Q40191,HEADQUARTERS,Location
Q1142936,Q3141,HEADQUARTERS,Location
Q7165483,Q5112,HEADQUARTERS,Location
Q50977065,Q5685475,HEADQUARTERS,Location
Q6952833,Q3141,HEADQUARTERS,Location
Q4906646,Q4883381,HEADQUARTERS,Location
Q4849261,Q2934668,HEADQUARTERS,Location
Q5738690,Q478302,HEADQUARTERS,Location
Q111142722,Q5466574,HEADQUARTERS,Location
Q495267,Q3114,HEADQUARTERS,Location
Q7930631,Q3141,HEADQUARTERS,Location
Q780696,Q5713179,HEADQUARTERS,Location
Q631893,Q3141,HEADQUARTERS,Location
Q7722242,Q2915698,HEADQUARTERS,Location
Q17030137,Q8646,HEADQUARTERS,Location
Q1368281,Q34932,HEADQUARTERS,Location
Q52783736,Q5112,HEADQUARTERS,Location
Q22906320,Q3130,HEADQUARTERS,Location
Q7978791,Q1919098,HEADQUARTERS,Location
Q5273391,Q3224,HEADQUARTERS,Location
Q5376841,Q34932,HEADQUARTERS,Location
Q7600946,Q7622442,HEADQUARTERS,Location
Q7833620,Q3130,HEADQUARTERS,Location
Q3310113,Q3141,HEADQUARTERS,Location
Q7906335,Q3141,HEADQUARTERS,Location
Q17056430,Q3130,HEADQUARTERS,Location
Q65090427,Q3130,HEADQUARTERS,Location
Q2445401,Q3130,HEADQUARTERS,Location
Q96901238,Q3130,HEADQUARTERS,Location
Q5465579,Q3108678,HEADQUARTERS,Location
Q847931,Q3130,HEADQUARTERS,Location
Q7752279,Q606162,HEADQUARTERS,Location
Q56395437,Q3130,HEADQUARTERS,Location
Q111081528,Q4670845,HEADQUARTERS,Location
Q7236677,Q3141,HEADQUARTERS,Location
Q57430021,Q3484027,HEADQUARTERS,Location
Q18166493,Q6522224,HEADQUARTERS,Location
Q17048773,Q3141,HEADQUARTERS,Location
Q18636699,Q408,HEADQUARTERS,Location
Q112220040,Q4985049,HEADQUARTERS,Location
Q64852955,Q2634194,HEADQUARTERS,Location
Q66439798,Q3141,HEADQUARTERS,Location
Q79532494,Q704978,HEADQUARTERS,Location
Q108865044,Q3114,HEADQUARTERS,Location
Q109794495,Q3141,HEADQUARTERS,Location
Q3520178,Q189133,HEADQUARTERS,Location
Q2915254,Q726992,HEADQUARTERS,Location
Q60755633,Q3309633,HEADQUARTERS,Location
Q18165749,Q3130,HEADQUARTERS,Location
Q1075994,Q3130,HEADQUARTERS,Location
Q29326164,Q5112,HEADQUARTERS,Location
Q100760429,Q3130,HEADQUARTERS,Location
Q6708384,Q3130,HEADQUARTERS,Location
Q55941903,Q2915698,HEADQUARTERS,Location
Q1202292,Q2534564,HEADQUARTERS,Location
Q625713,Q3141,HEADQUARTERS,Location
Q5579275,Q7059431,HEADQUARTERS,Location
Q110288298,Q4950813,HEADQUARTERS,Location
Q63367906,Q5066500,HEADQUARTERS,Location
Q58392840,Q3130,HEADQUARTERS,Location
Q28220211,Q72337,HEADQUARTERS,Location
Q106236053,Q72216,HEADQUARTERS,Location
Q17053453,Q3043002,HEADQUARTERS,Location
Q782780,Q3141,HEADQUARTERS,Location
Q105431916,Q3141,HEADQUARTERS,Location
Q6421682,Q3141,HEADQUARTERS,Location
Q48782120,Q3141,HEADQUARTERS,Location
Q105904686,Q40191,HEADQUARTERS,Location
Q4040441,Q3130,HEADQUARTERS,Location
Q18164664,Q3130,HEADQUARTERS,Location
Q4688560,Q3141,HEADQUARTERS,Location
Q4865988,Q231765,HEADQUARTERS,Location
Q24190452,Q3141,HEADQUARTERS,Location
Q1665336,Q3130,HEADQUARTERS,Location
Q7433164,Q3141,HEADQUARTERS,Location
Q7237029,Q3141,HEADQUARTERS,Location
Q107618413,Q3141,HEADQUARTERS,Location
Q70794867,Q7559790,HEADQUARTERS,Location
Q176712,Q3141,HEADQUARTERS,Location
Q5062031,Q580973,HEADQUARTERS,Location
Q7392701,Q1049218,HEADQUARTERS,Location
Q22080357,Q3130,HEADQUARTERS,Location
Q23023711,Q1090857,HEADQUARTERS,Location
Q56872873,Q3141,HEADQUARTERS,Location
Q18162112,Q3130,HEADQUARTERS,Location
Q18712815,Q3130,HEADQUARTERS,Location
Q4997484,Q408,HEADQUARTERS,Location
Q111569381,Q3114,HEADQUARTERS,Location
Q1438957,Q3183,HEADQUARTERS,Location
Q100605707,Q3141,HEADQUARTERS,Location
Q16920933,Q4853147,HEADQUARTERS,Location
Q4941440,Q7983051,HEADQUARTERS,Location
Q16927551,Q3141,HEADQUARTERS,Location
Q17039356,Q3141,HEADQUARTERS,Location
Q7685854,Q7055470,HEADQUARTERS,Location
Q5173038,Q3130,HEADQUARTERS,Location
Q6456509,Q2915846,HEADQUARTERS,Location
Q6430760,Q35001,HEADQUARTERS,Location
Q1479654,Q138578,HEADQUARTERS,Location
Q4056088,Q3130,HEADQUARTERS,Location
Q7538893,Q3141,HEADQUARTERS,Location
Q19589778,Q1421389,HEADQUARTERS,Location
Q4824547,Q3130,HEADQUARTERS,Location
Q104713255,Q3130,HEADQUARTERS,Location
Q547341,Q3130,HEADQUARTERS,Location
Q17957,Q3141,HEADQUARTERS,Location
Q1053985,Q606162,HEADQUARTERS,Location
Q26205367,Q140075,HEADQUARTERS,Location
Q3817132,Q59593,HEADQUARTERS,Location
Q6177098,Q3141,HEADQUARTERS,Location
Q73822167,Q7851631,HEADQUARTERS,Location
Q7306064,Q339527,HEADQUARTERS,Location
Q6316068,Q3141,HEADQUARTERS,Location
Q105392197,Q3130,HEADQUARTERS,Location
Q4896542,Q2279903,HEADQUARTERS,Location
Q55696290,Q34932,HEADQUARTERS,Location
Q4959217,Q408,HEADQUARTERS,Location
Q2046830,Q3183,HEADQUARTERS,Location
Q8034908,Q3141,HEADQUARTERS,Location
Q6939252,Q1049218,HEADQUARTERS,Location
Q5154660,Q35715,HEADQUARTERS,Location
Q16961831,Q2918803,HEADQUARTERS,Location
Q200687,Q3130,HEADQUARTERS,Location
Q63367573,Q17856,HEADQUARTERS,Location
Q7939276,Q3276625,HEADQUARTERS,Location
Q7671152,Q1769479,HEADQUARTERS,Location
Q714641,Q3141,HEADQUARTERS,Location
Q7336696,Q1045308,HEADQUARTERS,Location
Q908144,Q3183,HEADQUARTERS,Location
Q4943790,Q49219,HEADQUARTERS,Location
Q4943790, Q3130,HEADQUARTERS,Location
Q28864757,Q1521059,HEADQUARTERS,Location
Q6786513,Q34932,HEADQUARTERS,Location
Q390216,Q3130,HEADQUARTERS,Location
Q7946950,Q5329137,HEADQUARTERS,Location
Q1816526,Q3141,HEADQUARTERS,Location
Q111372942,Q34932,HEADQUARTERS,Location
Q7164594,Q3141,HEADQUARTERS,Location
Q99337583,Q36074,HEADQUARTERS,Location
Q836945,Q3141,HEADQUARTERS,Location
Q295862,Q23661,HEADQUARTERS,Location
Q93324097,Q1026829,HEADQUARTERS,Location
Q6811908,Q3141,HEADQUARTERS,Location
Q69595135,Q353997,HEADQUARTERS,Location
Q7266511,Q3130,HEADQUARTERS,Location
Q288778,Q371361,HEADQUARTERS,Location
Q111812586,Q3130,HEADQUARTERS,Location
Q4943789,Q3141,HEADQUARTERS,Location
Q7457362,Q3130,HEADQUARTERS,Location
Q4914136,Q7084153,HEADQUARTERS,Location
Q31287807,Q3141,HEADQUARTERS,Location
Q111081305,Q7099444,HEADQUARTERS,Location
Q98760406,Q3141,HEADQUARTERS,Location
Q111080640,Q7990100,HEADQUARTERS,Location
Q767627,Q3141,HEADQUARTERS,Location
Q5235753,Q3141,HEADQUARTERS,Location
Q5235753, Q3130,HEADQUARTERS,Location
Q7079486,Q4890443,HEADQUARTERS,Location
Q64328922,Q3224,HEADQUARTERS,Location
Q64328922, Q3130,HEADQUARTERS,Location
Q63038103,Q1947531,HEADQUARTERS,Location
Q732670,Q3130,HEADQUARTERS,Location
Q4930968,Q3114,HEADQUARTERS,Location
Q56679137,Q3114,HEADQUARTERS,Location
Q4856173,Q34932,HEADQUARTERS,Location
Q1819581,Q3130,HEADQUARTERS,Location
Q7593691,Q7986202,HEADQUARTERS,Location
Q111081969,Q4997479,HEADQUARTERS,Location
Q3570041,Q3276625,HEADQUARTERS,Location
Q5375986,Q3130,HEADQUARTERS,Location
Q295261,Q3130,HEADQUARTERS,Location
Q23814886,Q3183,HEADQUARTERS,Location
Q781365,Q3130,HEADQUARTERS,Location
Q2666365,Q5050133,HEADQUARTERS,Location
Q57473164,Q3141,HEADQUARTERS,Location
Q107966805,Q34366,HEADQUARTERS,Location
Q5322604,Q1090857,HEADQUARTERS,Location
Q2916790,Q3130,HEADQUARTERS,Location
Q7303547,Q3141,HEADQUARTERS,Location
Q6882393,Q3141,HEADQUARTERS,Location
Q6058627,Q3141,HEADQUARTERS,Location
Q4893510,Q812628,HEADQUARTERS,Location
Q4856817,Q3183,HEADQUARTERS,Location
Q1546185,Q34932,HEADQUARTERS,Location
Q1273272,Q3114,HEADQUARTERS,Location
Q7760092,Q3141,HEADQUARTERS,Location
Q104721339,Q3130,HEADQUARTERS,Location
Q17003842,Q606153,HEADQUARTERS,Location
Q17023122,Q3183,HEADQUARTERS,Location
Q19604562,Q3183,HEADQUARTERS,Location
Q63367667,Q1589649,HEADQUARTERS,Location
Q23498528,Q3130,HEADQUARTERS,Location
Q18165984,Q3141,HEADQUARTERS,Location
Q109984648,Q408,HEADQUARTERS,Location
Q7924717,Q5287226,HEADQUARTERS,Location
Q5445924,Q3130,HEADQUARTERS,Location
Q7645153,Q231765,HEADQUARTERS,Location
Q6978710,Q57278,HEADQUARTERS,Location
Q6978710, Q3130,HEADQUARTERS,Location
Q4856370,Q72216,HEADQUARTERS,Location
Q19579890,Q3141,HEADQUARTERS,Location
Q379439,Q34932,HEADQUARTERS,Location
Q28183324,Q2750312,HEADQUARTERS,Location
Q102124123,Q3130,HEADQUARTERS,Location
Q5296921,Q140075,HEADQUARTERS,Location
Q6720425,Q3108712,HEADQUARTERS,Location
Q7579966,Q3130,HEADQUARTERS,Location
Q4748528,Q277624,HEADQUARTERS,Location
Q66191011,Q3130,HEADQUARTERS,Location
Q7197417,Q3130,HEADQUARTERS,Location
Q101214683,Q34932,HEADQUARTERS,Location
Q4850765,Q8024607,HEADQUARTERS,Location
Q7017454,Q57278,HEADQUARTERS,Location
Q22906565,Q185404,HEADQUARTERS,Location
Q29281,Q1623026,HEADQUARTERS,Location
Q17001319,Q3130,HEADQUARTERS,Location
Q108874194,Q5112,HEADQUARTERS,Location
Q5184985,Q815911,HEADQUARTERS,Location
Q7418330,Q3130,HEADQUARTERS,Location
Q106234391,Q34932,HEADQUARTERS,Location
Q56054886,Q705867,HEADQUARTERS,Location
Q58898260,Q3114,HEADQUARTERS,Location
Q21031539,Q408,HEADQUARTERS,Location
Q17021875,Q36074,HEADQUARTERS,Location
Q18643770,Q3130,HEADQUARTERS,Location
Q4412342,Q6272440,HEADQUARTERS,Location
Q7865404,Q3130,HEADQUARTERS,Location
Q108396892,Q140075,HEADQUARTERS,Location
Q17028097,Q47002,HEADQUARTERS,Location
Q108444709,Q3130,HEADQUARTERS,Location
Q96016136,Q99,HEADQUARTERS,Location
Q96016136, Q62,HEADQUARTERS,Location
Q19874631,Q505549,HEADQUARTERS,Location
Q19874631, Q3130,HEADQUARTERS,Location
Q15995209,Q5112,HEADQUARTERS,Location
Q739558,Q3484027,HEADQUARTERS,Location
Q7686519,Q2915846,HEADQUARTERS,Location
Q7271738,Q3130,HEADQUARTERS,Location
Q780477,Q3130,HEADQUARTERS,Location
Q7039137,Q3141,HEADQUARTERS,Location
Q72772310,Q34932,HEADQUARTERS,Location
Q104720777,Q3130,HEADQUARTERS,Location
Q28135184,Q3130,HEADQUARTERS,Location
Q4859570,Q3130,HEADQUARTERS,Location
Q1066188,Q704978,HEADQUARTERS,Location
Q5130347,Q1852577,HEADQUARTERS,Location
Q2031726,Q7989541,HEADQUARTERS,Location
Q83728,Q3130,HEADQUARTERS,Location
Q107158845,Q4955340,HEADQUARTERS,Location
Q1064071,Q17872,HEADQUARTERS,Location
Q1064071, Q11568,HEADQUARTERS,Location
Q7800671,Q3130,HEADQUARTERS,Location
Q56677707,Q5189586,HEADQUARTERS,Location
Q7927244,Q49001803,HEADQUARTERS,Location
Q7752057,Q3130,HEADQUARTERS,Location
Q6836235,Q3130,HEADQUARTERS,Location
Q105710085,Q3141,HEADQUARTERS,Location
Q112649453,Q3976501,HEADQUARTERS,Location
Q5665029,Q3141,HEADQUARTERS,Location
Q1634594,Q3141,HEADQUARTERS,Location
Q862718,Q232135,HEADQUARTERS,Location
Q862718, Q140075,HEADQUARTERS,Location
Q862718, Q5917,HEADQUARTERS,Location
Q5922976,Q3130,HEADQUARTERS,Location
Q5357218,Q5112,HEADQUARTERS,Location
Q105612281,Q3130,HEADQUARTERS,Location
Q32491,Q2916103,HEADQUARTERS,Location
Q1108172,Q3141,HEADQUARTERS,Location
Q1180978,Q3141,HEADQUARTERS,Location
Q1066620,Q840668,HEADQUARTERS,Location
Q2283837,Q5685486,HEADQUARTERS,Location
Q3338230,Q3141,HEADQUARTERS,Location
Q111531672,Q3141,HEADQUARTERS,Location
Q5973461,Q3141,HEADQUARTERS,Location
Q6715540,Q3141,HEADQUARTERS,Location
Q5096274,Q3206,HEADQUARTERS,Location
Q111527092,Q408765,HEADQUARTERS,Location
Q5501489,Q56065952,HEADQUARTERS,Location
Q3339152,Q2915698,HEADQUARTERS,Location
Q61930516,Q3224,HEADQUARTERS,Location
Q61930516, Q3130,HEADQUARTERS,Location
Q7726599,Q2137835,HEADQUARTERS,Location
Q5014668,Q34932,HEADQUARTERS,Location
Q6693996,Q3130,HEADQUARTERS,Location
Q4897236,Q3130,HEADQUARTERS,Location
Q7380542,Q7056480,HEADQUARTERS,Location
Q7754381,Q35001,HEADQUARTERS,Location
Q19589751,Q7007563,HEADQUARTERS,Location
Q1200904,Q3130,HEADQUARTERS,Location
Q1976628,Q8273407,HEADQUARTERS,Location
Q18636313,Q3141,HEADQUARTERS,Location
Q5970945,Q5032698,HEADQUARTERS,Location
Q112407058,Q3141,HEADQUARTERS,Location
Q6425763,Q3141,HEADQUARTERS,Location
Q4822520,Q40191,HEADQUARTERS,Location
Q7242652,Q36687,HEADQUARTERS,Location
Q105846396,Q14935638,HEADQUARTERS,Location
Q98280239,Q3130,HEADQUARTERS,Location
Q48797459,Q3130,HEADQUARTERS,Location
Q113961498,Q231765,HEADQUARTERS,Location
Q4887077,Q497793,HEADQUARTERS,Location
Q52578284,Q1145731,GROUPED_IN,Group
Q111320101,Q30325419,GROUPED_IN,Group
Q64326907,Q295382,GROUPED_IN,Group
Q41171672,Q125054,GROUPED_IN,Group
Q7660203,Q487556,GROUPED_IN,Group
Q64329386,Q295382,GROUPED_IN,Group
Q56273715,Q242345,GROUPED_IN,Group
Q7876111,Q1517021,GROUPED_IN,Group
Q7660181,Q7258024,GROUPED_IN,Group
Q460307,Q242345,GROUPED_IN,Group
Q7987522,Q55604500,GROUPED_IN,Group
Q7987522, Q60760112,GROUPED_IN,Group
Q625713,Q466496,GROUPED_IN,Group
Q7457362,Q908659,GROUPED_IN,Group
Q64328922,Q295382,GROUPED_IN,Group
Q3162795,Q7258024,GROUPED_IN,Group
Q96016136,Q295382,GROUPED_IN,Group
Q2031726,Q1969854,GROUPED_IN,Group
Q61930516,Q295382,GROUPED_IN,Group
Q531285,Q408,RESIDES_IN,Location
Q4822750,Q408,RESIDES_IN,Location
Q105960982,Q408,RESIDES_IN,Location
Q598841,Q408,RESIDES_IN,Location
Q757307,Q408,RESIDES_IN,Location
Q52578284,Q408,RESIDES_IN,Location
Q17103499,Q408,RESIDES_IN,Location
Q292374,Q408,RESIDES_IN,Location
Q2998907,Q408,RESIDES_IN,Location
Q115203761,Q30,RESIDES_IN,Location
Q41550,Q408,RESIDES_IN,Location
Q109626935,Q664,RESIDES_IN,Location
Q111320101,Q408,RESIDES_IN,Location
Q64326907,Q408,RESIDES_IN,Location
Q4997829,Q408,RESIDES_IN,Location
Q17000714,Q408,RESIDES_IN,Location
Q4273332,Q408,RESIDES_IN,Location
Q41171672,Q145,RESIDES_IN,Location
Q7548740,Q408,RESIDES_IN,Location
Q111081406,Q408,RESIDES_IN,Location
Q106119874,Q408,RESIDES_IN,Location
Q610616,Q408,RESIDES_IN,Location
Q7753866,Q408,RESIDES_IN,Location
Q98325662,Q408,RESIDES_IN,Location
Q17028509,Q408,RESIDES_IN,Location
Q99522958,Q408,RESIDES_IN,Location
Q83443964,Q408,RESIDES_IN,Location
Q47238019,Q408,RESIDES_IN,Location
Q14468778,Q408,RESIDES_IN,Location
Q28219851,Q408,RESIDES_IN,Location
Q5416698,Q408,RESIDES_IN,Location
Q6508496,Q408,RESIDES_IN,Location
Q17008691,Q408,RESIDES_IN,Location
Q28134443,Q408,RESIDES_IN,Location
Q20648697,Q408,RESIDES_IN,Location
Q3125951,Q408,RESIDES_IN,Location
Q108044091,Q408,RESIDES_IN,Location
Q105045807,Q408,RESIDES_IN,Location
Q1006504,Q408,RESIDES_IN,Location
Q106687078,Q408,RESIDES_IN,Location
Q5666678,Q408,RESIDES_IN,Location
Q3110722,Q408,RESIDES_IN,Location
Q106236086,Q408,RESIDES_IN,Location
Q16952468,Q408,RESIDES_IN,Location
Q4824029,Q408,RESIDES_IN,Location
Q109783503,Q408,RESIDES_IN,Location
Q61573625,Q408,RESIDES_IN,Location
Q50038833,Q408,RESIDES_IN,Location
Q4013942,Q1030,RESIDES_IN,Location
Q892188,Q408,RESIDES_IN,Location
Q7963128,Q408,RESIDES_IN,Location
Q17002343,Q408,RESIDES_IN,Location
Q111081152,Q408,RESIDES_IN,Location
Q7660203,Q408,RESIDES_IN,Location
Q82813727,Q408,RESIDES_IN,Location
Q115202851,Q408,RESIDES_IN,Location
Q16958619,Q408,RESIDES_IN,Location
Q18754892,Q408,RESIDES_IN,Location
Q2095955,Q408,RESIDES_IN,Location
Q68782470,Q408,RESIDES_IN,Location
Q7969735,Q408,RESIDES_IN,Location
Q105432293,Q408,RESIDES_IN,Location
Q5196153,Q408,RESIDES_IN,Location
Q7600810,Q408,RESIDES_IN,Location
Q7573564,Q408,RESIDES_IN,Location
Q108329069,Q408,RESIDES_IN,Location
Q32985087,Q408,RESIDES_IN,Location
Q7691250,Q408,RESIDES_IN,Location
Q683146,Q334,RESIDES_IN,Location
Q63185201,Q408,RESIDES_IN,Location
Q10931299,Q408,RESIDES_IN,Location
Q78897920,Q408,RESIDES_IN,Location
Q7737217,Q408,RESIDES_IN,Location
Q64329386,Q30,RESIDES_IN,Location
Q18636397,Q408,RESIDES_IN,Location
Q56273715,Q408,RESIDES_IN,Location
Q4978794,Q408,RESIDES_IN,Location
Q5055627,Q408,RESIDES_IN,Location
Q7058310,Q408,RESIDES_IN,Location
Q7537467,Q408,RESIDES_IN,Location
Q5629090,Q408,RESIDES_IN,Location
Q63367608,Q408,RESIDES_IN,Location
Q7017485,Q408,RESIDES_IN,Location
Q83897995,Q408,RESIDES_IN,Location
Q19871425,Q408,RESIDES_IN,Location
Q6167713,Q408,RESIDES_IN,Location
Q105775824,Q408,RESIDES_IN,Location
Q16976982,Q408,RESIDES_IN,Location
Q96840186,Q408,RESIDES_IN,Location
Q105906945,Q408,RESIDES_IN,Location
Q84256583,Q408,RESIDES_IN,Location
Q376466,Q408,RESIDES_IN,Location
Q4836848,Q408,RESIDES_IN,Location
Q7627412,Q408,RESIDES_IN,Location
Q138736,Q408,RESIDES_IN,Location
Q85845553,Q145,RESIDES_IN,Location
Q5493581,Q408,RESIDES_IN,Location
Q107064571,Q145,RESIDES_IN,Location
Q17011793,Q408,RESIDES_IN,Location
Q50531813,Q408,RESIDES_IN,Location
Q18165604,Q408,RESIDES_IN,Location
Q1110323,Q408,RESIDES_IN,Location
Q7280922,Q408,RESIDES_IN,Location
Q106689581,Q145,RESIDES_IN,Location
Q7126164,Q408,RESIDES_IN,Location
Q107657589,Q408,RESIDES_IN,Location
Q112617667,Q408,RESIDES_IN,Location
Q2783191,Q408,RESIDES_IN,Location
Q1888156,Q408,RESIDES_IN,Location
Q17047856,Q408,RESIDES_IN,Location
Q98069038,Q408,RESIDES_IN,Location
Q699142,Q148,RESIDES_IN,Location
Q7719396,Q408,RESIDES_IN,Location
Q98278032,Q408,RESIDES_IN,Location
Q5209290,Q408,RESIDES_IN,Location
Q6824728,Q408,RESIDES_IN,Location
Q285328,Q408,RESIDES_IN,Location
Q7876111,Q408,RESIDES_IN,Location
Q180514,Q408,RESIDES_IN,Location
Q56473863,Q408,RESIDES_IN,Location
Q781585,Q408,RESIDES_IN,Location
Q185651,Q408,RESIDES_IN,Location
Q96041372,Q408,RESIDES_IN,Location
Q106283555,Q408,RESIDES_IN,Location
Q18165910,Q408,RESIDES_IN,Location
Q101251390,Q408,RESIDES_IN,Location
Q7836817,Q408,RESIDES_IN,Location
Q17006984,Q408,RESIDES_IN,Location
Q5564126,Q408,RESIDES_IN,Location
Q60594218,Q408,RESIDES_IN,Location
Q55632847,Q408,RESIDES_IN,Location
Q2410008,Q408,RESIDES_IN,Location
Q33382454,Q408,RESIDES_IN,Location
Q54554714,Q408,RESIDES_IN,Location
Q18378048,Q408,RESIDES_IN,Location
Q1144750,Q408,RESIDES_IN,Location
Q111132753,Q408,RESIDES_IN,Location
Q7660181,Q408,RESIDES_IN,Location
Q22681502,Q408,RESIDES_IN,Location
Q114353097,Q664,RESIDES_IN,Location
Q5560748,Q408,RESIDES_IN,Location
Q5214075,Q408,RESIDES_IN,Location
Q24965819,Q408,RESIDES_IN,Location
Q5038832,Q408,RESIDES_IN,Location
Q721162,Q408,RESIDES_IN,Location
Q109694403,Q408,RESIDES_IN,Location
Q17028126,Q408,RESIDES_IN,Location
Q25349740,Q408,RESIDES_IN,Location
Q14476248,Q408,RESIDES_IN,Location
Q7978331,Q408,RESIDES_IN,Location
Q69383898,Q408,RESIDES_IN,Location
Q3249145,Q408,RESIDES_IN,Location
Q4649925,Q408,RESIDES_IN,Location
Q17033391,Q408,RESIDES_IN,Location
Q7537617,Q664,RESIDES_IN,Location
Q108280445,Q408,RESIDES_IN,Location
Q113650563,Q408,RESIDES_IN,Location
Q908265,Q408,RESIDES_IN,Location
Q18359036,Q408,RESIDES_IN,Location
Q1430985,Q408,RESIDES_IN,Location
Q7096097,Q145,RESIDES_IN,Location
Q7130194,Q408,RESIDES_IN,Location
Q5380906,Q408,RESIDES_IN,Location
Q25931696,Q408,RESIDES_IN,Location
Q460307,Q408,RESIDES_IN,Location
Q83781158,Q408,RESIDES_IN,Location
Q28224393,Q408,RESIDES_IN,Location
Q26205756,Q408,RESIDES_IN,Location
Q106283438,Q408,RESIDES_IN,Location
Q28128502,Q408,RESIDES_IN,Location
Q106734137,Q408,RESIDES_IN,Location
Q5376876,Q408,RESIDES_IN,Location
Q5175717,Q408,RESIDES_IN,Location
Q51918515,Q408,RESIDES_IN,Location
Q47464223,Q408,RESIDES_IN,Location
Q12521502,Q408,RESIDES_IN,Location
Q3116101,Q408,RESIDES_IN,Location
Q5190093,Q30,RESIDES_IN,Location
Q19589776,Q408,RESIDES_IN,Location
Q7687072,Q408,RESIDES_IN,Location
Q106606678,Q408,RESIDES_IN,Location
Q6030537,Q408,RESIDES_IN,Location
Q6979519,Q408,RESIDES_IN,Location
Q1506724,Q408,RESIDES_IN,Location
Q943097,Q408,RESIDES_IN,Location
Q98599338,Q408,RESIDES_IN,Location
Q7987522,Q408,RESIDES_IN,Location
Q865038,Q408,RESIDES_IN,Location
Q7728647,Q408,RESIDES_IN,Location
Q16923572,Q408,RESIDES_IN,Location
Q19875858,Q408,RESIDES_IN,Location
Q108254137,Q408,RESIDES_IN,Location
Q2567594,Q408,RESIDES_IN,Location
Q66364477,Q408,RESIDES_IN,Location
Q8049513,Q408,RESIDES_IN,Location
Q59849147,Q408,RESIDES_IN,Location
Q65118176,Q408,RESIDES_IN,Location
Q60624251,Q408,RESIDES_IN,Location
Q7712721,Q408,RESIDES_IN,Location
Q28448211,Q408,RESIDES_IN,Location
Q2982390,Q408,RESIDES_IN,Location
Q108536518,Q408,RESIDES_IN,Location
Q108278820,Q408,RESIDES_IN,Location
Q107504180,Q408,RESIDES_IN,Location
Q16252604,Q408,RESIDES_IN,Location
Q110243886,Q408,RESIDES_IN,Location
Q21178908,Q408,RESIDES_IN,Location
Q108855867,Q408,RESIDES_IN,Location
Q5385825,Q408,RESIDES_IN,Location
Q99337542,Q408,RESIDES_IN,Location
Q7574399,Q30,RESIDES_IN,Location
Q99399262,Q408,RESIDES_IN,Location
Q7185923,Q408,RESIDES_IN,Location
Q16837842,Q408,RESIDES_IN,Location
Q11686945,Q408,RESIDES_IN,Location
Q105795220,Q408,RESIDES_IN,Location
Q4856151,Q408,RESIDES_IN,Location
Q110288149,Q408,RESIDES_IN,Location
Q110619267,Q664,RESIDES_IN,Location
Q3521843,Q408,RESIDES_IN,Location
Q99402407,Q408,RESIDES_IN,Location
Q343225,Q408,RESIDES_IN,Location
Q5874846,Q408,RESIDES_IN,Location
Q5574624,Q408,RESIDES_IN,Location
Q1606050,Q408,RESIDES_IN,Location
Q36690492,Q408,RESIDES_IN,Location
Q109807592,Q408,RESIDES_IN,Location
Q5998827,Q408,RESIDES_IN,Location
Q55594454,Q408,RESIDES_IN,Location
Q106702101,Q408,RESIDES_IN,Location
Q6683797,Q408,RESIDES_IN,Location
Q3128675,Q408,RESIDES_IN,Location
Q51955248,Q408,RESIDES_IN,Location
Q1350021,Q408,RESIDES_IN,Location
Q63874463,Q408,RESIDES_IN,Location
Q1640187,Q408,RESIDES_IN,Location
Q1142936,Q408,RESIDES_IN,Location
Q7165483,Q408,RESIDES_IN,Location
Q50977065,Q408,RESIDES_IN,Location
Q6952833,Q408,RESIDES_IN,Location
Q855988,Q414,RESIDES_IN,Location
Q4906646,Q408,RESIDES_IN,Location
Q4849261,Q408,RESIDES_IN,Location
Q63367814,Q408,RESIDES_IN,Location
Q71401280,Q408,RESIDES_IN,Location
Q5738690,Q408,RESIDES_IN,Location
Q111142722,Q408,RESIDES_IN,Location
Q7497463,Q408,RESIDES_IN,Location
Q495267,Q408,RESIDES_IN,Location
Q7930631,Q408,RESIDES_IN,Location
Q19879921,Q408,RESIDES_IN,Location
Q780696,Q408,RESIDES_IN,Location
Q631893,Q408,RESIDES_IN,Location
Q7722242,Q408,RESIDES_IN,Location
Q6811843,Q408,RESIDES_IN,Location
Q17030137,Q408,RESIDES_IN,Location
Q1368281,Q408,RESIDES_IN,Location
Q52783736,Q408,RESIDES_IN,Location
Q22906320,Q408,RESIDES_IN,Location
Q30681965,Q30,RESIDES_IN,Location
Q7978791,Q408,RESIDES_IN,Location
Q5273391,Q408,RESIDES_IN,Location
Q5376841,Q408,RESIDES_IN,Location
Q7727516,Q408,RESIDES_IN,Location
Q7600946,Q408,RESIDES_IN,Location
Q7833620,Q408,RESIDES_IN,Location
Q3310113,Q664,RESIDES_IN,Location
Q7906335,Q408,RESIDES_IN,Location
Q19870768,Q408,RESIDES_IN,Location
Q17056430,Q408,RESIDES_IN,Location
Q65090427,Q408,RESIDES_IN,Location
Q2445401,Q408,RESIDES_IN,Location
Q7912824,Q408,RESIDES_IN,Location
Q96901238,Q408,RESIDES_IN,Location
Q4903107,Q408,RESIDES_IN,Location
Q108280420,Q408,RESIDES_IN,Location
Q5465579,Q408,RESIDES_IN,Location
Q847931,Q408,RESIDES_IN,Location
Q7752279,Q408,RESIDES_IN,Location
Q56395437,Q408,RESIDES_IN,Location
Q111081528,Q408,RESIDES_IN,Location
Q7236677,Q408,RESIDES_IN,Location
Q57430021,Q408,RESIDES_IN,Location
Q56064089,Q408,RESIDES_IN,Location
Q19589766,Q408,RESIDES_IN,Location
Q1023859,Q408,RESIDES_IN,Location
Q48792277,Q408,RESIDES_IN,Location
Q108915495,Q408,RESIDES_IN,Location
Q18166493,Q408,RESIDES_IN,Location
Q17048773,Q408,RESIDES_IN,Location
Q18636699,Q408,RESIDES_IN,Location
Q112220040,Q408,RESIDES_IN,Location
Q22908178,Q408,RESIDES_IN,Location
Q64852955,Q408,RESIDES_IN,Location
Q108001823,Q408,RESIDES_IN,Location
Q66439798,Q408,RESIDES_IN,Location
Q2838128,Q408,RESIDES_IN,Location
Q79532494,Q408,RESIDES_IN,Location
Q108865044,Q408,RESIDES_IN,Location
Q109794495,Q408,RESIDES_IN,Location
Q108464298,Q408,RESIDES_IN,Location
Q3520178,Q408,RESIDES_IN,Location
Q55639119,Q408,RESIDES_IN,Location
Q7056721,Q408,RESIDES_IN,Location
Q2915254,Q408,RESIDES_IN,Location
Q60755633,Q408,RESIDES_IN,Location
Q18165749,Q408,RESIDES_IN,Location
Q5578626,Q408,RESIDES_IN,Location
Q1075994,Q408,RESIDES_IN,Location
Q29326164,Q408,RESIDES_IN,Location
Q100760429,Q408,RESIDES_IN,Location
Q6708384,Q408,RESIDES_IN,Location
Q95923071,Q664,RESIDES_IN,Location
Q55941903,Q408,RESIDES_IN,Location
Q1202292,Q408,RESIDES_IN,Location
Q625713,Q408,RESIDES_IN,Location
Q5579275,Q408,RESIDES_IN,Location
Q110288298,Q408,RESIDES_IN,Location
Q4643667,Q408,RESIDES_IN,Location
Q63367906,Q408,RESIDES_IN,Location
Q58392840,Q408,RESIDES_IN,Location
Q28220211,Q408,RESIDES_IN,Location
Q63190257,Q408,RESIDES_IN,Location
Q106236053,Q408,RESIDES_IN,Location
Q17053453,Q408,RESIDES_IN,Location
Q782780,Q408,RESIDES_IN,Location
Q105431916,Q408,RESIDES_IN,Location
Q6421682,Q408,RESIDES_IN,Location
Q536512,Q408,RESIDES_IN,Location
Q48782120,Q408,RESIDES_IN,Location
Q5529845,Q408,RESIDES_IN,Location
Q18636431,Q408,RESIDES_IN,Location
Q64390973,Q408,RESIDES_IN,Location
Q105904686,Q408,RESIDES_IN,Location
Q4040441,Q664,RESIDES_IN,Location
Q18164664,Q408,RESIDES_IN,Location
Q4688560,Q408,RESIDES_IN,Location
Q105256111,Q408,RESIDES_IN,Location
Q21072712,Q408,RESIDES_IN,Location
Q4865988,Q408,RESIDES_IN,Location
Q24190452,Q408,RESIDES_IN,Location
Q1665336,Q408,RESIDES_IN,Location
Q7433164,Q408,RESIDES_IN,Location
Q7237029,Q408,RESIDES_IN,Location
Q107618413,Q408,RESIDES_IN,Location
Q70794867,Q408,RESIDES_IN,Location
Q176712,Q408,RESIDES_IN,Location
Q5062031,Q408,RESIDES_IN,Location
Q7392701,Q408,RESIDES_IN,Location
Q22080357,Q408,RESIDES_IN,Location
Q23023711,Q408,RESIDES_IN,Location
Q56872873,Q408,RESIDES_IN,Location
Q18162112,Q408,RESIDES_IN,Location
Q32860618,Q408,RESIDES_IN,Location
Q18712815,Q408,RESIDES_IN,Location
Q4997484,Q408,RESIDES_IN,Location
Q115188427,Q408,RESIDES_IN,Location
Q111569381,Q408,RESIDES_IN,Location
Q19872593,Q408,RESIDES_IN,Location
Q1438957,Q408,RESIDES_IN,Location
Q5185137,Q408,RESIDES_IN,Location
Q60028255,Q408,RESIDES_IN,Location
Q100605707,Q408,RESIDES_IN,Location
Q16920933,Q408,RESIDES_IN,Location
Q4941440,Q408,RESIDES_IN,Location
Q16383411,Q408,RESIDES_IN,Location
Q16927551,Q408,RESIDES_IN,Location
Q19876619,Q408,RESIDES_IN,Location
Q111080173,Q664,RESIDES_IN,Location
Q75341577,Q408,RESIDES_IN,Location
Q17039356,Q408,RESIDES_IN,Location
Q7685854,Q408,RESIDES_IN,Location
Q5173038,Q408,RESIDES_IN,Location
Q58903393,Q408,RESIDES_IN,Location
Q6456509,Q408,RESIDES_IN,Location
Q1887921,Q408,RESIDES_IN,Location
Q6430760,Q408,RESIDES_IN,Location
Q1479654,Q183,RESIDES_IN,Location
Q4056088,Q408,RESIDES_IN,Location
Q7538893,Q408,RESIDES_IN,Location
Q19589778,Q408,RESIDES_IN,Location
Q4824547,Q408,RESIDES_IN,Location
Q5280270,Q408,RESIDES_IN,Location
Q18164130,Q408,RESIDES_IN,Location
Q104713255,Q408,RESIDES_IN,Location
Q5004471,Q408,RESIDES_IN,Location
Q547341,Q408,RESIDES_IN,Location
Q7388435,Q408,RESIDES_IN,Location
Q55623457,Q408,RESIDES_IN,Location
Q17957,Q30,RESIDES_IN,Location
Q1053985,Q408,RESIDES_IN,Location
Q24189295,Q408,RESIDES_IN,Location
Q26205367,Q408,RESIDES_IN,Location
Q3817132,Q408,RESIDES_IN,Location
Q17118757,Q408,RESIDES_IN,Location
Q6177098,Q408,RESIDES_IN,Location
Q111591434,Q408,RESIDES_IN,Location
Q22907727,Q408,RESIDES_IN,Location
Q73822167,Q408,RESIDES_IN,Location
Q7306064,Q408,RESIDES_IN,Location
Q17009440,Q408,RESIDES_IN,Location
Q6316068,Q408,RESIDES_IN,Location
Q7988441,Q408,RESIDES_IN,Location
Q109842872,Q408,RESIDES_IN,Location
Q105392197,Q408,RESIDES_IN,Location
Q4896542,Q408,RESIDES_IN,Location
Q55696290,Q408,RESIDES_IN,Location
Q83988050,Q408,RESIDES_IN,Location
Q4959217,Q408,RESIDES_IN,Location
Q2046830,Q408,RESIDES_IN,Location
Q8034908,Q408,RESIDES_IN,Location
Q7758913,Q408,RESIDES_IN,Location
Q107329058,Q408,RESIDES_IN,Location
Q6939252,Q408,RESIDES_IN,Location
Q5154660,Q408,RESIDES_IN,Location
Q16961831,Q408,RESIDES_IN,Location
Q200687,Q408,RESIDES_IN,Location
Q63367573,Q408,RESIDES_IN,Location
Q7939276,Q408,RESIDES_IN,Location
Q19874622,Q408,RESIDES_IN,Location
Q7671152,Q408,RESIDES_IN,Location
Q714641,Q408,RESIDES_IN,Location
Q7336696,Q408,RESIDES_IN,Location
Q908144,Q408,RESIDES_IN,Location
Q4943790,Q30,RESIDES_IN,Location
Q28864757,Q408,RESIDES_IN,Location
Q1810152,Q408,RESIDES_IN,Location
Q33252867,Q408,RESIDES_IN,Location
Q6786513,Q408,RESIDES_IN,Location
Q390216,Q408,RESIDES_IN,Location
Q7946950,Q408,RESIDES_IN,Location
Q1816526,Q408,RESIDES_IN,Location
Q111372942,Q408,RESIDES_IN,Location
Q7164594,Q408,RESIDES_IN,Location
Q99337583,Q408,RESIDES_IN,Location
Q836945,Q408,RESIDES_IN,Location
Q295862,Q408,RESIDES_IN,Location
Q93324097,Q408,RESIDES_IN,Location
Q6811908,Q408,RESIDES_IN,Location
Q69595135,Q408,RESIDES_IN,Location
Q6955406,Q408,RESIDES_IN,Location
Q7266511,Q408,RESIDES_IN,Location
Q111631049,Q408,RESIDES_IN,Location
Q10387761,Q408,RESIDES_IN,Location
Q550239,Q408,RESIDES_IN,Location
Q288778,Q408,RESIDES_IN,Location
Q5664888,Q408,RESIDES_IN,Location
Q111812586,Q408,RESIDES_IN,Location
Q4943789,Q408,RESIDES_IN,Location
Q7457362,Q408,RESIDES_IN,Location
Q4914136,Q408,RESIDES_IN,Location
Q31287807,Q408,RESIDES_IN,Location
Q87940280,Q408,RESIDES_IN,Location
Q111081305,Q408,RESIDES_IN,Location
Q98760406,Q408,RESIDES_IN,Location
Q111080640,Q408,RESIDES_IN,Location
Q55642294,Q408,RESIDES_IN,Location
Q767627,Q408,RESIDES_IN,Location
Q29476140,Q408,RESIDES_IN,Location
Q5235753,Q408,RESIDES_IN,Location
Q111970125,Q408,RESIDES_IN,Location
Q7079486,Q408,RESIDES_IN,Location
Q64328922,Q30,RESIDES_IN,Location
Q63038103,Q408,RESIDES_IN,Location
Q7728614,Q408,RESIDES_IN,Location
Q18357355,Q408,RESIDES_IN,Location
Q7306270,Q408,RESIDES_IN,Location
Q732670,Q408,RESIDES_IN,Location
Q4930968,Q408,RESIDES_IN,Location
Q62130397,Q408,RESIDES_IN,Location
Q56679137,Q408,RESIDES_IN,Location
Q4856173,Q408,RESIDES_IN,Location
Q1819581,Q408,RESIDES_IN,Location
Q19875336,Q408,RESIDES_IN,Location
Q7593691,Q408,RESIDES_IN,Location
Q3162795,Q408,RESIDES_IN,Location
Q111081969,Q408,RESIDES_IN,Location
Q3570041,Q408,RESIDES_IN,Location
Q5375986,Q408,RESIDES_IN,Location
Q295261,Q408,RESIDES_IN,Location
Q23814886,Q408,RESIDES_IN,Location
Q16960614,Q408,RESIDES_IN,Location
Q781365,Q408,RESIDES_IN,Location
Q2666365,Q30,RESIDES_IN,Location
Q52384259,Q408,RESIDES_IN,Location
Q57473164,Q408,RESIDES_IN,Location
Q1478723,Q408,RESIDES_IN,Location
Q106335934,Q408,RESIDES_IN,Location
Q107966805,Q408,RESIDES_IN,Location
Q48802134,Q408,RESIDES_IN,Location
Q5322604,Q408,RESIDES_IN,Location
Q2916790,Q408,RESIDES_IN,Location
Q860621,Q408,RESIDES_IN,Location
Q7303547,Q408,RESIDES_IN,Location
Q106224590,Q408,RESIDES_IN,Location
Q6882393,Q408,RESIDES_IN,Location
Q18712966,Q408,RESIDES_IN,Location
Q6058627,Q408,RESIDES_IN,Location
Q106540728,Q408,RESIDES_IN,Location
Q110404593,Q408,RESIDES_IN,Location
Q4893510,Q408,RESIDES_IN,Location
Q110078187,Q408,RESIDES_IN,Location
Q7759033,Q408,RESIDES_IN,Location
Q4856817,Q408,RESIDES_IN,Location
Q1546185,Q408,RESIDES_IN,Location
Q1273272,Q408,RESIDES_IN,Location
Q107504217,Q408,RESIDES_IN,Location
Q7760092,Q408,RESIDES_IN,Location
Q104721339,Q408,RESIDES_IN,Location
Q17003842,Q408,RESIDES_IN,Location
Q17023122,Q408,RESIDES_IN,Location
Q19604562,Q408,RESIDES_IN,Location
Q63367667,Q408,RESIDES_IN,Location
Q50361038,Q408,RESIDES_IN,Location
Q17014978,Q408,RESIDES_IN,Location
Q23498528,Q408,RESIDES_IN,Location
Q18165984,Q408,RESIDES_IN,Location
Q17035376,Q408,RESIDES_IN,Location
Q109984648,Q408,RESIDES_IN,Location
Q7924717,Q408,RESIDES_IN,Location
Q5445924,Q408,RESIDES_IN,Location
Q7645153,Q408,RESIDES_IN,Location
Q6978710,Q408,RESIDES_IN,Location
Q69817901,Q408,RESIDES_IN,Location
Q18636393,Q408,RESIDES_IN,Location
Q4856370,Q408,RESIDES_IN,Location
Q19579890,Q408,RESIDES_IN,Location
Q18636678,Q408,RESIDES_IN,Location
Q379439,Q408,RESIDES_IN,Location
Q28183324,Q408,RESIDES_IN,Location
Q7982571,Q408,RESIDES_IN,Location
Q102124123,Q408,RESIDES_IN,Location
Q5876920,Q408,RESIDES_IN,Location
Q17056653,Q408,RESIDES_IN,Location
Q25184541,Q408,RESIDES_IN,Location
Q5296921,Q408,RESIDES_IN,Location
Q6720425,Q408,RESIDES_IN,Location
Q106014291,Q408,RESIDES_IN,Location
Q7579966,Q408,RESIDES_IN,Location
Q4596269,Q408,RESIDES_IN,Location
Q4748528,Q408,RESIDES_IN,Location
Q27826630,Q408,RESIDES_IN,Location
Q5299381,Q408,RESIDES_IN,Location
Q66191011,Q408,RESIDES_IN,Location
Q7197417,Q408,RESIDES_IN,Location
Q101214683,Q408,RESIDES_IN,Location
Q4850765,Q408,RESIDES_IN,Location
Q105055468,Q408,RESIDES_IN,Location
Q7017454,Q408,RESIDES_IN,Location
Q22906565,Q408,RESIDES_IN,Location
Q29281,Q408,RESIDES_IN,Location
Q30306779,Q408,RESIDES_IN,Location
Q17001319,Q408,RESIDES_IN,Location
Q108874194,Q408,RESIDES_IN,Location
Q5184985,Q408,RESIDES_IN,Location
Q7418330,Q408,RESIDES_IN,Location
Q104636302,Q408,RESIDES_IN,Location
Q106234391,Q408,RESIDES_IN,Location
Q56054886,Q408,RESIDES_IN,Location
Q58898260,Q408,RESIDES_IN,Location
Q21031539,Q408,RESIDES_IN,Location
Q17021875,Q408,RESIDES_IN,Location
Q18643770,Q408,RESIDES_IN,Location
Q4412342,Q408,RESIDES_IN,Location
Q5516335,Q408,RESIDES_IN,Location
Q7865404,Q408,RESIDES_IN,Location
Q108396892,Q408,RESIDES_IN,Location
Q17028097,Q408,RESIDES_IN,Location
Q108444709,Q408,RESIDES_IN,Location
Q96016136,Q30,RESIDES_IN,Location
Q19874631,Q408,RESIDES_IN,Location
Q15995209,Q408,RESIDES_IN,Location
Q739558,Q408,RESIDES_IN,Location
Q7686519,Q408,RESIDES_IN,Location
Q7271738,Q408,RESIDES_IN,Location
Q18330880,Q408,RESIDES_IN,Location
Q780477,Q408,RESIDES_IN,Location
Q1478700,Q408,RESIDES_IN,Location
Q7039137,Q408,RESIDES_IN,Location
Q72772310,Q408,RESIDES_IN,Location
Q104720777,Q408,RESIDES_IN,Location
Q28135184,Q408,RESIDES_IN,Location
Q4859570,Q408,RESIDES_IN,Location
Q1066188,Q408,RESIDES_IN,Location
Q5130347,Q408,RESIDES_IN,Location
Q2031726,Q408,RESIDES_IN,Location
Q18166370,Q408,RESIDES_IN,Location
Q83728,Q408,RESIDES_IN,Location
Q115203032,Q408,RESIDES_IN,Location
Q29000794,Q408,RESIDES_IN,Location
Q107158845,Q408,RESIDES_IN,Location
Q1064071,Q408,RESIDES_IN,Location
Q7800671,Q408,RESIDES_IN,Location
Q95596878,Q408,RESIDES_IN,Location
Q19875658,Q408,RESIDES_IN,Location
Q56677707,Q408,RESIDES_IN,Location
Q7927244,Q408,RESIDES_IN,Location
Q319078,Q408,RESIDES_IN,Location
Q7752057,Q408,RESIDES_IN,Location
Q6662220,Q408,RESIDES_IN,Location
Q6836235,Q408,RESIDES_IN,Location
Q105710085,Q408,RESIDES_IN,Location
Q4863584,Q408,RESIDES_IN,Location
Q112649453,Q408,RESIDES_IN,Location
Q19879911,Q408,RESIDES_IN,Location
Q5665029,Q408,RESIDES_IN,Location
Q1634594,Q408,RESIDES_IN,Location
Q6792893,Q408,RESIDES_IN,Location
Q78945358,Q408,RESIDES_IN,Location
Q106014671,Q408,RESIDES_IN,Location
Q862718,Q408,RESIDES_IN,Location
Q5922976,Q408,RESIDES_IN,Location
Q5357218,Q408,RESIDES_IN,Location
Q105612281,Q408,RESIDES_IN,Location
Q109626904,Q408,RESIDES_IN,Location
Q6166759,Q408,RESIDES_IN,Location
Q32491,Q408,RESIDES_IN,Location
Q18164803,Q408,RESIDES_IN,Location
Q1108172,Q408,RESIDES_IN,Location
Q1180978,Q408,RESIDES_IN,Location
Q7643119,Q408,RESIDES_IN,Location
Q1066620,Q408,RESIDES_IN,Location
Q2283837,Q408,RESIDES_IN,Location
Q17005474,Q408,RESIDES_IN,Location
Q63367543,Q408,RESIDES_IN,Location
Q63367373,Q408,RESIDES_IN,Location
Q3338230,Q408,RESIDES_IN,Location
Q106773031,Q408,RESIDES_IN,Location
Q107215601,Q408,RESIDES_IN,Location
Q19874482,Q408,RESIDES_IN,Location
Q111531672,Q408,RESIDES_IN,Location
Q105883436,Q408,RESIDES_IN,Location
Q5973461,Q408,RESIDES_IN,Location
Q6715540,Q408,RESIDES_IN,Location
Q102863175,Q408,RESIDES_IN,Location
Q5096274,Q408,RESIDES_IN,Location
Q111527092,Q408,RESIDES_IN,Location
Q5501489,Q408,RESIDES_IN,Location
Q3339152,Q408,RESIDES_IN,Location
Q61930516,Q30,RESIDES_IN,Location
Q7726599,Q408,RESIDES_IN,Location
Q5014668,Q408,RESIDES_IN,Location
Q6693996,Q408,RESIDES_IN,Location
Q4897236,Q408,RESIDES_IN,Location
Q7380542,Q408,RESIDES_IN,Location
Q7754381,Q408,RESIDES_IN,Location
Q92282905,Q408,RESIDES_IN,Location
Q19589751,Q408,RESIDES_IN,Location
Q1200904,Q408,RESIDES_IN,Location
Q47455664,Q408,RESIDES_IN,Location
Q1976628,Q408,RESIDES_IN,Location
Q109719064,Q408,RESIDES_IN,Location
Q18636313,Q408,RESIDES_IN,Location
Q5377920,Q408,RESIDES_IN,Location
Q5970945,Q408,RESIDES_IN,Location
Q112407058,Q408,RESIDES_IN,Location
Q113826587,Q408,RESIDES_IN,Location
Q6425763,Q408,RESIDES_IN,Location
Q4822520,Q408,RESIDES_IN,Location
Q111355745,Q408,RESIDES_IN,Location
Q7242652,Q408,RESIDES_IN,Location
Q105846396,Q408,RESIDES_IN,Location
Q98280239,Q408,RESIDES_IN,Location
Q17986656,Q408,RESIDES_IN,Location
Q48797459,Q408,RESIDES_IN,Location
Q113961498,Q408,RESIDES_IN,Location
Q4887077,Q408,RESIDES_IN,Location
Q598841,1_employee_count,EMPLOYEE_COUNT_BAND,Quant_Metric
Q4997829,5_employee_count,EMPLOYEE_COUNT_BAND,Quant_Metric
Q683146,1_employee_count,EMPLOYEE_COUNT_BAND,Quant_Metric
Q138736,2_employee_count,EMPLOYEE_COUNT_BAND,Quant_Metric
Q285328,9_employee_count,EMPLOYEE_COUNT_BAND,Quant_Metric
Q721162,6_employee_count,EMPLOYEE_COUNT_BAND,Quant_Metric
Q1430985,7_employee_count,EMPLOYEE_COUNT_BAND,Quant_Metric
Q865038,1_employee_count,EMPLOYEE_COUNT_BAND,Quant_Metric
Q1142936,6_employee_count,EMPLOYEE_COUNT_BAND,Quant_Metric
Q625713,9_employee_count,EMPLOYEE_COUNT_BAND,Quant_Metric
Q295261,1_employee_count,EMPLOYEE_COUNT_BAND,Quant_Metric
Q2031726,7_employee_count,EMPLOYEE_COUNT_BAND,Quant_Metric
Q32491,5_employee_count,EMPLOYEE_COUNT_BAND,Quant_Metric
Q1200904,2_employee_count,EMPLOYEE_COUNT_BAND,Quant_Metric
Q625713,9_profit,PROFIT_BAND,Quant_Metric
Q32491,2_profit,PROFIT_BAND,Quant_Metric
Q625713,9_assets,ASSETS_BAND,Quant_Metric
Q32491,1_assets,ASSETS_BAND,Quant_Metric
Q625713,9_equity,EQUITY_BAND,Quant_Metric
Q3110722,2_market_cap,MARKET_CAP_BAND,Quant_Metric
Q138736,1_market_cap,MARKET_CAP_BAND,Quant_Metric
Q285328,9_market_cap,MARKET_CAP_BAND,Quant_Metric
Q721162,2_market_cap,MARKET_CAP_BAND,Quant_Metric
Q908265,8_market_cap,MARKET_CAP_BAND,Quant_Metric
Q1430985,5_market_cap,MARKET_CAP_BAND,Quant_Metric
Q460307,1_market_cap,MARKET_CAP_BAND,Quant_Metric
Q55639119,2_market_cap,MARKET_CAP_BAND,Quant_Metric
Q625713,6_market_cap,MARKET_CAP_BAND,Quant_Metric
Q1438957,3_market_cap,MARKET_CAP_BAND,Quant_Metric
Q714641,4_market_cap,MARKET_CAP_BAND,Quant_Metric
Q908144,4_market_cap,MARKET_CAP_BAND,Quant_Metric
Q836945,1_market_cap,MARKET_CAP_BAND,Quant_Metric
Q732670,1_market_cap,MARKET_CAP_BAND,Quant_Metric
Q2031726,4_market_cap,MARKET_CAP_BAND,Quant_Metric
Q1200904,4_market_cap,MARKET_CAP_BAND,Quant_Metric
