company_id,val_id,edge_typ,node_typ
Q12812126,Q1727518,INDUSTRY,Industry
Q640497,Q581105,INDUSTRY,Industry
Q322962,Q837171,INDUSTRY,Industry
Q2212029,Q13405640,INDUSTRY,Industry
Q2212029, Q11828862,INDUSTRY,Industry
Q2212029, Q1660132,INDUSTRY,Industry
Q2212029, Q49389,INDUSTRY,Industry
Q4947455,Q862571,INDUSTRY,Industry
Q18015543,Q11828862,INDUSTRY,Industry
Q1140939,Q862571,INDUSTRY,Industry
Q17515320,Q187939,INDUSTRY,Industry
Q24959818,Q193424,INDUSTRY,Industry
Q24959818, Q166142,INDUSTRY,Industry
Q24959818, Q11016,INDUSTRY,Industry
Q14365850,Q385378,INDUSTRY,Industry
Q5642504,Q1416657,INDUSTRY,Industry
Q675808,Q171141,INDUSTRY,Industry
Q28729859,Q11828862,INDUSTRY,Industry
Q2352604,Q941594,INDUSTRY,Industry
Q17372600,Q837171,INDUSTRY,Industry
Q106915928,Q7397,INDUSTRY,Industry
Q5039494,Q8486,INDUSTRY,Industry
Q88802009,Q76214980,INDUSTRY,Industry
Q6094978,Q2072431,INDUSTRY,Industry
Q6094978, Q155930,INDUSTRY,Industry
Q1136056,Q190117,INDUSTRY,Industry
Q42114490,Q56598901,INDUSTRY,Industry
Q42114490, Q25245117,INDUSTRY,Industry
Q8049138,Q1416657,INDUSTRY,Industry
Q6078167,Q746359,INDUSTRY,Industry
Q2072196,Q15078788,INDUSTRY,Industry
Q2072196, Q3972943,INDUSTRY,Industry
Q85532908,Q837171,INDUSTRY,Industry
Q85532908, Q806718,INDUSTRY,Industry
Q6041719,Q11828862,INDUSTRY,Industry
Q98456772,Q126793,INDUSTRY,Industry
Q54258978,Q941594,INDUSTRY,Industry
Q85970774,Q2334804,INDUSTRY,Industry
Q12811293,Q837171,INDUSTRY,Industry
Q635836,Q209588,INDUSTRY,Industry
Q1784943,Q56598901,INDUSTRY,Industry
Q1784943, Q25245117,INDUSTRY,Industry
Q4750772,Q837171,INDUSTRY,Industry
Q6052726,Q12334006,INDUSTRY,Industry
Q6052726, Q493016,INDUSTRY,Industry
Q6052726, Q49389,INDUSTRY,Industry
Q6046717,Q101333,INDUSTRY,Industry
Q1416237,Q1416657,INDUSTRY,Industry
Q1416237, Q837171,INDUSTRY,Industry
Q1416237, Q806718,INDUSTRY,Industry
Q477436,Q192283,INDUSTRY,Industry
Q20473304,Q484847,INDUSTRY,Industry
Q22312972,Q11828862,INDUSTRY,Industry
Q22312972, Q607081,INDUSTRY,Industry
Q22312972, Q12684,INDUSTRY,Industry
Q6057541,Q126793,INDUSTRY,Industry
Q4709417,Q837171,INDUSTRY,Industry
Q6051265,Q651658,INDUSTRY,Industry
Q1734420,Q190117,INDUSTRY,Industry
Q6037320,Q3972943,INDUSTRY,Industry
Q5426786,Q392933,INDUSTRY,Industry
Q2002470,Q2876213,INDUSTRY,Industry
Q2002470, Q258307,INDUSTRY,Industry
Q2002470, Q418,INDUSTRY,Industry
Q4750773,Q837171,INDUSTRY,Industry
Q218006,Q126793,INDUSTRY,Industry
Q24911240,Q941594,INDUSTRY,Industry
Q19610384,Q29584363,INDUSTRY,Industry
Q416624,Q22687,INDUSTRY,Industry
Q4855899,Q837171,INDUSTRY,Industry
Q4046730,Q862571,INDUSTRY,Industry
Q1278087,Q1356889,INDUSTRY,Industry
Q20472928,Q540912,INDUSTRY,Industry
Q6036058,Q1416657,INDUSTRY,Industry
Q6036058, Q837171,INDUSTRY,Industry
Q6036058, Q806718,INDUSTRY,Industry
Q5628993,Q11650,INDUSTRY,Industry
Q683816,Q192283,INDUSTRY,Industry
Q6034496,Q15825471,INDUSTRY,Industry
Q6009987,Q540912,INDUSTRY,Industry
Q6035800,Q190117,INDUSTRY,Industry
Q4952569,Q126793,INDUSTRY,Industry
Q1306571,Q778575,INDUSTRY,Industry
Q1911924,Q607081,INDUSTRY,Industry
Q19613992,Q126793,INDUSTRY,Industry
Q101252542,Q941594,INDUSTRY,Industry
Q1022075,Q126793,INDUSTRY,Industry
Q24914175,Q41253,INDUSTRY,Industry
Q1631623,Q670113,INDUSTRY,Industry
Q5446343,Q837171,INDUSTRY,Industry
Q2191408,Q581105,INDUSTRY,Industry
Q6090601,Q484847,INDUSTRY,Industry
Q112131968,Q941594,INDUSTRY,Industry
Q263700,Q25245117,INDUSTRY,Industry
Q19611974,Q178512,INDUSTRY,Industry
Q19611974, Q49389,INDUSTRY,Industry
Q19611974, Q5638,INDUSTRY,Industry
Q297600,Q392933,INDUSTRY,Industry
Q25475379,Q14745,INDUSTRY,Industry
Q283852,Q56598901,INDUSTRY,Industry
Q283852, Q25245117,INDUSTRY,Industry
Q26734729,Q1495452,INDUSTRY,Industry
Q1115064,Q1416657,INDUSTRY,Industry
Q1115064, Q837171,INDUSTRY,Industry
Q28220824,Q177777,INDUSTRY,Industry
Q1404654,Q126793,INDUSTRY,Industry
Q6095754,Q385378,INDUSTRY,Industry
Q3079259,Q49845,INDUSTRY,Industry
Q7072824,Q862571,INDUSTRY,Industry
Q909613,Q29584334,INDUSTRY,Industry
Q909613, Q1416657,INDUSTRY,Industry
Q909613, Q837171,INDUSTRY,Industry
Q909613, Q806718,INDUSTRY,Industry
Q16844020,Q49389,INDUSTRY,Industry
Q16844020, Q46970,INDUSTRY,Industry
Q334789,Q540912,INDUSTRY,Industry
Q4548,Q765633,INDUSTRY,Industry
Q7862447,Q1416657,INDUSTRY,Industry
Q7862447, Q837171,INDUSTRY,Industry
Q7862447, Q806718,INDUSTRY,Industry
Q6039733,Q190117,INDUSTRY,Industry
Q5912133,Q1495452,INDUSTRY,Industry
Q343557,Q11033,INDUSTRY,Industry
Q6038310,Q11828862,INDUSTRY,Industry
Q107507185,Q100269062,INDUSTRY,Industry
Q7671959,Q25245117,INDUSTRY,Industry
Q7671959, Q11371,INDUSTRY,Industry
Q1148521,Q837171,INDUSTRY,Industry
Q696003,Q837171,INDUSTRY,Industry
Q4736403,Q22687,INDUSTRY,Industry
Q6090589,Q540912,INDUSTRY,Industry
Q106259291,Q11828862,INDUSTRY,Industry
Q110013577,Q941594,INDUSTRY,Industry
Q499967,Q249556,INDUSTRY,Industry
Q206228,Q190117,INDUSTRY,Industry
Q206228, Q187939,INDUSTRY,Industry
Q283852,Q62429543,CEO,Person
Q283852, Q56299206,CEO,Person
Q4548,Q60056285,CEO,Person
Q4548, Q7698068,CEO,Person
Q2212029,Q99314,CHAIRMAN,Person
Q580829,Q23817662,CHAIRMAN,Person
Q81378907,Q81384655,CHAIRMAN,Person
Q6037320,Q6045741,CHAIRMAN,Person
Q1306571,Q6045741,CHAIRMAN,Person
Q12812126,Q1020643,HEADQUARTERS,Location
Q6084252,Q406,HEADQUARTERS,Location
Q640497,Q406,HEADQUARTERS,Location
Q78594306,Q938548,HEADQUARTERS,Location
Q1509957,Q171031,HEADQUARTERS,Location
Q3671573,Q80550,HEADQUARTERS,Location
Q322962,Q406,HEADQUARTERS,Location
Q5005278,Q187895,HEADQUARTERS,Location
Q2212029,Q406,HEADQUARTERS,Location
Q819402,Q406,HEADQUARTERS,Location
Q19612269,Q208005,HEADQUARTERS,Location
Q4947455,Q406,HEADQUARTERS,Location
Q31188912,Q406,HEADQUARTERS,Location
Q18015543,Q406,HEADQUARTERS,Location
Q1140939,Q3640,HEADQUARTERS,Location
Q1235258,Q35997,HEADQUARTERS,Location
Q6089124,Q79857,HEADQUARTERS,Location
Q5636741,Q217411,HEADQUARTERS,Location
Q48299960,Q406,HEADQUARTERS,Location
Q19313474,Q406,HEADQUARTERS,Location
Q17515320,Q188894,HEADQUARTERS,Location
Q28008050,Q406,HEADQUARTERS,Location
Q7909026,Q406,HEADQUARTERS,Location
Q1922090,Q134291,HEADQUARTERS,Location
Q110454434,Q406,HEADQUARTERS,Location
Q924465,Q211811,HEADQUARTERS,Location
Q14365850,Q406,HEADQUARTERS,Location
Q5642504,Q3640,HEADQUARTERS,Location
Q675808,Q84,HEADQUARTERS,Location
Q7370229,Q1519,HEADQUARTERS,Location
Q568226,Q746516,HEADQUARTERS,Location
Q3247377,Q40738,HEADQUARTERS,Location
Q2352604,Q3640,HEADQUARTERS,Location
Q106915928,Q35997,HEADQUARTERS,Location
Q5039494,Q929519,HEADQUARTERS,Location
Q5039494, Q36091,HEADQUARTERS,Location
Q88802009,Q406,HEADQUARTERS,Location
Q6094978,Q40738,HEADQUARTERS,Location
Q1136056,Q406,HEADQUARTERS,Location
Q3572167,Q406,HEADQUARTERS,Location
Q192964,Q406,HEADQUARTERS,Location
Q8049138,Q406,HEADQUARTERS,Location
Q6100422,Q483180,HEADQUARTERS,Location
Q1496662,Q3640,HEADQUARTERS,Location
Q4053185,Q6487,HEADQUARTERS,Location
Q50898859,Q406,HEADQUARTERS,Location
Q1142874,Q174060,HEADQUARTERS,Location
Q6097181,Q3640,HEADQUARTERS,Location
Q6078167,Q406,HEADQUARTERS,Location
Q1815813,Q791567,HEADQUARTERS,Location
Q2072196,Q406,HEADQUARTERS,Location
Q109128772,Q406,HEADQUARTERS,Location
Q580829,Q3640,HEADQUARTERS,Location
Q19612080,Q406,HEADQUARTERS,Location
Q6034611,Q390637,HEADQUARTERS,Location
Q105406443,Q40249,HEADQUARTERS,Location
Q54258978,Q406,HEADQUARTERS,Location
Q327147,Q746516,HEADQUARTERS,Location
Q327147, Q406,HEADQUARTERS,Location
Q7937213,Q406,HEADQUARTERS,Location
Q85970774,Q459495,HEADQUARTERS,Location
Q12811293,Q406,HEADQUARTERS,Location
Q25477689,Q406,HEADQUARTERS,Location
Q635836,Q406,HEADQUARTERS,Location
Q1550686,Q83965,HEADQUARTERS,Location
Q10952014,Q80561,HEADQUARTERS,Location
Q18639164,Q406,HEADQUARTERS,Location
Q6093056,Q3640,HEADQUARTERS,Location
Q6944541,Q123934,HEADQUARTERS,Location
Q6070301,Q3640,HEADQUARTERS,Location
Q1784943,Q406,HEADQUARTERS,Location
Q81378907,Q794356,HEADQUARTERS,Location
Q4750772,Q406,HEADQUARTERS,Location
Q5194072,Q107401,HEADQUARTERS,Location
Q757295,Q406,HEADQUARTERS,Location
Q6052726,Q40738,HEADQUARTERS,Location
Q12810915,Q79846,HEADQUARTERS,Location
Q17513880,Q534799,HEADQUARTERS,Location
Q6046717,Q406,HEADQUARTERS,Location
Q20026900,Q24639,HEADQUARTERS,Location
Q1416237,Q48898,HEADQUARTERS,Location
Q4701750,Q182025,HEADQUARTERS,Location
Q477436,Q43,HEADQUARTERS,Location
Q6081316,Q432391,HEADQUARTERS,Location
Q106905217,Q406,HEADQUARTERS,Location
Q20473304,Q406,HEADQUARTERS,Location
Q22312972,Q406,HEADQUARTERS,Location
Q1718685,Q83069,HEADQUARTERS,Location
Q4709417,Q406,HEADQUARTERS,Location
Q3073363,Q406,HEADQUARTERS,Location
Q1627814,Q79857,HEADQUARTERS,Location
Q6051265,Q406,HEADQUARTERS,Location
Q1734420,Q40738,HEADQUARTERS,Location
Q5426786,Q1020643,HEADQUARTERS,Location
Q1754510,Q43,HEADQUARTERS,Location
Q2002470,Q3640,HEADQUARTERS,Location
Q4750773,Q406,HEADQUARTERS,Location
Q6073794,Q80036,HEADQUARTERS,Location
Q24911240,Q406,HEADQUARTERS,Location
Q931084,Q219244,HEADQUARTERS,Location
Q931084, Q60,HEADQUARTERS,Location
Q1091884,Q43,HEADQUARTERS,Location
Q1453488,Q406,HEADQUARTERS,Location
Q6048050,Q406,HEADQUARTERS,Location
Q12809694,Q201095,HEADQUARTERS,Location
Q416624,Q406,HEADQUARTERS,Location
Q4855899,Q406,HEADQUARTERS,Location
Q20472219,Q43,HEADQUARTERS,Location
Q2143214,Q406,HEADQUARTERS,Location
Q1964403,Q182009,HEADQUARTERS,Location
Q4046730,Q996748,HEADQUARTERS,Location
Q1278087,Q406,HEADQUARTERS,Location
Q6042498,Q48338,HEADQUARTERS,Location
Q6085091,Q406,HEADQUARTERS,Location
Q327799,Q12812591,HEADQUARTERS,Location
Q17507971,Q79857,HEADQUARTERS,Location
Q28940551,Q406,HEADQUARTERS,Location
Q6098422,Q209925,HEADQUARTERS,Location
Q6017453,Q406,HEADQUARTERS,Location
Q20472928,Q35997,HEADQUARTERS,Location
Q3674402,Q482834,HEADQUARTERS,Location
Q6084324,Q3640,HEADQUARTERS,Location
Q5628993,Q3640,HEADQUARTERS,Location
Q683816,Q406,HEADQUARTERS,Location
Q6058218,Q406,HEADQUARTERS,Location
Q6034496,Q406,HEADQUARTERS,Location
Q4690863,Q45220,HEADQUARTERS,Location
Q6009972,Q406,HEADQUARTERS,Location
Q16850737,Q35997,HEADQUARTERS,Location
Q1491731,Q406,HEADQUARTERS,Location
Q47165503,Q217411,HEADQUARTERS,Location
Q2254240,Q406,HEADQUARTERS,Location
Q50842753,Q406,HEADQUARTERS,Location
Q6009987,Q214651,HEADQUARTERS,Location
Q6049713,Q406,HEADQUARTERS,Location
Q12060584,Q406,HEADQUARTERS,Location
Q4952569,Q1050148,HEADQUARTERS,Location
Q6077569,Q406,HEADQUARTERS,Location
Q1306571,Q406,HEADQUARTERS,Location
Q8047517,Q205942,HEADQUARTERS,Location
Q1911924,Q406,HEADQUARTERS,Location
Q19612159,Q406,HEADQUARTERS,Location
Q1479225,Q406,HEADQUARTERS,Location
Q7513486,Q185084,HEADQUARTERS,Location
Q1022075,Q43,HEADQUARTERS,Location
Q7042323,Q194146,HEADQUARTERS,Location
Q4823749,Q388995,HEADQUARTERS,Location
Q660062,Q406,HEADQUARTERS,Location
Q17373410,Q406,HEADQUARTERS,Location
Q6045586,Q35997,HEADQUARTERS,Location
Q20471638,Q6074230,HEADQUARTERS,Location
Q2767515,Q459495,HEADQUARTERS,Location
Q108666247,Q168866,HEADQUARTERS,Location
Q1543309,Q406,HEADQUARTERS,Location
Q1631623,Q406,HEADQUARTERS,Location
Q5446343,Q406,HEADQUARTERS,Location
Q6090601,Q406,HEADQUARTERS,Location
Q112131968,Q406,HEADQUARTERS,Location
Q1278023,Q82096,HEADQUARTERS,Location
Q6059990,Q206879,HEADQUARTERS,Location
Q263700,Q3640,HEADQUARTERS,Location
Q17116336,Q134703,HEADQUARTERS,Location
Q19611974,Q406,HEADQUARTERS,Location
Q893310,Q406,HEADQUARTERS,Location
Q297600,Q3640,HEADQUARTERS,Location
Q6089196,Q211805,HEADQUARTERS,Location
Q169939,Q6487,HEADQUARTERS,Location
Q6068396,Q406,HEADQUARTERS,Location
Q114602865,Q406,HEADQUARTERS,Location
Q283852,Q406,HEADQUARTERS,Location
Q6059861,Q6487,HEADQUARTERS,Location
Q6059861, Q406,HEADQUARTERS,Location
Q1115064,Q406,HEADQUARTERS,Location
Q7669991,Q48898,HEADQUARTERS,Location
Q28220824,Q3640,HEADQUARTERS,Location
Q272951,Q38545,HEADQUARTERS,Location
Q6088369,Q406,HEADQUARTERS,Location
Q574575,Q459495,HEADQUARTERS,Location
Q6042684,Q859621,HEADQUARTERS,Location
Q108618614,Q406,HEADQUARTERS,Location
Q845682,Q43387,HEADQUARTERS,Location
Q4765940,Q3640,HEADQUARTERS,Location
Q1404654,Q932886,HEADQUARTERS,Location
Q6088582,Q406,HEADQUARTERS,Location
Q6095754,Q406,HEADQUARTERS,Location
Q343136,Q406,HEADQUARTERS,Location
Q114469584,Q406,HEADQUARTERS,Location
Q3079259,Q3640,HEADQUARTERS,Location
Q909613,Q3640,HEADQUARTERS,Location
Q909613, Q406,HEADQUARTERS,Location
Q4121023,Q406,HEADQUARTERS,Location
Q16844020,Q406,HEADQUARTERS,Location
Q483676,Q3640,HEADQUARTERS,Location
Q1100424,Q857056,HEADQUARTERS,Location
Q1100424, Q406,HEADQUARTERS,Location
Q334789,Q406,HEADQUARTERS,Location
Q4548,Q406,HEADQUARTERS,Location
Q6094691,Q406,HEADQUARTERS,Location
Q7862447,Q406,HEADQUARTERS,Location
Q6039733,Q206116,HEADQUARTERS,Location
Q6082816,Q639240,HEADQUARTERS,Location
Q305507,Q200951,HEADQUARTERS,Location
Q89044739,Q406,HEADQUARTERS,Location
Q1137136,Q6487,HEADQUARTERS,Location
Q343557,Q406,HEADQUARTERS,Location
Q107507185,Q390637,HEADQUARTERS,Location
Q1496654,Q93338,HEADQUARTERS,Location
Q6075854,Q406,HEADQUARTERS,Location
Q7671959,Q406,HEADQUARTERS,Location
Q6103980,Q193445,HEADQUARTERS,Location
Q15946806,Q3640,HEADQUARTERS,Location
Q86841545,Q406,HEADQUARTERS,Location
Q28605866,Q43,HEADQUARTERS,Location
Q6552441,Q202195,HEADQUARTERS,Location
Q1148521,Q406,HEADQUARTERS,Location
Q2096577,Q3640,HEADQUARTERS,Location
Q753778,Q122803,HEADQUARTERS,Location
Q696003,Q3640,HEADQUARTERS,Location
Q2098195,Q746516,HEADQUARTERS,Location
Q21202,Q406,HEADQUARTERS,Location
Q4853224,Q47117,HEADQUARTERS,Location
Q4736403,Q406,HEADQUARTERS,Location
Q6090589,Q168866,HEADQUARTERS,Location
Q114837130,Q406,HEADQUARTERS,Location
Q28605887,Q406,HEADQUARTERS,Location
Q31191750,Q406,HEADQUARTERS,Location
Q1060621,Q3640,HEADQUARTERS,Location
Q110013577,Q406,HEADQUARTERS,Location
Q114356225,Q406,HEADQUARTERS,Location
Q109327834,Q406,HEADQUARTERS,Location
Q1567050,Q3640,HEADQUARTERS,Location
Q50221220,Q406,HEADQUARTERS,Location
Q595840,Q483191,HEADQUARTERS,Location
Q47240439,Q406,HEADQUARTERS,Location
Q4902531,Q406,HEADQUARTERS,Location
Q1424081,Q406,HEADQUARTERS,Location
Q1093258,Q406,HEADQUARTERS,Location
Q28940710,Q43,HEADQUARTERS,Location
Q499967,Q3640,HEADQUARTERS,Location
Q11136363,Q483168,HEADQUARTERS,Location
Q864960,Q390637,HEADQUARTERS,Location
Q31188182,Q406,HEADQUARTERS,Location
Q206228,Q83069,HEADQUARTERS,Location
Q5445352,Q406,HEADQUARTERS,Location
Q113278691,Q6487,HEADQUARTERS,Location
Q3306835,Q168866,HEADQUARTERS,Location
Q28736447,Q534799,HEADQUARTERS,Location
Q109533007,Q35997,HEADQUARTERS,Location
Q4810943,Q48338,HEADQUARTERS,Location
Q6586561,Q131293,HEADQUARTERS,Location
Q61687618,Q4806513,GROUPED_IN,Group
Q50842753,Q1193155,GROUPED_IN,Group
Q283852,Q1453594,GROUPED_IN,Group
Q113278691,Q24046660,GROUPED_IN,Group
Q12812126,Q43,RESIDES_IN,Location
Q6084252,Q43,RESIDES_IN,Location
Q28940735,Q43,RESIDES_IN,Location
Q640497,Q43,RESIDES_IN,Location
Q106749304,Q43,RESIDES_IN,Location
Q272576,Q43,RESIDES_IN,Location
Q78594306,Q43,RESIDES_IN,Location
Q1509957,Q43,RESIDES_IN,Location
Q3671573,Q43,RESIDES_IN,Location
Q763682,Q43,RESIDES_IN,Location
Q322962,Q43,RESIDES_IN,Location
Q5005278,Q43,RESIDES_IN,Location
Q2212029,Q43,RESIDES_IN,Location
Q105046246,Q43,RESIDES_IN,Location
Q819402,Q43,RESIDES_IN,Location
Q5385213,Q43,RESIDES_IN,Location
Q19612269,Q43,RESIDES_IN,Location
Q4947455,Q43,RESIDES_IN,Location
Q50431576,Q43,RESIDES_IN,Location
Q31188912,Q43,RESIDES_IN,Location
Q18015543,Q43,RESIDES_IN,Location
Q1140939,Q43,RESIDES_IN,Location
Q28940516,Q43,RESIDES_IN,Location
Q1235258,Q43,RESIDES_IN,Location
Q6089124,Q43,RESIDES_IN,Location
Q5636741,Q43,RESIDES_IN,Location
Q28940498,Q43,RESIDES_IN,Location
Q48299960,Q43,RESIDES_IN,Location
Q19313474,Q43,RESIDES_IN,Location
Q17515320,Q43,RESIDES_IN,Location
Q28729986,Q43,RESIDES_IN,Location
Q6057571,Q43,RESIDES_IN,Location
Q24959818,Q30,RESIDES_IN,Location
Q28008050,Q43,RESIDES_IN,Location
Q7909026,Q43,RESIDES_IN,Location
Q1922090,Q43,RESIDES_IN,Location
Q110454434,Q43,RESIDES_IN,Location
Q924465,Q43,RESIDES_IN,Location
Q6092740,Q43,RESIDES_IN,Location
Q14365850,Q43,RESIDES_IN,Location
Q5642504,Q43,RESIDES_IN,Location
Q675808,Q43,RESIDES_IN,Location
Q28729859,Q43,RESIDES_IN,Location
Q7370229,Q398,RESIDES_IN,Location
Q568226,Q43,RESIDES_IN,Location
Q3247377,Q43,RESIDES_IN,Location
Q2352604,Q43,RESIDES_IN,Location
Q28940529,Q43,RESIDES_IN,Location
Q17372600,Q43,RESIDES_IN,Location
Q106915928,Q43,RESIDES_IN,Location
Q5039494,Q43,RESIDES_IN,Location
Q28940707,Q43,RESIDES_IN,Location
Q88802009,Q43,RESIDES_IN,Location
Q6094978,Q43,RESIDES_IN,Location
Q1136056,Q43,RESIDES_IN,Location
Q42114490,Q43,RESIDES_IN,Location
Q106803706,Q43,RESIDES_IN,Location
Q3572167,Q43,RESIDES_IN,Location
Q192964,Q43,RESIDES_IN,Location
Q28940760,Q43,RESIDES_IN,Location
Q8049138,Q43,RESIDES_IN,Location
Q6100422,Q43,RESIDES_IN,Location
Q1496662,Q43,RESIDES_IN,Location
Q6103457,Q43,RESIDES_IN,Location
Q4053185,Q43,RESIDES_IN,Location
Q50898859,Q43,RESIDES_IN,Location
Q1142874,Q43,RESIDES_IN,Location
Q19610501,Q43,RESIDES_IN,Location
Q3088422,Q43,RESIDES_IN,Location
Q6097181,Q43,RESIDES_IN,Location
Q6078167,Q43,RESIDES_IN,Location
Q1815813,Q43,RESIDES_IN,Location
Q28729960,Q43,RESIDES_IN,Location
Q28940580,Q43,RESIDES_IN,Location
Q2072196,Q43,RESIDES_IN,Location
Q85532908,Q43,RESIDES_IN,Location
Q1297001,Q43,RESIDES_IN,Location
Q6041719,Q43,RESIDES_IN,Location
Q28940548,Q43,RESIDES_IN,Location
Q109128772,Q43,RESIDES_IN,Location
Q580829,Q43,RESIDES_IN,Location
Q98456772,Q148,RESIDES_IN,Location
Q71426159,Q43,RESIDES_IN,Location
Q19612080,Q43,RESIDES_IN,Location
Q6034611,Q43,RESIDES_IN,Location
Q28940770,Q43,RESIDES_IN,Location
Q106803959,Q43,RESIDES_IN,Location
Q105406443,Q43,RESIDES_IN,Location
Q54258978,Q43,RESIDES_IN,Location
Q327147,Q43,RESIDES_IN,Location
Q97599073,Q43,RESIDES_IN,Location
Q106803132,Q43,RESIDES_IN,Location
Q7937213,Q43,RESIDES_IN,Location
Q19612892,Q43,RESIDES_IN,Location
Q85970774,Q43,RESIDES_IN,Location
Q12811293,Q43,RESIDES_IN,Location
Q50353048,Q43,RESIDES_IN,Location
Q33035435,Q43,RESIDES_IN,Location
Q25477689,Q43,RESIDES_IN,Location
Q30014678,Q43,RESIDES_IN,Location
Q635836,Q43,RESIDES_IN,Location
Q1550686,Q43,RESIDES_IN,Location
Q10952014,Q43,RESIDES_IN,Location
Q18639164,Q43,RESIDES_IN,Location
Q6093056,Q43,RESIDES_IN,Location
Q28940632,Q43,RESIDES_IN,Location
Q6944541,Q43,RESIDES_IN,Location
Q6070301,Q43,RESIDES_IN,Location
Q1784943,Q43,RESIDES_IN,Location
Q81378907,Q43,RESIDES_IN,Location
Q4750772,Q43,RESIDES_IN,Location
Q5194072,Q43,RESIDES_IN,Location
Q757295,Q43,RESIDES_IN,Location
Q145400,Q43,RESIDES_IN,Location
Q6052726,Q43,RESIDES_IN,Location
Q12810915,Q43,RESIDES_IN,Location
Q17513880,Q43,RESIDES_IN,Location
Q6046717,Q43,RESIDES_IN,Location
Q20026900,Q43,RESIDES_IN,Location
Q1416237,Q43,RESIDES_IN,Location
Q4701750,Q43,RESIDES_IN,Location
Q477436,Q43,RESIDES_IN,Location
Q20471547,Q43,RESIDES_IN,Location
Q6081316,Q43,RESIDES_IN,Location
Q106905217,Q43,RESIDES_IN,Location
Q20473304,Q43,RESIDES_IN,Location
Q22312972,Q43,RESIDES_IN,Location
Q6057541,Q43,RESIDES_IN,Location
Q1718685,Q43,RESIDES_IN,Location
Q4709417,Q43,RESIDES_IN,Location
Q3073363,Q43,RESIDES_IN,Location
Q28940506,Q43,RESIDES_IN,Location
Q28940603,Q43,RESIDES_IN,Location
Q1627814,Q43,RESIDES_IN,Location
Q6051265,Q43,RESIDES_IN,Location
Q17511462,Q43,RESIDES_IN,Location
Q1734420,Q43,RESIDES_IN,Location
Q106803137,Q43,RESIDES_IN,Location
Q6037320,Q43,RESIDES_IN,Location
Q6031999,Q43,RESIDES_IN,Location
Q5426786,Q43,RESIDES_IN,Location
Q1754510,Q43,RESIDES_IN,Location
Q2002470,Q43,RESIDES_IN,Location
Q4750773,Q43,RESIDES_IN,Location
Q4822225,Q43,RESIDES_IN,Location
Q6073794,Q43,RESIDES_IN,Location
Q218006,Q43,RESIDES_IN,Location
Q24911240,Q43,RESIDES_IN,Location
Q931084,Q31,RESIDES_IN,Location
Q1091884,Q43,RESIDES_IN,Location
Q19610384,Q43,RESIDES_IN,Location
Q1453488,Q43,RESIDES_IN,Location
Q6048050,Q43,RESIDES_IN,Location
Q12809694,Q43,RESIDES_IN,Location
Q416624,Q43,RESIDES_IN,Location
Q4855899,Q43,RESIDES_IN,Location
Q62274352,Q43,RESIDES_IN,Location
Q28940687,Q43,RESIDES_IN,Location
Q20472219,Q43,RESIDES_IN,Location
Q2143214,Q43,RESIDES_IN,Location
Q1964403,Q43,RESIDES_IN,Location
Q62296914,Q43,RESIDES_IN,Location
Q28059537,Q43,RESIDES_IN,Location
Q5057509,Q43,RESIDES_IN,Location
Q28940767,Q43,RESIDES_IN,Location
Q61687618,Q43,RESIDES_IN,Location
Q4046730,Q43,RESIDES_IN,Location
Q66424250,Q43,RESIDES_IN,Location
Q1278087,Q43,RESIDES_IN,Location
Q6042498,Q43,RESIDES_IN,Location
Q48473390,Q43,RESIDES_IN,Location
Q6085091,Q43,RESIDES_IN,Location
Q327799,Q43,RESIDES_IN,Location
Q17507971,Q43,RESIDES_IN,Location
Q30443752,Q43,RESIDES_IN,Location
Q28940551,Q43,RESIDES_IN,Location
Q6098422,Q43,RESIDES_IN,Location
Q6017453,Q43,RESIDES_IN,Location
Q20472928,Q43,RESIDES_IN,Location
Q3674402,Q43,RESIDES_IN,Location
Q6036058,Q43,RESIDES_IN,Location
Q6055267,Q43,RESIDES_IN,Location
Q32904677,Q43,RESIDES_IN,Location
Q6084324,Q43,RESIDES_IN,Location
Q5628993,Q43,RESIDES_IN,Location
Q20471091,Q43,RESIDES_IN,Location
Q683816,Q43,RESIDES_IN,Location
Q27431235,Q43,RESIDES_IN,Location
Q6058218,Q43,RESIDES_IN,Location
Q28940545,Q43,RESIDES_IN,Location
Q6034496,Q43,RESIDES_IN,Location
Q4690863,Q43,RESIDES_IN,Location
Q6009972,Q43,RESIDES_IN,Location
Q61608889,Q43,RESIDES_IN,Location
Q16850737,Q43,RESIDES_IN,Location
Q1491731,Q43,RESIDES_IN,Location
Q28940689,Q43,RESIDES_IN,Location
Q107509085,Q43,RESIDES_IN,Location
Q47165503,Q43,RESIDES_IN,Location
Q6039889,Q43,RESIDES_IN,Location
Q2254240,Q43,RESIDES_IN,Location
Q5992824,Q43,RESIDES_IN,Location
Q6103564,Q43,RESIDES_IN,Location
Q50842753,Q43,RESIDES_IN,Location
Q28605813,Q43,RESIDES_IN,Location
Q6009987,Q43,RESIDES_IN,Location
Q6035800,Q43,RESIDES_IN,Location
Q6049713,Q43,RESIDES_IN,Location
Q28606323,Q43,RESIDES_IN,Location
Q52236613,Q43,RESIDES_IN,Location
Q12060584,Q43,RESIDES_IN,Location
Q28940536,Q43,RESIDES_IN,Location
Q4952569,Q43,RESIDES_IN,Location
Q6077569,Q43,RESIDES_IN,Location
Q1306571,Q43,RESIDES_IN,Location
Q8047517,Q43,RESIDES_IN,Location
Q28940537,Q159,RESIDES_IN,Location
Q1911924,Q43,RESIDES_IN,Location
Q28940479,Q43,RESIDES_IN,Location
Q19613992,Q43,RESIDES_IN,Location
Q101252542,Q43,RESIDES_IN,Location
Q19612159,Q43,RESIDES_IN,Location
Q1479225,Q43,RESIDES_IN,Location
Q6078179,Q43,RESIDES_IN,Location
Q4806513,Q43,RESIDES_IN,Location
Q7513486,Q43,RESIDES_IN,Location
Q28607198,Q43,RESIDES_IN,Location
Q6026408,Q43,RESIDES_IN,Location
Q1022075,Q43,RESIDES_IN,Location
Q50534052,Q43,RESIDES_IN,Location
Q30242708,Q43,RESIDES_IN,Location
Q7042323,Q43,RESIDES_IN,Location
Q6104304,Q43,RESIDES_IN,Location
Q24914175,Q43,RESIDES_IN,Location
Q6042123,Q43,RESIDES_IN,Location
Q4823749,Q43,RESIDES_IN,Location
Q660062,Q43,RESIDES_IN,Location
Q17373410,Q43,RESIDES_IN,Location
Q6045586,Q43,RESIDES_IN,Location
Q20471638,Q43,RESIDES_IN,Location
Q2767515,Q43,RESIDES_IN,Location
Q108666247,Q43,RESIDES_IN,Location
Q1543309,Q43,RESIDES_IN,Location
Q1631623,Q43,RESIDES_IN,Location
Q5446343,Q43,RESIDES_IN,Location
Q2191408,Q43,RESIDES_IN,Location
Q28940765,Q43,RESIDES_IN,Location
Q6090601,Q43,RESIDES_IN,Location
Q110454466,Q43,RESIDES_IN,Location
Q52162257,Q43,RESIDES_IN,Location
Q112131968,Q43,RESIDES_IN,Location
Q1278023,Q43,RESIDES_IN,Location
Q6059990,Q43,RESIDES_IN,Location
Q263700,Q43,RESIDES_IN,Location
Q31188488,Q43,RESIDES_IN,Location
Q106803578,Q43,RESIDES_IN,Location
Q17116336,Q43,RESIDES_IN,Location
Q19611974,Q43,RESIDES_IN,Location
Q893310,Q43,RESIDES_IN,Location
Q6998846,Q43,RESIDES_IN,Location
Q297600,Q43,RESIDES_IN,Location
Q6036742,Q43,RESIDES_IN,Location
Q6089196,Q43,RESIDES_IN,Location
Q25475379,Q43,RESIDES_IN,Location
Q169939,Q43,RESIDES_IN,Location
Q6068396,Q43,RESIDES_IN,Location
Q19613071,Q43,RESIDES_IN,Location
Q114602865,Q43,RESIDES_IN,Location
Q6067615,Q43,RESIDES_IN,Location
Q6062948,Q43,RESIDES_IN,Location
Q283852,Q43,RESIDES_IN,Location
Q26734729,Q43,RESIDES_IN,Location
Q12809113,Q43,RESIDES_IN,Location
Q20471726,Q43,RESIDES_IN,Location
Q6059861,Q43,RESIDES_IN,Location
Q1115064,Q43,RESIDES_IN,Location
Q106803513,Q43,RESIDES_IN,Location
Q50414526,Q43,RESIDES_IN,Location
Q7669991,Q43,RESIDES_IN,Location
Q28220824,Q43,RESIDES_IN,Location
Q272951,Q43,RESIDES_IN,Location
Q100588345,Q43,RESIDES_IN,Location
Q6088369,Q43,RESIDES_IN,Location
Q6043697,Q43,RESIDES_IN,Location
Q28098273,Q43,RESIDES_IN,Location
Q574575,Q43,RESIDES_IN,Location
Q6042684,Q43,RESIDES_IN,Location
Q108618614,Q43,RESIDES_IN,Location
Q63869688,Q43,RESIDES_IN,Location
Q845682,Q43,RESIDES_IN,Location
Q4765940,Q43,RESIDES_IN,Location
Q1404654,Q43,RESIDES_IN,Location
Q483758,Q43,RESIDES_IN,Location
Q6088582,Q43,RESIDES_IN,Location
Q6095754,Q43,RESIDES_IN,Location
Q343136,Q43,RESIDES_IN,Location
Q114469584,Q43,RESIDES_IN,Location
Q3079259,Q43,RESIDES_IN,Location
Q30525322,Q43,RESIDES_IN,Location
Q63088014,Q43,RESIDES_IN,Location
Q31191454,Q43,RESIDES_IN,Location
Q4907690,Q43,RESIDES_IN,Location
Q28940729,Q43,RESIDES_IN,Location
Q7072824,Q43,RESIDES_IN,Location
Q909613,Q43,RESIDES_IN,Location
Q4121023,Q43,RESIDES_IN,Location
Q16844020,Q43,RESIDES_IN,Location
Q483676,Q43,RESIDES_IN,Location
Q1100424,Q43,RESIDES_IN,Location
Q334789,Q43,RESIDES_IN,Location
Q4548,Q43,RESIDES_IN,Location
Q6094691,Q43,RESIDES_IN,Location
Q7862447,Q43,RESIDES_IN,Location
Q28940769,Q43,RESIDES_IN,Location
Q6084348,Q43,RESIDES_IN,Location
Q6039733,Q43,RESIDES_IN,Location
Q6085085,Q43,RESIDES_IN,Location
Q6082816,Q43,RESIDES_IN,Location
Q305507,Q43,RESIDES_IN,Location
Q17508944,Q43,RESIDES_IN,Location
Q89044739,Q43,RESIDES_IN,Location
Q1137136,Q43,RESIDES_IN,Location
Q5912133,Q43,RESIDES_IN,Location
Q6067290,Q43,RESIDES_IN,Location
Q343557,Q43,RESIDES_IN,Location
Q6095787,Q43,RESIDES_IN,Location
Q6064549,Q43,RESIDES_IN,Location
Q6038310,Q43,RESIDES_IN,Location
Q28940675,Q43,RESIDES_IN,Location
Q107507185,Q43,RESIDES_IN,Location
Q1496654,Q43,RESIDES_IN,Location
Q28940599,Q43,RESIDES_IN,Location
Q28940544,Q43,RESIDES_IN,Location
Q6075854,Q43,RESIDES_IN,Location
Q7671959,Q43,RESIDES_IN,Location
Q6103980,Q43,RESIDES_IN,Location
Q2600054,Q43,RESIDES_IN,Location
Q15946806,Q43,RESIDES_IN,Location
Q86841545,Q43,RESIDES_IN,Location
Q28605866,Q43,RESIDES_IN,Location
Q6552441,Q43,RESIDES_IN,Location
Q106393048,Q43,RESIDES_IN,Location
Q1148521,Q43,RESIDES_IN,Location
Q96377064,Q43,RESIDES_IN,Location
Q2096577,Q43,RESIDES_IN,Location
Q753778,Q43,RESIDES_IN,Location
Q343987,Q43,RESIDES_IN,Location
Q696003,Q43,RESIDES_IN,Location
Q28940579,Q43,RESIDES_IN,Location
Q2098195,Q43,RESIDES_IN,Location
Q59209270,Q43,RESIDES_IN,Location
Q21202,Q43,RESIDES_IN,Location
Q4853224,Q43,RESIDES_IN,Location
Q4736403,Q43,RESIDES_IN,Location
Q28940638,Q43,RESIDES_IN,Location
Q6090589,Q43,RESIDES_IN,Location
Q106259291,Q43,RESIDES_IN,Location
Q114837130,Q43,RESIDES_IN,Location
Q62131561,Q43,RESIDES_IN,Location
Q29830879,Q43,RESIDES_IN,Location
Q28605887,Q43,RESIDES_IN,Location
Q31191750,Q43,RESIDES_IN,Location
Q1060621,Q43,RESIDES_IN,Location
Q110013577,Q43,RESIDES_IN,Location
Q114356225,Q43,RESIDES_IN,Location
Q106803871,Q43,RESIDES_IN,Location
Q109327834,Q43,RESIDES_IN,Location
Q28940630,Q43,RESIDES_IN,Location
Q1567050,Q43,RESIDES_IN,Location
Q28940776,Q43,RESIDES_IN,Location
Q113739147,Q43,RESIDES_IN,Location
Q50221220,Q43,RESIDES_IN,Location
Q595840,Q43,RESIDES_IN,Location
Q47240439,Q43,RESIDES_IN,Location
Q4902531,Q43,RESIDES_IN,Location
Q17508051,Q43,RESIDES_IN,Location
Q1424081,Q43,RESIDES_IN,Location
Q6559269,Q43,RESIDES_IN,Location
Q1093258,Q43,RESIDES_IN,Location
Q28940710,Q43,RESIDES_IN,Location
Q499967,Q43,RESIDES_IN,Location
Q11136363,Q43,RESIDES_IN,Location
Q864960,Q43,RESIDES_IN,Location
Q20472590,Q43,RESIDES_IN,Location
Q31188182,Q43,RESIDES_IN,Location
Q206228,Q43,RESIDES_IN,Location
Q5445352,Q43,RESIDES_IN,Location
Q6101205,Q43,RESIDES_IN,Location
Q113278691,Q43,RESIDES_IN,Location
Q3306835,Q43,RESIDES_IN,Location
Q6505802,Q43,RESIDES_IN,Location
Q28736447,Q43,RESIDES_IN,Location
Q41323377,Q43,RESIDES_IN,Location
Q6051238,Q43,RESIDES_IN,Location
Q109533007,Q43,RESIDES_IN,Location
Q4810943,Q43,RESIDES_IN,Location
Q28940722,Q43,RESIDES_IN,Location
Q6586561,Q43,RESIDES_IN,Location
Q640497,8_employee_count,EMPLOYEE_COUNT_BAND,Quant_Metric
Q1136056,1_employee_count,EMPLOYEE_COUNT_BAND,Quant_Metric
Q1627814,1_employee_count,EMPLOYEE_COUNT_BAND,Quant_Metric
Q2002470,1_employee_count,EMPLOYEE_COUNT_BAND,Quant_Metric
Q297600,1_employee_count,EMPLOYEE_COUNT_BAND,Quant_Metric
Q283852,3_employee_count,EMPLOYEE_COUNT_BAND,Quant_Metric
Q1115064,4_employee_count,EMPLOYEE_COUNT_BAND,Quant_Metric
Q909613,6_employee_count,EMPLOYEE_COUNT_BAND,Quant_Metric
Q334789,2_employee_count,EMPLOYEE_COUNT_BAND,Quant_Metric
Q4548,8_employee_count,EMPLOYEE_COUNT_BAND,Quant_Metric
Q696003,6_employee_count,EMPLOYEE_COUNT_BAND,Quant_Metric
Q499967,9_employee_count,EMPLOYEE_COUNT_BAND,Quant_Metric
Q334789,9_profit,PROFIT_BAND,Quant_Metric
Q12812126,4_assets,ASSETS_BAND,Quant_Metric
Q6084252,4_assets,ASSETS_BAND,Quant_Metric
Q28940735,4_assets,ASSETS_BAND,Quant_Metric
Q640497,4_assets,ASSETS_BAND,Quant_Metric
Q106749304,4_assets,ASSETS_BAND,Quant_Metric
Q272576,4_assets,ASSETS_BAND,Quant_Metric
Q78594306,4_assets,ASSETS_BAND,Quant_Metric
Q1509957,4_assets,ASSETS_BAND,Quant_Metric
Q3671573,4_assets,ASSETS_BAND,Quant_Metric
Q763682,4_assets,ASSETS_BAND,Quant_Metric
Q322962,4_assets,ASSETS_BAND,Quant_Metric
Q5005278,4_assets,ASSETS_BAND,Quant_Metric
Q2212029,4_assets,ASSETS_BAND,Quant_Metric
Q105046246,4_assets,ASSETS_BAND,Quant_Metric
Q819402,4_assets,ASSETS_BAND,Quant_Metric
Q5385213,4_assets,ASSETS_BAND,Quant_Metric
Q19612269,4_assets,ASSETS_BAND,Quant_Metric
Q4947455,4_assets,ASSETS_BAND,Quant_Metric
Q50431576,4_assets,ASSETS_BAND,Quant_Metric
Q31188912,4_assets,ASSETS_BAND,Quant_Metric
Q18015543,4_assets,ASSETS_BAND,Quant_Metric
Q1140939,4_assets,ASSETS_BAND,Quant_Metric
Q28940516,4_assets,ASSETS_BAND,Quant_Metric
Q1235258,4_assets,ASSETS_BAND,Quant_Metric
Q6089124,4_assets,ASSETS_BAND,Quant_Metric
Q5636741,4_assets,ASSETS_BAND,Quant_Metric
Q28940498,4_assets,ASSETS_BAND,Quant_Metric
Q48299960,4_assets,ASSETS_BAND,Quant_Metric
Q19313474,4_assets,ASSETS_BAND,Quant_Metric
Q17515320,4_assets,ASSETS_BAND,Quant_Metric
Q28729986,4_assets,ASSETS_BAND,Quant_Metric
Q6057571,4_assets,ASSETS_BAND,Quant_Metric
Q24959818,4_assets,ASSETS_BAND,Quant_Metric
Q28008050,4_assets,ASSETS_BAND,Quant_Metric
Q7909026,4_assets,ASSETS_BAND,Quant_Metric
Q1922090,4_assets,ASSETS_BAND,Quant_Metric
Q110454434,4_assets,ASSETS_BAND,Quant_Metric
Q924465,4_assets,ASSETS_BAND,Quant_Metric
Q6092740,4_assets,ASSETS_BAND,Quant_Metric
Q14365850,4_assets,ASSETS_BAND,Quant_Metric
Q5642504,4_assets,ASSETS_BAND,Quant_Metric
Q675808,4_assets,ASSETS_BAND,Quant_Metric
Q28729859,4_assets,ASSETS_BAND,Quant_Metric
Q7370229,4_assets,ASSETS_BAND,Quant_Metric
Q568226,4_assets,ASSETS_BAND,Quant_Metric
Q3247377,4_assets,ASSETS_BAND,Quant_Metric
Q2352604,4_assets,ASSETS_BAND,Quant_Metric
Q28940529,4_assets,ASSETS_BAND,Quant_Metric
Q17372600,4_assets,ASSETS_BAND,Quant_Metric
Q106915928,4_assets,ASSETS_BAND,Quant_Metric
Q5039494,4_assets,ASSETS_BAND,Quant_Metric
Q28940707,4_assets,ASSETS_BAND,Quant_Metric
Q88802009,4_assets,ASSETS_BAND,Quant_Metric
Q6094978,4_assets,ASSETS_BAND,Quant_Metric
Q1136056,4_assets,ASSETS_BAND,Quant_Metric
Q42114490,4_assets,ASSETS_BAND,Quant_Metric
Q106803706,4_assets,ASSETS_BAND,Quant_Metric
Q3572167,4_assets,ASSETS_BAND,Quant_Metric
Q192964,4_assets,ASSETS_BAND,Quant_Metric
Q28940760,4_assets,ASSETS_BAND,Quant_Metric
Q8049138,4_assets,ASSETS_BAND,Quant_Metric
Q6100422,4_assets,ASSETS_BAND,Quant_Metric
Q1496662,4_assets,ASSETS_BAND,Quant_Metric
Q6103457,4_assets,ASSETS_BAND,Quant_Metric
Q4053185,4_assets,ASSETS_BAND,Quant_Metric
Q50898859,4_assets,ASSETS_BAND,Quant_Metric
Q1142874,4_assets,ASSETS_BAND,Quant_Metric
Q19610501,4_assets,ASSETS_BAND,Quant_Metric
Q3088422,4_assets,ASSETS_BAND,Quant_Metric
Q6097181,4_assets,ASSETS_BAND,Quant_Metric
Q6078167,4_assets,ASSETS_BAND,Quant_Metric
Q1815813,4_assets,ASSETS_BAND,Quant_Metric
Q28729960,4_assets,ASSETS_BAND,Quant_Metric
Q28940580,4_assets,ASSETS_BAND,Quant_Metric
Q2072196,4_assets,ASSETS_BAND,Quant_Metric
Q85532908,4_assets,ASSETS_BAND,Quant_Metric
Q1297001,4_assets,ASSETS_BAND,Quant_Metric
Q6041719,4_assets,ASSETS_BAND,Quant_Metric
Q28940548,4_assets,ASSETS_BAND,Quant_Metric
Q109128772,4_assets,ASSETS_BAND,Quant_Metric
Q580829,4_assets,ASSETS_BAND,Quant_Metric
Q98456772,4_assets,ASSETS_BAND,Quant_Metric
Q71426159,4_assets,ASSETS_BAND,Quant_Metric
Q19612080,4_assets,ASSETS_BAND,Quant_Metric
Q6034611,4_assets,ASSETS_BAND,Quant_Metric
Q28940770,4_assets,ASSETS_BAND,Quant_Metric
Q106803959,4_assets,ASSETS_BAND,Quant_Metric
Q105406443,4_assets,ASSETS_BAND,Quant_Metric
Q54258978,4_assets,ASSETS_BAND,Quant_Metric
Q327147,4_assets,ASSETS_BAND,Quant_Metric
Q97599073,4_assets,ASSETS_BAND,Quant_Metric
Q106803132,4_assets,ASSETS_BAND,Quant_Metric
Q7937213,4_assets,ASSETS_BAND,Quant_Metric
Q19612892,4_assets,ASSETS_BAND,Quant_Metric
Q85970774,4_assets,ASSETS_BAND,Quant_Metric
Q12811293,4_assets,ASSETS_BAND,Quant_Metric
Q50353048,4_assets,ASSETS_BAND,Quant_Metric
Q33035435,4_assets,ASSETS_BAND,Quant_Metric
Q25477689,4_assets,ASSETS_BAND,Quant_Metric
Q30014678,4_assets,ASSETS_BAND,Quant_Metric
Q635836,4_assets,ASSETS_BAND,Quant_Metric
Q1550686,4_assets,ASSETS_BAND,Quant_Metric
Q10952014,4_assets,ASSETS_BAND,Quant_Metric
Q18639164,4_assets,ASSETS_BAND,Quant_Metric
Q6093056,4_assets,ASSETS_BAND,Quant_Metric
Q28940632,4_assets,ASSETS_BAND,Quant_Metric
Q6944541,4_assets,ASSETS_BAND,Quant_Metric
Q6070301,4_assets,ASSETS_BAND,Quant_Metric
Q1784943,4_assets,ASSETS_BAND,Quant_Metric
Q81378907,4_assets,ASSETS_BAND,Quant_Metric
Q4750772,4_assets,ASSETS_BAND,Quant_Metric
Q5194072,4_assets,ASSETS_BAND,Quant_Metric
Q757295,4_assets,ASSETS_BAND,Quant_Metric
Q145400,4_assets,ASSETS_BAND,Quant_Metric
Q6052726,4_assets,ASSETS_BAND,Quant_Metric
Q12810915,4_assets,ASSETS_BAND,Quant_Metric
Q17513880,4_assets,ASSETS_BAND,Quant_Metric
Q6046717,4_assets,ASSETS_BAND,Quant_Metric
Q20026900,4_assets,ASSETS_BAND,Quant_Metric
Q1416237,4_assets,ASSETS_BAND,Quant_Metric
Q4701750,4_assets,ASSETS_BAND,Quant_Metric
Q477436,4_assets,ASSETS_BAND,Quant_Metric
Q20471547,4_assets,ASSETS_BAND,Quant_Metric
Q6081316,4_assets,ASSETS_BAND,Quant_Metric
Q106905217,4_assets,ASSETS_BAND,Quant_Metric
Q20473304,4_assets,ASSETS_BAND,Quant_Metric
Q22312972,4_assets,ASSETS_BAND,Quant_Metric
Q6057541,4_assets,ASSETS_BAND,Quant_Metric
Q1718685,4_assets,ASSETS_BAND,Quant_Metric
Q4709417,4_assets,ASSETS_BAND,Quant_Metric
Q3073363,4_assets,ASSETS_BAND,Quant_Metric
Q28940506,4_assets,ASSETS_BAND,Quant_Metric
Q28940603,4_assets,ASSETS_BAND,Quant_Metric
Q1627814,4_assets,ASSETS_BAND,Quant_Metric
Q6051265,4_assets,ASSETS_BAND,Quant_Metric
Q17511462,4_assets,ASSETS_BAND,Quant_Metric
Q1734420,4_assets,ASSETS_BAND,Quant_Metric
Q106803137,4_assets,ASSETS_BAND,Quant_Metric
Q6037320,4_assets,ASSETS_BAND,Quant_Metric
Q6031999,4_assets,ASSETS_BAND,Quant_Metric
Q5426786,4_assets,ASSETS_BAND,Quant_Metric
Q1754510,4_assets,ASSETS_BAND,Quant_Metric
Q2002470,4_assets,ASSETS_BAND,Quant_Metric
Q4750773,4_assets,ASSETS_BAND,Quant_Metric
Q4822225,4_assets,ASSETS_BAND,Quant_Metric
Q6073794,4_assets,ASSETS_BAND,Quant_Metric
Q218006,4_assets,ASSETS_BAND,Quant_Metric
Q24911240,4_assets,ASSETS_BAND,Quant_Metric
Q931084,4_assets,ASSETS_BAND,Quant_Metric
Q1091884,4_assets,ASSETS_BAND,Quant_Metric
Q19610384,4_assets,ASSETS_BAND,Quant_Metric
Q1453488,4_assets,ASSETS_BAND,Quant_Metric
Q6048050,4_assets,ASSETS_BAND,Quant_Metric
Q12809694,4_assets,ASSETS_BAND,Quant_Metric
Q416624,4_assets,ASSETS_BAND,Quant_Metric
Q4855899,4_assets,ASSETS_BAND,Quant_Metric
Q62274352,4_assets,ASSETS_BAND,Quant_Metric
Q28940687,4_assets,ASSETS_BAND,Quant_Metric
Q20472219,4_assets,ASSETS_BAND,Quant_Metric
Q2143214,4_assets,ASSETS_BAND,Quant_Metric
Q1964403,4_assets,ASSETS_BAND,Quant_Metric
Q62296914,4_assets,ASSETS_BAND,Quant_Metric
Q28059537,4_assets,ASSETS_BAND,Quant_Metric
Q5057509,4_assets,ASSETS_BAND,Quant_Metric
Q28940767,4_assets,ASSETS_BAND,Quant_Metric
Q61687618,4_assets,ASSETS_BAND,Quant_Metric
Q4046730,4_assets,ASSETS_BAND,Quant_Metric
Q66424250,4_assets,ASSETS_BAND,Quant_Metric
Q1278087,4_assets,ASSETS_BAND,Quant_Metric
Q6042498,4_assets,ASSETS_BAND,Quant_Metric
Q48473390,4_assets,ASSETS_BAND,Quant_Metric
Q6085091,4_assets,ASSETS_BAND,Quant_Metric
Q327799,4_assets,ASSETS_BAND,Quant_Metric
Q17507971,4_assets,ASSETS_BAND,Quant_Metric
Q30443752,4_assets,ASSETS_BAND,Quant_Metric
Q28940551,4_assets,ASSETS_BAND,Quant_Metric
Q6098422,4_assets,ASSETS_BAND,Quant_Metric
Q6017453,4_assets,ASSETS_BAND,Quant_Metric
Q20472928,4_assets,ASSETS_BAND,Quant_Metric
Q3674402,4_assets,ASSETS_BAND,Quant_Metric
Q6036058,4_assets,ASSETS_BAND,Quant_Metric
Q6055267,4_assets,ASSETS_BAND,Quant_Metric
Q32904677,4_assets,ASSETS_BAND,Quant_Metric
Q6084324,4_assets,ASSETS_BAND,Quant_Metric
Q5628993,4_assets,ASSETS_BAND,Quant_Metric
Q20471091,4_assets,ASSETS_BAND,Quant_Metric
Q683816,4_assets,ASSETS_BAND,Quant_Metric
Q27431235,4_assets,ASSETS_BAND,Quant_Metric
Q6058218,4_assets,ASSETS_BAND,Quant_Metric
Q28940545,4_assets,ASSETS_BAND,Quant_Metric
Q6034496,4_assets,ASSETS_BAND,Quant_Metric
Q4690863,4_assets,ASSETS_BAND,Quant_Metric
Q6009972,4_assets,ASSETS_BAND,Quant_Metric
Q61608889,4_assets,ASSETS_BAND,Quant_Metric
Q16850737,4_assets,ASSETS_BAND,Quant_Metric
Q1491731,4_assets,ASSETS_BAND,Quant_Metric
Q28940689,4_assets,ASSETS_BAND,Quant_Metric
Q107509085,4_assets,ASSETS_BAND,Quant_Metric
Q47165503,4_assets,ASSETS_BAND,Quant_Metric
Q6039889,4_assets,ASSETS_BAND,Quant_Metric
Q2254240,4_assets,ASSETS_BAND,Quant_Metric
Q5992824,4_assets,ASSETS_BAND,Quant_Metric
Q6103564,4_assets,ASSETS_BAND,Quant_Metric
Q50842753,4_assets,ASSETS_BAND,Quant_Metric
Q28605813,4_assets,ASSETS_BAND,Quant_Metric
Q6009987,4_assets,ASSETS_BAND,Quant_Metric
Q6035800,4_assets,ASSETS_BAND,Quant_Metric
Q6049713,4_assets,ASSETS_BAND,Quant_Metric
Q28606323,4_assets,ASSETS_BAND,Quant_Metric
Q52236613,4_assets,ASSETS_BAND,Quant_Metric
Q12060584,4_assets,ASSETS_BAND,Quant_Metric
Q28940536,4_assets,ASSETS_BAND,Quant_Metric
Q4952569,4_assets,ASSETS_BAND,Quant_Metric
Q6077569,4_assets,ASSETS_BAND,Quant_Metric
Q1306571,4_assets,ASSETS_BAND,Quant_Metric
Q8047517,4_assets,ASSETS_BAND,Quant_Metric
Q28940537,4_assets,ASSETS_BAND,Quant_Metric
Q1911924,4_assets,ASSETS_BAND,Quant_Metric
Q28940479,4_assets,ASSETS_BAND,Quant_Metric
Q19613992,4_assets,ASSETS_BAND,Quant_Metric
Q101252542,4_assets,ASSETS_BAND,Quant_Metric
Q19612159,4_assets,ASSETS_BAND,Quant_Metric
Q1479225,4_assets,ASSETS_BAND,Quant_Metric
Q6078179,4_assets,ASSETS_BAND,Quant_Metric
Q4806513,4_assets,ASSETS_BAND,Quant_Metric
Q7513486,4_assets,ASSETS_BAND,Quant_Metric
Q28607198,4_assets,ASSETS_BAND,Quant_Metric
Q6026408,4_assets,ASSETS_BAND,Quant_Metric
Q1022075,4_assets,ASSETS_BAND,Quant_Metric
Q50534052,4_assets,ASSETS_BAND,Quant_Metric
Q30242708,4_assets,ASSETS_BAND,Quant_Metric
Q7042323,4_assets,ASSETS_BAND,Quant_Metric
Q6104304,4_assets,ASSETS_BAND,Quant_Metric
Q24914175,4_assets,ASSETS_BAND,Quant_Metric
Q6042123,4_assets,ASSETS_BAND,Quant_Metric
Q4823749,4_assets,ASSETS_BAND,Quant_Metric
Q660062,4_assets,ASSETS_BAND,Quant_Metric
Q17373410,4_assets,ASSETS_BAND,Quant_Metric
Q6045586,4_assets,ASSETS_BAND,Quant_Metric
Q20471638,4_assets,ASSETS_BAND,Quant_Metric
Q2767515,4_assets,ASSETS_BAND,Quant_Metric
Q108666247,4_assets,ASSETS_BAND,Quant_Metric
Q1543309,4_assets,ASSETS_BAND,Quant_Metric
Q1631623,4_assets,ASSETS_BAND,Quant_Metric
Q5446343,4_assets,ASSETS_BAND,Quant_Metric
Q2191408,4_assets,ASSETS_BAND,Quant_Metric
Q28940765,4_assets,ASSETS_BAND,Quant_Metric
Q6090601,4_assets,ASSETS_BAND,Quant_Metric
Q110454466,4_assets,ASSETS_BAND,Quant_Metric
Q52162257,4_assets,ASSETS_BAND,Quant_Metric
Q112131968,4_assets,ASSETS_BAND,Quant_Metric
Q1278023,4_assets,ASSETS_BAND,Quant_Metric
Q6059990,4_assets,ASSETS_BAND,Quant_Metric
Q263700,4_assets,ASSETS_BAND,Quant_Metric
Q31188488,4_assets,ASSETS_BAND,Quant_Metric
Q106803578,4_assets,ASSETS_BAND,Quant_Metric
Q17116336,4_assets,ASSETS_BAND,Quant_Metric
Q19611974,4_assets,ASSETS_BAND,Quant_Metric
Q893310,4_assets,ASSETS_BAND,Quant_Metric
Q6998846,4_assets,ASSETS_BAND,Quant_Metric
Q297600,4_assets,ASSETS_BAND,Quant_Metric
Q6036742,4_assets,ASSETS_BAND,Quant_Metric
Q6089196,4_assets,ASSETS_BAND,Quant_Metric
Q25475379,4_assets,ASSETS_BAND,Quant_Metric
Q169939,4_assets,ASSETS_BAND,Quant_Metric
Q6068396,4_assets,ASSETS_BAND,Quant_Metric
Q19613071,4_assets,ASSETS_BAND,Quant_Metric
Q114602865,4_assets,ASSETS_BAND,Quant_Metric
Q6067615,4_assets,ASSETS_BAND,Quant_Metric
Q6062948,4_assets,ASSETS_BAND,Quant_Metric
Q283852,4_assets,ASSETS_BAND,Quant_Metric
Q26734729,4_assets,ASSETS_BAND,Quant_Metric
Q12809113,4_assets,ASSETS_BAND,Quant_Metric
Q20471726,4_assets,ASSETS_BAND,Quant_Metric
Q6059861,4_assets,ASSETS_BAND,Quant_Metric
Q1115064,4_assets,ASSETS_BAND,Quant_Metric
Q106803513,4_assets,ASSETS_BAND,Quant_Metric
Q50414526,4_assets,ASSETS_BAND,Quant_Metric
Q7669991,4_assets,ASSETS_BAND,Quant_Metric
Q28220824,4_assets,ASSETS_BAND,Quant_Metric
Q272951,4_assets,ASSETS_BAND,Quant_Metric
Q100588345,4_assets,ASSETS_BAND,Quant_Metric
Q6088369,4_assets,ASSETS_BAND,Quant_Metric
Q6043697,4_assets,ASSETS_BAND,Quant_Metric
Q28098273,4_assets,ASSETS_BAND,Quant_Metric
Q574575,4_assets,ASSETS_BAND,Quant_Metric
Q6042684,4_assets,ASSETS_BAND,Quant_Metric
Q108618614,4_assets,ASSETS_BAND,Quant_Metric
Q63869688,4_assets,ASSETS_BAND,Quant_Metric
Q845682,4_assets,ASSETS_BAND,Quant_Metric
Q4765940,4_assets,ASSETS_BAND,Quant_Metric
Q1404654,4_assets,ASSETS_BAND,Quant_Metric
Q483758,4_assets,ASSETS_BAND,Quant_Metric
Q6088582,4_assets,ASSETS_BAND,Quant_Metric
Q6095754,4_assets,ASSETS_BAND,Quant_Metric
Q343136,4_assets,ASSETS_BAND,Quant_Metric
Q114469584,4_assets,ASSETS_BAND,Quant_Metric
Q3079259,4_assets,ASSETS_BAND,Quant_Metric
Q30525322,4_assets,ASSETS_BAND,Quant_Metric
Q63088014,4_assets,ASSETS_BAND,Quant_Metric
Q31191454,4_assets,ASSETS_BAND,Quant_Metric
Q4907690,4_assets,ASSETS_BAND,Quant_Metric
Q28940729,4_assets,ASSETS_BAND,Quant_Metric
Q7072824,4_assets,ASSETS_BAND,Quant_Metric
Q909613,4_assets,ASSETS_BAND,Quant_Metric
Q4121023,4_assets,ASSETS_BAND,Quant_Metric
Q16844020,4_assets,ASSETS_BAND,Quant_Metric
Q483676,4_assets,ASSETS_BAND,Quant_Metric
Q1100424,4_assets,ASSETS_BAND,Quant_Metric
Q334789,4_assets,ASSETS_BAND,Quant_Metric
Q4548,4_assets,ASSETS_BAND,Quant_Metric
Q6094691,4_assets,ASSETS_BAND,Quant_Metric
Q7862447,4_assets,ASSETS_BAND,Quant_Metric
Q28940769,4_assets,ASSETS_BAND,Quant_Metric
Q6084348,4_assets,ASSETS_BAND,Quant_Metric
Q6039733,4_assets,ASSETS_BAND,Quant_Metric
Q6085085,4_assets,ASSETS_BAND,Quant_Metric
Q6082816,4_assets,ASSETS_BAND,Quant_Metric
Q305507,4_assets,ASSETS_BAND,Quant_Metric
Q17508944,4_assets,ASSETS_BAND,Quant_Metric
Q89044739,4_assets,ASSETS_BAND,Quant_Metric
Q1137136,4_assets,ASSETS_BAND,Quant_Metric
Q5912133,4_assets,ASSETS_BAND,Quant_Metric
Q6067290,4_assets,ASSETS_BAND,Quant_Metric
Q343557,4_assets,ASSETS_BAND,Quant_Metric
Q6095787,4_assets,ASSETS_BAND,Quant_Metric
Q6064549,4_assets,ASSETS_BAND,Quant_Metric
Q6038310,4_assets,ASSETS_BAND,Quant_Metric
Q28940675,4_assets,ASSETS_BAND,Quant_Metric
Q107507185,4_assets,ASSETS_BAND,Quant_Metric
Q1496654,4_assets,ASSETS_BAND,Quant_Metric
Q28940599,4_assets,ASSETS_BAND,Quant_Metric
Q28940544,4_assets,ASSETS_BAND,Quant_Metric
Q6075854,4_assets,ASSETS_BAND,Quant_Metric
Q7671959,4_assets,ASSETS_BAND,Quant_Metric
Q6103980,4_assets,ASSETS_BAND,Quant_Metric
Q2600054,4_assets,ASSETS_BAND,Quant_Metric
Q15946806,4_assets,ASSETS_BAND,Quant_Metric
Q86841545,4_assets,ASSETS_BAND,Quant_Metric
Q28605866,4_assets,ASSETS_BAND,Quant_Metric
Q6552441,4_assets,ASSETS_BAND,Quant_Metric
Q106393048,4_assets,ASSETS_BAND,Quant_Metric
Q1148521,4_assets,ASSETS_BAND,Quant_Metric
Q96377064,4_assets,ASSETS_BAND,Quant_Metric
Q2096577,4_assets,ASSETS_BAND,Quant_Metric
Q753778,4_assets,ASSETS_BAND,Quant_Metric
Q343987,4_assets,ASSETS_BAND,Quant_Metric
Q696003,4_assets,ASSETS_BAND,Quant_Metric
Q28940579,4_assets,ASSETS_BAND,Quant_Metric
Q2098195,4_assets,ASSETS_BAND,Quant_Metric
Q59209270,4_assets,ASSETS_BAND,Quant_Metric
Q21202,4_assets,ASSETS_BAND,Quant_Metric
Q4853224,4_assets,ASSETS_BAND,Quant_Metric
Q4736403,4_assets,ASSETS_BAND,Quant_Metric
Q28940638,4_assets,ASSETS_BAND,Quant_Metric
Q6090589,4_assets,ASSETS_BAND,Quant_Metric
Q106259291,4_assets,ASSETS_BAND,Quant_Metric
Q114837130,4_assets,ASSETS_BAND,Quant_Metric
Q62131561,4_assets,ASSETS_BAND,Quant_Metric
Q29830879,4_assets,ASSETS_BAND,Quant_Metric
Q28605887,4_assets,ASSETS_BAND,Quant_Metric
Q31191750,4_assets,ASSETS_BAND,Quant_Metric
Q1060621,4_assets,ASSETS_BAND,Quant_Metric
Q110013577,4_assets,ASSETS_BAND,Quant_Metric
Q114356225,4_assets,ASSETS_BAND,Quant_Metric
Q106803871,4_assets,ASSETS_BAND,Quant_Metric
Q109327834,4_assets,ASSETS_BAND,Quant_Metric
Q28940630,4_assets,ASSETS_BAND,Quant_Metric
Q1567050,4_assets,ASSETS_BAND,Quant_Metric
Q28940776,4_assets,ASSETS_BAND,Quant_Metric
Q113739147,4_assets,ASSETS_BAND,Quant_Metric
Q50221220,4_assets,ASSETS_BAND,Quant_Metric
Q595840,4_assets,ASSETS_BAND,Quant_Metric
Q47240439,4_assets,ASSETS_BAND,Quant_Metric
Q4902531,4_assets,ASSETS_BAND,Quant_Metric
Q17508051,4_assets,ASSETS_BAND,Quant_Metric
Q1424081,4_assets,ASSETS_BAND,Quant_Metric
Q6559269,4_assets,ASSETS_BAND,Quant_Metric
Q1093258,4_assets,ASSETS_BAND,Quant_Metric
Q28940710,4_assets,ASSETS_BAND,Quant_Metric
Q499967,4_assets,ASSETS_BAND,Quant_Metric
Q11136363,4_assets,ASSETS_BAND,Quant_Metric
Q864960,4_assets,ASSETS_BAND,Quant_Metric
Q20472590,4_assets,ASSETS_BAND,Quant_Metric
Q31188182,4_assets,ASSETS_BAND,Quant_Metric
Q206228,4_assets,ASSETS_BAND,Quant_Metric
Q5445352,4_assets,ASSETS_BAND,Quant_Metric
Q6101205,4_assets,ASSETS_BAND,Quant_Metric
Q113278691,4_assets,ASSETS_BAND,Quant_Metric
Q3306835,4_assets,ASSETS_BAND,Quant_Metric
Q6505802,4_assets,ASSETS_BAND,Quant_Metric
Q28736447,4_assets,ASSETS_BAND,Quant_Metric
Q41323377,4_assets,ASSETS_BAND,Quant_Metric
Q6051238,4_assets,ASSETS_BAND,Quant_Metric
Q109533007,4_assets,ASSETS_BAND,Quant_Metric
Q4810943,4_assets,ASSETS_BAND,Quant_Metric
Q28940722,4_assets,ASSETS_BAND,Quant_Metric
Q6586561,4_assets,ASSETS_BAND,Quant_Metric
Q12812126,4_equity,EQUITY_BAND,Quant_Metric
Q6084252,4_equity,EQUITY_BAND,Quant_Metric
Q28940735,4_equity,EQUITY_BAND,Quant_Metric
Q640497,4_equity,EQUITY_BAND,Quant_Metric
Q106749304,4_equity,EQUITY_BAND,Quant_Metric
Q272576,4_equity,EQUITY_BAND,Quant_Metric
Q78594306,4_equity,EQUITY_BAND,Quant_Metric
Q1509957,4_equity,EQUITY_BAND,Quant_Metric
Q3671573,4_equity,EQUITY_BAND,Quant_Metric
Q763682,4_equity,EQUITY_BAND,Quant_Metric
Q322962,4_equity,EQUITY_BAND,Quant_Metric
Q5005278,4_equity,EQUITY_BAND,Quant_Metric
Q2212029,4_equity,EQUITY_BAND,Quant_Metric
Q105046246,4_equity,EQUITY_BAND,Quant_Metric
Q819402,4_equity,EQUITY_BAND,Quant_Metric
Q5385213,4_equity,EQUITY_BAND,Quant_Metric
Q19612269,4_equity,EQUITY_BAND,Quant_Metric
Q4947455,4_equity,EQUITY_BAND,Quant_Metric
Q50431576,4_equity,EQUITY_BAND,Quant_Metric
Q31188912,4_equity,EQUITY_BAND,Quant_Metric
Q18015543,4_equity,EQUITY_BAND,Quant_Metric
Q1140939,4_equity,EQUITY_BAND,Quant_Metric
Q28940516,4_equity,EQUITY_BAND,Quant_Metric
Q1235258,4_equity,EQUITY_BAND,Quant_Metric
Q6089124,4_equity,EQUITY_BAND,Quant_Metric
Q5636741,4_equity,EQUITY_BAND,Quant_Metric
Q28940498,4_equity,EQUITY_BAND,Quant_Metric
Q48299960,4_equity,EQUITY_BAND,Quant_Metric
Q19313474,4_equity,EQUITY_BAND,Quant_Metric
Q17515320,4_equity,EQUITY_BAND,Quant_Metric
Q28729986,4_equity,EQUITY_BAND,Quant_Metric
Q6057571,4_equity,EQUITY_BAND,Quant_Metric
Q24959818,4_equity,EQUITY_BAND,Quant_Metric
Q28008050,4_equity,EQUITY_BAND,Quant_Metric
Q7909026,4_equity,EQUITY_BAND,Quant_Metric
Q1922090,4_equity,EQUITY_BAND,Quant_Metric
Q110454434,4_equity,EQUITY_BAND,Quant_Metric
Q924465,4_equity,EQUITY_BAND,Quant_Metric
Q6092740,4_equity,EQUITY_BAND,Quant_Metric
Q14365850,4_equity,EQUITY_BAND,Quant_Metric
Q5642504,4_equity,EQUITY_BAND,Quant_Metric
Q675808,4_equity,EQUITY_BAND,Quant_Metric
Q28729859,4_equity,EQUITY_BAND,Quant_Metric
Q7370229,4_equity,EQUITY_BAND,Quant_Metric
Q568226,4_equity,EQUITY_BAND,Quant_Metric
Q3247377,4_equity,EQUITY_BAND,Quant_Metric
Q2352604,4_equity,EQUITY_BAND,Quant_Metric
Q28940529,4_equity,EQUITY_BAND,Quant_Metric
Q17372600,4_equity,EQUITY_BAND,Quant_Metric
Q106915928,4_equity,EQUITY_BAND,Quant_Metric
Q5039494,4_equity,EQUITY_BAND,Quant_Metric
Q28940707,4_equity,EQUITY_BAND,Quant_Metric
Q88802009,4_equity,EQUITY_BAND,Quant_Metric
Q6094978,4_equity,EQUITY_BAND,Quant_Metric
Q1136056,4_equity,EQUITY_BAND,Quant_Metric
Q42114490,4_equity,EQUITY_BAND,Quant_Metric
Q106803706,4_equity,EQUITY_BAND,Quant_Metric
Q3572167,4_equity,EQUITY_BAND,Quant_Metric
Q192964,4_equity,EQUITY_BAND,Quant_Metric
Q28940760,4_equity,EQUITY_BAND,Quant_Metric
Q8049138,4_equity,EQUITY_BAND,Quant_Metric
Q6100422,4_equity,EQUITY_BAND,Quant_Metric
Q1496662,4_equity,EQUITY_BAND,Quant_Metric
Q6103457,4_equity,EQUITY_BAND,Quant_Metric
Q4053185,4_equity,EQUITY_BAND,Quant_Metric
Q50898859,4_equity,EQUITY_BAND,Quant_Metric
Q1142874,4_equity,EQUITY_BAND,Quant_Metric
Q19610501,4_equity,EQUITY_BAND,Quant_Metric
Q3088422,4_equity,EQUITY_BAND,Quant_Metric
Q6097181,4_equity,EQUITY_BAND,Quant_Metric
Q6078167,4_equity,EQUITY_BAND,Quant_Metric
Q1815813,4_equity,EQUITY_BAND,Quant_Metric
Q28729960,4_equity,EQUITY_BAND,Quant_Metric
Q28940580,4_equity,EQUITY_BAND,Quant_Metric
Q2072196,4_equity,EQUITY_BAND,Quant_Metric
Q85532908,4_equity,EQUITY_BAND,Quant_Metric
Q1297001,4_equity,EQUITY_BAND,Quant_Metric
Q6041719,4_equity,EQUITY_BAND,Quant_Metric
Q28940548,4_equity,EQUITY_BAND,Quant_Metric
Q109128772,4_equity,EQUITY_BAND,Quant_Metric
Q580829,4_equity,EQUITY_BAND,Quant_Metric
Q98456772,4_equity,EQUITY_BAND,Quant_Metric
Q71426159,4_equity,EQUITY_BAND,Quant_Metric
Q19612080,4_equity,EQUITY_BAND,Quant_Metric
Q6034611,4_equity,EQUITY_BAND,Quant_Metric
Q28940770,4_equity,EQUITY_BAND,Quant_Metric
Q106803959,4_equity,EQUITY_BAND,Quant_Metric
Q105406443,4_equity,EQUITY_BAND,Quant_Metric
Q54258978,4_equity,EQUITY_BAND,Quant_Metric
Q327147,4_equity,EQUITY_BAND,Quant_Metric
Q97599073,4_equity,EQUITY_BAND,Quant_Metric
Q106803132,4_equity,EQUITY_BAND,Quant_Metric
Q7937213,4_equity,EQUITY_BAND,Quant_Metric
Q19612892,4_equity,EQUITY_BAND,Quant_Metric
Q85970774,4_equity,EQUITY_BAND,Quant_Metric
Q12811293,4_equity,EQUITY_BAND,Quant_Metric
Q50353048,4_equity,EQUITY_BAND,Quant_Metric
Q33035435,4_equity,EQUITY_BAND,Quant_Metric
Q25477689,4_equity,EQUITY_BAND,Quant_Metric
Q30014678,4_equity,EQUITY_BAND,Quant_Metric
Q635836,4_equity,EQUITY_BAND,Quant_Metric
Q1550686,4_equity,EQUITY_BAND,Quant_Metric
Q10952014,4_equity,EQUITY_BAND,Quant_Metric
Q18639164,4_equity,EQUITY_BAND,Quant_Metric
Q6093056,4_equity,EQUITY_BAND,Quant_Metric
Q28940632,4_equity,EQUITY_BAND,Quant_Metric
Q6944541,4_equity,EQUITY_BAND,Quant_Metric
Q6070301,4_equity,EQUITY_BAND,Quant_Metric
Q1784943,4_equity,EQUITY_BAND,Quant_Metric
Q81378907,4_equity,EQUITY_BAND,Quant_Metric
Q4750772,4_equity,EQUITY_BAND,Quant_Metric
Q5194072,4_equity,EQUITY_BAND,Quant_Metric
Q757295,4_equity,EQUITY_BAND,Quant_Metric
Q145400,4_equity,EQUITY_BAND,Quant_Metric
Q6052726,4_equity,EQUITY_BAND,Quant_Metric
Q12810915,4_equity,EQUITY_BAND,Quant_Metric
Q17513880,4_equity,EQUITY_BAND,Quant_Metric
Q6046717,4_equity,EQUITY_BAND,Quant_Metric
Q20026900,4_equity,EQUITY_BAND,Quant_Metric
Q1416237,4_equity,EQUITY_BAND,Quant_Metric
Q4701750,4_equity,EQUITY_BAND,Quant_Metric
Q477436,4_equity,EQUITY_BAND,Quant_Metric
Q20471547,4_equity,EQUITY_BAND,Quant_Metric
Q6081316,4_equity,EQUITY_BAND,Quant_Metric
Q106905217,4_equity,EQUITY_BAND,Quant_Metric
Q20473304,4_equity,EQUITY_BAND,Quant_Metric
Q22312972,4_equity,EQUITY_BAND,Quant_Metric
Q6057541,4_equity,EQUITY_BAND,Quant_Metric
Q1718685,4_equity,EQUITY_BAND,Quant_Metric
Q4709417,4_equity,EQUITY_BAND,Quant_Metric
Q3073363,4_equity,EQUITY_BAND,Quant_Metric
Q28940506,4_equity,EQUITY_BAND,Quant_Metric
Q28940603,4_equity,EQUITY_BAND,Quant_Metric
Q1627814,4_equity,EQUITY_BAND,Quant_Metric
Q6051265,4_equity,EQUITY_BAND,Quant_Metric
Q17511462,4_equity,EQUITY_BAND,Quant_Metric
Q1734420,4_equity,EQUITY_BAND,Quant_Metric
Q106803137,4_equity,EQUITY_BAND,Quant_Metric
Q6037320,4_equity,EQUITY_BAND,Quant_Metric
Q6031999,4_equity,EQUITY_BAND,Quant_Metric
Q5426786,4_equity,EQUITY_BAND,Quant_Metric
Q1754510,4_equity,EQUITY_BAND,Quant_Metric
Q2002470,4_equity,EQUITY_BAND,Quant_Metric
Q4750773,4_equity,EQUITY_BAND,Quant_Metric
Q4822225,4_equity,EQUITY_BAND,Quant_Metric
Q6073794,4_equity,EQUITY_BAND,Quant_Metric
Q218006,4_equity,EQUITY_BAND,Quant_Metric
Q24911240,4_equity,EQUITY_BAND,Quant_Metric
Q931084,4_equity,EQUITY_BAND,Quant_Metric
Q1091884,4_equity,EQUITY_BAND,Quant_Metric
Q19610384,4_equity,EQUITY_BAND,Quant_Metric
Q1453488,4_equity,EQUITY_BAND,Quant_Metric
Q6048050,4_equity,EQUITY_BAND,Quant_Metric
Q12809694,4_equity,EQUITY_BAND,Quant_Metric
Q416624,4_equity,EQUITY_BAND,Quant_Metric
Q4855899,4_equity,EQUITY_BAND,Quant_Metric
Q62274352,4_equity,EQUITY_BAND,Quant_Metric
Q28940687,4_equity,EQUITY_BAND,Quant_Metric
Q20472219,4_equity,EQUITY_BAND,Quant_Metric
Q2143214,4_equity,EQUITY_BAND,Quant_Metric
Q1964403,4_equity,EQUITY_BAND,Quant_Metric
Q62296914,4_equity,EQUITY_BAND,Quant_Metric
Q28059537,4_equity,EQUITY_BAND,Quant_Metric
Q5057509,4_equity,EQUITY_BAND,Quant_Metric
Q28940767,4_equity,EQUITY_BAND,Quant_Metric
Q61687618,4_equity,EQUITY_BAND,Quant_Metric
Q4046730,4_equity,EQUITY_BAND,Quant_Metric
Q66424250,4_equity,EQUITY_BAND,Quant_Metric
Q1278087,4_equity,EQUITY_BAND,Quant_Metric
Q6042498,4_equity,EQUITY_BAND,Quant_Metric
Q48473390,4_equity,EQUITY_BAND,Quant_Metric
Q6085091,4_equity,EQUITY_BAND,Quant_Metric
Q327799,4_equity,EQUITY_BAND,Quant_Metric
Q17507971,4_equity,EQUITY_BAND,Quant_Metric
Q30443752,4_equity,EQUITY_BAND,Quant_Metric
Q28940551,4_equity,EQUITY_BAND,Quant_Metric
Q6098422,4_equity,EQUITY_BAND,Quant_Metric
Q6017453,4_equity,EQUITY_BAND,Quant_Metric
Q20472928,4_equity,EQUITY_BAND,Quant_Metric
Q3674402,4_equity,EQUITY_BAND,Quant_Metric
Q6036058,4_equity,EQUITY_BAND,Quant_Metric
Q6055267,4_equity,EQUITY_BAND,Quant_Metric
Q32904677,4_equity,EQUITY_BAND,Quant_Metric
Q6084324,4_equity,EQUITY_BAND,Quant_Metric
Q5628993,4_equity,EQUITY_BAND,Quant_Metric
Q20471091,4_equity,EQUITY_BAND,Quant_Metric
Q683816,4_equity,EQUITY_BAND,Quant_Metric
Q27431235,4_equity,EQUITY_BAND,Quant_Metric
Q6058218,4_equity,EQUITY_BAND,Quant_Metric
Q28940545,4_equity,EQUITY_BAND,Quant_Metric
Q6034496,4_equity,EQUITY_BAND,Quant_Metric
Q4690863,4_equity,EQUITY_BAND,Quant_Metric
Q6009972,4_equity,EQUITY_BAND,Quant_Metric
Q61608889,4_equity,EQUITY_BAND,Quant_Metric
Q16850737,4_equity,EQUITY_BAND,Quant_Metric
Q1491731,4_equity,EQUITY_BAND,Quant_Metric
Q28940689,4_equity,EQUITY_BAND,Quant_Metric
Q107509085,4_equity,EQUITY_BAND,Quant_Metric
Q47165503,4_equity,EQUITY_BAND,Quant_Metric
Q6039889,4_equity,EQUITY_BAND,Quant_Metric
Q2254240,4_equity,EQUITY_BAND,Quant_Metric
Q5992824,4_equity,EQUITY_BAND,Quant_Metric
Q6103564,4_equity,EQUITY_BAND,Quant_Metric
Q50842753,4_equity,EQUITY_BAND,Quant_Metric
Q28605813,4_equity,EQUITY_BAND,Quant_Metric
Q6009987,4_equity,EQUITY_BAND,Quant_Metric
Q6035800,4_equity,EQUITY_BAND,Quant_Metric
Q6049713,4_equity,EQUITY_BAND,Quant_Metric
Q28606323,4_equity,EQUITY_BAND,Quant_Metric
Q52236613,4_equity,EQUITY_BAND,Quant_Metric
Q12060584,4_equity,EQUITY_BAND,Quant_Metric
Q28940536,4_equity,EQUITY_BAND,Quant_Metric
Q4952569,4_equity,EQUITY_BAND,Quant_Metric
Q6077569,4_equity,EQUITY_BAND,Quant_Metric
Q1306571,4_equity,EQUITY_BAND,Quant_Metric
Q8047517,4_equity,EQUITY_BAND,Quant_Metric
Q28940537,4_equity,EQUITY_BAND,Quant_Metric
Q1911924,4_equity,EQUITY_BAND,Quant_Metric
Q28940479,4_equity,EQUITY_BAND,Quant_Metric
Q19613992,4_equity,EQUITY_BAND,Quant_Metric
Q101252542,4_equity,EQUITY_BAND,Quant_Metric
Q19612159,4_equity,EQUITY_BAND,Quant_Metric
Q1479225,4_equity,EQUITY_BAND,Quant_Metric
Q6078179,4_equity,EQUITY_BAND,Quant_Metric
Q4806513,4_equity,EQUITY_BAND,Quant_Metric
Q7513486,4_equity,EQUITY_BAND,Quant_Metric
Q28607198,4_equity,EQUITY_BAND,Quant_Metric
Q6026408,4_equity,EQUITY_BAND,Quant_Metric
Q1022075,4_equity,EQUITY_BAND,Quant_Metric
Q50534052,4_equity,EQUITY_BAND,Quant_Metric
Q30242708,4_equity,EQUITY_BAND,Quant_Metric
Q7042323,4_equity,EQUITY_BAND,Quant_Metric
Q6104304,4_equity,EQUITY_BAND,Quant_Metric
Q24914175,4_equity,EQUITY_BAND,Quant_Metric
Q6042123,4_equity,EQUITY_BAND,Quant_Metric
Q4823749,4_equity,EQUITY_BAND,Quant_Metric
Q660062,4_equity,EQUITY_BAND,Quant_Metric
Q17373410,4_equity,EQUITY_BAND,Quant_Metric
Q6045586,4_equity,EQUITY_BAND,Quant_Metric
Q20471638,4_equity,EQUITY_BAND,Quant_Metric
Q2767515,4_equity,EQUITY_BAND,Quant_Metric
Q108666247,4_equity,EQUITY_BAND,Quant_Metric
Q1543309,4_equity,EQUITY_BAND,Quant_Metric
Q1631623,4_equity,EQUITY_BAND,Quant_Metric
Q5446343,4_equity,EQUITY_BAND,Quant_Metric
Q2191408,4_equity,EQUITY_BAND,Quant_Metric
Q28940765,4_equity,EQUITY_BAND,Quant_Metric
Q6090601,4_equity,EQUITY_BAND,Quant_Metric
Q110454466,4_equity,EQUITY_BAND,Quant_Metric
Q52162257,4_equity,EQUITY_BAND,Quant_Metric
Q112131968,4_equity,EQUITY_BAND,Quant_Metric
Q1278023,4_equity,EQUITY_BAND,Quant_Metric
Q6059990,4_equity,EQUITY_BAND,Quant_Metric
Q263700,4_equity,EQUITY_BAND,Quant_Metric
Q31188488,4_equity,EQUITY_BAND,Quant_Metric
Q106803578,4_equity,EQUITY_BAND,Quant_Metric
Q17116336,4_equity,EQUITY_BAND,Quant_Metric
Q19611974,4_equity,EQUITY_BAND,Quant_Metric
Q893310,4_equity,EQUITY_BAND,Quant_Metric
Q6998846,4_equity,EQUITY_BAND,Quant_Metric
Q297600,4_equity,EQUITY_BAND,Quant_Metric
Q6036742,4_equity,EQUITY_BAND,Quant_Metric
Q6089196,4_equity,EQUITY_BAND,Quant_Metric
Q25475379,4_equity,EQUITY_BAND,Quant_Metric
Q169939,4_equity,EQUITY_BAND,Quant_Metric
Q6068396,4_equity,EQUITY_BAND,Quant_Metric
Q19613071,4_equity,EQUITY_BAND,Quant_Metric
Q114602865,4_equity,EQUITY_BAND,Quant_Metric
Q6067615,4_equity,EQUITY_BAND,Quant_Metric
Q6062948,4_equity,EQUITY_BAND,Quant_Metric
Q283852,4_equity,EQUITY_BAND,Quant_Metric
Q26734729,4_equity,EQUITY_BAND,Quant_Metric
Q12809113,4_equity,EQUITY_BAND,Quant_Metric
Q20471726,4_equity,EQUITY_BAND,Quant_Metric
Q6059861,4_equity,EQUITY_BAND,Quant_Metric
Q1115064,4_equity,EQUITY_BAND,Quant_Metric
Q106803513,4_equity,EQUITY_BAND,Quant_Metric
Q50414526,4_equity,EQUITY_BAND,Quant_Metric
Q7669991,4_equity,EQUITY_BAND,Quant_Metric
Q28220824,4_equity,EQUITY_BAND,Quant_Metric
Q272951,4_equity,EQUITY_BAND,Quant_Metric
Q100588345,4_equity,EQUITY_BAND,Quant_Metric
Q6088369,4_equity,EQUITY_BAND,Quant_Metric
Q6043697,4_equity,EQUITY_BAND,Quant_Metric
Q28098273,4_equity,EQUITY_BAND,Quant_Metric
Q574575,4_equity,EQUITY_BAND,Quant_Metric
Q6042684,4_equity,EQUITY_BAND,Quant_Metric
Q108618614,4_equity,EQUITY_BAND,Quant_Metric
Q63869688,4_equity,EQUITY_BAND,Quant_Metric
Q845682,4_equity,EQUITY_BAND,Quant_Metric
Q4765940,4_equity,EQUITY_BAND,Quant_Metric
Q1404654,4_equity,EQUITY_BAND,Quant_Metric
Q483758,4_equity,EQUITY_BAND,Quant_Metric
Q6088582,4_equity,EQUITY_BAND,Quant_Metric
Q6095754,4_equity,EQUITY_BAND,Quant_Metric
Q343136,4_equity,EQUITY_BAND,Quant_Metric
Q114469584,4_equity,EQUITY_BAND,Quant_Metric
Q3079259,4_equity,EQUITY_BAND,Quant_Metric
Q30525322,4_equity,EQUITY_BAND,Quant_Metric
Q63088014,4_equity,EQUITY_BAND,Quant_Metric
Q31191454,4_equity,EQUITY_BAND,Quant_Metric
Q4907690,4_equity,EQUITY_BAND,Quant_Metric
Q28940729,4_equity,EQUITY_BAND,Quant_Metric
Q7072824,4_equity,EQUITY_BAND,Quant_Metric
Q909613,4_equity,EQUITY_BAND,Quant_Metric
Q4121023,4_equity,EQUITY_BAND,Quant_Metric
Q16844020,4_equity,EQUITY_BAND,Quant_Metric
Q483676,4_equity,EQUITY_BAND,Quant_Metric
Q1100424,4_equity,EQUITY_BAND,Quant_Metric
Q334789,4_equity,EQUITY_BAND,Quant_Metric
Q4548,4_equity,EQUITY_BAND,Quant_Metric
Q6094691,4_equity,EQUITY_BAND,Quant_Metric
Q7862447,4_equity,EQUITY_BAND,Quant_Metric
Q28940769,4_equity,EQUITY_BAND,Quant_Metric
Q6084348,4_equity,EQUITY_BAND,Quant_Metric
Q6039733,4_equity,EQUITY_BAND,Quant_Metric
Q6085085,4_equity,EQUITY_BAND,Quant_Metric
Q6082816,4_equity,EQUITY_BAND,Quant_Metric
Q305507,4_equity,EQUITY_BAND,Quant_Metric
Q17508944,4_equity,EQUITY_BAND,Quant_Metric
Q89044739,4_equity,EQUITY_BAND,Quant_Metric
Q1137136,4_equity,EQUITY_BAND,Quant_Metric
Q5912133,4_equity,EQUITY_BAND,Quant_Metric
Q6067290,4_equity,EQUITY_BAND,Quant_Metric
Q343557,4_equity,EQUITY_BAND,Quant_Metric
Q6095787,4_equity,EQUITY_BAND,Quant_Metric
Q6064549,4_equity,EQUITY_BAND,Quant_Metric
Q6038310,4_equity,EQUITY_BAND,Quant_Metric
Q28940675,4_equity,EQUITY_BAND,Quant_Metric
Q107507185,4_equity,EQUITY_BAND,Quant_Metric
Q1496654,4_equity,EQUITY_BAND,Quant_Metric
Q28940599,4_equity,EQUITY_BAND,Quant_Metric
Q28940544,4_equity,EQUITY_BAND,Quant_Metric
Q6075854,4_equity,EQUITY_BAND,Quant_Metric
Q7671959,4_equity,EQUITY_BAND,Quant_Metric
Q6103980,4_equity,EQUITY_BAND,Quant_Metric
Q2600054,4_equity,EQUITY_BAND,Quant_Metric
Q15946806,4_equity,EQUITY_BAND,Quant_Metric
Q86841545,4_equity,EQUITY_BAND,Quant_Metric
Q28605866,4_equity,EQUITY_BAND,Quant_Metric
Q6552441,4_equity,EQUITY_BAND,Quant_Metric
Q106393048,4_equity,EQUITY_BAND,Quant_Metric
Q1148521,4_equity,EQUITY_BAND,Quant_Metric
Q96377064,4_equity,EQUITY_BAND,Quant_Metric
Q2096577,4_equity,EQUITY_BAND,Quant_Metric
Q753778,4_equity,EQUITY_BAND,Quant_Metric
Q343987,4_equity,EQUITY_BAND,Quant_Metric
Q696003,4_equity,EQUITY_BAND,Quant_Metric
Q28940579,4_equity,EQUITY_BAND,Quant_Metric
Q2098195,4_equity,EQUITY_BAND,Quant_Metric
Q59209270,4_equity,EQUITY_BAND,Quant_Metric
Q21202,4_equity,EQUITY_BAND,Quant_Metric
Q4853224,4_equity,EQUITY_BAND,Quant_Metric
Q4736403,4_equity,EQUITY_BAND,Quant_Metric
Q28940638,4_equity,EQUITY_BAND,Quant_Metric
Q6090589,4_equity,EQUITY_BAND,Quant_Metric
Q106259291,4_equity,EQUITY_BAND,Quant_Metric
Q114837130,4_equity,EQUITY_BAND,Quant_Metric
Q62131561,4_equity,EQUITY_BAND,Quant_Metric
Q29830879,4_equity,EQUITY_BAND,Quant_Metric
Q28605887,4_equity,EQUITY_BAND,Quant_Metric
Q31191750,4_equity,EQUITY_BAND,Quant_Metric
Q1060621,4_equity,EQUITY_BAND,Quant_Metric
Q110013577,4_equity,EQUITY_BAND,Quant_Metric
Q114356225,4_equity,EQUITY_BAND,Quant_Metric
Q106803871,4_equity,EQUITY_BAND,Quant_Metric
Q109327834,4_equity,EQUITY_BAND,Quant_Metric
Q28940630,4_equity,EQUITY_BAND,Quant_Metric
Q1567050,4_equity,EQUITY_BAND,Quant_Metric
Q28940776,4_equity,EQUITY_BAND,Quant_Metric
Q113739147,4_equity,EQUITY_BAND,Quant_Metric
Q50221220,4_equity,EQUITY_BAND,Quant_Metric
Q595840,4_equity,EQUITY_BAND,Quant_Metric
Q47240439,4_equity,EQUITY_BAND,Quant_Metric
Q4902531,4_equity,EQUITY_BAND,Quant_Metric
Q17508051,4_equity,EQUITY_BAND,Quant_Metric
Q1424081,4_equity,EQUITY_BAND,Quant_Metric
Q6559269,4_equity,EQUITY_BAND,Quant_Metric
Q1093258,4_equity,EQUITY_BAND,Quant_Metric
Q28940710,4_equity,EQUITY_BAND,Quant_Metric
Q499967,4_equity,EQUITY_BAND,Quant_Metric
Q11136363,4_equity,EQUITY_BAND,Quant_Metric
Q864960,4_equity,EQUITY_BAND,Quant_Metric
Q20472590,4_equity,EQUITY_BAND,Quant_Metric
Q31188182,4_equity,EQUITY_BAND,Quant_Metric
Q206228,4_equity,EQUITY_BAND,Quant_Metric
Q5445352,4_equity,EQUITY_BAND,Quant_Metric
Q6101205,4_equity,EQUITY_BAND,Quant_Metric
Q113278691,4_equity,EQUITY_BAND,Quant_Metric
Q3306835,4_equity,EQUITY_BAND,Quant_Metric
Q6505802,4_equity,EQUITY_BAND,Quant_Metric
Q28736447,4_equity,EQUITY_BAND,Quant_Metric
Q41323377,4_equity,EQUITY_BAND,Quant_Metric
Q6051238,4_equity,EQUITY_BAND,Quant_Metric
Q109533007,4_equity,EQUITY_BAND,Quant_Metric
Q4810943,4_equity,EQUITY_BAND,Quant_Metric
Q28940722,4_equity,EQUITY_BAND,Quant_Metric
Q6586561,4_equity,EQUITY_BAND,Quant_Metric
Q12812126,4_market_cap,MARKET_CAP_BAND,Quant_Metric
Q6084252,4_market_cap,MARKET_CAP_BAND,Quant_Metric
Q28940735,4_market_cap,MARKET_CAP_BAND,Quant_Metric
Q640497,4_market_cap,MARKET_CAP_BAND,Quant_Metric
Q106749304,4_market_cap,MARKET_CAP_BAND,Quant_Metric
Q272576,4_market_cap,MARKET_CAP_BAND,Quant_Metric
Q78594306,4_market_cap,MARKET_CAP_BAND,Quant_Metric
Q1509957,4_market_cap,MARKET_CAP_BAND,Quant_Metric
Q3671573,4_market_cap,MARKET_CAP_BAND,Quant_Metric
Q763682,4_market_cap,MARKET_CAP_BAND,Quant_Metric
Q322962,4_market_cap,MARKET_CAP_BAND,Quant_Metric
Q5005278,4_market_cap,MARKET_CAP_BAND,Quant_Metric
Q2212029,4_market_cap,MARKET_CAP_BAND,Quant_Metric
Q105046246,4_market_cap,MARKET_CAP_BAND,Quant_Metric
Q819402,4_market_cap,MARKET_CAP_BAND,Quant_Metric
Q5385213,4_market_cap,MARKET_CAP_BAND,Quant_Metric
Q19612269,4_market_cap,MARKET_CAP_BAND,Quant_Metric
Q4947455,4_market_cap,MARKET_CAP_BAND,Quant_Metric
Q50431576,4_market_cap,MARKET_CAP_BAND,Quant_Metric
Q31188912,4_market_cap,MARKET_CAP_BAND,Quant_Metric
Q18015543,4_market_cap,MARKET_CAP_BAND,Quant_Metric
Q1140939,4_market_cap,MARKET_CAP_BAND,Quant_Metric
Q28940516,4_market_cap,MARKET_CAP_BAND,Quant_Metric
Q1235258,4_market_cap,MARKET_CAP_BAND,Quant_Metric
Q6089124,4_market_cap,MARKET_CAP_BAND,Quant_Metric
Q5636741,4_market_cap,MARKET_CAP_BAND,Quant_Metric
Q28940498,4_market_cap,MARKET_CAP_BAND,Quant_Metric
Q48299960,4_market_cap,MARKET_CAP_BAND,Quant_Metric
Q19313474,4_market_cap,MARKET_CAP_BAND,Quant_Metric
Q17515320,4_market_cap,MARKET_CAP_BAND,Quant_Metric
Q28729986,4_market_cap,MARKET_CAP_BAND,Quant_Metric
Q6057571,4_market_cap,MARKET_CAP_BAND,Quant_Metric
Q24959818,4_market_cap,MARKET_CAP_BAND,Quant_Metric
Q28008050,4_market_cap,MARKET_CAP_BAND,Quant_Metric
Q7909026,4_market_cap,MARKET_CAP_BAND,Quant_Metric
Q1922090,4_market_cap,MARKET_CAP_BAND,Quant_Metric
Q110454434,4_market_cap,MARKET_CAP_BAND,Quant_Metric
Q924465,4_market_cap,MARKET_CAP_BAND,Quant_Metric
Q6092740,4_market_cap,MARKET_CAP_BAND,Quant_Metric
Q14365850,4_market_cap,MARKET_CAP_BAND,Quant_Metric
Q5642504,4_market_cap,MARKET_CAP_BAND,Quant_Metric
Q675808,4_market_cap,MARKET_CAP_BAND,Quant_Metric
Q28729859,4_market_cap,MARKET_CAP_BAND,Quant_Metric
Q7370229,4_market_cap,MARKET_CAP_BAND,Quant_Metric
Q568226,4_market_cap,MARKET_CAP_BAND,Quant_Metric
Q3247377,4_market_cap,MARKET_CAP_BAND,Quant_Metric
Q2352604,4_market_cap,MARKET_CAP_BAND,Quant_Metric
Q28940529,4_market_cap,MARKET_CAP_BAND,Quant_Metric
Q17372600,4_market_cap,MARKET_CAP_BAND,Quant_Metric
Q106915928,4_market_cap,MARKET_CAP_BAND,Quant_Metric
Q5039494,4_market_cap,MARKET_CAP_BAND,Quant_Metric
Q28940707,4_market_cap,MARKET_CAP_BAND,Quant_Metric
Q88802009,4_market_cap,MARKET_CAP_BAND,Quant_Metric
Q6094978,4_market_cap,MARKET_CAP_BAND,Quant_Metric
Q1136056,4_market_cap,MARKET_CAP_BAND,Quant_Metric
Q42114490,4_market_cap,MARKET_CAP_BAND,Quant_Metric
Q106803706,4_market_cap,MARKET_CAP_BAND,Quant_Metric
Q3572167,4_market_cap,MARKET_CAP_BAND,Quant_Metric
Q192964,4_market_cap,MARKET_CAP_BAND,Quant_Metric
Q28940760,4_market_cap,MARKET_CAP_BAND,Quant_Metric
Q8049138,4_market_cap,MARKET_CAP_BAND,Quant_Metric
Q6100422,4_market_cap,MARKET_CAP_BAND,Quant_Metric
Q1496662,4_market_cap,MARKET_CAP_BAND,Quant_Metric
Q6103457,4_market_cap,MARKET_CAP_BAND,Quant_Metric
Q4053185,4_market_cap,MARKET_CAP_BAND,Quant_Metric
Q50898859,4_market_cap,MARKET_CAP_BAND,Quant_Metric
Q1142874,4_market_cap,MARKET_CAP_BAND,Quant_Metric
Q19610501,4_market_cap,MARKET_CAP_BAND,Quant_Metric
Q3088422,4_market_cap,MARKET_CAP_BAND,Quant_Metric
Q6097181,4_market_cap,MARKET_CAP_BAND,Quant_Metric
Q6078167,4_market_cap,MARKET_CAP_BAND,Quant_Metric
Q1815813,4_market_cap,MARKET_CAP_BAND,Quant_Metric
Q28729960,4_market_cap,MARKET_CAP_BAND,Quant_Metric
Q28940580,4_market_cap,MARKET_CAP_BAND,Quant_Metric
Q2072196,4_market_cap,MARKET_CAP_BAND,Quant_Metric
Q85532908,4_market_cap,MARKET_CAP_BAND,Quant_Metric
Q1297001,4_market_cap,MARKET_CAP_BAND,Quant_Metric
Q6041719,4_market_cap,MARKET_CAP_BAND,Quant_Metric
Q28940548,4_market_cap,MARKET_CAP_BAND,Quant_Metric
Q109128772,4_market_cap,MARKET_CAP_BAND,Quant_Metric
Q580829,4_market_cap,MARKET_CAP_BAND,Quant_Metric
Q98456772,4_market_cap,MARKET_CAP_BAND,Quant_Metric
Q71426159,4_market_cap,MARKET_CAP_BAND,Quant_Metric
Q19612080,4_market_cap,MARKET_CAP_BAND,Quant_Metric
Q6034611,4_market_cap,MARKET_CAP_BAND,Quant_Metric
Q28940770,4_market_cap,MARKET_CAP_BAND,Quant_Metric
Q106803959,4_market_cap,MARKET_CAP_BAND,Quant_Metric
Q105406443,4_market_cap,MARKET_CAP_BAND,Quant_Metric
Q54258978,4_market_cap,MARKET_CAP_BAND,Quant_Metric
Q327147,4_market_cap,MARKET_CAP_BAND,Quant_Metric
Q97599073,4_market_cap,MARKET_CAP_BAND,Quant_Metric
Q106803132,4_market_cap,MARKET_CAP_BAND,Quant_Metric
Q7937213,4_market_cap,MARKET_CAP_BAND,Quant_Metric
Q19612892,4_market_cap,MARKET_CAP_BAND,Quant_Metric
Q85970774,4_market_cap,MARKET_CAP_BAND,Quant_Metric
Q12811293,4_market_cap,MARKET_CAP_BAND,Quant_Metric
Q50353048,4_market_cap,MARKET_CAP_BAND,Quant_Metric
Q33035435,4_market_cap,MARKET_CAP_BAND,Quant_Metric
Q25477689,4_market_cap,MARKET_CAP_BAND,Quant_Metric
Q30014678,4_market_cap,MARKET_CAP_BAND,Quant_Metric
Q635836,4_market_cap,MARKET_CAP_BAND,Quant_Metric
Q1550686,4_market_cap,MARKET_CAP_BAND,Quant_Metric
Q10952014,4_market_cap,MARKET_CAP_BAND,Quant_Metric
Q18639164,4_market_cap,MARKET_CAP_BAND,Quant_Metric
Q6093056,4_market_cap,MARKET_CAP_BAND,Quant_Metric
Q28940632,4_market_cap,MARKET_CAP_BAND,Quant_Metric
Q6944541,4_market_cap,MARKET_CAP_BAND,Quant_Metric
Q6070301,4_market_cap,MARKET_CAP_BAND,Quant_Metric
Q1784943,4_market_cap,MARKET_CAP_BAND,Quant_Metric
Q81378907,4_market_cap,MARKET_CAP_BAND,Quant_Metric
Q4750772,4_market_cap,MARKET_CAP_BAND,Quant_Metric
Q5194072,4_market_cap,MARKET_CAP_BAND,Quant_Metric
Q757295,4_market_cap,MARKET_CAP_BAND,Quant_Metric
Q145400,4_market_cap,MARKET_CAP_BAND,Quant_Metric
Q6052726,4_market_cap,MARKET_CAP_BAND,Quant_Metric
Q12810915,4_market_cap,MARKET_CAP_BAND,Quant_Metric
Q17513880,4_market_cap,MARKET_CAP_BAND,Quant_Metric
Q6046717,4_market_cap,MARKET_CAP_BAND,Quant_Metric
Q20026900,4_market_cap,MARKET_CAP_BAND,Quant_Metric
Q1416237,4_market_cap,MARKET_CAP_BAND,Quant_Metric
Q4701750,4_market_cap,MARKET_CAP_BAND,Quant_Metric
Q477436,4_market_cap,MARKET_CAP_BAND,Quant_Metric
Q20471547,4_market_cap,MARKET_CAP_BAND,Quant_Metric
Q6081316,4_market_cap,MARKET_CAP_BAND,Quant_Metric
Q106905217,4_market_cap,MARKET_CAP_BAND,Quant_Metric
Q20473304,4_market_cap,MARKET_CAP_BAND,Quant_Metric
Q22312972,4_market_cap,MARKET_CAP_BAND,Quant_Metric
Q6057541,4_market_cap,MARKET_CAP_BAND,Quant_Metric
Q1718685,4_market_cap,MARKET_CAP_BAND,Quant_Metric
Q4709417,4_market_cap,MARKET_CAP_BAND,Quant_Metric
Q3073363,4_market_cap,MARKET_CAP_BAND,Quant_Metric
Q28940506,4_market_cap,MARKET_CAP_BAND,Quant_Metric
Q28940603,4_market_cap,MARKET_CAP_BAND,Quant_Metric
Q1627814,4_market_cap,MARKET_CAP_BAND,Quant_Metric
Q6051265,4_market_cap,MARKET_CAP_BAND,Quant_Metric
Q17511462,4_market_cap,MARKET_CAP_BAND,Quant_Metric
Q1734420,4_market_cap,MARKET_CAP_BAND,Quant_Metric
Q106803137,4_market_cap,MARKET_CAP_BAND,Quant_Metric
Q6037320,4_market_cap,MARKET_CAP_BAND,Quant_Metric
Q6031999,4_market_cap,MARKET_CAP_BAND,Quant_Metric
Q5426786,4_market_cap,MARKET_CAP_BAND,Quant_Metric
Q1754510,4_market_cap,MARKET_CAP_BAND,Quant_Metric
Q2002470,4_market_cap,MARKET_CAP_BAND,Quant_Metric
Q4750773,4_market_cap,MARKET_CAP_BAND,Quant_Metric
Q4822225,4_market_cap,MARKET_CAP_BAND,Quant_Metric
Q6073794,4_market_cap,MARKET_CAP_BAND,Quant_Metric
Q218006,4_market_cap,MARKET_CAP_BAND,Quant_Metric
Q24911240,4_market_cap,MARKET_CAP_BAND,Quant_Metric
Q931084,4_market_cap,MARKET_CAP_BAND,Quant_Metric
Q1091884,4_market_cap,MARKET_CAP_BAND,Quant_Metric
Q19610384,4_market_cap,MARKET_CAP_BAND,Quant_Metric
Q1453488,4_market_cap,MARKET_CAP_BAND,Quant_Metric
Q6048050,4_market_cap,MARKET_CAP_BAND,Quant_Metric
Q12809694,4_market_cap,MARKET_CAP_BAND,Quant_Metric
Q416624,4_market_cap,MARKET_CAP_BAND,Quant_Metric
Q4855899,4_market_cap,MARKET_CAP_BAND,Quant_Metric
Q62274352,4_market_cap,MARKET_CAP_BAND,Quant_Metric
Q28940687,4_market_cap,MARKET_CAP_BAND,Quant_Metric
Q20472219,4_market_cap,MARKET_CAP_BAND,Quant_Metric
Q2143214,4_market_cap,MARKET_CAP_BAND,Quant_Metric
Q1964403,4_market_cap,MARKET_CAP_BAND,Quant_Metric
Q62296914,4_market_cap,MARKET_CAP_BAND,Quant_Metric
Q28059537,4_market_cap,MARKET_CAP_BAND,Quant_Metric
Q5057509,4_market_cap,MARKET_CAP_BAND,Quant_Metric
Q28940767,4_market_cap,MARKET_CAP_BAND,Quant_Metric
Q61687618,4_market_cap,MARKET_CAP_BAND,Quant_Metric
Q4046730,4_market_cap,MARKET_CAP_BAND,Quant_Metric
Q66424250,4_market_cap,MARKET_CAP_BAND,Quant_Metric
Q1278087,4_market_cap,MARKET_CAP_BAND,Quant_Metric
Q6042498,4_market_cap,MARKET_CAP_BAND,Quant_Metric
Q48473390,4_market_cap,MARKET_CAP_BAND,Quant_Metric
Q6085091,4_market_cap,MARKET_CAP_BAND,Quant_Metric
Q327799,4_market_cap,MARKET_CAP_BAND,Quant_Metric
Q17507971,4_market_cap,MARKET_CAP_BAND,Quant_Metric
Q30443752,4_market_cap,MARKET_CAP_BAND,Quant_Metric
Q28940551,4_market_cap,MARKET_CAP_BAND,Quant_Metric
Q6098422,4_market_cap,MARKET_CAP_BAND,Quant_Metric
Q6017453,4_market_cap,MARKET_CAP_BAND,Quant_Metric
Q20472928,4_market_cap,MARKET_CAP_BAND,Quant_Metric
Q3674402,4_market_cap,MARKET_CAP_BAND,Quant_Metric
Q6036058,4_market_cap,MARKET_CAP_BAND,Quant_Metric
Q6055267,4_market_cap,MARKET_CAP_BAND,Quant_Metric
Q32904677,4_market_cap,MARKET_CAP_BAND,Quant_Metric
Q6084324,4_market_cap,MARKET_CAP_BAND,Quant_Metric
Q5628993,4_market_cap,MARKET_CAP_BAND,Quant_Metric
Q20471091,4_market_cap,MARKET_CAP_BAND,Quant_Metric
Q683816,4_market_cap,MARKET_CAP_BAND,Quant_Metric
Q27431235,4_market_cap,MARKET_CAP_BAND,Quant_Metric
Q6058218,4_market_cap,MARKET_CAP_BAND,Quant_Metric
Q28940545,4_market_cap,MARKET_CAP_BAND,Quant_Metric
Q6034496,4_market_cap,MARKET_CAP_BAND,Quant_Metric
Q4690863,4_market_cap,MARKET_CAP_BAND,Quant_Metric
Q6009972,4_market_cap,MARKET_CAP_BAND,Quant_Metric
Q61608889,4_market_cap,MARKET_CAP_BAND,Quant_Metric
Q16850737,4_market_cap,MARKET_CAP_BAND,Quant_Metric
Q1491731,4_market_cap,MARKET_CAP_BAND,Quant_Metric
Q28940689,4_market_cap,MARKET_CAP_BAND,Quant_Metric
Q107509085,4_market_cap,MARKET_CAP_BAND,Quant_Metric
Q47165503,4_market_cap,MARKET_CAP_BAND,Quant_Metric
Q6039889,4_market_cap,MARKET_CAP_BAND,Quant_Metric
Q2254240,4_market_cap,MARKET_CAP_BAND,Quant_Metric
Q5992824,4_market_cap,MARKET_CAP_BAND,Quant_Metric
Q6103564,4_market_cap,MARKET_CAP_BAND,Quant_Metric
Q50842753,4_market_cap,MARKET_CAP_BAND,Quant_Metric
Q28605813,4_market_cap,MARKET_CAP_BAND,Quant_Metric
Q6009987,4_market_cap,MARKET_CAP_BAND,Quant_Metric
Q6035800,4_market_cap,MARKET_CAP_BAND,Quant_Metric
Q6049713,4_market_cap,MARKET_CAP_BAND,Quant_Metric
Q28606323,4_market_cap,MARKET_CAP_BAND,Quant_Metric
Q52236613,4_market_cap,MARKET_CAP_BAND,Quant_Metric
Q12060584,4_market_cap,MARKET_CAP_BAND,Quant_Metric
Q28940536,4_market_cap,MARKET_CAP_BAND,Quant_Metric
Q4952569,4_market_cap,MARKET_CAP_BAND,Quant_Metric
Q6077569,4_market_cap,MARKET_CAP_BAND,Quant_Metric
Q1306571,4_market_cap,MARKET_CAP_BAND,Quant_Metric
Q8047517,4_market_cap,MARKET_CAP_BAND,Quant_Metric
Q28940537,4_market_cap,MARKET_CAP_BAND,Quant_Metric
Q1911924,4_market_cap,MARKET_CAP_BAND,Quant_Metric
Q28940479,4_market_cap,MARKET_CAP_BAND,Quant_Metric
Q19613992,4_market_cap,MARKET_CAP_BAND,Quant_Metric
Q101252542,4_market_cap,MARKET_CAP_BAND,Quant_Metric
Q19612159,4_market_cap,MARKET_CAP_BAND,Quant_Metric
Q1479225,4_market_cap,MARKET_CAP_BAND,Quant_Metric
Q6078179,4_market_cap,MARKET_CAP_BAND,Quant_Metric
Q4806513,4_market_cap,MARKET_CAP_BAND,Quant_Metric
Q7513486,4_market_cap,MARKET_CAP_BAND,Quant_Metric
Q28607198,4_market_cap,MARKET_CAP_BAND,Quant_Metric
Q6026408,4_market_cap,MARKET_CAP_BAND,Quant_Metric
Q1022075,4_market_cap,MARKET_CAP_BAND,Quant_Metric
Q50534052,4_market_cap,MARKET_CAP_BAND,Quant_Metric
Q30242708,4_market_cap,MARKET_CAP_BAND,Quant_Metric
Q7042323,4_market_cap,MARKET_CAP_BAND,Quant_Metric
Q6104304,4_market_cap,MARKET_CAP_BAND,Quant_Metric
Q24914175,4_market_cap,MARKET_CAP_BAND,Quant_Metric
Q6042123,4_market_cap,MARKET_CAP_BAND,Quant_Metric
Q4823749,4_market_cap,MARKET_CAP_BAND,Quant_Metric
Q660062,4_market_cap,MARKET_CAP_BAND,Quant_Metric
Q17373410,4_market_cap,MARKET_CAP_BAND,Quant_Metric
Q6045586,4_market_cap,MARKET_CAP_BAND,Quant_Metric
Q20471638,4_market_cap,MARKET_CAP_BAND,Quant_Metric
Q2767515,4_market_cap,MARKET_CAP_BAND,Quant_Metric
Q108666247,4_market_cap,MARKET_CAP_BAND,Quant_Metric
Q1543309,4_market_cap,MARKET_CAP_BAND,Quant_Metric
Q1631623,4_market_cap,MARKET_CAP_BAND,Quant_Metric
Q5446343,4_market_cap,MARKET_CAP_BAND,Quant_Metric
Q2191408,4_market_cap,MARKET_CAP_BAND,Quant_Metric
Q28940765,4_market_cap,MARKET_CAP_BAND,Quant_Metric
Q6090601,4_market_cap,MARKET_CAP_BAND,Quant_Metric
Q110454466,4_market_cap,MARKET_CAP_BAND,Quant_Metric
Q52162257,4_market_cap,MARKET_CAP_BAND,Quant_Metric
Q112131968,4_market_cap,MARKET_CAP_BAND,Quant_Metric
Q1278023,4_market_cap,MARKET_CAP_BAND,Quant_Metric
Q6059990,4_market_cap,MARKET_CAP_BAND,Quant_Metric
Q263700,4_market_cap,MARKET_CAP_BAND,Quant_Metric
Q31188488,4_market_cap,MARKET_CAP_BAND,Quant_Metric
Q106803578,4_market_cap,MARKET_CAP_BAND,Quant_Metric
Q17116336,4_market_cap,MARKET_CAP_BAND,Quant_Metric
Q19611974,4_market_cap,MARKET_CAP_BAND,Quant_Metric
Q893310,4_market_cap,MARKET_CAP_BAND,Quant_Metric
Q6998846,4_market_cap,MARKET_CAP_BAND,Quant_Metric
Q297600,4_market_cap,MARKET_CAP_BAND,Quant_Metric
Q6036742,4_market_cap,MARKET_CAP_BAND,Quant_Metric
Q6089196,4_market_cap,MARKET_CAP_BAND,Quant_Metric
Q25475379,4_market_cap,MARKET_CAP_BAND,Quant_Metric
Q169939,4_market_cap,MARKET_CAP_BAND,Quant_Metric
Q6068396,4_market_cap,MARKET_CAP_BAND,Quant_Metric
Q19613071,4_market_cap,MARKET_CAP_BAND,Quant_Metric
Q114602865,4_market_cap,MARKET_CAP_BAND,Quant_Metric
Q6067615,4_market_cap,MARKET_CAP_BAND,Quant_Metric
Q6062948,4_market_cap,MARKET_CAP_BAND,Quant_Metric
Q283852,4_market_cap,MARKET_CAP_BAND,Quant_Metric
Q26734729,4_market_cap,MARKET_CAP_BAND,Quant_Metric
Q12809113,4_market_cap,MARKET_CAP_BAND,Quant_Metric
Q20471726,4_market_cap,MARKET_CAP_BAND,Quant_Metric
Q6059861,4_market_cap,MARKET_CAP_BAND,Quant_Metric
Q1115064,4_market_cap,MARKET_CAP_BAND,Quant_Metric
Q106803513,4_market_cap,MARKET_CAP_BAND,Quant_Metric
Q50414526,4_market_cap,MARKET_CAP_BAND,Quant_Metric
Q7669991,4_market_cap,MARKET_CAP_BAND,Quant_Metric
Q28220824,4_market_cap,MARKET_CAP_BAND,Quant_Metric
Q272951,4_market_cap,MARKET_CAP_BAND,Quant_Metric
Q100588345,4_market_cap,MARKET_CAP_BAND,Quant_Metric
Q6088369,4_market_cap,MARKET_CAP_BAND,Quant_Metric
Q6043697,4_market_cap,MARKET_CAP_BAND,Quant_Metric
Q28098273,4_market_cap,MARKET_CAP_BAND,Quant_Metric
Q574575,4_market_cap,MARKET_CAP_BAND,Quant_Metric
Q6042684,4_market_cap,MARKET_CAP_BAND,Quant_Metric
Q108618614,4_market_cap,MARKET_CAP_BAND,Quant_Metric
Q63869688,4_market_cap,MARKET_CAP_BAND,Quant_Metric
Q845682,4_market_cap,MARKET_CAP_BAND,Quant_Metric
Q4765940,4_market_cap,MARKET_CAP_BAND,Quant_Metric
Q1404654,4_market_cap,MARKET_CAP_BAND,Quant_Metric
Q483758,4_market_cap,MARKET_CAP_BAND,Quant_Metric
Q6088582,4_market_cap,MARKET_CAP_BAND,Quant_Metric
Q6095754,4_market_cap,MARKET_CAP_BAND,Quant_Metric
Q343136,4_market_cap,MARKET_CAP_BAND,Quant_Metric
Q114469584,4_market_cap,MARKET_CAP_BAND,Quant_Metric
Q3079259,4_market_cap,MARKET_CAP_BAND,Quant_Metric
Q30525322,4_market_cap,MARKET_CAP_BAND,Quant_Metric
Q63088014,4_market_cap,MARKET_CAP_BAND,Quant_Metric
Q31191454,4_market_cap,MARKET_CAP_BAND,Quant_Metric
Q4907690,4_market_cap,MARKET_CAP_BAND,Quant_Metric
Q28940729,4_market_cap,MARKET_CAP_BAND,Quant_Metric
Q7072824,4_market_cap,MARKET_CAP_BAND,Quant_Metric
Q909613,4_market_cap,MARKET_CAP_BAND,Quant_Metric
Q4121023,4_market_cap,MARKET_CAP_BAND,Quant_Metric
Q16844020,4_market_cap,MARKET_CAP_BAND,Quant_Metric
Q483676,4_market_cap,MARKET_CAP_BAND,Quant_Metric
Q1100424,4_market_cap,MARKET_CAP_BAND,Quant_Metric
Q334789,4_market_cap,MARKET_CAP_BAND,Quant_Metric
Q4548,4_market_cap,MARKET_CAP_BAND,Quant_Metric
Q6094691,4_market_cap,MARKET_CAP_BAND,Quant_Metric
Q7862447,4_market_cap,MARKET_CAP_BAND,Quant_Metric
Q28940769,4_market_cap,MARKET_CAP_BAND,Quant_Metric
Q6084348,4_market_cap,MARKET_CAP_BAND,Quant_Metric
Q6039733,4_market_cap,MARKET_CAP_BAND,Quant_Metric
Q6085085,4_market_cap,MARKET_CAP_BAND,Quant_Metric
Q6082816,4_market_cap,MARKET_CAP_BAND,Quant_Metric
Q305507,4_market_cap,MARKET_CAP_BAND,Quant_Metric
Q17508944,4_market_cap,MARKET_CAP_BAND,Quant_Metric
Q89044739,4_market_cap,MARKET_CAP_BAND,Quant_Metric
Q1137136,4_market_cap,MARKET_CAP_BAND,Quant_Metric
Q5912133,4_market_cap,MARKET_CAP_BAND,Quant_Metric
Q6067290,4_market_cap,MARKET_CAP_BAND,Quant_Metric
Q343557,4_market_cap,MARKET_CAP_BAND,Quant_Metric
Q6095787,4_market_cap,MARKET_CAP_BAND,Quant_Metric
Q6064549,4_market_cap,MARKET_CAP_BAND,Quant_Metric
Q6038310,4_market_cap,MARKET_CAP_BAND,Quant_Metric
Q28940675,4_market_cap,MARKET_CAP_BAND,Quant_Metric
Q107507185,4_market_cap,MARKET_CAP_BAND,Quant_Metric
Q1496654,4_market_cap,MARKET_CAP_BAND,Quant_Metric
Q28940599,4_market_cap,MARKET_CAP_BAND,Quant_Metric
Q28940544,4_market_cap,MARKET_CAP_BAND,Quant_Metric
Q6075854,4_market_cap,MARKET_CAP_BAND,Quant_Metric
Q7671959,4_market_cap,MARKET_CAP_BAND,Quant_Metric
Q6103980,4_market_cap,MARKET_CAP_BAND,Quant_Metric
Q2600054,4_market_cap,MARKET_CAP_BAND,Quant_Metric
Q15946806,4_market_cap,MARKET_CAP_BAND,Quant_Metric
Q86841545,4_market_cap,MARKET_CAP_BAND,Quant_Metric
Q28605866,4_market_cap,MARKET_CAP_BAND,Quant_Metric
Q6552441,4_market_cap,MARKET_CAP_BAND,Quant_Metric
Q106393048,4_market_cap,MARKET_CAP_BAND,Quant_Metric
Q1148521,4_market_cap,MARKET_CAP_BAND,Quant_Metric
Q96377064,4_market_cap,MARKET_CAP_BAND,Quant_Metric
Q2096577,4_market_cap,MARKET_CAP_BAND,Quant_Metric
Q753778,4_market_cap,MARKET_CAP_BAND,Quant_Metric
Q343987,4_market_cap,MARKET_CAP_BAND,Quant_Metric
Q696003,4_market_cap,MARKET_CAP_BAND,Quant_Metric
Q28940579,4_market_cap,MARKET_CAP_BAND,Quant_Metric
Q2098195,4_market_cap,MARKET_CAP_BAND,Quant_Metric
Q59209270,4_market_cap,MARKET_CAP_BAND,Quant_Metric
Q21202,4_market_cap,MARKET_CAP_BAND,Quant_Metric
Q4853224,4_market_cap,MARKET_CAP_BAND,Quant_Metric
Q4736403,4_market_cap,MARKET_CAP_BAND,Quant_Metric
Q28940638,4_market_cap,MARKET_CAP_BAND,Quant_Metric
Q6090589,4_market_cap,MARKET_CAP_BAND,Quant_Metric
Q106259291,4_market_cap,MARKET_CAP_BAND,Quant_Metric
Q114837130,4_market_cap,MARKET_CAP_BAND,Quant_Metric
Q62131561,4_market_cap,MARKET_CAP_BAND,Quant_Metric
Q29830879,4_market_cap,MARKET_CAP_BAND,Quant_Metric
Q28605887,4_market_cap,MARKET_CAP_BAND,Quant_Metric
Q31191750,4_market_cap,MARKET_CAP_BAND,Quant_Metric
Q1060621,4_market_cap,MARKET_CAP_BAND,Quant_Metric
Q110013577,4_market_cap,MARKET_CAP_BAND,Quant_Metric
Q114356225,4_market_cap,MARKET_CAP_BAND,Quant_Metric
Q106803871,4_market_cap,MARKET_CAP_BAND,Quant_Metric
Q109327834,4_market_cap,MARKET_CAP_BAND,Quant_Metric
Q28940630,4_market_cap,MARKET_CAP_BAND,Quant_Metric
Q1567050,4_market_cap,MARKET_CAP_BAND,Quant_Metric
Q28940776,4_market_cap,MARKET_CAP_BAND,Quant_Metric
Q113739147,4_market_cap,MARKET_CAP_BAND,Quant_Metric
Q50221220,4_market_cap,MARKET_CAP_BAND,Quant_Metric
Q595840,4_market_cap,MARKET_CAP_BAND,Quant_Metric
Q47240439,4_market_cap,MARKET_CAP_BAND,Quant_Metric
Q4902531,4_market_cap,MARKET_CAP_BAND,Quant_Metric
Q17508051,4_market_cap,MARKET_CAP_BAND,Quant_Metric
Q1424081,4_market_cap,MARKET_CAP_BAND,Quant_Metric
Q6559269,4_market_cap,MARKET_CAP_BAND,Quant_Metric
Q1093258,4_market_cap,MARKET_CAP_BAND,Quant_Metric
Q28940710,4_market_cap,MARKET_CAP_BAND,Quant_Metric
Q499967,4_market_cap,MARKET_CAP_BAND,Quant_Metric
Q11136363,4_market_cap,MARKET_CAP_BAND,Quant_Metric
Q864960,4_market_cap,MARKET_CAP_BAND,Quant_Metric
Q20472590,4_market_cap,MARKET_CAP_BAND,Quant_Metric
Q31188182,4_market_cap,MARKET_CAP_BAND,Quant_Metric
Q206228,4_market_cap,MARKET_CAP_BAND,Quant_Metric
Q5445352,4_market_cap,MARKET_CAP_BAND,Quant_Metric
Q6101205,4_market_cap,MARKET_CAP_BAND,Quant_Metric
Q113278691,4_market_cap,MARKET_CAP_BAND,Quant_Metric
Q3306835,4_market_cap,MARKET_CAP_BAND,Quant_Metric
Q6505802,4_market_cap,MARKET_CAP_BAND,Quant_Metric
Q28736447,4_market_cap,MARKET_CAP_BAND,Quant_Metric
Q41323377,4_market_cap,MARKET_CAP_BAND,Quant_Metric
Q6051238,4_market_cap,MARKET_CAP_BAND,Quant_Metric
Q109533007,4_market_cap,MARKET_CAP_BAND,Quant_Metric
Q4810943,4_market_cap,MARKET_CAP_BAND,Quant_Metric
Q28940722,4_market_cap,MARKET_CAP_BAND,Quant_Metric
Q6586561,4_market_cap,MARKET_CAP_BAND,Quant_Metric
