company_id,val_id,edge_typ,node_typ
Q79032197,Q1431026,INDUSTRY,Industry
Q79032197, Q27686,INDUSTRY,Industry
Q5281,Q880371,INDUSTRY,Industry
Q5281, Q75,INDUSTRY,Industry
Q5281, Q56611700,INDUSTRY,Industry
Q170416,Q5358497,INDUSTRY,Industry
Q170416, Q1326885,INDUSTRY,Industry
Q170416, Q581105,INDUSTRY,Industry
Q13219333,Q941594,INDUSTRY,Industry
Q13219333, Q851989,INDUSTRY,Industry
Q15139453,Q1757562,INDUSTRY,Industry
Q50922586,Q941594,INDUSTRY,Industry
Q64139027,Q484847,INDUSTRY,Industry
Q64139027, Q126793,INDUSTRY,Industry
Q325113,Q126793,INDUSTRY,Industry
Q325113, Q418,INDUSTRY,Industry
Q47017915,Q1295201,INDUSTRY,Industry
Q91307483,Q112165722,INDUSTRY,Industry
Q645708,Q1416657,INDUSTRY,Industry
Q645708, Q837171,INDUSTRY,Industry
Q645708, Q806718,INDUSTRY,Industry
Q645708, Q29584334,INDUSTRY,Industry
Q645708, Q2518196,INDUSTRY,Industry
Q683146,Q3972943,INDUSTRY,Industry
Q746413,Q3972943,INDUSTRY,Industry
Q62562792,Q13107184,INDUSTRY,Industry
Q661845,Q2986369,INDUSTRY,Industry
Q108615358,Q56611700,INDUSTRY,Industry
Q108615358, Q350884,INDUSTRY,Industry
Q108615358, Q189507,INDUSTRY,Industry
Q68339650,Q171141,INDUSTRY,Industry
Q108024274,Q11828862,INDUSTRY,Industry
Q22669293,Q56611700,INDUSTRY,Industry
Q22669293, Q1509541,INDUSTRY,Industry
Q22669293, Q880371,INDUSTRY,Industry
Q60741602,Q1187656,INDUSTRY,Industry
Q80212363,Q1431026,INDUSTRY,Industry
Q80212363, Q27686,INDUSTRY,Industry
Q52903369,Q11828862,INDUSTRY,Industry
Q7365709,Q941594,INDUSTRY,Industry
Q23006355,Q11635,INDUSTRY,Industry
Q287471,Q1416657,INDUSTRY,Industry
Q287471, Q837171,INDUSTRY,Industry
Q287471, Q806718,INDUSTRY,Industry
Q98455765,Q126793,INDUSTRY,Industry
Q108612354,Q29044175,INDUSTRY,Industry
Q1105744,Q1447463,INDUSTRY,Industry
Q80208204,Q1431026,INDUSTRY,Industry
Q80208204, Q27686,INDUSTRY,Industry
Q27593967,Q555097,INDUSTRY,Industry
Q665870,Q1304795,INDUSTRY,Industry
Q22680711,Q61509,INDUSTRY,Industry
Q79029849,Q1431026,INDUSTRY,Industry
Q79029849, Q27686,INDUSTRY,Industry
Q106713179,Q97486731,INDUSTRY,Industry
Q588441,Q17018236,INDUSTRY,Industry
Q4992516,Q581105,INDUSTRY,Industry
Q1385775,Q618211,INDUSTRY,Industry
Q1385775, Q126793,INDUSTRY,Industry
Q17141914,Q11828862,INDUSTRY,Industry
Q138133,Q1326594,INDUSTRY,Industry
Q138133, Q2151621,INDUSTRY,Industry
Q138133, Q1341477,INDUSTRY,Industry
Q616651,Q941594,INDUSTRY,Industry
Q41171373,Q126793,INDUSTRY,Industry
Q78993869,Q1431026,INDUSTRY,Industry
Q78993869, Q27686,INDUSTRY,Industry
Q15616183,Q7554349,INDUSTRY,Industry
Q15616183, Q880371,INDUSTRY,Industry
Q15616183, Q581105,INDUSTRY,Industry
Q15616183, Q229367,INDUSTRY,Industry
Q15616183, Q80993,INDUSTRY,Industry
Q55989820,Q2789106,INDUSTRY,Industry
Q97439162,Q112166038,INDUSTRY,Industry
Q28406843,Q746359,INDUSTRY,Industry
Q1068655,Q49389,INDUSTRY,Industry
Q31633758,Q941594,INDUSTRY,Industry
Q1653371,Q1573906,INDUSTRY,Industry
Q62393564,Q418,INDUSTRY,Industry
Q701338,Q126793,INDUSTRY,Industry
Q248711,Q627371,INDUSTRY,Industry
Q851481,Q56611700,INDUSTRY,Industry
Q917031,Q591041,INDUSTRY,Industry
Q2913725,Q97486588,INDUSTRY,Industry
Q2913725, Q11033,INDUSTRY,Industry
Q2913725, Q11030,INDUSTRY,Industry
Q32414703,Q15825471,INDUSTRY,Industry
Q32414703, Q484847,INDUSTRY,Industry
Q252004,Q1416657,INDUSTRY,Industry
Q252004, Q837171,INDUSTRY,Industry
Q252004, Q806718,INDUSTRY,Industry
Q106390300,Q96734544,INDUSTRY,Industry
Q842108,Q112166008,INDUSTRY,Industry
Q842108, Q837171,INDUSTRY,Industry
Q1499936,Q112165382,INDUSTRY,Industry
Q60887513,Q126793,INDUSTRY,Industry
Q114930905,Q941594,INDUSTRY,Industry
Q105839833,Q10302058,INDUSTRY,Industry
Q28721069,Q837171,INDUSTRY,Industry
Q17031826,Q25245117,INDUSTRY,Industry
Q2104662,Q15067276,INDUSTRY,Industry
Q5881409,Q17018236,INDUSTRY,Industry
Q52602203,Q56611700,INDUSTRY,Industry
Q52602203, Q25245117,INDUSTRY,Industry
Q52602203, Q15057100,INDUSTRY,Industry
Q52602203, Q3144517,INDUSTRY,Industry
Q52602203, Q1073015,INDUSTRY,Industry
Q52602203, Q179310,INDUSTRY,Industry
Q52602203, Q11661,INDUSTRY,Industry
Q2226366,Q1260046,INDUSTRY,Industry
Q2226366, Q126793,INDUSTRY,Industry
Q2707765,Q11828862,INDUSTRY,Industry
Q28135888,Q189507,INDUSTRY,Industry
Q28135888, Q180711,INDUSTRY,Industry
Q92552501,Q81799,INDUSTRY,Industry
Q108269312,Q837171,INDUSTRY,Industry
Q108269312, Q806718,INDUSTRY,Industry
Q108269312, Q4290,INDUSTRY,Industry
Q4331734,Q187939,INDUSTRY,Industry
Q24909573,Q941594,INDUSTRY,Industry
Q79618395,Q1431026,INDUSTRY,Industry
Q79618395, Q27686,INDUSTRY,Industry
Q249798,Q3972943,INDUSTRY,Industry
Q80205404,Q1431026,INDUSTRY,Industry
Q80205404, Q27686,INDUSTRY,Industry
Q628343,Q13747706,INDUSTRY,Industry
Q70992167,Q2442065,INDUSTRY,Industry
Q95552428,Q837171,INDUSTRY,Industry
Q2390074,Q126793,INDUSTRY,Industry
Q1562826,Q25245117,INDUSTRY,Industry
Q14480577,Q1431026,INDUSTRY,Industry
Q14480577, Q27686,INDUSTRY,Industry
Q28034354,Q48803,INDUSTRY,Industry
Q129911,Q42515,INDUSTRY,Industry
Q79098472,Q1431026,INDUSTRY,Industry
Q79098472, Q27686,INDUSTRY,Industry
Q98637533,Q941594,INDUSTRY,Industry
Q610492,Q126793,INDUSTRY,Industry
Q80204322,Q1431026,INDUSTRY,Industry
Q80204322, Q27686,INDUSTRY,Industry
Q79027814,Q1431026,INDUSTRY,Industry
Q79027814, Q27686,INDUSTRY,Industry
Q64411346,Q4373046,INDUSTRY,Industry
Q2680937,Q837171,INDUSTRY,Industry
Q50912,Q207652,INDUSTRY,Industry
Q706793,Q22656,INDUSTRY,Industry
Q110571305,Q941594,INDUSTRY,Industry
Q100278556,Q1260046,INDUSTRY,Industry
Q23076,Q3565868,INDUSTRY,Industry
Q2177445,Q15825471,INDUSTRY,Industry
Q2034445,Q869095,INDUSTRY,Industry
Q1978981,Q126793,INDUSTRY,Industry
Q2382166,Q56611639,INDUSTRY,Industry
Q2382166, Q25245117,INDUSTRY,Industry
Q107987188,Q540912,INDUSTRY,Industry
Q52008171,Q21157865,INDUSTRY,Industry
Q52008171, Q880371,INDUSTRY,Industry
Q52008171, Q638608,INDUSTRY,Industry
Q52008171, Q11661,INDUSTRY,Industry
Q181912,Q29585633,INDUSTRY,Industry
Q181912, Q2055808,INDUSTRY,Industry
Q181912, Q1757562,INDUSTRY,Industry
Q79101452,Q1431026,INDUSTRY,Industry
Q79101452, Q27686,INDUSTRY,Industry
Q1987861,Q126793,INDUSTRY,Industry
Q23680150,Q837171,INDUSTRY,Industry
Q7858618,Q880371,INDUSTRY,Industry
Q18349147,Q187939,INDUSTRY,Industry
Q109499860,Q190117,INDUSTRY,Industry
Q94551023,Q2729047,INDUSTRY,Industry
Q2489350,Q126793,INDUSTRY,Industry
Q6824111,Q2285982,INDUSTRY,Industry
Q6824111, Q1945600,INDUSTRY,Industry
Q63043104,Q6859454,INDUSTRY,Industry
Q63043104, Q627325,INDUSTRY,Industry
Q63043104, Q216931,INDUSTRY,Industry
Q63043104, Q188610,INDUSTRY,Industry
Q63043104, Q39809,INDUSTRY,Industry
Q291171,Q2518196,INDUSTRY,Industry
Q291171, Q43183,INDUSTRY,Industry
Q2609459,Q1260046,INDUSTRY,Industry
Q975695,Q192283,INDUSTRY,Industry
Q79619468,Q1431026,INDUSTRY,Industry
Q79619468, Q27686,INDUSTRY,Industry
Q903805,Q126793,INDUSTRY,Industry
Q61698778,Q869095,INDUSTRY,Industry
Q2064334,Q638608,INDUSTRY,Industry
Q2445498,Q9323634,INDUSTRY,Industry
Q110085551,Q171141,INDUSTRY,Industry
Q19935749,Q2140665,INDUSTRY,Industry
Q1384140,Q57774188,INDUSTRY,Industry
Q80211857,Q1431026,INDUSTRY,Industry
Q80211857, Q27686,INDUSTRY,Industry
Q110866833,Q941594,INDUSTRY,Industry
Q2578819,Q1326624,INDUSTRY,Industry
Q669499,Q13107184,INDUSTRY,Industry
Q669499, Q425779,INDUSTRY,Industry
Q112177248,Q10302058,INDUSTRY,Industry
Q112177248, Q746359,INDUSTRY,Industry
Q58870843,Q131207,INDUSTRY,Industry
Q2262314,Q126793,INDUSTRY,Industry
Q93765234,Q869095,INDUSTRY,Industry
Q113679910,Q941594,INDUSTRY,Industry
Q61997265,Q11828862,INDUSTRY,Industry
Q61997265, Q126793,INDUSTRY,Industry
Q4686934,Q97466005,INDUSTRY,Industry
Q966898,Q11030,INDUSTRY,Industry
Q113547161,Q11451,INDUSTRY,Industry
Q113547161, Q7108,INDUSTRY,Industry
Q79027635,Q1431026,INDUSTRY,Industry
Q79027635, Q27686,INDUSTRY,Industry
Q631507,Q130286,INDUSTRY,Industry
Q769749,Q12752882,INDUSTRY,Industry
Q79206678,Q1431026,INDUSTRY,Industry
Q79206678, Q27686,INDUSTRY,Industry
Q495334,Q955043,INDUSTRY,Industry
Q2324070,Q941594,INDUSTRY,Industry
Q109569916,Q5451640,INDUSTRY,Industry
Q2304183,Q547989,INDUSTRY,Industry
Q338633,Q56598901,INDUSTRY,Industry
Q338633, Q25245117,INDUSTRY,Industry
Q315287,Q7108,INDUSTRY,Industry
Q47465408,Q1415395,INDUSTRY,Industry
Q24910875,Q638608,INDUSTRY,Industry
Q51713571,Q132580,INDUSTRY,Industry
Q80211248,Q1431026,INDUSTRY,Industry
Q80211248, Q27686,INDUSTRY,Industry
Q14744170,Q869095,INDUSTRY,Industry
Q70274956,Q941594,INDUSTRY,Industry
Q38066691,Q837171,INDUSTRY,Industry
Q79030901,Q1431026,INDUSTRY,Industry
Q79030901, Q27686,INDUSTRY,Industry
Q609913,Q484847,INDUSTRY,Industry
Q701088,Q913709,INDUSTRY,Industry
Q79031165,Q1431026,INDUSTRY,Industry
Q79031165, Q27686,INDUSTRY,Industry
Q79109485,Q1431026,INDUSTRY,Industry
Q79109485, Q27686,INDUSTRY,Industry
Q337910,Q941594,INDUSTRY,Industry
Q139020,Q276099,INDUSTRY,Industry
Q139020, Q12483,INDUSTRY,Industry
Q3184429,Q1431026,INDUSTRY,Industry
Q3184429, Q27686,INDUSTRY,Industry
Q79114081,Q1431026,INDUSTRY,Industry
Q79114081, Q27686,INDUSTRY,Industry
Q15238661,Q190117,INDUSTRY,Industry
Q80111634,Q1431026,INDUSTRY,Industry
Q80111634, Q27686,INDUSTRY,Industry
Q79599302,Q1431026,INDUSTRY,Industry
Q79599302, Q27686,INDUSTRY,Industry
Q88180515,Q11661,INDUSTRY,Industry
Q79229859,Q1431026,INDUSTRY,Industry
Q79229859, Q27686,INDUSTRY,Industry
Q5921598,Q177777,INDUSTRY,Industry
Q16547960,Q126793,INDUSTRY,Industry
Q55375194,Q25245117,INDUSTRY,Industry
Q899010,Q15067276,INDUSTRY,Industry
Q899010, Q507443,INDUSTRY,Industry
Q81279586,Q1431026,INDUSTRY,Industry
Q81279586, Q27686,INDUSTRY,Industry
Q71323223,Q49389,INDUSTRY,Industry
Q153075,Q4899370,INDUSTRY,Industry
Q153075, Q869095,INDUSTRY,Industry
Q2136905,Q177777,INDUSTRY,Industry
Q2135000,Q1660132,INDUSTRY,Industry
Q110098727,Q171141,INDUSTRY,Industry
Q24084541,Q837171,INDUSTRY,Industry
Q184399,Q126793,INDUSTRY,Industry
Q2466573,Q1431026,INDUSTRY,Industry
Q2466573, Q27686,INDUSTRY,Industry
Q106729027,Q638608,INDUSTRY,Industry
Q106729027, Q42240,INDUSTRY,Industry
Q4687934,Q3477363,INDUSTRY,Industry
Q4687934, Q837171,INDUSTRY,Industry
Q80213209,Q1431026,INDUSTRY,Industry
Q80213209, Q27686,INDUSTRY,Industry
Q15678788,Q190117,INDUSTRY,Industry
Q55640416,Q25245117,INDUSTRY,Industry
Q7939006,Q941594,INDUSTRY,Industry
Q106616140,Q171141,INDUSTRY,Industry
Q1341079,Q1341478,INDUSTRY,Industry
Q650929,Q187939,INDUSTRY,Industry
Q57956733,Q180388,INDUSTRY,Industry
Q3146926,Q178512,INDUSTRY,Industry
Q79209983,Q1431026,INDUSTRY,Industry
Q79209983, Q27686,INDUSTRY,Industry
Q884934,Q331814,INDUSTRY,Industry
Q1428298,Q169545,INDUSTRY,Industry
Q110823972,Q4373046,INDUSTRY,Industry
Q55560815,Q941594,INDUSTRY,Industry
Q3317555,Q507619,INDUSTRY,Industry
Q32904841,Q941594,INDUSTRY,Industry
Q1155668,Q11650,INDUSTRY,Industry
Q93352810,Q10302058,INDUSTRY,Industry
Q93352810, Q746359,INDUSTRY,Industry
Q107669916,Q11707,INDUSTRY,Industry
Q2063937,Q126793,INDUSTRY,Industry
Q3501397,Q187939,INDUSTRY,Industry
Q267840,Q63348704,INDUSTRY,Industry
Q267840, Q1056396,INDUSTRY,Industry
Q110865130,Q941594,INDUSTRY,Industry
Q1653985,Q507619,INDUSTRY,Industry
Q1653985, Q126793,INDUSTRY,Industry
Q80213814,Q1431026,INDUSTRY,Industry
Q80213814, Q27686,INDUSTRY,Industry
Q2802214,Q1495452,INDUSTRY,Industry
Q2802214, Q1431026,INDUSTRY,Industry
Q80206543,Q1431026,INDUSTRY,Industry
Q80206543, Q27686,INDUSTRY,Industry
Q80210928,Q1431026,INDUSTRY,Industry
Q80210928, Q27686,INDUSTRY,Industry
Q55847267,Q190117,INDUSTRY,Industry
Q4495642,Q126793,INDUSTRY,Industry
Q24248464,Q746359,INDUSTRY,Industry
Q79102345,Q1431026,INDUSTRY,Industry
Q79102345, Q27686,INDUSTRY,Industry
Q15944611,Q25245117,INDUSTRY,Industry
Q180855,Q4899370,INDUSTRY,Industry
Q3147611,Q941594,INDUSTRY,Industry
Q2316882,Q1311670,INDUSTRY,Industry
Q60749178,Q936518,INDUSTRY,Industry
Q79622764,Q1431026,INDUSTRY,Industry
Q79622764, Q27686,INDUSTRY,Industry
Q184860,Q126793,INDUSTRY,Industry
Q27489,Q190117,INDUSTRY,Industry
Q80211774,Q1431026,INDUSTRY,Industry
Q80211774, Q27686,INDUSTRY,Industry
Q78988111,Q1431026,INDUSTRY,Industry
Q78988111, Q27686,INDUSTRY,Industry
Q109450597,Q837171,INDUSTRY,Industry
Q106617074,Q1407228,INDUSTRY,Industry
Q110757497,Q96622169,INDUSTRY,Industry
Q902650,Q207652,INDUSTRY,Industry
Q902650, Q44497,INDUSTRY,Industry
Q2639128,Q1442415,INDUSTRY,Industry
Q3060668,Q190117,INDUSTRY,Industry
Q112144972,Q9323634,INDUSTRY,Industry
Q112144972, Q1995666,INDUSTRY,Industry
Q79000133,Q1431026,INDUSTRY,Industry
Q79000133, Q27686,INDUSTRY,Industry
Q688452,Q837171,INDUSTRY,Industry
Q1857899,Q1416657,INDUSTRY,Industry
Q1857899, Q837171,INDUSTRY,Industry
Q1857899, Q806718,INDUSTRY,Industry
Q106418737,Q941594,INDUSTRY,Industry
Q2132028,Q862571,INDUSTRY,Industry
Q7889163,Q4899370,INDUSTRY,Industry
Q28406776,Q941594,INDUSTRY,Industry
Q297879,Q2986369,INDUSTRY,Industry
Q86437838,Q57261084,INDUSTRY,Industry
Q5281,Q4123823,CEO,Person
Q170416,Q1445487,CEO,Person
Q170416, Q113636437,CEO,Person
Q15139453,Q76340270,CEO,Person
Q661845,Q33106448,CEO,Person
Q22669293,Q22669390,CEO,Person
Q1479312,Q109944084,CEO,Person
Q287471,Q717674,CEO,Person
Q287471, Q93332451,CEO,Person
Q287471, Q27894018,CEO,Person
Q27593967,Q33134612,CEO,Person
Q138133,Q15842921,CEO,Person
Q138133, Q2078625,CEO,Person
Q138133, Q108936810,CEO,Person
Q15616183,Q63341599,CEO,Person
Q97439162,Q2939466,CEO,Person
Q842108,Q33290562,CEO,Person
Q5881409,Q57695678,CEO,Person
Q5881409, Q57696096,CEO,Person
Q28135888,Q59697784,CEO,Person
Q28135888, Q27783555,CEO,Person
Q28135888, Q113653910,CEO,Person
Q4045612,Q107615005,CEO,Person
Q1359435,Q60146021,CEO,Person
Q23076,Q2595414,CEO,Person
Q23076, Q101627126,CEO,Person
Q23076, Q3439649,CEO,Person
Q2382166,Q21064208,CEO,Person
Q52008171,Q52008175,CEO,Person
Q181912,Q19587859,CEO,Person
Q22121865,Q78485814,CEO,Person
Q15238661,Q30100510,CEO,Person
Q5921598,Q20738699,CEO,Person
Q899010,Q5693758,CEO,Person
Q899010, Q86068569,CEO,Person
Q2135000,Q110008097,CEO,Person
Q15678788,Q55698517,CEO,Person
Q15678788, Q1229223,CEO,Person
Q55640416,Q21064208,CEO,Person
Q180855,Q321149,CEO,Person
Q180855, Q4457610,CEO,Person
Q2316882,Q77026815,CEO,Person
Q2316882, Q19842209,CEO,Person
Q1989205,Q110008097,CEO,Person
Q297879,Q96654591,CEO,Person
Q97439162,Q284011,CHAIRMAN,Person
Q1359435,Q91348489,CHAIRMAN,Person
Q641676,Q2132224,CHAIRMAN,Person
Q12565,Q12346652,CHAIRMAN,Person
Q15238661,Q57719320,CHAIRMAN,Person
Q5281,Q649,HEADQUARTERS,Location
Q5281, Q9694,HEADQUARTERS,Location
Q5281, Q727,HEADQUARTERS,Location
Q170416,Q33434749,HEADQUARTERS,Location
Q170416, Q727,HEADQUARTERS,Location
Q13219333,Q803,HEADQUARTERS,Location
Q15139453,Q57076,HEADQUARTERS,Location
Q50922586,Q727,HEADQUARTERS,Location
Q56683003,Q995911,HEADQUARTERS,Location
Q64139027,Q81076,HEADQUARTERS,Location
Q640326,Q211260,HEADQUARTERS,Location
Q640326, Q727,HEADQUARTERS,Location
Q50365458,Q727,HEADQUARTERS,Location
Q113456250,Q25390,HEADQUARTERS,Location
Q645708,Q727,HEADQUARTERS,Location
Q683146,Q60,HEADQUARTERS,Location
Q111443300,Q727,HEADQUARTERS,Location
Q746413,Q1345,HEADQUARTERS,Location
Q746413, Q2662373,HEADQUARTERS,Location
Q661845,Q1614044,HEADQUARTERS,Location
Q661845, Q71,HEADQUARTERS,Location
Q2101764,Q34370,HEADQUARTERS,Location
Q2646455,Q41795540,HEADQUARTERS,Location
Q2646455, Q18812986,HEADQUARTERS,Location
Q113700133,Q9928,HEADQUARTERS,Location
Q108615358,Q840457,HEADQUARTERS,Location
Q108024274,Q727,HEADQUARTERS,Location
Q22669293,Q9832,HEADQUARTERS,Location
Q60741602,Q727,HEADQUARTERS,Location
Q114637402,Q33456707,HEADQUARTERS,Location
Q6051081,Q43631,HEADQUARTERS,Location
Q1479312,Q72991,HEADQUARTERS,Location
Q58477556,Q2505187,HEADQUARTERS,Location
Q52903369,Q9913,HEADQUARTERS,Location
Q7365709,Q803,HEADQUARTERS,Location
Q25857973,Q727,HEADQUARTERS,Location
Q55641405,Q995911,HEADQUARTERS,Location
Q23006355,Q727,HEADQUARTERS,Location
Q287471,Q727,HEADQUARTERS,Location
Q108612354,Q574558,HEADQUARTERS,Location
Q1105744,Q995911,HEADQUARTERS,Location
Q18655579,Q33456378,HEADQUARTERS,Location
Q109531516,Q727,HEADQUARTERS,Location
Q27593967,Q987,HEADQUARTERS,Location
Q43386104,Q727,HEADQUARTERS,Location
Q3614708,Q727,HEADQUARTERS,Location
Q665870,Q71,HEADQUARTERS,Location
Q22680711,Q727,HEADQUARTERS,Location
Q1131877,Q41582317,HEADQUARTERS,Location
Q1131877, Q33445093,HEADQUARTERS,Location
Q106713179,Q727,HEADQUARTERS,Location
Q1179895,Q47887,HEADQUARTERS,Location
Q588441,Q843899,HEADQUARTERS,Location
Q588441, Q73101,HEADQUARTERS,Location
Q4992516,Q34370,HEADQUARTERS,Location
Q1385775,Q9832,HEADQUARTERS,Location
Q17141914,Q727,HEADQUARTERS,Location
Q30291186,Q727,HEADQUARTERS,Location
Q160732,Q727,HEADQUARTERS,Location
Q138133,Q2066,HEADQUARTERS,Location
Q616651,Q690,HEADQUARTERS,Location
Q52667636,Q394681,HEADQUARTERS,Location
Q41171373,Q2066,HEADQUARTERS,Location
Q5473953,Q3056778,HEADQUARTERS,Location
Q51536616,Q727,HEADQUARTERS,Location
Q1202611,Q727,HEADQUARTERS,Location
Q98299138,Q16070330,HEADQUARTERS,Location
Q15616183,Q39297398,HEADQUARTERS,Location
Q15616183, Q171536,HEADQUARTERS,Location
Q55989820,Q727,HEADQUARTERS,Location
Q97439162,Q727,HEADQUARTERS,Location
Q28406843,Q36600,HEADQUARTERS,Location
Q85310543,Q15881071,HEADQUARTERS,Location
Q1068655,Q9858,HEADQUARTERS,Location
Q1068655, Q782,HEADQUARTERS,Location
Q31633758,Q727,HEADQUARTERS,Location
Q1517039,Q25390,HEADQUARTERS,Location
Q1653371,Q727,HEADQUARTERS,Location
Q701338,Q318418,HEADQUARTERS,Location
Q701338, Q1718,HEADQUARTERS,Location
Q21029768,Q9934,HEADQUARTERS,Location
Q17502722,Q34370,HEADQUARTERS,Location
Q248711,Q33421377,HEADQUARTERS,Location
Q248711, Q992,HEADQUARTERS,Location
Q851481,Q3018576,HEADQUARTERS,Location
Q917031,Q43631,HEADQUARTERS,Location
Q2913725,Q727,HEADQUARTERS,Location
Q252004,Q803,HEADQUARTERS,Location
Q64797057,Q189692,HEADQUARTERS,Location
Q67086031,Q803,HEADQUARTERS,Location
Q106390300,Q33433617,HEADQUARTERS,Location
Q110271920,Q33444174,HEADQUARTERS,Location
Q1960020,Q33432813,HEADQUARTERS,Location
Q108935861,Q26296883,HEADQUARTERS,Location
Q277303,Q83178,HEADQUARTERS,Location
Q842108,Q53865133,HEADQUARTERS,Location
Q842108, Q90,HEADQUARTERS,Location
Q1499936,Q727,HEADQUARTERS,Location
Q60230453,Q727,HEADQUARTERS,Location
Q60887513,Q49280472,HEADQUARTERS,Location
Q1247481,Q16559,HEADQUARTERS,Location
Q114930905,Q9898,HEADQUARTERS,Location
Q105839833,Q727,HEADQUARTERS,Location
Q28721069,Q727,HEADQUARTERS,Location
Q17031826,Q1309,HEADQUARTERS,Location
Q2104662,Q26432,HEADQUARTERS,Location
Q2104662, Q727,HEADQUARTERS,Location
Q5881409,Q727,HEADQUARTERS,Location
Q284183,Q727,HEADQUARTERS,Location
Q52602203,Q2638759,HEADQUARTERS,Location
Q2226366,Q10039,HEADQUARTERS,Location
Q2707765,Q727,HEADQUARTERS,Location
Q28135888,Q72981,HEADQUARTERS,Location
Q112134716,Q803,HEADQUARTERS,Location
Q108269312,Q2766547,HEADQUARTERS,Location
Q73413401,Q33447840,HEADQUARTERS,Location
Q4331734,Q1869375,HEADQUARTERS,Location
Q4331734, Q9832,HEADQUARTERS,Location
Q24909573,Q793,HEADQUARTERS,Location
Q2308275,Q727,HEADQUARTERS,Location
Q1479654,Q138578,HEADQUARTERS,Location
Q249798,Q213246,HEADQUARTERS,Location
Q47508289,Q690,HEADQUARTERS,Location
Q27991305,Q727,HEADQUARTERS,Location
Q628343,Q497130,HEADQUARTERS,Location
Q95552428,Q727,HEADQUARTERS,Location
Q2390074,Q2375289,HEADQUARTERS,Location
Q1562826,Q727,HEADQUARTERS,Location
Q28034354,Q1616247,HEADQUARTERS,Location
Q129911,Q9832,HEADQUARTERS,Location
Q129911, Q1297,HEADQUARTERS,Location
Q129911, Q334,HEADQUARTERS,Location
Q848266,Q101918,HEADQUARTERS,Location
Q98637533,Q39297398,HEADQUARTERS,Location
Q610492,Q727,HEADQUARTERS,Location
Q4045612,Q65,HEADQUARTERS,Location
Q67080502,Q47887,HEADQUARTERS,Location
Q2680937,Q727,HEADQUARTERS,Location
Q2183577,Q995911,HEADQUARTERS,Location
Q1359435,Q727,HEADQUARTERS,Location
Q1775374,Q36600,HEADQUARTERS,Location
Q50912,Q727,HEADQUARTERS,Location
Q706793,Q222220,HEADQUARTERS,Location
Q706793, Q36600,HEADQUARTERS,Location
Q110571305,Q36600,HEADQUARTERS,Location
Q49758419,Q34370,HEADQUARTERS,Location
Q63682945,Q10002,HEADQUARTERS,Location
Q25818816,Q36600,HEADQUARTERS,Location
Q109611399,Q72991,HEADQUARTERS,Location
Q23076,Q803,HEADQUARTERS,Location
Q111452707,Q727,HEADQUARTERS,Location
Q13571727,Q33445973,HEADQUARTERS,Location
Q2382166,Q803,HEADQUARTERS,Location
Q2630816,Q727,HEADQUARTERS,Location
Q13639185,Q211260,HEADQUARTERS,Location
Q1402057,Q727,HEADQUARTERS,Location
Q107987188,Q9858,HEADQUARTERS,Location
Q52008171,Q1983269,HEADQUARTERS,Location
Q56683055,Q83178,HEADQUARTERS,Location
Q181912,Q33421878,HEADQUARTERS,Location
Q181912, Q9898,HEADQUARTERS,Location
Q1987861,Q39297398,HEADQUARTERS,Location
Q1987861, Q803,HEADQUARTERS,Location
Q23680150,Q727,HEADQUARTERS,Location
Q7858618,Q727,HEADQUARTERS,Location
Q1810736,Q727,HEADQUARTERS,Location
Q3644784,Q25390,HEADQUARTERS,Location
Q60729778,Q3018561,HEADQUARTERS,Location
Q110908101,Q9872,HEADQUARTERS,Location
Q290764,Q34370,HEADQUARTERS,Location
Q18349147,Q727,HEADQUARTERS,Location
Q111144325,Q727,HEADQUARTERS,Location
Q106501516,Q505601,HEADQUARTERS,Location
Q113167805,Q727,HEADQUARTERS,Location
Q109499860,Q33434749,HEADQUARTERS,Location
Q94551023,Q2868110,HEADQUARTERS,Location
Q1902943,Q34370,HEADQUARTERS,Location
Q109940031,Q2240991,HEADQUARTERS,Location
Q6824111,Q37133,HEADQUARTERS,Location
Q6824111, Q36600,HEADQUARTERS,Location
Q641676,Q33456378,HEADQUARTERS,Location
Q17149142,Q727,HEADQUARTERS,Location
Q5412657,Q36600,HEADQUARTERS,Location
Q732984,Q727,HEADQUARTERS,Location
Q63043104,Q12269651,HEADQUARTERS,Location
Q291171,Q36600,HEADQUARTERS,Location
Q2609459,Q211260,HEADQUARTERS,Location
Q114945506,Q47887,HEADQUARTERS,Location
Q975695,Q26430,HEADQUARTERS,Location
Q903805,Q2066,HEADQUARTERS,Location
Q903805, Q727,HEADQUARTERS,Location
Q111456704,Q10002,HEADQUARTERS,Location
Q61698778,Q9920,HEADQUARTERS,Location
Q2382332,Q2125635,HEADQUARTERS,Location
Q2064334,Q83178,HEADQUARTERS,Location
Q23018517,Q9934,HEADQUARTERS,Location
Q2445498,Q995911,HEADQUARTERS,Location
Q107275688,Q9899,HEADQUARTERS,Location
Q19935749,Q727,HEADQUARTERS,Location
Q1384140,Q727,HEADQUARTERS,Location
Q110272850,Q41795540,HEADQUARTERS,Location
Q61457336,Q26432,HEADQUARTERS,Location
Q110866833,Q972,HEADQUARTERS,Location
Q4380634,Q16220881,HEADQUARTERS,Location
Q22121865,Q204956,HEADQUARTERS,Location
Q22121865, Q9777,HEADQUARTERS,Location
Q2578819,Q1310,HEADQUARTERS,Location
Q669499,Q9799,HEADQUARTERS,Location
Q669499, Q1017,HEADQUARTERS,Location
Q112177248,Q3030229,HEADQUARTERS,Location
Q58870843,Q34370,HEADQUARTERS,Location
Q2262314,Q12557060,HEADQUARTERS,Location
Q2310883,Q9934,HEADQUARTERS,Location
Q93765234,Q33435365,HEADQUARTERS,Location
Q1127569,Q1310,HEADQUARTERS,Location
Q113679910,Q34370,HEADQUARTERS,Location
Q8045016,Q10002,HEADQUARTERS,Location
Q61997265,Q514571,HEADQUARTERS,Location
Q4686934,Q701,HEADQUARTERS,Location
Q113547161,Q1305,HEADQUARTERS,Location
Q108922670,Q33527010,HEADQUARTERS,Location
Q6221533,Q727,HEADQUARTERS,Location
Q38554671,Q2317245,HEADQUARTERS,Location
Q1590777,Q727,HEADQUARTERS,Location
Q631507,Q12269651,HEADQUARTERS,Location
Q631507, Q727,HEADQUARTERS,Location
Q769749,Q10039,HEADQUARTERS,Location
Q495334,Q13443096,HEADQUARTERS,Location
Q246952,Q9694,HEADQUARTERS,Location
Q113699912,Q727,HEADQUARTERS,Location
Q2324070,Q10016,HEADQUARTERS,Location
Q17626128,Q727,HEADQUARTERS,Location
Q109569916,Q10044,HEADQUARTERS,Location
Q2304183,Q3018561,HEADQUARTERS,Location
Q110211485,Q171272,HEADQUARTERS,Location
Q338633,Q36600,HEADQUARTERS,Location
Q315287,Q9777,HEADQUARTERS,Location
Q22829081,Q10041,HEADQUARTERS,Location
Q47465408,Q727,HEADQUARTERS,Location
Q33093710,Q727,HEADQUARTERS,Location
Q97496013,Q9832,HEADQUARTERS,Location
Q24910875,Q727,HEADQUARTERS,Location
Q51713571,Q26421,HEADQUARTERS,Location
Q12565,Q12346102,HEADQUARTERS,Location
Q14744170,Q2558552,HEADQUARTERS,Location
Q70274956,Q33443174,HEADQUARTERS,Location
Q38066691,Q33421017,HEADQUARTERS,Location
Q38066492,Q727,HEADQUARTERS,Location
Q609913,Q39297398,HEADQUARTERS,Location
Q701088,Q2090,HEADQUARTERS,Location
Q110476523,Q41795540,HEADQUARTERS,Location
Q337910,Q727,HEADQUARTERS,Location
Q139020,Q1913008,HEADQUARTERS,Location
Q110269968,Q727,HEADQUARTERS,Location
Q15238661,Q727,HEADQUARTERS,Location
Q62118304,Q10001,HEADQUARTERS,Location
Q88180515,Q2330283,HEADQUARTERS,Location
Q2783466,Q14212973,HEADQUARTERS,Location
Q5921598,Q41795540,HEADQUARTERS,Location
Q5921598, Q36600,HEADQUARTERS,Location
Q70391311,Q26555,HEADQUARTERS,Location
Q16547960,Q745038,HEADQUARTERS,Location
Q55375194,Q55,HEADQUARTERS,Location
Q899010,Q509115,HEADQUARTERS,Location
Q56683074,Q60705,HEADQUARTERS,Location
Q5176149,Q988721,HEADQUARTERS,Location
Q71323223,Q9832,HEADQUARTERS,Location
Q153075,Q33435365,HEADQUARTERS,Location
Q153075, Q10002,HEADQUARTERS,Location
Q2136905,Q23482,HEADQUARTERS,Location
Q2135000,Q727,HEADQUARTERS,Location
Q24084541,Q727,HEADQUARTERS,Location
Q184399,Q416766,HEADQUARTERS,Location
Q105089856,Q727,HEADQUARTERS,Location
Q106729027,Q36600,HEADQUARTERS,Location
Q1059709,Q13145,HEADQUARTERS,Location
Q1059709, Q727,HEADQUARTERS,Location
Q4687934,Q1761,HEADQUARTERS,Location
Q4687934, Q727,HEADQUARTERS,Location
Q15678788,Q727,HEADQUARTERS,Location
Q11173360,Q40844,HEADQUARTERS,Location
Q96405171,Q36600,HEADQUARTERS,Location
Q55640416,Q803,HEADQUARTERS,Location
Q7939006,Q803,HEADQUARTERS,Location
Q43385721,Q727,HEADQUARTERS,Location
Q40165577,Q995911,HEADQUARTERS,Location
Q1341079,Q34370,HEADQUARTERS,Location
Q106058221,Q727,HEADQUARTERS,Location
Q19901961,Q73022,HEADQUARTERS,Location
Q650929,Q1061677,HEADQUARTERS,Location
Q2200982,Q2549737,HEADQUARTERS,Location
Q57956733,Q16977290,HEADQUARTERS,Location
Q3146926,Q992,HEADQUARTERS,Location
Q85305738,Q9920,HEADQUARTERS,Location
Q884934,Q727,HEADQUARTERS,Location
Q689171,Q727,HEADQUARTERS,Location
Q1428298,Q10002,HEADQUARTERS,Location
Q110823972,Q727,HEADQUARTERS,Location
Q102249867,Q41795540,HEADQUARTERS,Location
Q55560815,Q578445,HEADQUARTERS,Location
Q108934793,Q574558,HEADQUARTERS,Location
Q92555442,Q6807568,HEADQUARTERS,Location
Q27862208,Q40844,HEADQUARTERS,Location
Q1180344,Q727,HEADQUARTERS,Location
Q3868643,Q40844,HEADQUARTERS,Location
Q1155668,Q9832,HEADQUARTERS,Location
Q93352810,Q9920,HEADQUARTERS,Location
Q19594594,Q803,HEADQUARTERS,Location
Q2063937,Q727,HEADQUARTERS,Location
Q30595072,Q972,HEADQUARTERS,Location
Q2375758,Q1614044,HEADQUARTERS,Location
Q3501397,Q574558,HEADQUARTERS,Location
Q267840,Q9913,HEADQUARTERS,Location
Q110865130,Q803,HEADQUARTERS,Location
Q110212078,Q727,HEADQUARTERS,Location
Q1653985,Q211260,HEADQUARTERS,Location
Q2802214,Q55,HEADQUARTERS,Location
Q2308588,Q490,HEADQUARTERS,Location
Q55847267,Q727,HEADQUARTERS,Location
Q4495642,Q18572142,HEADQUARTERS,Location
Q15944611,Q727,HEADQUARTERS,Location
Q1130218,Q727,HEADQUARTERS,Location
Q180855,Q727,HEADQUARTERS,Location
Q108923693,Q28914824,HEADQUARTERS,Location
Q3147611,Q9920,HEADQUARTERS,Location
Q2316882,Q2306527,HEADQUARTERS,Location
Q60749178,Q690,HEADQUARTERS,Location
Q1789749,Q2268956,HEADQUARTERS,Location
Q1267943,Q43631,HEADQUARTERS,Location
Q184860,Q1614044,HEADQUARTERS,Location
Q27489,Q9832,HEADQUARTERS,Location
Q113260289,Q727,HEADQUARTERS,Location
Q29439460,Q15884208,HEADQUARTERS,Location
Q109450597,Q727,HEADQUARTERS,Location
Q106617074,Q727,HEADQUARTERS,Location
Q7580116,Q727,HEADQUARTERS,Location
Q62513113,Q41795540,HEADQUARTERS,Location
Q902650,Q33444227,HEADQUARTERS,Location
Q902650, Q9799,HEADQUARTERS,Location
Q6804385,Q690,HEADQUARTERS,Location
Q2639128,Q9898,HEADQUARTERS,Location
Q3060668,Q10001,HEADQUARTERS,Location
Q108218788,Q727,HEADQUARTERS,Location
Q899255,Q16555,HEADQUARTERS,Location
Q23008275,Q9898,HEADQUARTERS,Location
Q1989205,Q727,HEADQUARTERS,Location
Q110955092,Q2216836,HEADQUARTERS,Location
Q106638887,Q727,HEADQUARTERS,Location
Q112144972,Q41795540,HEADQUARTERS,Location
Q2629982,Q55,HEADQUARTERS,Location
Q18746491,Q10056,HEADQUARTERS,Location
Q688452,Q10056,HEADQUARTERS,Location
Q688452, Q1794,HEADQUARTERS,Location
Q1857899,Q81002499,HEADQUARTERS,Location
Q1493044,Q727,HEADQUARTERS,Location
Q67049079,Q803,HEADQUARTERS,Location
Q58328872,Q9871,HEADQUARTERS,Location
Q7889163,Q39297398,HEADQUARTERS,Location
Q28406776,Q34370,HEADQUARTERS,Location
Q297879,Q9875,HEADQUARTERS,Location
Q641168,Q727,HEADQUARTERS,Location
Q25857973,Q2567030,GROUPED_IN,Group
Q18655579,Q156598,GROUPED_IN,Group
Q138133,Q155718,GROUPED_IN,Group
Q138133, Q874430,GROUPED_IN,Group
Q138133, Q1230458,GROUPED_IN,Group
Q138133, Q6571804,GROUPED_IN,Group
Q41171373,Q125054,GROUPED_IN,Group
Q1499936,Q291539,GROUPED_IN,Group
Q1499936, Q648828,GROUPED_IN,Group
Q27991305,Q56273878,GROUPED_IN,Group
Q1359435,Q291539,GROUPED_IN,Group
Q1359435, Q466496,GROUPED_IN,Group
Q4686934,Q291539,GROUPED_IN,Group
Q4686934, Q1922499,GROUPED_IN,Group
Q315287,Q155718,GROUPED_IN,Group
Q315287, Q378967,GROUPED_IN,Group
Q315287, Q595622,GROUPED_IN,Group
Q701088,Q595622,GROUPED_IN,Group
Q3184429,Q2802214,GROUPED_IN,Group
Q899010,Q242345,GROUPED_IN,Group
Q1155668,Q170416,GROUPED_IN,Group
Q4495642,Q33903645,GROUPED_IN,Group
Q899255,Q242345,GROUPED_IN,Group
Q297879,Q507306,GROUPED_IN,Group
Q297879, Q981010,GROUPED_IN,Group
Q79032197,Q55,RESIDES_IN,Location
Q5281,Q55,RESIDES_IN,Location
Q170416,Q55,RESIDES_IN,Location
Q13219333,Q55,RESIDES_IN,Location
Q15139453,Q55,RESIDES_IN,Location
Q50922586,Q55,RESIDES_IN,Location
Q56683003,Q55,RESIDES_IN,Location
Q64139027,Q142,RESIDES_IN,Location
Q325113,Q55,RESIDES_IN,Location
Q62104374,Q55,RESIDES_IN,Location
Q640326,Q55,RESIDES_IN,Location
Q47017915,Q55,RESIDES_IN,Location
Q50365458,Q55,RESIDES_IN,Location
Q91307483,Q145,RESIDES_IN,Location
Q113456250,Q55,RESIDES_IN,Location
Q3430917,Q55,RESIDES_IN,Location
Q645708,Q55,RESIDES_IN,Location
Q683146,Q334,RESIDES_IN,Location
Q111443300,Q55,RESIDES_IN,Location
Q746413,Q96,RESIDES_IN,Location
Q62562792,Q236,RESIDES_IN,Location
Q2421690,Q55,RESIDES_IN,Location
Q661845,Q55,RESIDES_IN,Location
Q2101764,Q55,RESIDES_IN,Location
Q75175810,Q55,RESIDES_IN,Location
Q2646455,Q55,RESIDES_IN,Location
Q3600279,Q55,RESIDES_IN,Location
Q113700133,Q55,RESIDES_IN,Location
Q96755057,Q55,RESIDES_IN,Location
Q108615358,Q55,RESIDES_IN,Location
Q68339650,Q55,RESIDES_IN,Location
Q108024274,Q55,RESIDES_IN,Location
Q61959392,Q55,RESIDES_IN,Location
Q1682433,Q55,RESIDES_IN,Location
Q108923605,Q55,RESIDES_IN,Location
Q17142911,Q55,RESIDES_IN,Location
Q22669293,Q55,RESIDES_IN,Location
Q60741602,Q55,RESIDES_IN,Location
Q80212363,Q55,RESIDES_IN,Location
Q18356823,Q55,RESIDES_IN,Location
Q60729740,Q55,RESIDES_IN,Location
Q114637402,Q55,RESIDES_IN,Location
Q6051081,Q55,RESIDES_IN,Location
Q1479312,Q55,RESIDES_IN,Location
Q58477556,Q55,RESIDES_IN,Location
Q52903369,Q55,RESIDES_IN,Location
Q7365709,Q55,RESIDES_IN,Location
Q108920524,Q55,RESIDES_IN,Location
Q25857973,Q55,RESIDES_IN,Location
Q109042260,Q55,RESIDES_IN,Location
Q55641405,Q55,RESIDES_IN,Location
Q23006355,Q55,RESIDES_IN,Location
Q287471,Q55,RESIDES_IN,Location
Q98455765,Q55,RESIDES_IN,Location
Q108612354,Q55,RESIDES_IN,Location
Q2770647,Q55,RESIDES_IN,Location
Q114905133,Q55,RESIDES_IN,Location
Q1105744,Q55,RESIDES_IN,Location
Q18655579,Q55,RESIDES_IN,Location
Q109531516,Q55,RESIDES_IN,Location
Q80208204,Q55,RESIDES_IN,Location
Q27593967,Q55,RESIDES_IN,Location
Q3202837,Q55,RESIDES_IN,Location
Q43386104,Q55,RESIDES_IN,Location
Q3614708,Q55,RESIDES_IN,Location
Q665870,Q55,RESIDES_IN,Location
Q22680711,Q55,RESIDES_IN,Location
Q1131877,Q55,RESIDES_IN,Location
Q79029849,Q55,RESIDES_IN,Location
Q106713179,Q55,RESIDES_IN,Location
Q1179895,Q55,RESIDES_IN,Location
Q108133913,Q55,RESIDES_IN,Location
Q588441,Q55,RESIDES_IN,Location
Q4992516,Q183,RESIDES_IN,Location
Q1385775,Q31,RESIDES_IN,Location
Q110260108,Q55,RESIDES_IN,Location
Q17141914,Q55,RESIDES_IN,Location
Q2159963,Q55,RESIDES_IN,Location
Q30291186,Q55,RESIDES_IN,Location
Q160732,Q55,RESIDES_IN,Location
Q138133,Q148,RESIDES_IN,Location
Q616651,Q55,RESIDES_IN,Location
Q52667636,Q148,RESIDES_IN,Location
Q100890364,Q55,RESIDES_IN,Location
Q41171373,Q55,RESIDES_IN,Location
Q5473953,Q55,RESIDES_IN,Location
Q51536616,Q55,RESIDES_IN,Location
Q1202611,Q55,RESIDES_IN,Location
Q109186138,Q55,RESIDES_IN,Location
Q98299138,Q55,RESIDES_IN,Location
Q78993869,Q55,RESIDES_IN,Location
Q15616183,Q55,RESIDES_IN,Location
Q2183979,Q55,RESIDES_IN,Location
Q55989820,Q55,RESIDES_IN,Location
Q97439162,Q55,RESIDES_IN,Location
Q15873104,Q55,RESIDES_IN,Location
Q41069183,Q55,RESIDES_IN,Location
Q2216467,Q55,RESIDES_IN,Location
Q108920789,Q55,RESIDES_IN,Location
Q28406843,Q55,RESIDES_IN,Location
Q85310543,Q55,RESIDES_IN,Location
Q62529245,Q142,RESIDES_IN,Location
Q1068655,Q30,RESIDES_IN,Location
Q31633758,Q55,RESIDES_IN,Location
Q1517039,Q55,RESIDES_IN,Location
Q108970800,Q55,RESIDES_IN,Location
Q1653371,Q55,RESIDES_IN,Location
Q62393564,Q55,RESIDES_IN,Location
Q61465855,Q55,RESIDES_IN,Location
Q488669,Q55,RESIDES_IN,Location
Q701338,Q96,RESIDES_IN,Location
Q21029768,Q55,RESIDES_IN,Location
Q17502722,Q55,RESIDES_IN,Location
Q248711,Q55,RESIDES_IN,Location
Q113120058,Q55,RESIDES_IN,Location
Q851481,Q55,RESIDES_IN,Location
Q98882067,Q55,RESIDES_IN,Location
Q18710538,Q55,RESIDES_IN,Location
Q917031,Q55,RESIDES_IN,Location
Q2913725,Q55,RESIDES_IN,Location
Q32414703,Q55,RESIDES_IN,Location
Q2899830,Q55,RESIDES_IN,Location
Q252004,Q55,RESIDES_IN,Location
Q64797057,Q55,RESIDES_IN,Location
Q67086031,Q55,RESIDES_IN,Location
Q106390300,Q55,RESIDES_IN,Location
Q46779179,Q55,RESIDES_IN,Location
Q3259625,Q55,RESIDES_IN,Location
Q110271920,Q55,RESIDES_IN,Location
Q1960020,Q55,RESIDES_IN,Location
Q108935861,Q55,RESIDES_IN,Location
Q277303,Q55,RESIDES_IN,Location
Q842108,Q55,RESIDES_IN,Location
Q1499936,Q142,RESIDES_IN,Location
Q56872369,Q55,RESIDES_IN,Location
Q60230453,Q55,RESIDES_IN,Location
Q60887513,Q55,RESIDES_IN,Location
Q1247481,Q55,RESIDES_IN,Location
Q114930905,Q55,RESIDES_IN,Location
Q105735161,Q55,RESIDES_IN,Location
Q105839833,Q55,RESIDES_IN,Location
Q28721069,Q55,RESIDES_IN,Location
Q17031826,Q55,RESIDES_IN,Location
Q2104662,Q55,RESIDES_IN,Location
Q5881409,Q55,RESIDES_IN,Location
Q284183,Q55,RESIDES_IN,Location
Q114976733,Q55,RESIDES_IN,Location
Q52602203,Q55,RESIDES_IN,Location
Q2226366,Q31,RESIDES_IN,Location
Q2707765,Q55,RESIDES_IN,Location
Q28135888,Q55,RESIDES_IN,Location
Q92552501,Q55,RESIDES_IN,Location
Q112134716,Q55,RESIDES_IN,Location
Q108269312,Q55,RESIDES_IN,Location
Q73413401,Q55,RESIDES_IN,Location
Q43302230,Q55,RESIDES_IN,Location
Q4331734,Q55,RESIDES_IN,Location
Q24909573,Q55,RESIDES_IN,Location
Q79618395,Q55,RESIDES_IN,Location
Q2308275,Q55,RESIDES_IN,Location
Q2298792,Q55,RESIDES_IN,Location
Q1479654,Q30,RESIDES_IN,Location
Q249798,Q30,RESIDES_IN,Location
Q1482551,Q55,RESIDES_IN,Location
Q80205404,Q55,RESIDES_IN,Location
Q47508289,Q55,RESIDES_IN,Location
Q27991305,Q55,RESIDES_IN,Location
Q628343,Q55,RESIDES_IN,Location
Q70992167,Q55,RESIDES_IN,Location
Q114905224,Q55,RESIDES_IN,Location
Q95552428,Q55,RESIDES_IN,Location
Q2390074,Q55,RESIDES_IN,Location
Q1562826,Q55,RESIDES_IN,Location
Q14480577,Q55,RESIDES_IN,Location
Q28034354,Q55,RESIDES_IN,Location
Q129911,Q55,RESIDES_IN,Location
Q63279211,Q55,RESIDES_IN,Location
Q79098472,Q55,RESIDES_IN,Location
Q848266,Q55,RESIDES_IN,Location
Q98637533,Q55,RESIDES_IN,Location
Q610492,Q55,RESIDES_IN,Location
Q108926539,Q55,RESIDES_IN,Location
Q4045612,Q30,RESIDES_IN,Location
Q108923610,Q55,RESIDES_IN,Location
Q80204322,Q55,RESIDES_IN,Location
Q79027814,Q55,RESIDES_IN,Location
Q64411346,Q55,RESIDES_IN,Location
Q67080502,Q55,RESIDES_IN,Location
Q2176149,Q55,RESIDES_IN,Location
Q2680937,Q55,RESIDES_IN,Location
Q2183577,Q55,RESIDES_IN,Location
Q1359435,Q55,RESIDES_IN,Location
Q1775374,Q55,RESIDES_IN,Location
Q50912,Q55,RESIDES_IN,Location
Q706793,Q55,RESIDES_IN,Location
Q110571305,Q55,RESIDES_IN,Location
Q100278556,Q55,RESIDES_IN,Location
Q49758419,Q55,RESIDES_IN,Location
Q63682945,Q668,RESIDES_IN,Location
Q25818816,Q55,RESIDES_IN,Location
Q109611399,Q55,RESIDES_IN,Location
Q23076,Q55,RESIDES_IN,Location
Q111452707,Q55,RESIDES_IN,Location
Q2291848,Q55,RESIDES_IN,Location
Q108926938,Q55,RESIDES_IN,Location
Q2177445,Q55,RESIDES_IN,Location
Q2034445,Q55,RESIDES_IN,Location
Q13571727,Q55,RESIDES_IN,Location
Q1978981,Q55,RESIDES_IN,Location
Q2382166,Q55,RESIDES_IN,Location
Q2630816,Q55,RESIDES_IN,Location
Q13639185,Q55,RESIDES_IN,Location
Q1402057,Q55,RESIDES_IN,Location
Q107987188,Q55,RESIDES_IN,Location
Q109186241,Q55,RESIDES_IN,Location
Q61679580,Q55,RESIDES_IN,Location
Q52008171,Q55,RESIDES_IN,Location
Q56683055,Q55,RESIDES_IN,Location
Q181912,Q55,RESIDES_IN,Location
Q79101452,Q55,RESIDES_IN,Location
Q1987861,Q55,RESIDES_IN,Location
Q33234099,Q55,RESIDES_IN,Location
Q23680150,Q55,RESIDES_IN,Location
Q7858618,Q55,RESIDES_IN,Location
Q47011077,Q55,RESIDES_IN,Location
Q106581638,Q55,RESIDES_IN,Location
Q1810736,Q55,RESIDES_IN,Location
Q25053641,Q55,RESIDES_IN,Location
Q114904977,Q55,RESIDES_IN,Location
Q3644784,Q55,RESIDES_IN,Location
Q60729778,Q55,RESIDES_IN,Location
Q110908101,Q55,RESIDES_IN,Location
Q290764,Q55,RESIDES_IN,Location
Q18349147,Q55,RESIDES_IN,Location
Q111144325,Q55,RESIDES_IN,Location
Q106501516,Q55,RESIDES_IN,Location
Q113167805,Q55,RESIDES_IN,Location
Q109499860,Q55,RESIDES_IN,Location
Q108698298,Q55,RESIDES_IN,Location
Q94551023,Q55,RESIDES_IN,Location
Q2489350,Q55,RESIDES_IN,Location
Q1902943,Q55,RESIDES_IN,Location
Q110292141,Q55,RESIDES_IN,Location
Q56599235,Q55,RESIDES_IN,Location
Q109940031,Q55,RESIDES_IN,Location
Q13774940,Q55,RESIDES_IN,Location
Q50288370,Q55,RESIDES_IN,Location
Q6824111,Q212,RESIDES_IN,Location
Q641676,Q55,RESIDES_IN,Location
Q69531148,Q55,RESIDES_IN,Location
Q17149142,Q55,RESIDES_IN,Location
Q5412657,Q55,RESIDES_IN,Location
Q18286846,Q55,RESIDES_IN,Location
Q732984,Q55,RESIDES_IN,Location
Q63043104,Q55,RESIDES_IN,Location
Q291171,Q55,RESIDES_IN,Location
Q2609459,Q55,RESIDES_IN,Location
Q110815867,Q55,RESIDES_IN,Location
Q114945506,Q55,RESIDES_IN,Location
Q975695,Q55,RESIDES_IN,Location
Q79619468,Q55,RESIDES_IN,Location
Q903805,Q55,RESIDES_IN,Location
Q2787621,Q55,RESIDES_IN,Location
Q111456704,Q55,RESIDES_IN,Location
Q61698778,Q55,RESIDES_IN,Location
Q114905305,Q55,RESIDES_IN,Location
Q2382332,Q55,RESIDES_IN,Location
Q2064334,Q55,RESIDES_IN,Location
Q64075807,Q55,RESIDES_IN,Location
Q23018517,Q55,RESIDES_IN,Location
Q72799253,Q55,RESIDES_IN,Location
Q2445498,Q55,RESIDES_IN,Location
Q2324974,Q55,RESIDES_IN,Location
Q76153991,Q55,RESIDES_IN,Location
Q110085551,Q55,RESIDES_IN,Location
Q107275688,Q55,RESIDES_IN,Location
Q19935749,Q55,RESIDES_IN,Location
Q1384140,Q55,RESIDES_IN,Location
Q109188079,Q55,RESIDES_IN,Location
Q80211857,Q55,RESIDES_IN,Location
Q110272850,Q55,RESIDES_IN,Location
Q61457336,Q55,RESIDES_IN,Location
Q110866833,Q55,RESIDES_IN,Location
Q4380634,Q55,RESIDES_IN,Location
Q2452901,Q55,RESIDES_IN,Location
Q22121865,Q55,RESIDES_IN,Location
Q2578819,Q55,RESIDES_IN,Location
Q669499,Q55,RESIDES_IN,Location
Q112177248,Q55,RESIDES_IN,Location
Q58870843,Q55,RESIDES_IN,Location
Q71163396,Q55,RESIDES_IN,Location
Q61694188,Q55,RESIDES_IN,Location
Q2262314,Q31,RESIDES_IN,Location
Q2310883,Q55,RESIDES_IN,Location
Q93765234,Q55,RESIDES_IN,Location
Q1127569,Q55,RESIDES_IN,Location
Q113679910,Q55,RESIDES_IN,Location
Q8045016,Q55,RESIDES_IN,Location
Q61997265,Q55,RESIDES_IN,Location
Q4686934,Q55,RESIDES_IN,Location
Q966898,Q55,RESIDES_IN,Location
Q113547161,Q55,RESIDES_IN,Location
Q79027635,Q55,RESIDES_IN,Location
Q108922670,Q55,RESIDES_IN,Location
Q109145172,Q55,RESIDES_IN,Location
Q6221533,Q55,RESIDES_IN,Location
Q2135814,Q55,RESIDES_IN,Location
Q38554671,Q55,RESIDES_IN,Location
Q1590777,Q55,RESIDES_IN,Location
Q631507,Q55,RESIDES_IN,Location
Q769749,Q55,RESIDES_IN,Location
Q79206678,Q55,RESIDES_IN,Location
Q110066228,Q55,RESIDES_IN,Location
Q495334,Q55,RESIDES_IN,Location
Q246952,Q55,RESIDES_IN,Location
Q97704873,Q55,RESIDES_IN,Location
Q113699912,Q55,RESIDES_IN,Location
Q67868674,Q55,RESIDES_IN,Location
Q2324070,Q55,RESIDES_IN,Location
Q113623080,Q55,RESIDES_IN,Location
Q55261451,Q55,RESIDES_IN,Location
Q17626128,Q55,RESIDES_IN,Location
Q109569916,Q55,RESIDES_IN,Location
Q2304183,Q55,RESIDES_IN,Location
Q110211485,Q55,RESIDES_IN,Location
Q110670786,Q55,RESIDES_IN,Location
Q338633,Q55,RESIDES_IN,Location
Q315287,Q55,RESIDES_IN,Location
Q22829081,Q55,RESIDES_IN,Location
Q47465408,Q55,RESIDES_IN,Location
Q33093710,Q55,RESIDES_IN,Location
Q97496013,Q55,RESIDES_IN,Location
Q24910875,Q55,RESIDES_IN,Location
Q51713571,Q55,RESIDES_IN,Location
Q80211248,Q55,RESIDES_IN,Location
Q12565,Q55,RESIDES_IN,Location
Q14744170,Q55,RESIDES_IN,Location
Q70274956,Q55,RESIDES_IN,Location
Q74542290,Q55,RESIDES_IN,Location
Q38066691,Q55,RESIDES_IN,Location
Q79030901,Q55,RESIDES_IN,Location
Q38066492,Q55,RESIDES_IN,Location
Q609913,Q55,RESIDES_IN,Location
Q701088,Q55,RESIDES_IN,Location
Q18813051,Q55,RESIDES_IN,Location
Q10341236,Q55,RESIDES_IN,Location
Q110476523,Q55,RESIDES_IN,Location
Q79031165,Q55,RESIDES_IN,Location
Q79109485,Q55,RESIDES_IN,Location
Q337910,Q55,RESIDES_IN,Location
Q108927102,Q55,RESIDES_IN,Location
Q139020,Q55,RESIDES_IN,Location
Q64845950,Q55,RESIDES_IN,Location
Q3184429,Q55,RESIDES_IN,Location
Q110269968,Q55,RESIDES_IN,Location
Q79114081,Q55,RESIDES_IN,Location
Q15238661,Q55,RESIDES_IN,Location
Q62118304,Q55,RESIDES_IN,Location
Q80111634,Q55,RESIDES_IN,Location
Q79599302,Q55,RESIDES_IN,Location
Q88180515,Q55,RESIDES_IN,Location
Q79229859,Q55,RESIDES_IN,Location
Q2783466,Q55,RESIDES_IN,Location
Q5921598,Q55,RESIDES_IN,Location
Q70391311,Q55,RESIDES_IN,Location
Q16547960,Q55,RESIDES_IN,Location
Q62391977,Q55,RESIDES_IN,Location
Q55375194,Q55,RESIDES_IN,Location
Q107212537,Q55,RESIDES_IN,Location
Q899010,Q55,RESIDES_IN,Location
Q56683074,Q55,RESIDES_IN,Location
Q81279586,Q55,RESIDES_IN,Location
Q108923597,Q55,RESIDES_IN,Location
Q108920805,Q55,RESIDES_IN,Location
Q5176149,Q55,RESIDES_IN,Location
Q71323223,Q55,RESIDES_IN,Location
Q153075,Q55,RESIDES_IN,Location
Q2136905,Q55,RESIDES_IN,Location
Q2135000,Q55,RESIDES_IN,Location
Q110098727,Q55,RESIDES_IN,Location
Q24084541,Q55,RESIDES_IN,Location
Q184399,Q55,RESIDES_IN,Location
Q105089856,Q55,RESIDES_IN,Location
Q2466573,Q55,RESIDES_IN,Location
Q106729027,Q55,RESIDES_IN,Location
Q1059709,Q55,RESIDES_IN,Location
Q1179903,Q55,RESIDES_IN,Location
Q4687934,Q55,RESIDES_IN,Location
Q80213209,Q55,RESIDES_IN,Location
Q15678788,Q55,RESIDES_IN,Location
Q11173360,Q55,RESIDES_IN,Location
Q96405171,Q55,RESIDES_IN,Location
Q55640416,Q55,RESIDES_IN,Location
Q7939006,Q55,RESIDES_IN,Location
Q43385721,Q55,RESIDES_IN,Location
Q62390668,Q55,RESIDES_IN,Location
Q106616140,Q55,RESIDES_IN,Location
Q40165577,Q55,RESIDES_IN,Location
Q1341079,Q55,RESIDES_IN,Location
Q106058221,Q55,RESIDES_IN,Location
Q19901961,Q55,RESIDES_IN,Location
Q650929,Q55,RESIDES_IN,Location
Q2200982,Q55,RESIDES_IN,Location
Q57956733,Q55,RESIDES_IN,Location
Q3146926,Q55,RESIDES_IN,Location
Q105954193,Q55,RESIDES_IN,Location
Q12791339,Q55,RESIDES_IN,Location
Q79209983,Q55,RESIDES_IN,Location
Q85305738,Q55,RESIDES_IN,Location
Q61750345,Q55,RESIDES_IN,Location
Q884934,Q55,RESIDES_IN,Location
Q689171,Q55,RESIDES_IN,Location
Q1428298,Q55,RESIDES_IN,Location
Q110823972,Q55,RESIDES_IN,Location
Q102249867,Q55,RESIDES_IN,Location
Q55560815,Q55,RESIDES_IN,Location
Q108934793,Q55,RESIDES_IN,Location
Q92555442,Q55,RESIDES_IN,Location
Q2521700,Q55,RESIDES_IN,Location
Q27862208,Q55,RESIDES_IN,Location
Q1180344,Q55,RESIDES_IN,Location
Q3317555,Q55,RESIDES_IN,Location
Q46936596,Q55,RESIDES_IN,Location
Q3868643,Q55,RESIDES_IN,Location
Q108923671,Q55,RESIDES_IN,Location
Q32904841,Q55,RESIDES_IN,Location
Q1155668,Q55,RESIDES_IN,Location
Q93352810,Q55,RESIDES_IN,Location
Q2262591,Q55,RESIDES_IN,Location
Q19594594,Q55,RESIDES_IN,Location
Q107669916,Q55,RESIDES_IN,Location
Q2063937,Q55,RESIDES_IN,Location
Q30595072,Q55,RESIDES_IN,Location
Q2375758,Q55,RESIDES_IN,Location
Q3501397,Q55,RESIDES_IN,Location
Q267840,Q55,RESIDES_IN,Location
Q110865130,Q55,RESIDES_IN,Location
Q110212078,Q55,RESIDES_IN,Location
Q1653985,Q55,RESIDES_IN,Location
Q108920601,Q55,RESIDES_IN,Location
Q80213814,Q55,RESIDES_IN,Location
Q2802214,Q55,RESIDES_IN,Location
Q80206543,Q55,RESIDES_IN,Location
Q2308588,Q55,RESIDES_IN,Location
Q80210928,Q55,RESIDES_IN,Location
Q55847267,Q55,RESIDES_IN,Location
Q4495642,Q55,RESIDES_IN,Location
Q24248464,Q55,RESIDES_IN,Location
Q79102345,Q55,RESIDES_IN,Location
Q15944611,Q55,RESIDES_IN,Location
Q1130218,Q55,RESIDES_IN,Location
Q180855,Q55,RESIDES_IN,Location
Q108923693,Q55,RESIDES_IN,Location
Q3147611,Q55,RESIDES_IN,Location
Q81427420,Q55,RESIDES_IN,Location
Q2316882,Q55,RESIDES_IN,Location
Q108920510,Q55,RESIDES_IN,Location
Q108927063,Q55,RESIDES_IN,Location
Q106581549,Q55,RESIDES_IN,Location
Q60749178,Q55,RESIDES_IN,Location
Q79622764,Q55,RESIDES_IN,Location
Q1789749,Q55,RESIDES_IN,Location
Q20757880,Q55,RESIDES_IN,Location
Q1267943,Q55,RESIDES_IN,Location
Q184860,Q55,RESIDES_IN,Location
Q27489,Q55,RESIDES_IN,Location
Q113260289,Q55,RESIDES_IN,Location
Q29439460,Q55,RESIDES_IN,Location
Q80211774,Q55,RESIDES_IN,Location
Q78988111,Q55,RESIDES_IN,Location
Q109450597,Q55,RESIDES_IN,Location
Q106617074,Q55,RESIDES_IN,Location
Q7580116,Q55,RESIDES_IN,Location
Q108094676,Q55,RESIDES_IN,Location
Q62513113,Q55,RESIDES_IN,Location
Q110757497,Q55,RESIDES_IN,Location
Q902650,Q55,RESIDES_IN,Location
Q6804385,Q55,RESIDES_IN,Location
Q2639128,Q55,RESIDES_IN,Location
Q3060668,Q55,RESIDES_IN,Location
Q55361811,Q55,RESIDES_IN,Location
Q108218788,Q55,RESIDES_IN,Location
Q899255,Q55,RESIDES_IN,Location
Q23008275,Q55,RESIDES_IN,Location
Q1989205,Q55,RESIDES_IN,Location
Q110955092,Q55,RESIDES_IN,Location
Q106638887,Q55,RESIDES_IN,Location
Q112144972,Q55,RESIDES_IN,Location
Q2629982,Q55,RESIDES_IN,Location
Q18746491,Q55,RESIDES_IN,Location
Q79000133,Q55,RESIDES_IN,Location
Q59654138,Q55,RESIDES_IN,Location
Q110261557,Q55,RESIDES_IN,Location
Q688452,Q55,RESIDES_IN,Location
Q1857899,Q55,RESIDES_IN,Location
Q62391641,Q55,RESIDES_IN,Location
Q1493044,Q55,RESIDES_IN,Location
Q67049079,Q55,RESIDES_IN,Location
Q58328872,Q55,RESIDES_IN,Location
Q106418737,Q55,RESIDES_IN,Location
Q2132028,Q55,RESIDES_IN,Location
Q7889163,Q55,RESIDES_IN,Location
Q28406776,Q55,RESIDES_IN,Location
Q2356460,Q55,RESIDES_IN,Location
Q297879,Q55,RESIDES_IN,Location
Q19838257,Q55,RESIDES_IN,Location
Q18285926,Q55,RESIDES_IN,Location
Q26709772,Q55,RESIDES_IN,Location
Q86437838,Q55,RESIDES_IN,Location
Q641168,Q55,RESIDES_IN,Location
Q170416,1_employee_count,EMPLOYEE_COUNT_BAND,Quant_Metric
Q645708,1_employee_count,EMPLOYEE_COUNT_BAND,Quant_Metric
Q97439162,4_employee_count,EMPLOYEE_COUNT_BAND,Quant_Metric
Q610492,5_employee_count,EMPLOYEE_COUNT_BAND,Quant_Metric
Q6824111,1_employee_count,EMPLOYEE_COUNT_BAND,Quant_Metric
Q15678788,3_employee_count,EMPLOYEE_COUNT_BAND,Quant_Metric
Q267840,9_employee_count,EMPLOYEE_COUNT_BAND,Quant_Metric
Q5281,9_profit,PROFIT_BAND,Quant_Metric
Q170416,2_profit,PROFIT_BAND,Quant_Metric
Q645708,2_profit,PROFIT_BAND,Quant_Metric
Q1562826,1_profit,PROFIT_BAND,Quant_Metric
Q15678788,2_profit,PROFIT_BAND,Quant_Metric
Q297879,4_profit,PROFIT_BAND,Quant_Metric
Q5281,6_assets,ASSETS_BAND,Quant_Metric
Q645708,9_assets,ASSETS_BAND,Quant_Metric
Q15678788,1_assets,ASSETS_BAND,Quant_Metric
Q5281,9_equity,EQUITY_BAND,Quant_Metric
Q5281,2_market_cap,MARKET_CAP_BAND,Quant_Metric
