company_id,val_id,edge_typ,node_typ
Q28173200,Q837171,INDUSTRY,Industry
Q113858405,Q12147,INDUSTRY,Industry
Q683146,Q3972943,INDUSTRY,Industry
Q2040440,Q1416657,INDUSTRY,Industry
Q19059388,Q41222493,INDUSTRY,Industry
Q19059388, Q2516512,INDUSTRY,Industry
Q19059388, Q393351,INDUSTRY,Industry
Q19059388, Q11661,INDUSTRY,Industry
Q112122076,Q12684,INDUSTRY,Industry
Q1402563,Q48767813,INDUSTRY,Industry
Q2003549,Q1416657,INDUSTRY,Industry
Q2003549, Q837171,INDUSTRY,Industry
Q2003549, Q806718,INDUSTRY,Industry
Q3595277,Q16023725,INDUSTRY,Industry
Q7817,Q29584363,INDUSTRY,Industry
Q65944364,Q10932402,INDUSTRY,Industry
Q8069628,Q837171,INDUSTRY,Industry
Q15822351,Q1540863,INDUSTRY,Industry
Q15822351, Q1481411,INDUSTRY,Industry
Q12014467,Q880371,INDUSTRY,Industry
Q268897,Q1193236,INDUSTRY,Industry
Q7081342,Q862571,INDUSTRY,Industry
Q138133,Q2151621,INDUSTRY,Industry
Q138133, Q1341477,INDUSTRY,Industry
Q138133, Q1326594,INDUSTRY,Industry
Q2007090,Q1416657,INDUSTRY,Industry
Q2007090, Q837171,INDUSTRY,Industry
Q2723075,Q1187656,INDUSTRY,Industry
Q2142624,Q1326624,INDUSTRY,Industry
Q2004088,Q1416657,INDUSTRY,Industry
Q2004088, Q837171,INDUSTRY,Industry
Q2004088, Q806718,INDUSTRY,Industry
Q17080523,Q484847,INDUSTRY,Industry
Q23777917,Q173799,INDUSTRY,Industry
Q746413,Q3972943,INDUSTRY,Industry
Q63565545,Q56611700,INDUSTRY,Industry
Q63565545, Q880371,INDUSTRY,Industry
Q63565545, Q75,INDUSTRY,Industry
Q17077649,Q178512,INDUSTRY,Industry
Q7285287,Q16023725,INDUSTRY,Industry
Q4822431,Q507443,INDUSTRY,Industry
Q5972349,Q173799,INDUSTRY,Industry
Q98143697,Q645858,INDUSTRY,Industry
Q98143697, Q484847,INDUSTRY,Industry
Q29026082,Q174219,INDUSTRY,Industry
Q18643672,Q56598901,INDUSTRY,Industry
Q18643672, Q25245117,INDUSTRY,Industry
Q50241615,Q862571,INDUSTRY,Industry
Q111019575,Q880371,INDUSTRY,Industry
Q111019575, Q21157865,INDUSTRY,Industry
Q111019575, Q1540863,INDUSTRY,Industry
Q104876658,Q73768396,INDUSTRY,Industry
Q104876658, Q56604188,INDUSTRY,Industry
Q104876658, Q1345498,INDUSTRY,Industry
Q104876658, Q1307914,INDUSTRY,Industry
Q3547550,Q932586,INDUSTRY,Industry
Q30271968,Q177777,INDUSTRY,Industry
Q1884798,Q56598901,INDUSTRY,Industry
Q1884798, Q25245117,INDUSTRY,Industry
Q963101,Q2285982,INDUSTRY,Industry
Q5522292,Q474200,INDUSTRY,Industry
Q60745107,Q173799,INDUSTRY,Industry
Q19891628,Q484847,INDUSTRY,Industry
Q109985545,Q986008,INDUSTRY,Industry
Q109985545, Q880371,INDUSTRY,Industry
Q487694,Q7108,INDUSTRY,Industry
Q64842234,Q187939,INDUSTRY,Industry
Q4680631,Q778575,INDUSTRY,Industry
Q5249795,Q2234623,INDUSTRY,Industry
Q112323434,Q1193236,INDUSTRY,Industry
Q1572944,Q3972943,INDUSTRY,Industry
Q1572944, Q126793,INDUSTRY,Industry
Q27863816,Q1294114,INDUSTRY,Industry
Q27863816, Q901227,INDUSTRY,Industry
Q27863816, Q868404,INDUSTRY,Industry
Q27863816, Q31207,INDUSTRY,Industry
Q17092616,Q7397,INDUSTRY,Industry
Q3764687,Q1540863,INDUSTRY,Industry
Q3764687, Q1481411,INDUSTRY,Industry
Q56575681,Q484847,INDUSTRY,Industry
Q7667850,Q625568,INDUSTRY,Industry
Q1340361,Q1416657,INDUSTRY,Industry
Q1340361, Q837171,INDUSTRY,Industry
Q1340361, Q806718,INDUSTRY,Industry
Q50553633,Q5196451,INDUSTRY,Industry
Q50553633, Q984142,INDUSTRY,Industry
Q50553633, Q476796,INDUSTRY,Industry
Q1967805,Q1326624,INDUSTRY,Industry
Q104174571,Q133080,INDUSTRY,Industry
Q2004439,Q837171,INDUSTRY,Industry
Q112946881,Q63769412,INDUSTRY,Industry
Q7311108,Q1416636,INDUSTRY,Industry
Q2151534,Q25245117,INDUSTRY,Industry
Q102449800,Q86478515,INDUSTRY,Industry
Q102449800, Q21157865,INDUSTRY,Industry
Q107293786,Q445019,INDUSTRY,Industry
Q188514,Q190117,INDUSTRY,Industry
Q105101724,Q173799,INDUSTRY,Industry
Q85746469,Q2876213,INDUSTRY,Industry
Q85746469, Q2729047,INDUSTRY,Industry
Q15658392,Q61949914,INDUSTRY,Industry
Q109979847,Q3246832,INDUSTRY,Industry
Q109979847, Q627371,INDUSTRY,Industry
Q1619376,Q96106048,INDUSTRY,Industry
Q19757718,Q806718,INDUSTRY,Industry
Q85775156,Q837171,INDUSTRY,Industry
Q6108978,Q2285982,INDUSTRY,Industry
Q110535357,Q86478515,INDUSTRY,Industry
Q110535357, Q1068473,INDUSTRY,Industry
Q110535357, Q11661,INDUSTRY,Industry
Q111165780,Q540912,INDUSTRY,Industry
Q17087863,Q7108,INDUSTRY,Industry
Q104846573,Q3477363,INDUSTRY,Industry
Q7487216,Q174219,INDUSTRY,Industry
Q112947089,Q86478515,INDUSTRY,Industry
Q112947089, Q1068473,INDUSTRY,Industry
Q1381966,Q484847,INDUSTRY,Industry
Q106629546,Q1323528,INDUSTRY,Industry
Q3526670,Q16023725,INDUSTRY,Industry
Q19882235,Q1416657,INDUSTRY,Industry
Q39086819,Q837171,INDUSTRY,Industry
Q6354854,Q161439,INDUSTRY,Industry
Q1364176,Q1540863,INDUSTRY,Industry
Q1364176, Q1481411,INDUSTRY,Industry
Q7271957,Q97466012,INDUSTRY,Industry
Q26973069,Q56611700,INDUSTRY,Industry
Q61948620,Q95988573,INDUSTRY,Industry
Q61948620, Q7397,INDUSTRY,Industry
Q108003730,Q880371,INDUSTRY,Industry
Q2719715,Q56598901,INDUSTRY,Industry
Q2719715, Q25245117,INDUSTRY,Industry
Q2018840,Q1416657,INDUSTRY,Industry
Q2018840, Q837171,INDUSTRY,Industry
Q2018840, Q806718,INDUSTRY,Industry
Q7141803,Q2151621,INDUSTRY,Industry
Q6008783,Q23700481,INDUSTRY,Industry
Q7645776,Q173799,INDUSTRY,Industry
Q6373724,Q1416657,INDUSTRY,Industry
Q6373724, Q837171,INDUSTRY,Industry
Q6373724, Q806718,INDUSTRY,Industry
Q111912510,Q5341344,INDUSTRY,Industry
Q854826,Q862571,INDUSTRY,Industry
Q7191297,Q207652,INDUSTRY,Industry
Q12988589,Q507443,INDUSTRY,Industry
Q107921285,Q18388277,INDUSTRY,Industry
Q107921285, Q123733,INDUSTRY,Industry
Q17054442,Q540912,INDUSTRY,Industry
Q28171825,Q207652,INDUSTRY,Industry
Q13117711,Q161439,INDUSTRY,Industry
Q28451082,Q507443,INDUSTRY,Industry
Q935150,Q778575,INDUSTRY,Industry
Q95149788,Q17232649,INDUSTRY,Industry
Q82694447,Q11661,INDUSTRY,Industry
Q16966555,Q173799,INDUSTRY,Industry
Q17067368,Q507443,INDUSTRY,Industry
Q854867,Q25245117,INDUSTRY,Industry
Q3630199,Q765633,INDUSTRY,Industry
Q85783035,Q19595701,INDUSTRY,Industry
Q73824378,Q746359,INDUSTRY,Industry
Q60621590,Q3972943,INDUSTRY,Industry
Q6917320,Q627371,INDUSTRY,Industry
Q1619261,Q4063722,INDUSTRY,Industry
Q111331366,Q1323528,INDUSTRY,Industry
Q111331366, Q898030,INDUSTRY,Industry
Q111331366, Q37038,INDUSTRY,Industry
Q24936908,Q22687,INDUSTRY,Industry
Q2044973,Q1416657,INDUSTRY,Industry
Q2044973, Q837171,INDUSTRY,Industry
Q2044973, Q806718,INDUSTRY,Industry
Q2003789,Q1416657,INDUSTRY,Industry
Q2003789, Q837171,INDUSTRY,Industry
Q2003789, Q806718,INDUSTRY,Industry
Q848059,Q190117,INDUSTRY,Industry
Q5399377,Q862571,INDUSTRY,Industry
Q12982969,Q11451,INDUSTRY,Industry
Q5253785,Q16023725,INDUSTRY,Industry
Q26989,Q1481411,INDUSTRY,Industry
Q1131463,Q1540863,INDUSTRY,Industry
Q1131463, Q1481411,INDUSTRY,Industry
Q101508756,Q2553897,INDUSTRY,Industry
Q5476977,Q590870,INDUSTRY,Industry
Q3400886,Q112046,INDUSTRY,Industry
Q2668720,Q190117,INDUSTRY,Industry
Q2743499,Q57774188,INDUSTRY,Industry
Q5026835,Q875696,INDUSTRY,Industry
Q8063247,Q880371,INDUSTRY,Industry
Q1656673,Q56598901,INDUSTRY,Industry
Q1656673, Q25245117,INDUSTRY,Industry
Q5053244,Q1416657,INDUSTRY,Industry
Q6982526,Q3972943,INDUSTRY,Industry
Q6982526, Q875696,INDUSTRY,Industry
Q55444629,Q2151621,INDUSTRY,Industry
Q2721464,Q3565868,INDUSTRY,Industry
Q6110251,Q56611700,INDUSTRY,Industry
Q5104279,Q2518196,INDUSTRY,Industry
Q96377962,Q484847,INDUSTRY,Industry
Q96377962, Q126793,INDUSTRY,Industry
Q4836047,Q190117,INDUSTRY,Industry
Q1289348,Q862571,INDUSTRY,Industry
Q24589909,Q581105,INDUSTRY,Industry
Q18390821,Q1147226,INDUSTRY,Industry
Q30589043,Q348303,INDUSTRY,Industry
Q2004078,Q1416657,INDUSTRY,Industry
Q2004078, Q837171,INDUSTRY,Industry
Q2004078, Q806718,INDUSTRY,Industry
Q110977336,Q86478515,INDUSTRY,Industry
Q110977336, Q2085381,INDUSTRY,Industry
Q110977336, Q11661,INDUSTRY,Industry
Q5188909,Q126793,INDUSTRY,Industry
Q106400381,Q173799,INDUSTRY,Industry
Q3300084,Q190117,INDUSTRY,Industry
Q55110213,Q778575,INDUSTRY,Industry
Q55110213, Q11661,INDUSTRY,Industry
Q357095,Q2876213,INDUSTRY,Industry
Q357095, Q1985622,INDUSTRY,Industry
Q2721482,Q13554450,INDUSTRY,Industry
Q48989713,Q173799,INDUSTRY,Industry
Q19856023,Q778575,INDUSTRY,Industry
Q963718,Q190117,INDUSTRY,Industry
Q104597841,Q1481411,INDUSTRY,Industry
Q18386600,Q2285982,INDUSTRY,Industry
Q1371239,Q2285982,INDUSTRY,Industry
Q4111575,Q75,INDUSTRY,Industry
Q109910162,Q695829,INDUSTRY,Industry
Q726193,Q190117,INDUSTRY,Industry
Q6974841,Q986008,INDUSTRY,Industry
Q27593967,Q555097,INDUSTRY,Industry
Q111907528,Q3406654,INDUSTRY,Industry
Q111907528, Q2285982,INDUSTRY,Industry
Q6750540,Q507443,INDUSTRY,Industry
Q3521079,Q1540863,INDUSTRY,Industry
Q3521079, Q1481411,INDUSTRY,Industry
Q3519720,Q1529128,INDUSTRY,Industry
Q7810035,Q31207,INDUSTRY,Industry
Q114605684,Q4290,INDUSTRY,Industry
Q114605684, Q837171,INDUSTRY,Industry
Q6064951,Q507443,INDUSTRY,Industry
Q22080360,Q932586,INDUSTRY,Industry
Q65640660,Q59152282,INDUSTRY,Industry
Q65640660, Q56611700,INDUSTRY,Industry
Q65640660, Q559856,INDUSTRY,Industry
Q22909616,Q1068473,INDUSTRY,Industry
Q65091087,Q13554450,INDUSTRY,Industry
Q2003387,Q1416657,INDUSTRY,Industry
Q2003387, Q837171,INDUSTRY,Industry
Q2003387, Q806718,INDUSTRY,Industry
Q55622683,Q327627,INDUSTRY,Industry
Q55622683, Q11661,INDUSTRY,Industry
Q2613165,Q1193236,INDUSTRY,Industry
Q2613165, Q340169,INDUSTRY,Industry
Q4768004,Q173799,INDUSTRY,Industry
Q1653258,Q1416657,INDUSTRY,Industry
Q1653258, Q837171,INDUSTRY,Industry
Q1653258, Q806718,INDUSTRY,Industry
Q55605409,Q932586,INDUSTRY,Industry
Q4636612,Q1200977,INDUSTRY,Industry
Q79452707,Q1924906,INDUSTRY,Industry
Q140676,Q19967801,INDUSTRY,Industry
Q7115252,Q126793,INDUSTRY,Industry
Q4848822,Q3749263,INDUSTRY,Industry
Q1430541,Q862571,INDUSTRY,Industry
Q22907412,Q484847,INDUSTRY,Industry
Q25303119,Q581105,INDUSTRY,Industry
Q25021952,Q340169,INDUSTRY,Industry
Q55592364,Q941594,INDUSTRY,Industry
Q113561578,Q229367,INDUSTRY,Industry
Q110268574,Q11451,INDUSTRY,Industry
Q109277720,Q49389,INDUSTRY,Industry
Q28169245,Q880371,INDUSTRY,Industry
Q56120618,Q2085381,INDUSTRY,Industry
Q1321122,Q872,INDUSTRY,Industry
Q905572,Q507443,INDUSTRY,Industry
Q85795857,Q592614,INDUSTRY,Industry
Q2003611,Q1416657,INDUSTRY,Industry
Q2003611, Q837171,INDUSTRY,Industry
Q2003611, Q806718,INDUSTRY,Industry
Q908931,Q862571,INDUSTRY,Industry
Q5616988,Q862571,INDUSTRY,Industry
Q28173450,Q173799,INDUSTRY,Industry
Q7691514,Q3477363,INDUSTRY,Industry
Q104638837,Q941594,INDUSTRY,Industry
Q96337137,Q484847,INDUSTRY,Industry
Q110178483,Q56611700,INDUSTRY,Industry
Q110178483, Q1540863,INDUSTRY,Industry
Q110178483, Q1481411,INDUSTRY,Industry
Q110178483, Q880371,INDUSTRY,Industry
Q110178483, Q189507,INDUSTRY,Industry
Q110178483, Q11661,INDUSTRY,Industry
Q110178483, Q75,INDUSTRY,Industry
Q13227919,Q1540863,INDUSTRY,Industry
Q13227919, Q1481411,INDUSTRY,Industry
Q106309795,Q2663825,INDUSTRY,Industry
Q26703733,Q173799,INDUSTRY,Industry
Q106548103,Q325421,INDUSTRY,Industry
Q5270580,Q56598901,INDUSTRY,Industry
Q5270580, Q25245117,INDUSTRY,Industry
Q5683558,Q3749263,INDUSTRY,Industry
Q108659876,Q941594,INDUSTRY,Industry
Q24913555,Q43302,INDUSTRY,Industry
Q109308636,Q880371,INDUSTRY,Industry
Q28169242,Q2095,INDUSTRY,Industry
Q6376074,Q3972943,INDUSTRY,Industry
Q1655008,Q778575,INDUSTRY,Industry
Q4969284,Q540912,INDUSTRY,Industry
Q124976,Q12880211,INDUSTRY,Industry
Q110252386,Q11033,INDUSTRY,Industry
Q6840143,Q7397,INDUSTRY,Industry
Q2003797,Q1416657,INDUSTRY,Industry
Q2003797, Q837171,INDUSTRY,Industry
Q2003797, Q806718,INDUSTRY,Industry
Q908961,Q507443,INDUSTRY,Industry
Q110247352,Q941594,INDUSTRY,Industry
Q81537815,Q1068473,INDUSTRY,Industry
Q71935736,Q11661,INDUSTRY,Industry
Q71935736, Q7397,INDUSTRY,Industry
Q5919785,Q11033,INDUSTRY,Industry
Q2003777,Q1416657,INDUSTRY,Industry
Q2003777, Q837171,INDUSTRY,Industry
Q2003777, Q806718,INDUSTRY,Industry
Q24906315,Q123733,INDUSTRY,Industry
Q28173964,Q22687,INDUSTRY,Industry
Q65064081,Q932586,INDUSTRY,Industry
Q30635139,Q837171,INDUSTRY,Industry
Q98525422,Q2729047,INDUSTRY,Industry
Q98525422, Q936518,INDUSTRY,Industry
Q229058,Q2729047,INDUSTRY,Industry
Q2767170,Q837171,INDUSTRY,Industry
Q32947262,Q5908827,INDUSTRY,Industry
Q5017235,Q30022,INDUSTRY,Industry
Q10910065,Q190117,INDUSTRY,Industry
Q55632737,Q837171,INDUSTRY,Industry
Q55497146,Q941594,INDUSTRY,Industry
Q6433849,Q2073644,INDUSTRY,Industry
Q331715,Q778575,INDUSTRY,Industry
Q56279505,Q31207,INDUSTRY,Industry
Q7295007,Q2285982,INDUSTRY,Industry
Q5738817,Q396622,INDUSTRY,Industry
Q7669310,Q418,INDUSTRY,Industry
Q2044983,Q1416657,INDUSTRY,Industry
Q2044983, Q837171,INDUSTRY,Industry
Q2044983, Q806718,INDUSTRY,Industry
Q104879236,Q2729047,INDUSTRY,Industry
Q83472792,Q1326624,INDUSTRY,Industry
Q4901117,Q193057,INDUSTRY,Industry
Q51031692,Q1294114,INDUSTRY,Industry
Q3630918,Q16955053,INDUSTRY,Industry
Q3630918, Q5358497,INDUSTRY,Industry
Q3630918, Q1780509,INDUSTRY,Industry
Q3630918, Q1655198,INDUSTRY,Industry
Q3630918, Q1331892,INDUSTRY,Industry
Q3630918, Q936518,INDUSTRY,Industry
Q3630918, Q272826,INDUSTRY,Industry
Q17053986,Q11023,INDUSTRY,Industry
Q20650027,Q173799,INDUSTRY,Industry
Q2723181,Q173799,INDUSTRY,Industry
Q108782794,Q507443,INDUSTRY,Industry
Q17145804,Q1568650,INDUSTRY,Industry
Q7575959,Q126793,INDUSTRY,Industry
Q5270753,Q16023725,INDUSTRY,Industry
Q6839659,Q25245117,INDUSTRY,Industry
Q17081914,Q41958,INDUSTRY,Industry
Q17053670,Q2729047,INDUSTRY,Industry
Q5016462,Q507443,INDUSTRY,Industry
Q60642664,Q3972943,INDUSTRY,Industry
Q1613763,Q190117,INDUSTRY,Industry
Q113292877,Q56611639,INDUSTRY,Industry
Q6973776,Q2518196,INDUSTRY,Industry
Q3480001,Q12303494,INDUSTRY,Industry
Q2985356,Q11033,INDUSTRY,Industry
Q5969591,Q43183,INDUSTRY,Industry
Q4780321,Q31207,INDUSTRY,Industry
Q6393422,Q383973,INDUSTRY,Industry
Q108208652,Q9323634,INDUSTRY,Industry
Q108208652, Q6520325,INDUSTRY,Industry
Q108208652, Q123733,INDUSTRY,Industry
Q4686752,Q37038,INDUSTRY,Industry
Q3764225,Q778575,INDUSTRY,Industry
Q19899158,Q418,INDUSTRY,Industry
Q64841028,Q806718,INDUSTRY,Industry
Q27958422,Q173799,INDUSTRY,Industry
Q4901103,Q7108,INDUSTRY,Industry
Q40952822,Q49389,INDUSTRY,Industry
Q2040394,Q1416657,INDUSTRY,Industry
Q278834,Q418,INDUSTRY,Industry
Q7311015,Q2663825,INDUSTRY,Industry
Q22084825,Q3477363,INDUSTRY,Industry
Q109567634,Q723685,INDUSTRY,Industry
Q3291801,Q507443,INDUSTRY,Industry
Q6947830,Q484847,INDUSTRY,Industry
Q55758942,Q3972943,INDUSTRY,Industry
Q3523697,Q1415395,INDUSTRY,Industry
Q6019346,Q837171,INDUSTRY,Industry
Q5629103,Q638608,INDUSTRY,Industry
Q5629103, Q61515,INDUSTRY,Industry
Q5629103, Q11661,INDUSTRY,Industry
Q19059388,Q22575791,CEO,Person
Q112122076,Q109308805,CEO,Person
Q2003549,Q7496573,CEO,Person
Q138133,Q15842921,CEO,Person
Q138133, Q2078625,CEO,Person
Q138133, Q108936810,CEO,Person
Q111019575,Q111170927,CEO,Person
Q112823400,Q112823586,CEO,Person
Q963101,Q6968403,CEO,Person
Q27863816,Q27854128,CEO,Person
Q112946881,Q112865413,CEO,Person
Q1350144,Q28030838,CEO,Person
Q1619376,Q30606378,CEO,Person
Q1381966,Q17486463,CEO,Person
Q19882235,Q19609868,CEO,Person
Q1364176,Q23418602,CEO,Person
Q56013874,Q63681825,CEO,Person
Q12988589,Q30718336,CEO,Person
Q935150,Q381748,CEO,Person
Q1619261,Q391072,CEO,Person
Q26989,Q7935934,CEO,Person
Q104597841,Q104627971,CEO,Person
Q101441765,Q101457720,CEO,Person
Q27593967,Q33134612,CEO,Person
Q3521079,Q16733192,CEO,Person
Q1653258,Q539281,CEO,Person
Q140676,Q4699765,CEO,Person
Q25303119,Q16727524,CEO,Person
Q908931,Q298547,CEO,Person
Q110178483,Q109308805,CEO,Person
Q13227919,Q28245866,CEO,Person
Q17068753,Q22958497,CEO,Person
Q908961,Q5512521,CEO,Person
Q71935736,Q72919924,CEO,Person
Q727066,Q28030838,CEO,Person
Q1613763,Q17082443,CEO,Person
Q108208652,Q108217506,CEO,Person
Q64841028,Q64841036,CEO,Person
Q3291801,Q1225503,CEO,Person
Q5629103,Q27436302,CEO,Person
Q2142624,Q381748,CHAIRMAN,Person
Q1340361,Q41613743,CHAIRMAN,Person
Q188514,Q6968403,CHAIRMAN,Person
Q105101724,Q105883003,CHAIRMAN,Person
Q1666653,Q92820,CHAIRMAN,Person
Q111995093,http://www.wikidata.org/.well-known/genid/643980df52b572d55341ec95355971ef,CHAIRMAN,Person
Q963718,Q17049736,CHAIRMAN,Person
Q140676,Q4699765,CHAIRMAN,Person
Q16038766,Q95220255,CHAIRMAN,Person
Q229058,Q47484657,CHAIRMAN,Person
Q64841028,Q19667876,CHAIRMAN,Person
Q6150847,Q519486,HEADQUARTERS,Location
Q18386006,Q1355,HEADQUARTERS,Location
Q112304887,Q1353,HEADQUARTERS,Location
Q28173200,Q1156,HEADQUARTERS,Location
Q113858405,Q334,HEADQUARTERS,Location
Q1318465,Q66568,HEADQUARTERS,Location
Q683146,Q60,HEADQUARTERS,Location
Q2040440,Q163798,HEADQUARTERS,Location
Q19059388,Q1355,HEADQUARTERS,Location
Q112122076,Q1348,HEADQUARTERS,Location
Q1402563,Q1538,HEADQUARTERS,Location
Q2003549,Q1156,HEADQUARTERS,Location
Q92566177,Q1348,HEADQUARTERS,Location
Q69906,Q1156,HEADQUARTERS,Location
Q69906, Q987,HEADQUARTERS,Location
Q3595277,Q1156,HEADQUARTERS,Location
Q7817,Q71,HEADQUARTERS,Location
Q65944364,Q1355,HEADQUARTERS,Location
Q15062993,Q987,HEADQUARTERS,Location
Q8069628,Q1355,HEADQUARTERS,Location
Q2854935,Q1445,HEADQUARTERS,Location
Q15822351,Q1361,HEADQUARTERS,Location
Q2262113,Q214681,HEADQUARTERS,Location
Q12014467,Q208459,HEADQUARTERS,Location
Q12014467, Q49220,HEADQUARTERS,Location
Q12014467, Q1355,HEADQUARTERS,Location
Q7081342,Q1387076,HEADQUARTERS,Location
Q138133,Q2066,HEADQUARTERS,Location
Q55259619,Q4629,HEADQUARTERS,Location
Q7121139,Q1156,HEADQUARTERS,Location
Q106400235,Q5097440,HEADQUARTERS,Location
Q2007090,Q1156,HEADQUARTERS,Location
Q2723075,Q207098,HEADQUARTERS,Location
Q2142624,Q61445,HEADQUARTERS,Location
Q2004088,Q3764792,HEADQUARTERS,Location
Q17080523,Q5620004,HEADQUARTERS,Location
Q23777917,Q1156,HEADQUARTERS,Location
Q746413,Q2662373,HEADQUARTERS,Location
Q746413, Q1345,HEADQUARTERS,Location
Q63565545,Q238508,HEADQUARTERS,Location
Q3344266,Q1348,HEADQUARTERS,Location
Q17077649,Q987,HEADQUARTERS,Location
Q106485505,Q1538,HEADQUARTERS,Location
Q7285287,Q987,HEADQUARTERS,Location
Q4822431,Q1361,HEADQUARTERS,Location
Q53080990,Q1156,HEADQUARTERS,Location
Q21503632,Q1361,HEADQUARTERS,Location
Q4865142,Q1355,HEADQUARTERS,Location
Q98143697,Q1538,HEADQUARTERS,Location
Q29026082,Q1348,HEADQUARTERS,Location
Q18643672,Q61445,HEADQUARTERS,Location
Q251266,Q208447,HEADQUARTERS,Location
Q30686569,Q1355,HEADQUARTERS,Location
Q50241615,Q1361,HEADQUARTERS,Location
Q111019575,Q200718,HEADQUARTERS,Location
Q111019575, Q1437,HEADQUARTERS,Location
Q113484140,Q278204,HEADQUARTERS,Location
Q104876658,Q278204,HEADQUARTERS,Location
Q3547550,Q84,HEADQUARTERS,Location
Q2023247,Q987,HEADQUARTERS,Location
Q30271968,Q983652,HEADQUARTERS,Location
Q2464129,Q1355,HEADQUARTERS,Location
Q1696916,Q1156,HEADQUARTERS,Location
Q1884798,Q987,HEADQUARTERS,Location
Q963101,Q2154157,HEADQUARTERS,Location
Q1954041,Q1156,HEADQUARTERS,Location
Q7559722,Q3183236,HEADQUARTERS,Location
Q5522292,Q1348,HEADQUARTERS,Location
Q60745107,Q1156,HEADQUARTERS,Location
Q978676,Q1355,HEADQUARTERS,Location
Q19891628,Q238508,HEADQUARTERS,Location
Q69061911,Q171771,HEADQUARTERS,Location
Q109985545,Q1355,HEADQUARTERS,Location
Q487694,Q1355,HEADQUARTERS,Location
Q110950511,Q526101,HEADQUARTERS,Location
Q64842234,Q1361,HEADQUARTERS,Location
Q7808967,Q1156,HEADQUARTERS,Location
Q7138871,Q3558400,HEADQUARTERS,Location
Q98930326,Q278204,HEADQUARTERS,Location
Q4680631,Q1070,HEADQUARTERS,Location
Q5249795,Q987,HEADQUARTERS,Location
Q7166413,Q1156,HEADQUARTERS,Location
Q112323434,Q1348,HEADQUARTERS,Location
Q1572944,Q1352,HEADQUARTERS,Location
Q48999036,Q1355,HEADQUARTERS,Location
Q28039375,Q4629,HEADQUARTERS,Location
Q27863816,Q1538,HEADQUARTERS,Location
Q17092616,Q1538,HEADQUARTERS,Location
Q7380179,Q1348,HEADQUARTERS,Location
Q7380179, Q987,HEADQUARTERS,Location
Q3764687,Q1355,HEADQUARTERS,Location
Q98217503,Q278204,HEADQUARTERS,Location
Q7645042,Q1156,HEADQUARTERS,Location
Q56575681,Q1156,HEADQUARTERS,Location
Q7667850,Q1353,HEADQUARTERS,Location
Q96575726,Q80484,HEADQUARTERS,Location
Q1340361,Q1156,HEADQUARTERS,Location
Q50553633,Q238508,HEADQUARTERS,Location
Q1967805,Q987,HEADQUARTERS,Location
Q3246100,Q1352,HEADQUARTERS,Location
Q2325906,Q170115,HEADQUARTERS,Location
Q111443237,Q1355,HEADQUARTERS,Location
Q104174571,Q1156,HEADQUARTERS,Location
Q2075033,Q1352,HEADQUARTERS,Location
Q2004439,Q1156,HEADQUARTERS,Location
Q112946881,Q987,HEADQUARTERS,Location
Q4119691,Q28729,HEADQUARTERS,Location
Q7311108,Q987,HEADQUARTERS,Location
Q111187013,Q1353,HEADQUARTERS,Location
Q1350144,Q1156,HEADQUARTERS,Location
Q2151534,Q1156,HEADQUARTERS,Location
Q102449800,Q1156,HEADQUARTERS,Location
Q188514,Q1156,HEADQUARTERS,Location
Q1954757,Q1156,HEADQUARTERS,Location
Q105101724,Q1156,HEADQUARTERS,Location
Q15702315,Q987,HEADQUARTERS,Location
Q85746469,Q1355,HEADQUARTERS,Location
Q28174199,Q1361,HEADQUARTERS,Location
Q15658392,Q987,HEADQUARTERS,Location
Q8073715,Q987,HEADQUARTERS,Location
Q46807,Q1156,HEADQUARTERS,Location
Q109979847,Q1070,HEADQUARTERS,Location
Q1619376,Q1156,HEADQUARTERS,Location
Q7392589,Q7375146,HEADQUARTERS,Location
Q19757718,Q278204,HEADQUARTERS,Location
Q13413203,Q171771,HEADQUARTERS,Location
Q6108978,Q1156,HEADQUARTERS,Location
Q110535357,Q987,HEADQUARTERS,Location
Q23309826,Q1352,HEADQUARTERS,Location
Q5209247,Q255455,HEADQUARTERS,Location
Q17087863,Q1348,HEADQUARTERS,Location
Q104846573,Q1355,HEADQUARTERS,Location
Q114542995,Q200237,HEADQUARTERS,Location
Q106902613,Q1361,HEADQUARTERS,Location
Q7487216,Q238508,HEADQUARTERS,Location
Q3764157,Q1361,HEADQUARTERS,Location
Q112947089,Q1353,HEADQUARTERS,Location
Q1381966,Q1355,HEADQUARTERS,Location
Q3935468,Q1348,HEADQUARTERS,Location
Q19572270,Q1361,HEADQUARTERS,Location
Q6374440,Q170115,HEADQUARTERS,Location
Q106629546,Q43433,HEADQUARTERS,Location
Q3526670,Q1156,HEADQUARTERS,Location
Q113083076,Q55631095,HEADQUARTERS,Location
Q19882235,Q1348,HEADQUARTERS,Location
Q106482880,Q1191,HEADQUARTERS,Location
Q6354854,Q163798,HEADQUARTERS,Location
Q1364176,Q1355,HEADQUARTERS,Location
Q12508385,Q1156,HEADQUARTERS,Location
Q3595638,Q1156,HEADQUARTERS,Location
Q19894700,Q1361,HEADQUARTERS,Location
Q7271957,Q1355,HEADQUARTERS,Location
Q7271957, Q1156,HEADQUARTERS,Location
Q26973069,Q1355,HEADQUARTERS,Location
Q61948620,Q1353,HEADQUARTERS,Location
Q56013874,Q170454,HEADQUARTERS,Location
Q107123964,Q4629,HEADQUARTERS,Location
Q6668713,Q1156,HEADQUARTERS,Location
Q113456475,Q1353,HEADQUARTERS,Location
Q2719715,Q1156,HEADQUARTERS,Location
Q30324297,Q1355,HEADQUARTERS,Location
Q24914808,Q1156,HEADQUARTERS,Location
Q16947382,Q2711899,HEADQUARTERS,Location
Q2018840,Q1348,HEADQUARTERS,Location
Q7141803,Q11854,HEADQUARTERS,Location
Q6008783,Q1355,HEADQUARTERS,Location
Q6008783, Q62,HEADQUARTERS,Location
Q19758675,Q1156,HEADQUARTERS,Location
Q7645776,Q1361,HEADQUARTERS,Location
Q106627769,Q238508,HEADQUARTERS,Location
Q106627769, Q987,HEADQUARTERS,Location
Q6373724,Q817218,HEADQUARTERS,Location
Q7237234,Q80484,HEADQUARTERS,Location
Q854826,Q1156,HEADQUARTERS,Location
Q3627557,Q1156,HEADQUARTERS,Location
Q7191297,Q12413015,HEADQUARTERS,Location
Q12988589,Q1156,HEADQUARTERS,Location
Q279739,Q1352,HEADQUARTERS,Location
Q3349794,Q1156,HEADQUARTERS,Location
Q60785642,Q170115,HEADQUARTERS,Location
Q17058333,Q238508,HEADQUARTERS,Location
Q17058333, Q1348,HEADQUARTERS,Location
Q111995093,Q200718,HEADQUARTERS,Location
Q24884920,Q1156,HEADQUARTERS,Location
Q107921285,Q1361,HEADQUARTERS,Location
Q63959358,Q1156,HEADQUARTERS,Location
Q17054442,Q1513,HEADQUARTERS,Location
Q28171825,Q1156,HEADQUARTERS,Location
Q13117711,Q1355,HEADQUARTERS,Location
Q7045591,Q1154,HEADQUARTERS,Location
Q3648653,Q1934607,HEADQUARTERS,Location
Q28451082,Q11909,HEADQUARTERS,Location
Q6021736,Q1355,HEADQUARTERS,Location
Q5013889,Q1156,HEADQUARTERS,Location
Q935150,Q61445,HEADQUARTERS,Location
Q95149788,Q987,HEADQUARTERS,Location
Q82694447,Q1352,HEADQUARTERS,Location
Q16966555,Q1361,HEADQUARTERS,Location
Q17067368,Q3524535,HEADQUARTERS,Location
Q854867,Q987,HEADQUARTERS,Location
Q5449582,Q1361,HEADQUARTERS,Location
Q3630199,Q987,HEADQUARTERS,Location
Q15724333,Q171771,HEADQUARTERS,Location
Q85783035,Q1156,HEADQUARTERS,Location
Q73824378,Q668,HEADQUARTERS,Location
Q60621590,Q278204,HEADQUARTERS,Location
Q108338114,Q278204,HEADQUARTERS,Location
Q24912062,Q1070,HEADQUARTERS,Location
Q7425697,Q1355,HEADQUARTERS,Location
Q6917320,Q1353,HEADQUARTERS,Location
Q1619261,Q1156,HEADQUARTERS,Location
Q748528,Q1361,HEADQUARTERS,Location
Q111331366,Q28729,HEADQUARTERS,Location
Q24936908,Q10086,HEADQUARTERS,Location
Q114022318,Q1453180,HEADQUARTERS,Location
Q2044973,Q163798,HEADQUARTERS,Location
Q2003789,Q1352,HEADQUARTERS,Location
Q7419032,Q200237,HEADQUARTERS,Location
Q848059,Q1156,HEADQUARTERS,Location
Q906943,Q668,HEADQUARTERS,Location
Q5399377,Q1156,HEADQUARTERS,Location
Q113302763,Q1361,HEADQUARTERS,Location
Q6007128,Q208097,HEADQUARTERS,Location
Q58338384,Q9885,HEADQUARTERS,Location
Q7642337,Q1156,HEADQUARTERS,Location
Q12982969,Q30951,HEADQUARTERS,Location
Q42139741,Q1355,HEADQUARTERS,Location
Q17073435,Q1352,HEADQUARTERS,Location
Q48734002,Q987,HEADQUARTERS,Location
Q2097526,Q1355,HEADQUARTERS,Location
Q5253785,Q987,HEADQUARTERS,Location
Q19891215,Q1355,HEADQUARTERS,Location
Q26989,Q1355,HEADQUARTERS,Location
Q1131463,Q1156,HEADQUARTERS,Location
Q101508756,Q213026,HEADQUARTERS,Location
Q5476977,Q1156,HEADQUARTERS,Location
Q3400886,Q238508,HEADQUARTERS,Location
Q2668720,Q1352,HEADQUARTERS,Location
Q2743499,Q987,HEADQUARTERS,Location
Q5377917,Q987,HEADQUARTERS,Location
Q108319752,Q11854,HEADQUARTERS,Location
Q5026835,Q1156,HEADQUARTERS,Location
Q8063247,Q668,HEADQUARTERS,Location
Q24914312,Q987,HEADQUARTERS,Location
Q1656673,Q1156,HEADQUARTERS,Location
Q5053244,Q163798,HEADQUARTERS,Location
Q25344640,Q1361,HEADQUARTERS,Location
Q7413183,Q33412,HEADQUARTERS,Location
Q22916734,Q1352,HEADQUARTERS,Location
Q3630923,Q238508,HEADQUARTERS,Location
Q3866831,Q66485,HEADQUARTERS,Location
Q6982526,Q1156,HEADQUARTERS,Location
Q108829959,Q1355,HEADQUARTERS,Location
Q55444629,Q987,HEADQUARTERS,Location
Q2846588,Q167715,HEADQUARTERS,Location
Q2052218,Q28729,HEADQUARTERS,Location
Q2721464,Q987,HEADQUARTERS,Location
Q407343,Q1800,HEADQUARTERS,Location
Q6110251,Q238508,HEADQUARTERS,Location
Q5104279,Q1352,HEADQUARTERS,Location
Q32074906,Q3034709,HEADQUARTERS,Location
Q5972029,Q1361,HEADQUARTERS,Location
Q96377962,Q1538,HEADQUARTERS,Location
Q4836047,Q238508,HEADQUARTERS,Location
Q28153725,Q668,HEADQUARTERS,Location
Q112299630,Q1354,HEADQUARTERS,Location
Q112133464,Q1361,HEADQUARTERS,Location
Q60747757,Q1353,HEADQUARTERS,Location
Q1289348,Q987,HEADQUARTERS,Location
Q6448388,Q798382,HEADQUARTERS,Location
Q24589909,Q1156,HEADQUARTERS,Location
Q18390821,Q238508,HEADQUARTERS,Location
Q110708292,Q1949069,HEADQUARTERS,Location
Q30589043,Q1156,HEADQUARTERS,Location
Q2004078,Q1156,HEADQUARTERS,Location
Q6394871,Q1353,HEADQUARTERS,Location
Q15725286,Q171771,HEADQUARTERS,Location
Q110977336,Q1353,HEADQUARTERS,Location
Q5188909,Q1156,HEADQUARTERS,Location
Q106400381,Q4855814,HEADQUARTERS,Location
Q3300084,Q1352,HEADQUARTERS,Location
Q55110213,Q6434267,HEADQUARTERS,Location
Q2801701,Q1800,HEADQUARTERS,Location
Q357095,Q1355,HEADQUARTERS,Location
Q2721482,Q1798750,HEADQUARTERS,Location
Q48989713,Q1156,HEADQUARTERS,Location
Q19856023,Q273030,HEADQUARTERS,Location
Q963718,Q987,HEADQUARTERS,Location
Q7687835,Q1538,HEADQUARTERS,Location
Q104597841,Q1538,HEADQUARTERS,Location
Q18386600,Q1353,HEADQUARTERS,Location
Q1371239,Q668,HEADQUARTERS,Location
Q4111575,Q4739739,HEADQUARTERS,Location
Q108409195,Q200237,HEADQUARTERS,Location
Q63980400,Q1355,HEADQUARTERS,Location
Q109910162,Q1355,HEADQUARTERS,Location
Q2307816,Q987,HEADQUARTERS,Location
Q726193,Q1352,HEADQUARTERS,Location
Q3522186,Q1352,HEADQUARTERS,Location
Q6974841,Q1156,HEADQUARTERS,Location
Q27593967,Q987,HEADQUARTERS,Location
Q111907528,Q1156,HEADQUARTERS,Location
Q6750540,Q7081965,HEADQUARTERS,Location
Q2271133,Q1353,HEADQUARTERS,Location
Q3521079,Q1355,HEADQUARTERS,Location
Q96577145,Q1361,HEADQUARTERS,Location
Q3519720,Q987,HEADQUARTERS,Location
Q63682945,Q10002,HEADQUARTERS,Location
Q7810035,Q1353,HEADQUARTERS,Location
Q114605684,Q1361,HEADQUARTERS,Location
Q21008866,Q1538,HEADQUARTERS,Location
Q6064951,Q1156,HEADQUARTERS,Location
Q22080360,Q668,HEADQUARTERS,Location
Q65640660,Q987,HEADQUARTERS,Location
Q110208076,Q7686384,HEADQUARTERS,Location
Q22909616,Q1355,HEADQUARTERS,Location
Q113288680,Q1949069,HEADQUARTERS,Location
Q2732186,Q659887,HEADQUARTERS,Location
Q372096,Q1348,HEADQUARTERS,Location
Q2003387,Q127041,HEADQUARTERS,Location
Q3224731,Q1156,HEADQUARTERS,Location
Q55622683,Q1355,HEADQUARTERS,Location
Q4967993,Q61445,HEADQUARTERS,Location
Q18712873,Q1361,HEADQUARTERS,Location
Q28127092,Q1156,HEADQUARTERS,Location
Q45312890,Q1355,HEADQUARTERS,Location
Q2613165,Q987,HEADQUARTERS,Location
Q2191913,Q1352,HEADQUARTERS,Location
Q5209494,Q200049,HEADQUARTERS,Location
Q2774299,Q1070,HEADQUARTERS,Location
Q4768004,Q1361,HEADQUARTERS,Location
Q1653258,Q2341660,HEADQUARTERS,Location
Q55605409,Q1800,HEADQUARTERS,Location
Q105731360,Q1361,HEADQUARTERS,Location
Q79452707,Q1154,HEADQUARTERS,Location
Q140676,Q1156,HEADQUARTERS,Location
Q83473736,Q1070,HEADQUARTERS,Location
Q7115252,Q1348,HEADQUARTERS,Location
Q4848822,Q1156,HEADQUARTERS,Location
Q5060704,Q1156,HEADQUARTERS,Location
Q1430541,Q199528,HEADQUARTERS,Location
Q22907412,Q1156,HEADQUARTERS,Location
Q25303119,Q987,HEADQUARTERS,Location
Q25021952,Q1156,HEADQUARTERS,Location
Q113561578,Q11909,HEADQUARTERS,Location
Q110268574,Q171771,HEADQUARTERS,Location
Q109277720,Q15201,HEADQUARTERS,Location
Q28169245,Q4739739,HEADQUARTERS,Location
Q1872524,Q80989,HEADQUARTERS,Location
Q5531660,Q163798,HEADQUARTERS,Location
Q3809113,Q66568,HEADQUARTERS,Location
Q3041666,Q659887,HEADQUARTERS,Location
Q56120618,Q759556,HEADQUARTERS,Location
Q12989008,Q1352,HEADQUARTERS,Location
Q1321122,Q987,HEADQUARTERS,Location
Q7739717,Q1355,HEADQUARTERS,Location
Q905572,Q1156,HEADQUARTERS,Location
Q85795857,Q1355,HEADQUARTERS,Location
Q17502128,Q987,HEADQUARTERS,Location
Q2003611,Q1352,HEADQUARTERS,Location
Q109567511,Q1353,HEADQUARTERS,Location
Q17053065,Q1355,HEADQUARTERS,Location
Q908931,Q1156,HEADQUARTERS,Location
Q5616988,Q1070,HEADQUARTERS,Location
Q28173450,Q6740929,HEADQUARTERS,Location
Q30610050,Q1352,HEADQUARTERS,Location
Q7691514,Q987,HEADQUARTERS,Location
Q4022319,Q199605,HEADQUARTERS,Location
Q104638837,Q1355,HEADQUARTERS,Location
Q96337137,Q61445,HEADQUARTERS,Location
Q110178483,Q1348,HEADQUARTERS,Location
Q24951713,Q1355,HEADQUARTERS,Location
Q13227919,Q1156,HEADQUARTERS,Location
Q106309795,Q66485,HEADQUARTERS,Location
Q26703733,Q1070,HEADQUARTERS,Location
Q106623037,Q987,HEADQUARTERS,Location
Q106548103,Q200718,HEADQUARTERS,Location
Q5270580,Q35381,HEADQUARTERS,Location
Q7659461,Q170454,HEADQUARTERS,Location
Q113663140,Q1538,HEADQUARTERS,Location
Q5683558,Q278204,HEADQUARTERS,Location
Q2044991,Q41562,HEADQUARTERS,Location
Q18355101,Q1361,HEADQUARTERS,Location
Q108659876,Q987,HEADQUARTERS,Location
Q85767116,Q1355,HEADQUARTERS,Location
Q109308636,Q1525057,HEADQUARTERS,Location
Q28169242,Q1355,HEADQUARTERS,Location
Q6123373,Q11854,HEADQUARTERS,Location
Q6376074,Q1353,HEADQUARTERS,Location
Q1655008,Q1348,HEADQUARTERS,Location
Q112031821,Q520197,HEADQUARTERS,Location
Q4969284,Q1355,HEADQUARTERS,Location
Q4969284, Q1348,HEADQUARTERS,Location
Q113613271,Q2317411,HEADQUARTERS,Location
Q124976,Q1348,HEADQUARTERS,Location
Q110252386,Q987,HEADQUARTERS,Location
Q6840143,Q238508,HEADQUARTERS,Location
Q16253254,Q320514,HEADQUARTERS,Location
Q943813,Q238508,HEADQUARTERS,Location
Q2003797,Q11909,HEADQUARTERS,Location
Q37583091,Q1352,HEADQUARTERS,Location
Q18111514,Q33377,HEADQUARTERS,Location
Q17068753,Q987,HEADQUARTERS,Location
Q103469715,Q1355,HEADQUARTERS,Location
Q106508061,Q12413015,HEADQUARTERS,Location
Q908961,Q1361,HEADQUARTERS,Location
Q734491,Q28729,HEADQUARTERS,Location
Q110247352,Q238508,HEADQUARTERS,Location
Q81537815,Q1156,HEADQUARTERS,Location
Q71935736,Q66616,HEADQUARTERS,Location
Q5919785,Q1156,HEADQUARTERS,Location
Q92952193,Q200019,HEADQUARTERS,Location
Q104551085,Q66485,HEADQUARTERS,Location
Q2003777,Q1355,HEADQUARTERS,Location
Q24906315,Q238508,HEADQUARTERS,Location
Q28173964,Q163798,HEADQUARTERS,Location
Q4199506,Q1355,HEADQUARTERS,Location
Q55264641,Q987,HEADQUARTERS,Location
Q65064081,Q1156,HEADQUARTERS,Location
Q30635139,Q1361,HEADQUARTERS,Location
Q2129720,Q1070,HEADQUARTERS,Location
Q98525422,Q1361,HEADQUARTERS,Location
Q229058,Q1355,HEADQUARTERS,Location
Q2767170,Q1156,HEADQUARTERS,Location
Q5017235,Q1355,HEADQUARTERS,Location
Q10910065,Q1538,HEADQUARTERS,Location
Q55632737,Q1355,HEADQUARTERS,Location
Q22909601,Q66485,HEADQUARTERS,Location
Q1332561,Q278204,HEADQUARTERS,Location
Q7905686,Q1800,HEADQUARTERS,Location
Q6433849,Q1156,HEADQUARTERS,Location
Q7680402,Q1156,HEADQUARTERS,Location
Q331715,Q1156,HEADQUARTERS,Location
Q727066,Q1156,HEADQUARTERS,Location
Q56279505,Q987,HEADQUARTERS,Location
Q7295007,Q200016,HEADQUARTERS,Location
Q19893132,Q987,HEADQUARTERS,Location
Q7924435,Q1156,HEADQUARTERS,Location
Q5738817,Q1361,HEADQUARTERS,Location
Q5172098,Q1159,HEADQUARTERS,Location
Q1922367,Q43433,HEADQUARTERS,Location
Q7903326,Q1922283,HEADQUARTERS,Location
Q7669310,Q1361,HEADQUARTERS,Location
Q4780362,Q238508,HEADQUARTERS,Location
Q4041387,Q238508,HEADQUARTERS,Location
Q104879236,Q1352,HEADQUARTERS,Location
Q107215620,Q1156,HEADQUARTERS,Location
Q83472792,Q1070,HEADQUARTERS,Location
Q4901117,Q1538,HEADQUARTERS,Location
Q41595,Q987,HEADQUARTERS,Location
Q4568052,Q1156,HEADQUARTERS,Location
Q1954264,Q1348,HEADQUARTERS,Location
Q51031692,Q1156,HEADQUARTERS,Location
Q96401486,Q1353,HEADQUARTERS,Location
Q3630918,Q1355,HEADQUARTERS,Location
Q20650027,Q1352,HEADQUARTERS,Location
Q2723181,Q1156,HEADQUARTERS,Location
Q108782794,Q1070,HEADQUARTERS,Location
Q6733367,Q1156,HEADQUARTERS,Location
Q17145804,Q1352,HEADQUARTERS,Location
Q7575959,Q1348,HEADQUARTERS,Location
Q1811512,Q867111,HEADQUARTERS,Location
Q48723676,Q1070,HEADQUARTERS,Location
Q5270753,Q1353,HEADQUARTERS,Location
Q6839659,Q238508,HEADQUARTERS,Location
Q111825478,Q330531,HEADQUARTERS,Location
Q17081914,Q1156,HEADQUARTERS,Location
Q17053670,Q1156,HEADQUARTERS,Location
Q5016462,Q1070,HEADQUARTERS,Location
Q60642664,Q278204,HEADQUARTERS,Location
Q30588913,Q200235,HEADQUARTERS,Location
Q1613763,Q987,HEADQUARTERS,Location
Q113292877,Q2722762,HEADQUARTERS,Location
Q7402792,Q1538,HEADQUARTERS,Location
Q6973776,Q1348,HEADQUARTERS,Location
Q3792500,Q1361,HEADQUARTERS,Location
Q3480001,Q1538,HEADQUARTERS,Location
Q4119047,Q167715,HEADQUARTERS,Location
Q2760832,Q1070,HEADQUARTERS,Location
Q7305523,Q12064715,HEADQUARTERS,Location
Q7305523, Q1355,HEADQUARTERS,Location
Q2985356,Q987,HEADQUARTERS,Location
Q5969591,Q1156,HEADQUARTERS,Location
Q4780321,Q1352,HEADQUARTERS,Location
Q2106140,Q1513,HEADQUARTERS,Location
Q926175,Q1352,HEADQUARTERS,Location
Q3784692,Q1348,HEADQUARTERS,Location
Q6393422,Q167715,HEADQUARTERS,Location
Q1827419,Q1353,HEADQUARTERS,Location
Q108208652,Q200049,HEADQUARTERS,Location
Q4686752,Q1156,HEADQUARTERS,Location
Q2031591,Q1361,HEADQUARTERS,Location
Q3764225,Q1156,HEADQUARTERS,Location
Q19899158,Q987,HEADQUARTERS,Location
Q4849846,Q1156,HEADQUARTERS,Location
Q64841028,Q1070,HEADQUARTERS,Location
Q27958422,Q1361,HEADQUARTERS,Location
Q1754493,Q1361,HEADQUARTERS,Location
Q110993741,Q1156,HEADQUARTERS,Location
Q4901103,Q1361,HEADQUARTERS,Location
Q16824512,Q1156,HEADQUARTERS,Location
Q29025132,Q1156,HEADQUARTERS,Location
Q2040394,Q1156,HEADQUARTERS,Location
Q2363826,Q1355,HEADQUARTERS,Location
Q89462001,Q1156,HEADQUARTERS,Location
Q2176784,Q278204,HEADQUARTERS,Location
Q19903791,Q278204,HEADQUARTERS,Location
Q101242602,Q3000436,HEADQUARTERS,Location
Q18357397,Q1355,HEADQUARTERS,Location
Q1181753,Q1355,HEADQUARTERS,Location
Q6328340,Q1156,HEADQUARTERS,Location
Q278834,Q987,HEADQUARTERS,Location
Q7311015,Q1156,HEADQUARTERS,Location
Q1057110,Q238508,HEADQUARTERS,Location
Q22084825,Q1361,HEADQUARTERS,Location
Q17054856,Q1361,HEADQUARTERS,Location
Q3291801,Q1156,HEADQUARTERS,Location
Q3334902,Q1156,HEADQUARTERS,Location
Q6947830,Q1355,HEADQUARTERS,Location
Q55758942,Q28729,HEADQUARTERS,Location
Q3523697,Q3537400,HEADQUARTERS,Location
Q6019346,Q1156,HEADQUARTERS,Location
Q5629103,Q278204,HEADQUARTERS,Location
Q110553317,Q2746795,GROUPED_IN,Group
Q110553317, Q110553425,GROUPED_IN,Group
Q138133,Q155718,GROUPED_IN,Group
Q138133, Q874430,GROUPED_IN,Group
Q138133, Q1230458,GROUPED_IN,Group
Q138133, Q6571804,GROUPED_IN,Group
Q3630199,Q15650503,GROUPED_IN,Group
Q1321122,Q4294412,GROUPED_IN,Group
Q229058,Q7243280,GROUPED_IN,Group
Q1827419,Q210534,GROUPED_IN,Group
Q110553317,Q668,RESIDES_IN,Location
Q6150847,Q668,RESIDES_IN,Location
Q18386006,Q668,RESIDES_IN,Location
Q112304887,Q668,RESIDES_IN,Location
Q28173200,Q668,RESIDES_IN,Location
Q113858405,Q668,RESIDES_IN,Location
Q1318465,Q668,RESIDES_IN,Location
Q683146,Q334,RESIDES_IN,Location
Q2040440,Q668,RESIDES_IN,Location
Q19059388,Q668,RESIDES_IN,Location
Q112122076,Q668,RESIDES_IN,Location
Q1402563,Q668,RESIDES_IN,Location
Q2003549,Q668,RESIDES_IN,Location
Q92566177,Q668,RESIDES_IN,Location
Q4662749,Q668,RESIDES_IN,Location
Q69906,Q668,RESIDES_IN,Location
Q3595277,Q668,RESIDES_IN,Location
Q7817,Q668,RESIDES_IN,Location
Q65944364,Q668,RESIDES_IN,Location
Q15062993,Q668,RESIDES_IN,Location
Q8069628,Q668,RESIDES_IN,Location
Q2854935,Q668,RESIDES_IN,Location
Q15822351,Q668,RESIDES_IN,Location
Q2262113,Q668,RESIDES_IN,Location
Q12014467,Q30,RESIDES_IN,Location
Q268897,Q668,RESIDES_IN,Location
Q7081342,Q668,RESIDES_IN,Location
Q138133,Q148,RESIDES_IN,Location
Q55259619,Q668,RESIDES_IN,Location
Q7121139,Q668,RESIDES_IN,Location
Q106400235,Q668,RESIDES_IN,Location
Q2007090,Q668,RESIDES_IN,Location
Q98446548,Q668,RESIDES_IN,Location
Q2723075,Q668,RESIDES_IN,Location
Q2142624,Q668,RESIDES_IN,Location
Q2004088,Q668,RESIDES_IN,Location
Q17080523,Q668,RESIDES_IN,Location
Q23777917,Q668,RESIDES_IN,Location
Q746413,Q96,RESIDES_IN,Location
Q63565545,Q668,RESIDES_IN,Location
Q3344266,Q668,RESIDES_IN,Location
Q24439154,Q668,RESIDES_IN,Location
Q17077649,Q668,RESIDES_IN,Location
Q106485505,Q668,RESIDES_IN,Location
Q7285287,Q668,RESIDES_IN,Location
Q4822431,Q668,RESIDES_IN,Location
Q5972349,Q668,RESIDES_IN,Location
Q53080990,Q668,RESIDES_IN,Location
Q21503632,Q668,RESIDES_IN,Location
Q4865142,Q668,RESIDES_IN,Location
Q98143697,Q668,RESIDES_IN,Location
Q29026082,Q668,RESIDES_IN,Location
Q18643672,Q668,RESIDES_IN,Location
Q251266,Q145,RESIDES_IN,Location
Q30686569,Q668,RESIDES_IN,Location
Q50241615,Q668,RESIDES_IN,Location
Q48731008,Q668,RESIDES_IN,Location
Q111019575,Q668,RESIDES_IN,Location
Q113484140,Q668,RESIDES_IN,Location
Q104876658,Q668,RESIDES_IN,Location
Q112823400,Q668,RESIDES_IN,Location
Q3547550,Q668,RESIDES_IN,Location
Q103743383,Q668,RESIDES_IN,Location
Q2023247,Q668,RESIDES_IN,Location
Q30271968,Q1037,RESIDES_IN,Location
Q2464129,Q668,RESIDES_IN,Location
Q1696916,Q668,RESIDES_IN,Location
Q1884798,Q668,RESIDES_IN,Location
Q963101,Q668,RESIDES_IN,Location
Q17145496,Q668,RESIDES_IN,Location
Q1954041,Q668,RESIDES_IN,Location
Q7559722,Q668,RESIDES_IN,Location
Q5522292,Q668,RESIDES_IN,Location
Q60745107,Q668,RESIDES_IN,Location
Q978676,Q668,RESIDES_IN,Location
Q19891628,Q668,RESIDES_IN,Location
Q6935314,Q668,RESIDES_IN,Location
Q69061911,Q668,RESIDES_IN,Location
Q109985545,Q668,RESIDES_IN,Location
Q487694,Q668,RESIDES_IN,Location
Q110950511,Q668,RESIDES_IN,Location
Q64842234,Q668,RESIDES_IN,Location
Q7808967,Q668,RESIDES_IN,Location
Q16892566,Q668,RESIDES_IN,Location
Q7841986,Q668,RESIDES_IN,Location
Q7138871,Q668,RESIDES_IN,Location
Q98930326,Q668,RESIDES_IN,Location
Q4680631,Q668,RESIDES_IN,Location
Q5249795,Q668,RESIDES_IN,Location
Q7166413,Q668,RESIDES_IN,Location
Q112323434,Q668,RESIDES_IN,Location
Q1572944,Q668,RESIDES_IN,Location
Q48999036,Q668,RESIDES_IN,Location
Q28039375,Q668,RESIDES_IN,Location
Q27863816,Q668,RESIDES_IN,Location
Q17092616,Q668,RESIDES_IN,Location
Q7380179,Q668,RESIDES_IN,Location
Q3764687,Q668,RESIDES_IN,Location
Q98217503,Q668,RESIDES_IN,Location
Q7645042,Q668,RESIDES_IN,Location
Q56575681,Q668,RESIDES_IN,Location
Q5136340,Q668,RESIDES_IN,Location
Q7667850,Q668,RESIDES_IN,Location
Q62562612,Q668,RESIDES_IN,Location
Q96575726,Q668,RESIDES_IN,Location
Q1340361,Q854,RESIDES_IN,Location
Q50553633,Q668,RESIDES_IN,Location
Q1967805,Q668,RESIDES_IN,Location
Q3246100,Q668,RESIDES_IN,Location
Q2325906,Q668,RESIDES_IN,Location
Q111443237,Q668,RESIDES_IN,Location
Q104174571,Q668,RESIDES_IN,Location
Q2075033,Q668,RESIDES_IN,Location
Q2004439,Q668,RESIDES_IN,Location
Q112946881,Q668,RESIDES_IN,Location
Q4119691,Q668,RESIDES_IN,Location
Q7311108,Q668,RESIDES_IN,Location
Q111187013,Q668,RESIDES_IN,Location
Q1350144,Q668,RESIDES_IN,Location
Q3519827,Q668,RESIDES_IN,Location
Q2151534,Q668,RESIDES_IN,Location
Q102449800,Q668,RESIDES_IN,Location
Q107293786,Q668,RESIDES_IN,Location
Q188514,Q668,RESIDES_IN,Location
Q1954757,Q668,RESIDES_IN,Location
Q19892682,Q129286,RESIDES_IN,Location
Q105101724,Q668,RESIDES_IN,Location
Q115011577,Q668,RESIDES_IN,Location
Q15702315,Q668,RESIDES_IN,Location
Q85746469,Q668,RESIDES_IN,Location
Q28174199,Q668,RESIDES_IN,Location
Q15658392,Q668,RESIDES_IN,Location
Q8073715,Q668,RESIDES_IN,Location
Q109349837,Q668,RESIDES_IN,Location
Q46807,Q668,RESIDES_IN,Location
Q109979847,Q668,RESIDES_IN,Location
Q1619376,Q668,RESIDES_IN,Location
Q7392589,Q668,RESIDES_IN,Location
Q19757718,Q668,RESIDES_IN,Location
Q19892921,Q668,RESIDES_IN,Location
Q85775156,Q668,RESIDES_IN,Location
Q13413203,Q668,RESIDES_IN,Location
Q6108978,Q668,RESIDES_IN,Location
Q110535357,Q668,RESIDES_IN,Location
Q111165780,Q668,RESIDES_IN,Location
Q23309826,Q668,RESIDES_IN,Location
Q5209247,Q668,RESIDES_IN,Location
Q17087863,Q668,RESIDES_IN,Location
Q57678967,Q668,RESIDES_IN,Location
Q104846573,Q668,RESIDES_IN,Location
Q114542995,Q668,RESIDES_IN,Location
Q7710243,Q668,RESIDES_IN,Location
Q106902613,Q668,RESIDES_IN,Location
Q7487216,Q668,RESIDES_IN,Location
Q3764157,Q668,RESIDES_IN,Location
Q112947089,Q668,RESIDES_IN,Location
Q1381966,Q668,RESIDES_IN,Location
Q3935468,Q668,RESIDES_IN,Location
Q19572270,Q668,RESIDES_IN,Location
Q6374440,Q668,RESIDES_IN,Location
Q106629546,Q668,RESIDES_IN,Location
Q3526670,Q668,RESIDES_IN,Location
Q113083076,Q668,RESIDES_IN,Location
Q19882235,Q668,RESIDES_IN,Location
Q106482880,Q668,RESIDES_IN,Location
Q39086819,Q668,RESIDES_IN,Location
Q6354854,Q668,RESIDES_IN,Location
Q1364176,Q668,RESIDES_IN,Location
Q12508385,Q668,RESIDES_IN,Location
Q3595638,Q668,RESIDES_IN,Location
Q19894700,Q668,RESIDES_IN,Location
Q19898656,Q668,RESIDES_IN,Location
Q7271957,Q668,RESIDES_IN,Location
Q26973069,Q668,RESIDES_IN,Location
Q61948620,Q668,RESIDES_IN,Location
Q108003730,Q668,RESIDES_IN,Location
Q56013874,Q668,RESIDES_IN,Location
Q107123964,Q668,RESIDES_IN,Location
Q6668713,Q668,RESIDES_IN,Location
Q113456475,Q668,RESIDES_IN,Location
Q1666653,Q668,RESIDES_IN,Location
Q2719715,Q668,RESIDES_IN,Location
Q47346044,Q668,RESIDES_IN,Location
Q30324297,Q668,RESIDES_IN,Location
Q24914808,Q668,RESIDES_IN,Location
Q16947382,Q668,RESIDES_IN,Location
Q2018840,Q668,RESIDES_IN,Location
Q7141803,Q668,RESIDES_IN,Location
Q6008783,Q668,RESIDES_IN,Location
Q19758675,Q668,RESIDES_IN,Location
Q7645776,Q668,RESIDES_IN,Location
Q106627769,Q1174,RESIDES_IN,Location
Q5017090,Q668,RESIDES_IN,Location
Q6373724,Q668,RESIDES_IN,Location
Q111912510,Q668,RESIDES_IN,Location
Q2095533,Q668,RESIDES_IN,Location
Q7735208,Q668,RESIDES_IN,Location
Q7237234,Q668,RESIDES_IN,Location
Q854826,Q668,RESIDES_IN,Location
Q114701151,Q668,RESIDES_IN,Location
Q3627557,Q668,RESIDES_IN,Location
Q7191297,Q668,RESIDES_IN,Location
Q99454646,Q668,RESIDES_IN,Location
Q12988589,Q668,RESIDES_IN,Location
Q279739,Q668,RESIDES_IN,Location
Q3349794,Q668,RESIDES_IN,Location
Q60785642,Q668,RESIDES_IN,Location
Q17058333,Q668,RESIDES_IN,Location
Q111995093,Q668,RESIDES_IN,Location
Q24884920,Q668,RESIDES_IN,Location
Q107921285,Q668,RESIDES_IN,Location
Q63959358,Q668,RESIDES_IN,Location
Q17054442,Q668,RESIDES_IN,Location
Q28171825,Q668,RESIDES_IN,Location
Q27991306,Q668,RESIDES_IN,Location
Q13117711,Q668,RESIDES_IN,Location
Q7045591,Q668,RESIDES_IN,Location
Q3648653,Q668,RESIDES_IN,Location
Q28451082,Q668,RESIDES_IN,Location
Q6021736,Q668,RESIDES_IN,Location
Q5013889,Q668,RESIDES_IN,Location
Q935150,Q668,RESIDES_IN,Location
Q95149788,Q668,RESIDES_IN,Location
Q82694447,Q668,RESIDES_IN,Location
Q16966555,Q668,RESIDES_IN,Location
Q17067368,Q668,RESIDES_IN,Location
Q854867,Q668,RESIDES_IN,Location
Q5449582,Q668,RESIDES_IN,Location
Q3630199,Q668,RESIDES_IN,Location
Q69465321,Q668,RESIDES_IN,Location
Q15724333,Q668,RESIDES_IN,Location
Q85783035,Q668,RESIDES_IN,Location
Q73824378,Q668,RESIDES_IN,Location
Q60621590,Q668,RESIDES_IN,Location
Q108338114,Q668,RESIDES_IN,Location
Q24912062,Q668,RESIDES_IN,Location
Q7425697,Q668,RESIDES_IN,Location
Q95578178,Q668,RESIDES_IN,Location
Q6917320,Q668,RESIDES_IN,Location
Q1619261,Q668,RESIDES_IN,Location
Q748528,Q668,RESIDES_IN,Location
Q18387843,Q668,RESIDES_IN,Location
Q111331366,Q668,RESIDES_IN,Location
Q24936908,Q668,RESIDES_IN,Location
Q114022318,Q668,RESIDES_IN,Location
Q2044973,Q668,RESIDES_IN,Location
Q2003789,Q668,RESIDES_IN,Location
Q7419032,Q668,RESIDES_IN,Location
Q848059,Q668,RESIDES_IN,Location
Q906943,Q668,RESIDES_IN,Location
Q5399377,Q668,RESIDES_IN,Location
Q113302763,Q668,RESIDES_IN,Location
Q6007128,Q668,RESIDES_IN,Location
Q58338384,Q668,RESIDES_IN,Location
Q7642337,Q668,RESIDES_IN,Location
Q12982969,Q668,RESIDES_IN,Location
Q42139741,Q668,RESIDES_IN,Location
Q17073435,Q668,RESIDES_IN,Location
Q48734002,Q668,RESIDES_IN,Location
Q2097526,Q668,RESIDES_IN,Location
Q5253785,Q668,RESIDES_IN,Location
Q19891215,Q668,RESIDES_IN,Location
Q26989,Q668,RESIDES_IN,Location
Q1131463,Q668,RESIDES_IN,Location
Q101508756,Q668,RESIDES_IN,Location
Q5476977,Q668,RESIDES_IN,Location
Q3400886,Q668,RESIDES_IN,Location
Q2668720,Q668,RESIDES_IN,Location
Q2426836,Q668,RESIDES_IN,Location
Q2743499,Q668,RESIDES_IN,Location
Q5377917,Q668,RESIDES_IN,Location
Q108319752,Q668,RESIDES_IN,Location
Q5026835,Q668,RESIDES_IN,Location
Q8063247,Q668,RESIDES_IN,Location
Q24914312,Q668,RESIDES_IN,Location
Q1656673,Q668,RESIDES_IN,Location
Q5053244,Q668,RESIDES_IN,Location
Q25344640,Q668,RESIDES_IN,Location
Q7413183,Q668,RESIDES_IN,Location
Q22916734,Q668,RESIDES_IN,Location
Q3630923,Q668,RESIDES_IN,Location
Q3866831,Q668,RESIDES_IN,Location
Q6982526,Q668,RESIDES_IN,Location
Q108829959,Q668,RESIDES_IN,Location
Q55444629,Q668,RESIDES_IN,Location
Q2846588,Q668,RESIDES_IN,Location
Q2052218,Q668,RESIDES_IN,Location
Q2721464,Q668,RESIDES_IN,Location
Q407343,Q668,RESIDES_IN,Location
Q6110251,Q668,RESIDES_IN,Location
Q5104279,Q668,RESIDES_IN,Location
Q32074906,Q668,RESIDES_IN,Location
Q5972029,Q668,RESIDES_IN,Location
Q96377962,Q668,RESIDES_IN,Location
Q4836047,Q668,RESIDES_IN,Location
Q28153725,Q668,RESIDES_IN,Location
Q112299630,Q668,RESIDES_IN,Location
Q4683077,Q668,RESIDES_IN,Location
Q112133464,Q668,RESIDES_IN,Location
Q60747757,Q668,RESIDES_IN,Location
Q1289348,Q668,RESIDES_IN,Location
Q6448388,Q668,RESIDES_IN,Location
Q24589909,Q668,RESIDES_IN,Location
Q18390821,Q668,RESIDES_IN,Location
Q110708292,Q668,RESIDES_IN,Location
Q30589043,Q668,RESIDES_IN,Location
Q2004078,Q668,RESIDES_IN,Location
Q6394871,Q668,RESIDES_IN,Location
Q15725286,Q668,RESIDES_IN,Location
Q110977336,Q668,RESIDES_IN,Location
Q5188909,Q668,RESIDES_IN,Location
Q85851923,Q668,RESIDES_IN,Location
Q106400381,Q668,RESIDES_IN,Location
Q3300084,Q668,RESIDES_IN,Location
Q55110213,Q668,RESIDES_IN,Location
Q2801701,Q668,RESIDES_IN,Location
Q357095,Q668,RESIDES_IN,Location
Q66439260,Q668,RESIDES_IN,Location
Q2721482,Q668,RESIDES_IN,Location
Q48989713,Q668,RESIDES_IN,Location
Q19856023,Q668,RESIDES_IN,Location
Q963718,Q668,RESIDES_IN,Location
Q110949365,Q668,RESIDES_IN,Location
Q85747894,Q668,RESIDES_IN,Location
Q7687835,Q668,RESIDES_IN,Location
Q104597841,Q668,RESIDES_IN,Location
Q101441765,Q668,RESIDES_IN,Location
Q18386600,Q668,RESIDES_IN,Location
Q1371239,Q668,RESIDES_IN,Location
Q27350994,Q668,RESIDES_IN,Location
Q72278577,Q668,RESIDES_IN,Location
Q4111575,Q668,RESIDES_IN,Location
Q108409195,Q668,RESIDES_IN,Location
Q63980400,Q668,RESIDES_IN,Location
Q109910162,Q668,RESIDES_IN,Location
Q2307816,Q668,RESIDES_IN,Location
Q726193,Q668,RESIDES_IN,Location
Q3522186,Q668,RESIDES_IN,Location
Q6974841,Q668,RESIDES_IN,Location
Q27593967,Q55,RESIDES_IN,Location
Q111907528,Q668,RESIDES_IN,Location
Q51328854,Q668,RESIDES_IN,Location
Q6750540,Q668,RESIDES_IN,Location
Q2271133,Q668,RESIDES_IN,Location
Q3521079,Q668,RESIDES_IN,Location
Q96577145,Q668,RESIDES_IN,Location
Q3519720,Q668,RESIDES_IN,Location
Q63682945,Q668,RESIDES_IN,Location
Q7810035,Q668,RESIDES_IN,Location
Q114605684,Q668,RESIDES_IN,Location
Q111402288,Q668,RESIDES_IN,Location
Q21008866,Q668,RESIDES_IN,Location
Q6064951,Q668,RESIDES_IN,Location
Q66771676,Q668,RESIDES_IN,Location
Q22080360,Q668,RESIDES_IN,Location
Q65640660,Q668,RESIDES_IN,Location
Q110208076,Q668,RESIDES_IN,Location
Q22909616,Q668,RESIDES_IN,Location
Q113288680,Q668,RESIDES_IN,Location
Q39372440,Q668,RESIDES_IN,Location
Q65091087,Q668,RESIDES_IN,Location
Q2732186,Q668,RESIDES_IN,Location
Q372096,Q668,RESIDES_IN,Location
Q2003387,Q668,RESIDES_IN,Location
Q3224731,Q668,RESIDES_IN,Location
Q55622683,Q668,RESIDES_IN,Location
Q17021043,Q668,RESIDES_IN,Location
Q4967993,Q668,RESIDES_IN,Location
Q18712873,Q668,RESIDES_IN,Location
Q28127092,Q668,RESIDES_IN,Location
Q45312890,Q668,RESIDES_IN,Location
Q2613165,Q668,RESIDES_IN,Location
Q6840142,Q668,RESIDES_IN,Location
Q2191913,Q668,RESIDES_IN,Location
Q5209494,Q668,RESIDES_IN,Location
Q2774299,Q668,RESIDES_IN,Location
Q4768004,Q668,RESIDES_IN,Location
Q1653258,Q668,RESIDES_IN,Location
Q55605409,Q668,RESIDES_IN,Location
Q14956991,Q668,RESIDES_IN,Location
Q105731360,Q668,RESIDES_IN,Location
Q4636612,Q668,RESIDES_IN,Location
Q79452707,Q668,RESIDES_IN,Location
Q140676,Q668,RESIDES_IN,Location
Q83473736,Q668,RESIDES_IN,Location
Q7115252,Q668,RESIDES_IN,Location
Q4848822,Q668,RESIDES_IN,Location
Q51907318,Q668,RESIDES_IN,Location
Q5060704,Q668,RESIDES_IN,Location
Q1430541,Q668,RESIDES_IN,Location
Q22907412,Q668,RESIDES_IN,Location
Q25303119,Q668,RESIDES_IN,Location
Q25021952,Q668,RESIDES_IN,Location
Q55592364,Q668,RESIDES_IN,Location
Q113561578,Q668,RESIDES_IN,Location
Q110268574,Q668,RESIDES_IN,Location
Q109277720,Q668,RESIDES_IN,Location
Q28169245,Q668,RESIDES_IN,Location
Q1872524,Q668,RESIDES_IN,Location
Q744661,Q668,RESIDES_IN,Location
Q5531660,Q668,RESIDES_IN,Location
Q3809113,Q668,RESIDES_IN,Location
Q7280956,Q668,RESIDES_IN,Location
Q3041666,Q668,RESIDES_IN,Location
Q114593588,Q668,RESIDES_IN,Location
Q56120618,Q668,RESIDES_IN,Location
Q12989008,Q668,RESIDES_IN,Location
Q1321122,Q668,RESIDES_IN,Location
Q7739717,Q668,RESIDES_IN,Location
Q905572,Q668,RESIDES_IN,Location
Q3784687,Q668,RESIDES_IN,Location
Q3595280,Q668,RESIDES_IN,Location
Q113499179,Q668,RESIDES_IN,Location
Q85795857,Q668,RESIDES_IN,Location
Q17502128,Q668,RESIDES_IN,Location
Q2003611,Q668,RESIDES_IN,Location
Q109567511,Q668,RESIDES_IN,Location
Q17053065,Q668,RESIDES_IN,Location
Q908931,Q668,RESIDES_IN,Location
Q5616988,Q668,RESIDES_IN,Location
Q28173450,Q668,RESIDES_IN,Location
Q30610050,Q668,RESIDES_IN,Location
Q7691514,Q668,RESIDES_IN,Location
Q4022319,Q668,RESIDES_IN,Location
Q104638837,Q668,RESIDES_IN,Location
Q96337137,Q668,RESIDES_IN,Location
Q110178483,Q668,RESIDES_IN,Location
Q24951713,Q668,RESIDES_IN,Location
Q13227919,Q668,RESIDES_IN,Location
Q100935227,Q668,RESIDES_IN,Location
Q106309795,Q668,RESIDES_IN,Location
Q26703733,Q668,RESIDES_IN,Location
Q106623037,Q668,RESIDES_IN,Location
Q106548103,Q668,RESIDES_IN,Location
Q5270580,Q854,RESIDES_IN,Location
Q7659461,Q668,RESIDES_IN,Location
Q113663140,Q668,RESIDES_IN,Location
Q5683558,Q668,RESIDES_IN,Location
Q19869542,Q668,RESIDES_IN,Location
Q65684234,Q668,RESIDES_IN,Location
Q2044991,Q668,RESIDES_IN,Location
Q18355101,Q668,RESIDES_IN,Location
Q108659876,Q668,RESIDES_IN,Location
Q85767116,Q668,RESIDES_IN,Location
Q24913555,Q668,RESIDES_IN,Location
Q113548782,Q668,RESIDES_IN,Location
Q27456363,Q668,RESIDES_IN,Location
Q109308636,Q668,RESIDES_IN,Location
Q28169242,Q668,RESIDES_IN,Location
Q6123373,Q668,RESIDES_IN,Location
Q6376074,Q668,RESIDES_IN,Location
Q19895389,Q668,RESIDES_IN,Location
Q1655008,Q668,RESIDES_IN,Location
Q112031821,Q668,RESIDES_IN,Location
Q5974726,Q668,RESIDES_IN,Location
Q4969284,Q668,RESIDES_IN,Location
Q113613271,Q668,RESIDES_IN,Location
Q124976,Q668,RESIDES_IN,Location
Q110252386,Q668,RESIDES_IN,Location
Q6840143,Q668,RESIDES_IN,Location
Q16038766,Q668,RESIDES_IN,Location
Q16253254,Q668,RESIDES_IN,Location
Q943813,Q668,RESIDES_IN,Location
Q2003797,Q668,RESIDES_IN,Location
Q37583091,Q668,RESIDES_IN,Location
Q18111514,Q668,RESIDES_IN,Location
Q17068753,Q668,RESIDES_IN,Location
Q103469715,Q668,RESIDES_IN,Location
Q111543930,Q668,RESIDES_IN,Location
Q29948631,Q668,RESIDES_IN,Location
Q106508061,Q668,RESIDES_IN,Location
Q30526267,Q668,RESIDES_IN,Location
Q908961,Q668,RESIDES_IN,Location
Q734491,Q668,RESIDES_IN,Location
Q110247352,Q668,RESIDES_IN,Location
Q81537815,Q668,RESIDES_IN,Location
Q71935736,Q668,RESIDES_IN,Location
Q1975835,Q668,RESIDES_IN,Location
Q5919785,Q668,RESIDES_IN,Location
Q92952193,Q668,RESIDES_IN,Location
Q5705760,Q668,RESIDES_IN,Location
Q104551085,Q668,RESIDES_IN,Location
Q2003777,Q668,RESIDES_IN,Location
Q24906315,Q668,RESIDES_IN,Location
Q28173964,Q668,RESIDES_IN,Location
Q4199506,Q668,RESIDES_IN,Location
Q55264641,Q668,RESIDES_IN,Location
Q65064081,Q668,RESIDES_IN,Location
Q30635139,Q668,RESIDES_IN,Location
Q2129720,Q668,RESIDES_IN,Location
Q98525422,Q668,RESIDES_IN,Location
Q229058,Q668,RESIDES_IN,Location
Q2767170,Q668,RESIDES_IN,Location
Q32947262,Q668,RESIDES_IN,Location
Q5017235,Q668,RESIDES_IN,Location
Q10910065,Q668,RESIDES_IN,Location
Q55632737,Q668,RESIDES_IN,Location
Q55497146,Q668,RESIDES_IN,Location
Q22909601,Q668,RESIDES_IN,Location
Q1332561,Q668,RESIDES_IN,Location
Q7905686,Q668,RESIDES_IN,Location
Q110158706,Q668,RESIDES_IN,Location
Q6433849,Q668,RESIDES_IN,Location
Q7680402,Q668,RESIDES_IN,Location
Q96371107,Q668,RESIDES_IN,Location
Q109969291,Q668,RESIDES_IN,Location
Q331715,Q668,RESIDES_IN,Location
Q727066,Q668,RESIDES_IN,Location
Q56279505,Q668,RESIDES_IN,Location
Q7295007,Q668,RESIDES_IN,Location
Q19893132,Q668,RESIDES_IN,Location
Q7924435,Q668,RESIDES_IN,Location
Q5738817,Q668,RESIDES_IN,Location
Q5172098,Q668,RESIDES_IN,Location
Q1922367,Q668,RESIDES_IN,Location
Q7903326,Q668,RESIDES_IN,Location
Q7669310,Q668,RESIDES_IN,Location
Q4780362,Q668,RESIDES_IN,Location
Q4041387,Q668,RESIDES_IN,Location
Q2044983,Q668,RESIDES_IN,Location
Q104879236,Q668,RESIDES_IN,Location
Q107215620,Q668,RESIDES_IN,Location
Q7601252,Q668,RESIDES_IN,Location
Q83472792,Q668,RESIDES_IN,Location
Q4901117,Q668,RESIDES_IN,Location
Q41595,Q668,RESIDES_IN,Location
Q4568052,Q668,RESIDES_IN,Location
Q944085,Q668,RESIDES_IN,Location
Q1954264,Q668,RESIDES_IN,Location
Q51031692,Q668,RESIDES_IN,Location
Q96401486,Q668,RESIDES_IN,Location
Q5764519,Q668,RESIDES_IN,Location
Q3630918,Q668,RESIDES_IN,Location
Q17053986,Q668,RESIDES_IN,Location
Q20650027,Q668,RESIDES_IN,Location
Q19893633,Q668,RESIDES_IN,Location
Q2723181,Q668,RESIDES_IN,Location
Q108782794,Q668,RESIDES_IN,Location
Q6733367,Q668,RESIDES_IN,Location
Q17145804,Q668,RESIDES_IN,Location
Q7575959,Q668,RESIDES_IN,Location
Q1811512,Q668,RESIDES_IN,Location
Q48723676,Q668,RESIDES_IN,Location
Q5270753,Q668,RESIDES_IN,Location
Q6839659,Q668,RESIDES_IN,Location
Q111825478,Q668,RESIDES_IN,Location
Q17081914,Q668,RESIDES_IN,Location
Q17053670,Q668,RESIDES_IN,Location
Q1954990,Q668,RESIDES_IN,Location
Q5016462,Q668,RESIDES_IN,Location
Q60642664,Q668,RESIDES_IN,Location
Q30588913,Q668,RESIDES_IN,Location
Q1613763,Q668,RESIDES_IN,Location
Q113292877,Q668,RESIDES_IN,Location
Q7402792,Q668,RESIDES_IN,Location
Q6973776,Q668,RESIDES_IN,Location
Q3792500,Q668,RESIDES_IN,Location
Q3480001,Q668,RESIDES_IN,Location
Q4119047,Q668,RESIDES_IN,Location
Q2760832,Q668,RESIDES_IN,Location
Q7305523,Q668,RESIDES_IN,Location
Q7395748,Q668,RESIDES_IN,Location
Q2985356,Q668,RESIDES_IN,Location
Q5969591,Q668,RESIDES_IN,Location
Q4780321,Q668,RESIDES_IN,Location
Q2106140,Q668,RESIDES_IN,Location
Q926175,Q668,RESIDES_IN,Location
Q3784692,Q668,RESIDES_IN,Location
Q6393422,Q668,RESIDES_IN,Location
Q5098089,Q668,RESIDES_IN,Location
Q1827419,Q668,RESIDES_IN,Location
Q108208652,Q668,RESIDES_IN,Location
Q61326789,Q668,RESIDES_IN,Location
Q4686752,Q668,RESIDES_IN,Location
Q2031591,Q668,RESIDES_IN,Location
Q3764225,Q668,RESIDES_IN,Location
Q19899158,Q668,RESIDES_IN,Location
Q4849846,Q668,RESIDES_IN,Location
Q7512926,Q668,RESIDES_IN,Location
Q64841028,Q668,RESIDES_IN,Location
Q27958422,Q668,RESIDES_IN,Location
Q1754493,Q668,RESIDES_IN,Location
Q110993741,Q668,RESIDES_IN,Location
Q4901103,Q668,RESIDES_IN,Location
Q16824512,Q668,RESIDES_IN,Location
Q40952822,Q668,RESIDES_IN,Location
Q18391894,Q668,RESIDES_IN,Location
Q29025132,Q668,RESIDES_IN,Location
Q2040394,Q668,RESIDES_IN,Location
Q2363826,Q668,RESIDES_IN,Location
Q89462001,Q668,RESIDES_IN,Location
Q2176784,Q668,RESIDES_IN,Location
Q19903791,Q668,RESIDES_IN,Location
Q101242602,Q668,RESIDES_IN,Location
Q18357397,Q668,RESIDES_IN,Location
Q1181753,Q668,RESIDES_IN,Location
Q6328340,Q668,RESIDES_IN,Location
Q278834,Q668,RESIDES_IN,Location
Q7311015,Q668,RESIDES_IN,Location
Q1057110,Q668,RESIDES_IN,Location
Q22084825,Q668,RESIDES_IN,Location
Q17054856,Q668,RESIDES_IN,Location
Q109567634,Q668,RESIDES_IN,Location
Q3291801,Q668,RESIDES_IN,Location
Q3334902,Q668,RESIDES_IN,Location
Q6947830,Q668,RESIDES_IN,Location
Q105753104,Q668,RESIDES_IN,Location
Q55758942,Q668,RESIDES_IN,Location
Q3523697,Q668,RESIDES_IN,Location
Q6019346,Q668,RESIDES_IN,Location
Q5629103,Q668,RESIDES_IN,Location
Q111019575,1_employee_count,EMPLOYEE_COUNT_BAND,Quant_Metric
Q963101,1_employee_count,EMPLOYEE_COUNT_BAND,Quant_Metric
Q1340361,2_employee_count,EMPLOYEE_COUNT_BAND,Quant_Metric
Q26989,2_employee_count,EMPLOYEE_COUNT_BAND,Quant_Metric
Q3519720,6_employee_count,EMPLOYEE_COUNT_BAND,Quant_Metric
Q908931,3_employee_count,EMPLOYEE_COUNT_BAND,Quant_Metric
Q13227919,5_employee_count,EMPLOYEE_COUNT_BAND,Quant_Metric
Q2767170,1_employee_count,EMPLOYEE_COUNT_BAND,Quant_Metric
Q331715,9_employee_count,EMPLOYEE_COUNT_BAND,Quant_Metric
Q848059,9_profit,PROFIT_BAND,Quant_Metric
Q3519720,1_profit,PROFIT_BAND,Quant_Metric
Q110178483,9_assets,ASSETS_BAND,Quant_Metric
Q110178483,9_equity,EQUITY_BAND,Quant_Metric
Q110553317,4_market_cap,MARKET_CAP_BAND,Quant_Metric
Q6150847,4_market_cap,MARKET_CAP_BAND,Quant_Metric
Q18386006,4_market_cap,MARKET_CAP_BAND,Quant_Metric
Q112304887,4_market_cap,MARKET_CAP_BAND,Quant_Metric
Q28173200,4_market_cap,MARKET_CAP_BAND,Quant_Metric
Q113858405,4_market_cap,MARKET_CAP_BAND,Quant_Metric
Q1318465,4_market_cap,MARKET_CAP_BAND,Quant_Metric
Q683146,4_market_cap,MARKET_CAP_BAND,Quant_Metric
Q2040440,4_market_cap,MARKET_CAP_BAND,Quant_Metric
Q19059388,4_market_cap,MARKET_CAP_BAND,Quant_Metric
Q112122076,4_market_cap,MARKET_CAP_BAND,Quant_Metric
Q1402563,4_market_cap,MARKET_CAP_BAND,Quant_Metric
Q2003549,4_market_cap,MARKET_CAP_BAND,Quant_Metric
Q92566177,4_market_cap,MARKET_CAP_BAND,Quant_Metric
Q4662749,4_market_cap,MARKET_CAP_BAND,Quant_Metric
Q69906,4_market_cap,MARKET_CAP_BAND,Quant_Metric
Q3595277,4_market_cap,MARKET_CAP_BAND,Quant_Metric
Q7817,4_market_cap,MARKET_CAP_BAND,Quant_Metric
Q65944364,4_market_cap,MARKET_CAP_BAND,Quant_Metric
Q15062993,4_market_cap,MARKET_CAP_BAND,Quant_Metric
Q8069628,4_market_cap,MARKET_CAP_BAND,Quant_Metric
Q2854935,4_market_cap,MARKET_CAP_BAND,Quant_Metric
Q15822351,4_market_cap,MARKET_CAP_BAND,Quant_Metric
Q2262113,4_market_cap,MARKET_CAP_BAND,Quant_Metric
Q12014467,4_market_cap,MARKET_CAP_BAND,Quant_Metric
Q268897,4_market_cap,MARKET_CAP_BAND,Quant_Metric
Q7081342,4_market_cap,MARKET_CAP_BAND,Quant_Metric
Q138133,4_market_cap,MARKET_CAP_BAND,Quant_Metric
Q55259619,4_market_cap,MARKET_CAP_BAND,Quant_Metric
Q7121139,4_market_cap,MARKET_CAP_BAND,Quant_Metric
Q106400235,4_market_cap,MARKET_CAP_BAND,Quant_Metric
Q2007090,4_market_cap,MARKET_CAP_BAND,Quant_Metric
Q98446548,4_market_cap,MARKET_CAP_BAND,Quant_Metric
Q2723075,4_market_cap,MARKET_CAP_BAND,Quant_Metric
Q2142624,4_market_cap,MARKET_CAP_BAND,Quant_Metric
Q2004088,4_market_cap,MARKET_CAP_BAND,Quant_Metric
Q17080523,4_market_cap,MARKET_CAP_BAND,Quant_Metric
Q23777917,4_market_cap,MARKET_CAP_BAND,Quant_Metric
Q746413,4_market_cap,MARKET_CAP_BAND,Quant_Metric
Q63565545,4_market_cap,MARKET_CAP_BAND,Quant_Metric
Q3344266,4_market_cap,MARKET_CAP_BAND,Quant_Metric
Q24439154,4_market_cap,MARKET_CAP_BAND,Quant_Metric
Q17077649,4_market_cap,MARKET_CAP_BAND,Quant_Metric
Q106485505,4_market_cap,MARKET_CAP_BAND,Quant_Metric
Q7285287,4_market_cap,MARKET_CAP_BAND,Quant_Metric
Q4822431,4_market_cap,MARKET_CAP_BAND,Quant_Metric
Q5972349,4_market_cap,MARKET_CAP_BAND,Quant_Metric
Q53080990,4_market_cap,MARKET_CAP_BAND,Quant_Metric
Q21503632,4_market_cap,MARKET_CAP_BAND,Quant_Metric
Q4865142,4_market_cap,MARKET_CAP_BAND,Quant_Metric
Q98143697,4_market_cap,MARKET_CAP_BAND,Quant_Metric
Q29026082,4_market_cap,MARKET_CAP_BAND,Quant_Metric
Q18643672,4_market_cap,MARKET_CAP_BAND,Quant_Metric
Q251266,4_market_cap,MARKET_CAP_BAND,Quant_Metric
Q30686569,4_market_cap,MARKET_CAP_BAND,Quant_Metric
Q50241615,4_market_cap,MARKET_CAP_BAND,Quant_Metric
Q48731008,4_market_cap,MARKET_CAP_BAND,Quant_Metric
Q111019575,4_market_cap,MARKET_CAP_BAND,Quant_Metric
Q113484140,4_market_cap,MARKET_CAP_BAND,Quant_Metric
Q104876658,4_market_cap,MARKET_CAP_BAND,Quant_Metric
Q112823400,4_market_cap,MARKET_CAP_BAND,Quant_Metric
Q3547550,4_market_cap,MARKET_CAP_BAND,Quant_Metric
Q103743383,4_market_cap,MARKET_CAP_BAND,Quant_Metric
Q2023247,4_market_cap,MARKET_CAP_BAND,Quant_Metric
Q30271968,4_market_cap,MARKET_CAP_BAND,Quant_Metric
Q2464129,4_market_cap,MARKET_CAP_BAND,Quant_Metric
Q1696916,4_market_cap,MARKET_CAP_BAND,Quant_Metric
Q1884798,4_market_cap,MARKET_CAP_BAND,Quant_Metric
Q963101,4_market_cap,MARKET_CAP_BAND,Quant_Metric
Q17145496,4_market_cap,MARKET_CAP_BAND,Quant_Metric
Q1954041,4_market_cap,MARKET_CAP_BAND,Quant_Metric
Q7559722,4_market_cap,MARKET_CAP_BAND,Quant_Metric
Q5522292,4_market_cap,MARKET_CAP_BAND,Quant_Metric
Q60745107,4_market_cap,MARKET_CAP_BAND,Quant_Metric
Q978676,4_market_cap,MARKET_CAP_BAND,Quant_Metric
Q19891628,4_market_cap,MARKET_CAP_BAND,Quant_Metric
Q6935314,4_market_cap,MARKET_CAP_BAND,Quant_Metric
Q69061911,4_market_cap,MARKET_CAP_BAND,Quant_Metric
Q109985545,4_market_cap,MARKET_CAP_BAND,Quant_Metric
Q487694,4_market_cap,MARKET_CAP_BAND,Quant_Metric
Q110950511,4_market_cap,MARKET_CAP_BAND,Quant_Metric
Q64842234,4_market_cap,MARKET_CAP_BAND,Quant_Metric
Q7808967,4_market_cap,MARKET_CAP_BAND,Quant_Metric
Q16892566,4_market_cap,MARKET_CAP_BAND,Quant_Metric
Q7841986,4_market_cap,MARKET_CAP_BAND,Quant_Metric
Q7138871,4_market_cap,MARKET_CAP_BAND,Quant_Metric
Q98930326,4_market_cap,MARKET_CAP_BAND,Quant_Metric
Q4680631,4_market_cap,MARKET_CAP_BAND,Quant_Metric
Q5249795,4_market_cap,MARKET_CAP_BAND,Quant_Metric
Q7166413,4_market_cap,MARKET_CAP_BAND,Quant_Metric
Q112323434,4_market_cap,MARKET_CAP_BAND,Quant_Metric
Q1572944,4_market_cap,MARKET_CAP_BAND,Quant_Metric
Q48999036,4_market_cap,MARKET_CAP_BAND,Quant_Metric
Q28039375,4_market_cap,MARKET_CAP_BAND,Quant_Metric
Q27863816,4_market_cap,MARKET_CAP_BAND,Quant_Metric
Q17092616,4_market_cap,MARKET_CAP_BAND,Quant_Metric
Q7380179,4_market_cap,MARKET_CAP_BAND,Quant_Metric
Q3764687,4_market_cap,MARKET_CAP_BAND,Quant_Metric
Q98217503,4_market_cap,MARKET_CAP_BAND,Quant_Metric
Q7645042,4_market_cap,MARKET_CAP_BAND,Quant_Metric
Q56575681,4_market_cap,MARKET_CAP_BAND,Quant_Metric
Q5136340,4_market_cap,MARKET_CAP_BAND,Quant_Metric
Q7667850,4_market_cap,MARKET_CAP_BAND,Quant_Metric
Q62562612,4_market_cap,MARKET_CAP_BAND,Quant_Metric
Q96575726,4_market_cap,MARKET_CAP_BAND,Quant_Metric
Q1340361,4_market_cap,MARKET_CAP_BAND,Quant_Metric
Q50553633,4_market_cap,MARKET_CAP_BAND,Quant_Metric
Q1967805,4_market_cap,MARKET_CAP_BAND,Quant_Metric
Q3246100,4_market_cap,MARKET_CAP_BAND,Quant_Metric
Q2325906,4_market_cap,MARKET_CAP_BAND,Quant_Metric
Q111443237,4_market_cap,MARKET_CAP_BAND,Quant_Metric
Q104174571,4_market_cap,MARKET_CAP_BAND,Quant_Metric
Q2075033,4_market_cap,MARKET_CAP_BAND,Quant_Metric
Q2004439,4_market_cap,MARKET_CAP_BAND,Quant_Metric
Q112946881,4_market_cap,MARKET_CAP_BAND,Quant_Metric
Q4119691,4_market_cap,MARKET_CAP_BAND,Quant_Metric
Q7311108,4_market_cap,MARKET_CAP_BAND,Quant_Metric
Q111187013,4_market_cap,MARKET_CAP_BAND,Quant_Metric
Q1350144,4_market_cap,MARKET_CAP_BAND,Quant_Metric
Q3519827,4_market_cap,MARKET_CAP_BAND,Quant_Metric
Q2151534,4_market_cap,MARKET_CAP_BAND,Quant_Metric
Q102449800,4_market_cap,MARKET_CAP_BAND,Quant_Metric
Q107293786,4_market_cap,MARKET_CAP_BAND,Quant_Metric
Q188514,4_market_cap,MARKET_CAP_BAND,Quant_Metric
Q1954757,4_market_cap,MARKET_CAP_BAND,Quant_Metric
Q19892682,4_market_cap,MARKET_CAP_BAND,Quant_Metric
Q105101724,4_market_cap,MARKET_CAP_BAND,Quant_Metric
Q115011577,4_market_cap,MARKET_CAP_BAND,Quant_Metric
Q15702315,4_market_cap,MARKET_CAP_BAND,Quant_Metric
Q85746469,4_market_cap,MARKET_CAP_BAND,Quant_Metric
Q28174199,4_market_cap,MARKET_CAP_BAND,Quant_Metric
Q15658392,4_market_cap,MARKET_CAP_BAND,Quant_Metric
Q8073715,4_market_cap,MARKET_CAP_BAND,Quant_Metric
Q109349837,4_market_cap,MARKET_CAP_BAND,Quant_Metric
Q46807,4_market_cap,MARKET_CAP_BAND,Quant_Metric
Q109979847,4_market_cap,MARKET_CAP_BAND,Quant_Metric
Q1619376,4_market_cap,MARKET_CAP_BAND,Quant_Metric
Q7392589,4_market_cap,MARKET_CAP_BAND,Quant_Metric
Q19757718,4_market_cap,MARKET_CAP_BAND,Quant_Metric
Q19892921,4_market_cap,MARKET_CAP_BAND,Quant_Metric
Q85775156,4_market_cap,MARKET_CAP_BAND,Quant_Metric
Q13413203,4_market_cap,MARKET_CAP_BAND,Quant_Metric
Q6108978,4_market_cap,MARKET_CAP_BAND,Quant_Metric
Q110535357,4_market_cap,MARKET_CAP_BAND,Quant_Metric
Q111165780,4_market_cap,MARKET_CAP_BAND,Quant_Metric
Q23309826,4_market_cap,MARKET_CAP_BAND,Quant_Metric
Q5209247,4_market_cap,MARKET_CAP_BAND,Quant_Metric
Q17087863,4_market_cap,MARKET_CAP_BAND,Quant_Metric
Q57678967,4_market_cap,MARKET_CAP_BAND,Quant_Metric
Q104846573,4_market_cap,MARKET_CAP_BAND,Quant_Metric
Q114542995,4_market_cap,MARKET_CAP_BAND,Quant_Metric
Q7710243,4_market_cap,MARKET_CAP_BAND,Quant_Metric
Q106902613,4_market_cap,MARKET_CAP_BAND,Quant_Metric
Q7487216,4_market_cap,MARKET_CAP_BAND,Quant_Metric
Q3764157,4_market_cap,MARKET_CAP_BAND,Quant_Metric
Q112947089,4_market_cap,MARKET_CAP_BAND,Quant_Metric
Q1381966,4_market_cap,MARKET_CAP_BAND,Quant_Metric
Q3935468,4_market_cap,MARKET_CAP_BAND,Quant_Metric
Q19572270,4_market_cap,MARKET_CAP_BAND,Quant_Metric
Q6374440,4_market_cap,MARKET_CAP_BAND,Quant_Metric
Q106629546,4_market_cap,MARKET_CAP_BAND,Quant_Metric
Q3526670,4_market_cap,MARKET_CAP_BAND,Quant_Metric
Q113083076,4_market_cap,MARKET_CAP_BAND,Quant_Metric
Q19882235,4_market_cap,MARKET_CAP_BAND,Quant_Metric
Q106482880,4_market_cap,MARKET_CAP_BAND,Quant_Metric
Q39086819,4_market_cap,MARKET_CAP_BAND,Quant_Metric
Q6354854,4_market_cap,MARKET_CAP_BAND,Quant_Metric
Q1364176,4_market_cap,MARKET_CAP_BAND,Quant_Metric
Q12508385,4_market_cap,MARKET_CAP_BAND,Quant_Metric
Q3595638,4_market_cap,MARKET_CAP_BAND,Quant_Metric
Q19894700,4_market_cap,MARKET_CAP_BAND,Quant_Metric
Q19898656,4_market_cap,MARKET_CAP_BAND,Quant_Metric
Q7271957,4_market_cap,MARKET_CAP_BAND,Quant_Metric
Q26973069,4_market_cap,MARKET_CAP_BAND,Quant_Metric
Q61948620,4_market_cap,MARKET_CAP_BAND,Quant_Metric
Q108003730,4_market_cap,MARKET_CAP_BAND,Quant_Metric
Q56013874,4_market_cap,MARKET_CAP_BAND,Quant_Metric
Q107123964,4_market_cap,MARKET_CAP_BAND,Quant_Metric
Q6668713,4_market_cap,MARKET_CAP_BAND,Quant_Metric
Q113456475,4_market_cap,MARKET_CAP_BAND,Quant_Metric
Q1666653,4_market_cap,MARKET_CAP_BAND,Quant_Metric
Q2719715,4_market_cap,MARKET_CAP_BAND,Quant_Metric
Q47346044,4_market_cap,MARKET_CAP_BAND,Quant_Metric
Q30324297,4_market_cap,MARKET_CAP_BAND,Quant_Metric
Q24914808,4_market_cap,MARKET_CAP_BAND,Quant_Metric
Q16947382,4_market_cap,MARKET_CAP_BAND,Quant_Metric
Q2018840,4_market_cap,MARKET_CAP_BAND,Quant_Metric
Q7141803,4_market_cap,MARKET_CAP_BAND,Quant_Metric
Q6008783,4_market_cap,MARKET_CAP_BAND,Quant_Metric
Q19758675,4_market_cap,MARKET_CAP_BAND,Quant_Metric
Q7645776,4_market_cap,MARKET_CAP_BAND,Quant_Metric
Q106627769,4_market_cap,MARKET_CAP_BAND,Quant_Metric
Q5017090,4_market_cap,MARKET_CAP_BAND,Quant_Metric
Q6373724,4_market_cap,MARKET_CAP_BAND,Quant_Metric
Q111912510,4_market_cap,MARKET_CAP_BAND,Quant_Metric
Q2095533,4_market_cap,MARKET_CAP_BAND,Quant_Metric
Q7735208,4_market_cap,MARKET_CAP_BAND,Quant_Metric
Q7237234,4_market_cap,MARKET_CAP_BAND,Quant_Metric
Q854826,4_market_cap,MARKET_CAP_BAND,Quant_Metric
Q114701151,4_market_cap,MARKET_CAP_BAND,Quant_Metric
Q3627557,4_market_cap,MARKET_CAP_BAND,Quant_Metric
Q7191297,4_market_cap,MARKET_CAP_BAND,Quant_Metric
Q99454646,4_market_cap,MARKET_CAP_BAND,Quant_Metric
Q12988589,4_market_cap,MARKET_CAP_BAND,Quant_Metric
Q279739,4_market_cap,MARKET_CAP_BAND,Quant_Metric
Q3349794,4_market_cap,MARKET_CAP_BAND,Quant_Metric
Q60785642,4_market_cap,MARKET_CAP_BAND,Quant_Metric
Q17058333,4_market_cap,MARKET_CAP_BAND,Quant_Metric
Q111995093,4_market_cap,MARKET_CAP_BAND,Quant_Metric
Q24884920,4_market_cap,MARKET_CAP_BAND,Quant_Metric
Q107921285,4_market_cap,MARKET_CAP_BAND,Quant_Metric
Q63959358,4_market_cap,MARKET_CAP_BAND,Quant_Metric
Q17054442,4_market_cap,MARKET_CAP_BAND,Quant_Metric
Q28171825,4_market_cap,MARKET_CAP_BAND,Quant_Metric
Q27991306,4_market_cap,MARKET_CAP_BAND,Quant_Metric
Q13117711,4_market_cap,MARKET_CAP_BAND,Quant_Metric
Q7045591,4_market_cap,MARKET_CAP_BAND,Quant_Metric
Q3648653,4_market_cap,MARKET_CAP_BAND,Quant_Metric
Q28451082,4_market_cap,MARKET_CAP_BAND,Quant_Metric
Q6021736,4_market_cap,MARKET_CAP_BAND,Quant_Metric
Q5013889,4_market_cap,MARKET_CAP_BAND,Quant_Metric
Q935150,4_market_cap,MARKET_CAP_BAND,Quant_Metric
Q95149788,4_market_cap,MARKET_CAP_BAND,Quant_Metric
Q82694447,4_market_cap,MARKET_CAP_BAND,Quant_Metric
Q16966555,4_market_cap,MARKET_CAP_BAND,Quant_Metric
Q17067368,4_market_cap,MARKET_CAP_BAND,Quant_Metric
Q854867,4_market_cap,MARKET_CAP_BAND,Quant_Metric
Q5449582,4_market_cap,MARKET_CAP_BAND,Quant_Metric
Q3630199,4_market_cap,MARKET_CAP_BAND,Quant_Metric
Q69465321,4_market_cap,MARKET_CAP_BAND,Quant_Metric
Q15724333,4_market_cap,MARKET_CAP_BAND,Quant_Metric
Q85783035,4_market_cap,MARKET_CAP_BAND,Quant_Metric
Q73824378,4_market_cap,MARKET_CAP_BAND,Quant_Metric
Q60621590,4_market_cap,MARKET_CAP_BAND,Quant_Metric
Q108338114,4_market_cap,MARKET_CAP_BAND,Quant_Metric
Q24912062,4_market_cap,MARKET_CAP_BAND,Quant_Metric
Q7425697,4_market_cap,MARKET_CAP_BAND,Quant_Metric
Q95578178,4_market_cap,MARKET_CAP_BAND,Quant_Metric
Q6917320,4_market_cap,MARKET_CAP_BAND,Quant_Metric
Q1619261,4_market_cap,MARKET_CAP_BAND,Quant_Metric
Q748528,4_market_cap,MARKET_CAP_BAND,Quant_Metric
Q18387843,4_market_cap,MARKET_CAP_BAND,Quant_Metric
Q111331366,4_market_cap,MARKET_CAP_BAND,Quant_Metric
Q24936908,4_market_cap,MARKET_CAP_BAND,Quant_Metric
Q114022318,4_market_cap,MARKET_CAP_BAND,Quant_Metric
Q2044973,4_market_cap,MARKET_CAP_BAND,Quant_Metric
Q2003789,4_market_cap,MARKET_CAP_BAND,Quant_Metric
Q7419032,4_market_cap,MARKET_CAP_BAND,Quant_Metric
Q848059,4_market_cap,MARKET_CAP_BAND,Quant_Metric
Q906943,4_market_cap,MARKET_CAP_BAND,Quant_Metric
Q5399377,4_market_cap,MARKET_CAP_BAND,Quant_Metric
Q113302763,4_market_cap,MARKET_CAP_BAND,Quant_Metric
Q6007128,4_market_cap,MARKET_CAP_BAND,Quant_Metric
Q58338384,4_market_cap,MARKET_CAP_BAND,Quant_Metric
Q7642337,4_market_cap,MARKET_CAP_BAND,Quant_Metric
Q12982969,4_market_cap,MARKET_CAP_BAND,Quant_Metric
Q42139741,4_market_cap,MARKET_CAP_BAND,Quant_Metric
Q17073435,4_market_cap,MARKET_CAP_BAND,Quant_Metric
Q48734002,4_market_cap,MARKET_CAP_BAND,Quant_Metric
Q2097526,4_market_cap,MARKET_CAP_BAND,Quant_Metric
Q5253785,4_market_cap,MARKET_CAP_BAND,Quant_Metric
Q19891215,4_market_cap,MARKET_CAP_BAND,Quant_Metric
Q26989,4_market_cap,MARKET_CAP_BAND,Quant_Metric
Q1131463,4_market_cap,MARKET_CAP_BAND,Quant_Metric
Q101508756,4_market_cap,MARKET_CAP_BAND,Quant_Metric
Q5476977,4_market_cap,MARKET_CAP_BAND,Quant_Metric
Q3400886,4_market_cap,MARKET_CAP_BAND,Quant_Metric
Q2668720,4_market_cap,MARKET_CAP_BAND,Quant_Metric
Q2426836,4_market_cap,MARKET_CAP_BAND,Quant_Metric
Q2743499,4_market_cap,MARKET_CAP_BAND,Quant_Metric
Q5377917,4_market_cap,MARKET_CAP_BAND,Quant_Metric
Q108319752,4_market_cap,MARKET_CAP_BAND,Quant_Metric
Q5026835,4_market_cap,MARKET_CAP_BAND,Quant_Metric
Q8063247,4_market_cap,MARKET_CAP_BAND,Quant_Metric
Q24914312,4_market_cap,MARKET_CAP_BAND,Quant_Metric
Q1656673,4_market_cap,MARKET_CAP_BAND,Quant_Metric
Q5053244,4_market_cap,MARKET_CAP_BAND,Quant_Metric
Q25344640,4_market_cap,MARKET_CAP_BAND,Quant_Metric
Q7413183,4_market_cap,MARKET_CAP_BAND,Quant_Metric
Q22916734,4_market_cap,MARKET_CAP_BAND,Quant_Metric
Q3630923,4_market_cap,MARKET_CAP_BAND,Quant_Metric
Q3866831,4_market_cap,MARKET_CAP_BAND,Quant_Metric
Q6982526,4_market_cap,MARKET_CAP_BAND,Quant_Metric
Q108829959,4_market_cap,MARKET_CAP_BAND,Quant_Metric
Q55444629,4_market_cap,MARKET_CAP_BAND,Quant_Metric
Q2846588,4_market_cap,MARKET_CAP_BAND,Quant_Metric
Q2052218,4_market_cap,MARKET_CAP_BAND,Quant_Metric
Q2721464,4_market_cap,MARKET_CAP_BAND,Quant_Metric
Q407343,4_market_cap,MARKET_CAP_BAND,Quant_Metric
Q6110251,4_market_cap,MARKET_CAP_BAND,Quant_Metric
Q5104279,4_market_cap,MARKET_CAP_BAND,Quant_Metric
Q32074906,4_market_cap,MARKET_CAP_BAND,Quant_Metric
Q5972029,4_market_cap,MARKET_CAP_BAND,Quant_Metric
Q96377962,4_market_cap,MARKET_CAP_BAND,Quant_Metric
Q4836047,4_market_cap,MARKET_CAP_BAND,Quant_Metric
Q28153725,4_market_cap,MARKET_CAP_BAND,Quant_Metric
Q112299630,4_market_cap,MARKET_CAP_BAND,Quant_Metric
Q4683077,4_market_cap,MARKET_CAP_BAND,Quant_Metric
Q112133464,4_market_cap,MARKET_CAP_BAND,Quant_Metric
Q60747757,4_market_cap,MARKET_CAP_BAND,Quant_Metric
Q1289348,4_market_cap,MARKET_CAP_BAND,Quant_Metric
Q6448388,4_market_cap,MARKET_CAP_BAND,Quant_Metric
Q24589909,4_market_cap,MARKET_CAP_BAND,Quant_Metric
Q18390821,4_market_cap,MARKET_CAP_BAND,Quant_Metric
Q110708292,4_market_cap,MARKET_CAP_BAND,Quant_Metric
Q30589043,4_market_cap,MARKET_CAP_BAND,Quant_Metric
Q2004078,4_market_cap,MARKET_CAP_BAND,Quant_Metric
Q6394871,4_market_cap,MARKET_CAP_BAND,Quant_Metric
Q15725286,4_market_cap,MARKET_CAP_BAND,Quant_Metric
Q110977336,4_market_cap,MARKET_CAP_BAND,Quant_Metric
Q5188909,4_market_cap,MARKET_CAP_BAND,Quant_Metric
Q85851923,4_market_cap,MARKET_CAP_BAND,Quant_Metric
Q106400381,4_market_cap,MARKET_CAP_BAND,Quant_Metric
Q3300084,4_market_cap,MARKET_CAP_BAND,Quant_Metric
Q55110213,4_market_cap,MARKET_CAP_BAND,Quant_Metric
Q2801701,4_market_cap,MARKET_CAP_BAND,Quant_Metric
Q357095,4_market_cap,MARKET_CAP_BAND,Quant_Metric
Q66439260,4_market_cap,MARKET_CAP_BAND,Quant_Metric
Q2721482,4_market_cap,MARKET_CAP_BAND,Quant_Metric
Q48989713,4_market_cap,MARKET_CAP_BAND,Quant_Metric
Q19856023,4_market_cap,MARKET_CAP_BAND,Quant_Metric
Q963718,4_market_cap,MARKET_CAP_BAND,Quant_Metric
Q110949365,4_market_cap,MARKET_CAP_BAND,Quant_Metric
Q85747894,4_market_cap,MARKET_CAP_BAND,Quant_Metric
Q7687835,4_market_cap,MARKET_CAP_BAND,Quant_Metric
Q104597841,4_market_cap,MARKET_CAP_BAND,Quant_Metric
Q101441765,4_market_cap,MARKET_CAP_BAND,Quant_Metric
Q18386600,4_market_cap,MARKET_CAP_BAND,Quant_Metric
Q1371239,4_market_cap,MARKET_CAP_BAND,Quant_Metric
Q27350994,4_market_cap,MARKET_CAP_BAND,Quant_Metric
Q72278577,4_market_cap,MARKET_CAP_BAND,Quant_Metric
Q4111575,4_market_cap,MARKET_CAP_BAND,Quant_Metric
Q108409195,4_market_cap,MARKET_CAP_BAND,Quant_Metric
Q63980400,4_market_cap,MARKET_CAP_BAND,Quant_Metric
Q109910162,4_market_cap,MARKET_CAP_BAND,Quant_Metric
Q2307816,4_market_cap,MARKET_CAP_BAND,Quant_Metric
Q726193,4_market_cap,MARKET_CAP_BAND,Quant_Metric
Q3522186,4_market_cap,MARKET_CAP_BAND,Quant_Metric
Q6974841,4_market_cap,MARKET_CAP_BAND,Quant_Metric
Q27593967,4_market_cap,MARKET_CAP_BAND,Quant_Metric
Q111907528,4_market_cap,MARKET_CAP_BAND,Quant_Metric
Q51328854,4_market_cap,MARKET_CAP_BAND,Quant_Metric
Q6750540,4_market_cap,MARKET_CAP_BAND,Quant_Metric
Q2271133,4_market_cap,MARKET_CAP_BAND,Quant_Metric
Q3521079,4_market_cap,MARKET_CAP_BAND,Quant_Metric
Q96577145,4_market_cap,MARKET_CAP_BAND,Quant_Metric
Q3519720,4_market_cap,MARKET_CAP_BAND,Quant_Metric
Q63682945,4_market_cap,MARKET_CAP_BAND,Quant_Metric
Q7810035,4_market_cap,MARKET_CAP_BAND,Quant_Metric
Q114605684,4_market_cap,MARKET_CAP_BAND,Quant_Metric
Q111402288,4_market_cap,MARKET_CAP_BAND,Quant_Metric
Q21008866,4_market_cap,MARKET_CAP_BAND,Quant_Metric
Q6064951,4_market_cap,MARKET_CAP_BAND,Quant_Metric
Q66771676,4_market_cap,MARKET_CAP_BAND,Quant_Metric
Q22080360,4_market_cap,MARKET_CAP_BAND,Quant_Metric
Q65640660,4_market_cap,MARKET_CAP_BAND,Quant_Metric
Q110208076,4_market_cap,MARKET_CAP_BAND,Quant_Metric
Q22909616,4_market_cap,MARKET_CAP_BAND,Quant_Metric
Q113288680,4_market_cap,MARKET_CAP_BAND,Quant_Metric
Q39372440,4_market_cap,MARKET_CAP_BAND,Quant_Metric
Q65091087,4_market_cap,MARKET_CAP_BAND,Quant_Metric
Q2732186,4_market_cap,MARKET_CAP_BAND,Quant_Metric
Q372096,4_market_cap,MARKET_CAP_BAND,Quant_Metric
Q2003387,4_market_cap,MARKET_CAP_BAND,Quant_Metric
Q3224731,4_market_cap,MARKET_CAP_BAND,Quant_Metric
Q55622683,4_market_cap,MARKET_CAP_BAND,Quant_Metric
Q17021043,4_market_cap,MARKET_CAP_BAND,Quant_Metric
Q4967993,4_market_cap,MARKET_CAP_BAND,Quant_Metric
Q18712873,4_market_cap,MARKET_CAP_BAND,Quant_Metric
Q28127092,4_market_cap,MARKET_CAP_BAND,Quant_Metric
Q45312890,4_market_cap,MARKET_CAP_BAND,Quant_Metric
Q2613165,4_market_cap,MARKET_CAP_BAND,Quant_Metric
Q6840142,4_market_cap,MARKET_CAP_BAND,Quant_Metric
Q2191913,4_market_cap,MARKET_CAP_BAND,Quant_Metric
Q5209494,4_market_cap,MARKET_CAP_BAND,Quant_Metric
Q2774299,4_market_cap,MARKET_CAP_BAND,Quant_Metric
Q4768004,4_market_cap,MARKET_CAP_BAND,Quant_Metric
Q1653258,4_market_cap,MARKET_CAP_BAND,Quant_Metric
Q55605409,4_market_cap,MARKET_CAP_BAND,Quant_Metric
Q14956991,4_market_cap,MARKET_CAP_BAND,Quant_Metric
Q105731360,4_market_cap,MARKET_CAP_BAND,Quant_Metric
Q4636612,4_market_cap,MARKET_CAP_BAND,Quant_Metric
Q79452707,4_market_cap,MARKET_CAP_BAND,Quant_Metric
Q140676,4_market_cap,MARKET_CAP_BAND,Quant_Metric
Q83473736,4_market_cap,MARKET_CAP_BAND,Quant_Metric
Q7115252,4_market_cap,MARKET_CAP_BAND,Quant_Metric
Q4848822,4_market_cap,MARKET_CAP_BAND,Quant_Metric
Q51907318,4_market_cap,MARKET_CAP_BAND,Quant_Metric
Q5060704,4_market_cap,MARKET_CAP_BAND,Quant_Metric
Q1430541,4_market_cap,MARKET_CAP_BAND,Quant_Metric
Q22907412,4_market_cap,MARKET_CAP_BAND,Quant_Metric
Q25303119,4_market_cap,MARKET_CAP_BAND,Quant_Metric
Q25021952,4_market_cap,MARKET_CAP_BAND,Quant_Metric
Q55592364,4_market_cap,MARKET_CAP_BAND,Quant_Metric
Q113561578,4_market_cap,MARKET_CAP_BAND,Quant_Metric
Q110268574,4_market_cap,MARKET_CAP_BAND,Quant_Metric
Q109277720,4_market_cap,MARKET_CAP_BAND,Quant_Metric
Q28169245,4_market_cap,MARKET_CAP_BAND,Quant_Metric
Q1872524,4_market_cap,MARKET_CAP_BAND,Quant_Metric
Q744661,4_market_cap,MARKET_CAP_BAND,Quant_Metric
Q5531660,4_market_cap,MARKET_CAP_BAND,Quant_Metric
Q3809113,4_market_cap,MARKET_CAP_BAND,Quant_Metric
Q7280956,4_market_cap,MARKET_CAP_BAND,Quant_Metric
Q3041666,4_market_cap,MARKET_CAP_BAND,Quant_Metric
Q114593588,4_market_cap,MARKET_CAP_BAND,Quant_Metric
Q56120618,4_market_cap,MARKET_CAP_BAND,Quant_Metric
Q12989008,4_market_cap,MARKET_CAP_BAND,Quant_Metric
Q1321122,4_market_cap,MARKET_CAP_BAND,Quant_Metric
Q7739717,4_market_cap,MARKET_CAP_BAND,Quant_Metric
Q905572,4_market_cap,MARKET_CAP_BAND,Quant_Metric
Q3784687,4_market_cap,MARKET_CAP_BAND,Quant_Metric
Q3595280,4_market_cap,MARKET_CAP_BAND,Quant_Metric
Q113499179,4_market_cap,MARKET_CAP_BAND,Quant_Metric
Q85795857,4_market_cap,MARKET_CAP_BAND,Quant_Metric
Q17502128,4_market_cap,MARKET_CAP_BAND,Quant_Metric
Q2003611,4_market_cap,MARKET_CAP_BAND,Quant_Metric
Q109567511,4_market_cap,MARKET_CAP_BAND,Quant_Metric
Q17053065,4_market_cap,MARKET_CAP_BAND,Quant_Metric
Q908931,4_market_cap,MARKET_CAP_BAND,Quant_Metric
Q5616988,4_market_cap,MARKET_CAP_BAND,Quant_Metric
Q28173450,4_market_cap,MARKET_CAP_BAND,Quant_Metric
Q30610050,4_market_cap,MARKET_CAP_BAND,Quant_Metric
Q7691514,4_market_cap,MARKET_CAP_BAND,Quant_Metric
Q4022319,4_market_cap,MARKET_CAP_BAND,Quant_Metric
Q104638837,4_market_cap,MARKET_CAP_BAND,Quant_Metric
Q96337137,4_market_cap,MARKET_CAP_BAND,Quant_Metric
Q110178483,4_market_cap,MARKET_CAP_BAND,Quant_Metric
Q24951713,4_market_cap,MARKET_CAP_BAND,Quant_Metric
Q13227919,4_market_cap,MARKET_CAP_BAND,Quant_Metric
Q100935227,4_market_cap,MARKET_CAP_BAND,Quant_Metric
Q106309795,4_market_cap,MARKET_CAP_BAND,Quant_Metric
Q26703733,4_market_cap,MARKET_CAP_BAND,Quant_Metric
Q106623037,4_market_cap,MARKET_CAP_BAND,Quant_Metric
Q106548103,4_market_cap,MARKET_CAP_BAND,Quant_Metric
Q5270580,4_market_cap,MARKET_CAP_BAND,Quant_Metric
Q7659461,4_market_cap,MARKET_CAP_BAND,Quant_Metric
Q113663140,4_market_cap,MARKET_CAP_BAND,Quant_Metric
Q5683558,4_market_cap,MARKET_CAP_BAND,Quant_Metric
Q19869542,4_market_cap,MARKET_CAP_BAND,Quant_Metric
Q65684234,4_market_cap,MARKET_CAP_BAND,Quant_Metric
Q2044991,4_market_cap,MARKET_CAP_BAND,Quant_Metric
Q18355101,4_market_cap,MARKET_CAP_BAND,Quant_Metric
Q108659876,4_market_cap,MARKET_CAP_BAND,Quant_Metric
Q85767116,4_market_cap,MARKET_CAP_BAND,Quant_Metric
Q24913555,4_market_cap,MARKET_CAP_BAND,Quant_Metric
Q113548782,4_market_cap,MARKET_CAP_BAND,Quant_Metric
Q27456363,4_market_cap,MARKET_CAP_BAND,Quant_Metric
Q109308636,4_market_cap,MARKET_CAP_BAND,Quant_Metric
Q28169242,4_market_cap,MARKET_CAP_BAND,Quant_Metric
Q6123373,4_market_cap,MARKET_CAP_BAND,Quant_Metric
Q6376074,4_market_cap,MARKET_CAP_BAND,Quant_Metric
Q19895389,4_market_cap,MARKET_CAP_BAND,Quant_Metric
Q1655008,4_market_cap,MARKET_CAP_BAND,Quant_Metric
Q112031821,4_market_cap,MARKET_CAP_BAND,Quant_Metric
Q5974726,4_market_cap,MARKET_CAP_BAND,Quant_Metric
Q4969284,4_market_cap,MARKET_CAP_BAND,Quant_Metric
Q113613271,4_market_cap,MARKET_CAP_BAND,Quant_Metric
Q124976,4_market_cap,MARKET_CAP_BAND,Quant_Metric
Q110252386,4_market_cap,MARKET_CAP_BAND,Quant_Metric
Q6840143,4_market_cap,MARKET_CAP_BAND,Quant_Metric
Q16038766,4_market_cap,MARKET_CAP_BAND,Quant_Metric
Q16253254,4_market_cap,MARKET_CAP_BAND,Quant_Metric
Q943813,4_market_cap,MARKET_CAP_BAND,Quant_Metric
Q2003797,4_market_cap,MARKET_CAP_BAND,Quant_Metric
Q37583091,4_market_cap,MARKET_CAP_BAND,Quant_Metric
Q18111514,4_market_cap,MARKET_CAP_BAND,Quant_Metric
Q17068753,4_market_cap,MARKET_CAP_BAND,Quant_Metric
Q103469715,4_market_cap,MARKET_CAP_BAND,Quant_Metric
Q111543930,4_market_cap,MARKET_CAP_BAND,Quant_Metric
Q29948631,4_market_cap,MARKET_CAP_BAND,Quant_Metric
Q106508061,4_market_cap,MARKET_CAP_BAND,Quant_Metric
Q30526267,4_market_cap,MARKET_CAP_BAND,Quant_Metric
Q908961,4_market_cap,MARKET_CAP_BAND,Quant_Metric
Q734491,4_market_cap,MARKET_CAP_BAND,Quant_Metric
Q110247352,4_market_cap,MARKET_CAP_BAND,Quant_Metric
Q81537815,4_market_cap,MARKET_CAP_BAND,Quant_Metric
Q71935736,4_market_cap,MARKET_CAP_BAND,Quant_Metric
Q1975835,4_market_cap,MARKET_CAP_BAND,Quant_Metric
Q5919785,4_market_cap,MARKET_CAP_BAND,Quant_Metric
Q92952193,4_market_cap,MARKET_CAP_BAND,Quant_Metric
Q5705760,4_market_cap,MARKET_CAP_BAND,Quant_Metric
Q104551085,4_market_cap,MARKET_CAP_BAND,Quant_Metric
Q2003777,4_market_cap,MARKET_CAP_BAND,Quant_Metric
Q24906315,4_market_cap,MARKET_CAP_BAND,Quant_Metric
Q28173964,4_market_cap,MARKET_CAP_BAND,Quant_Metric
Q4199506,4_market_cap,MARKET_CAP_BAND,Quant_Metric
Q55264641,4_market_cap,MARKET_CAP_BAND,Quant_Metric
Q65064081,4_market_cap,MARKET_CAP_BAND,Quant_Metric
Q30635139,4_market_cap,MARKET_CAP_BAND,Quant_Metric
Q2129720,4_market_cap,MARKET_CAP_BAND,Quant_Metric
Q98525422,4_market_cap,MARKET_CAP_BAND,Quant_Metric
Q229058,4_market_cap,MARKET_CAP_BAND,Quant_Metric
Q2767170,4_market_cap,MARKET_CAP_BAND,Quant_Metric
Q32947262,4_market_cap,MARKET_CAP_BAND,Quant_Metric
Q5017235,4_market_cap,MARKET_CAP_BAND,Quant_Metric
Q10910065,4_market_cap,MARKET_CAP_BAND,Quant_Metric
Q55632737,4_market_cap,MARKET_CAP_BAND,Quant_Metric
Q55497146,4_market_cap,MARKET_CAP_BAND,Quant_Metric
Q22909601,4_market_cap,MARKET_CAP_BAND,Quant_Metric
Q1332561,4_market_cap,MARKET_CAP_BAND,Quant_Metric
Q7905686,4_market_cap,MARKET_CAP_BAND,Quant_Metric
Q110158706,4_market_cap,MARKET_CAP_BAND,Quant_Metric
Q6433849,4_market_cap,MARKET_CAP_BAND,Quant_Metric
Q7680402,4_market_cap,MARKET_CAP_BAND,Quant_Metric
Q96371107,4_market_cap,MARKET_CAP_BAND,Quant_Metric
Q109969291,4_market_cap,MARKET_CAP_BAND,Quant_Metric
Q331715,4_market_cap,MARKET_CAP_BAND,Quant_Metric
Q727066,4_market_cap,MARKET_CAP_BAND,Quant_Metric
Q56279505,4_market_cap,MARKET_CAP_BAND,Quant_Metric
Q7295007,4_market_cap,MARKET_CAP_BAND,Quant_Metric
Q19893132,4_market_cap,MARKET_CAP_BAND,Quant_Metric
Q7924435,4_market_cap,MARKET_CAP_BAND,Quant_Metric
Q5738817,4_market_cap,MARKET_CAP_BAND,Quant_Metric
Q5172098,4_market_cap,MARKET_CAP_BAND,Quant_Metric
Q1922367,4_market_cap,MARKET_CAP_BAND,Quant_Metric
Q7903326,4_market_cap,MARKET_CAP_BAND,Quant_Metric
Q7669310,4_market_cap,MARKET_CAP_BAND,Quant_Metric
Q4780362,4_market_cap,MARKET_CAP_BAND,Quant_Metric
Q4041387,4_market_cap,MARKET_CAP_BAND,Quant_Metric
Q2044983,4_market_cap,MARKET_CAP_BAND,Quant_Metric
Q104879236,4_market_cap,MARKET_CAP_BAND,Quant_Metric
Q107215620,4_market_cap,MARKET_CAP_BAND,Quant_Metric
Q7601252,4_market_cap,MARKET_CAP_BAND,Quant_Metric
Q83472792,4_market_cap,MARKET_CAP_BAND,Quant_Metric
Q4901117,4_market_cap,MARKET_CAP_BAND,Quant_Metric
Q41595,4_market_cap,MARKET_CAP_BAND,Quant_Metric
Q4568052,4_market_cap,MARKET_CAP_BAND,Quant_Metric
Q944085,4_market_cap,MARKET_CAP_BAND,Quant_Metric
Q1954264,4_market_cap,MARKET_CAP_BAND,Quant_Metric
Q51031692,4_market_cap,MARKET_CAP_BAND,Quant_Metric
Q96401486,4_market_cap,MARKET_CAP_BAND,Quant_Metric
Q5764519,4_market_cap,MARKET_CAP_BAND,Quant_Metric
Q3630918,4_market_cap,MARKET_CAP_BAND,Quant_Metric
Q17053986,4_market_cap,MARKET_CAP_BAND,Quant_Metric
Q20650027,4_market_cap,MARKET_CAP_BAND,Quant_Metric
Q19893633,4_market_cap,MARKET_CAP_BAND,Quant_Metric
Q2723181,4_market_cap,MARKET_CAP_BAND,Quant_Metric
Q108782794,4_market_cap,MARKET_CAP_BAND,Quant_Metric
Q6733367,4_market_cap,MARKET_CAP_BAND,Quant_Metric
Q17145804,4_market_cap,MARKET_CAP_BAND,Quant_Metric
Q7575959,4_market_cap,MARKET_CAP_BAND,Quant_Metric
Q1811512,4_market_cap,MARKET_CAP_BAND,Quant_Metric
Q48723676,4_market_cap,MARKET_CAP_BAND,Quant_Metric
Q5270753,4_market_cap,MARKET_CAP_BAND,Quant_Metric
Q6839659,4_market_cap,MARKET_CAP_BAND,Quant_Metric
Q111825478,4_market_cap,MARKET_CAP_BAND,Quant_Metric
Q17081914,4_market_cap,MARKET_CAP_BAND,Quant_Metric
Q17053670,4_market_cap,MARKET_CAP_BAND,Quant_Metric
Q1954990,4_market_cap,MARKET_CAP_BAND,Quant_Metric
Q5016462,4_market_cap,MARKET_CAP_BAND,Quant_Metric
Q60642664,4_market_cap,MARKET_CAP_BAND,Quant_Metric
Q30588913,4_market_cap,MARKET_CAP_BAND,Quant_Metric
Q1613763,4_market_cap,MARKET_CAP_BAND,Quant_Metric
Q113292877,4_market_cap,MARKET_CAP_BAND,Quant_Metric
Q7402792,4_market_cap,MARKET_CAP_BAND,Quant_Metric
Q6973776,4_market_cap,MARKET_CAP_BAND,Quant_Metric
Q3792500,4_market_cap,MARKET_CAP_BAND,Quant_Metric
Q3480001,4_market_cap,MARKET_CAP_BAND,Quant_Metric
Q4119047,4_market_cap,MARKET_CAP_BAND,Quant_Metric
Q2760832,4_market_cap,MARKET_CAP_BAND,Quant_Metric
Q7305523,4_market_cap,MARKET_CAP_BAND,Quant_Metric
Q7395748,4_market_cap,MARKET_CAP_BAND,Quant_Metric
Q2985356,4_market_cap,MARKET_CAP_BAND,Quant_Metric
Q5969591,4_market_cap,MARKET_CAP_BAND,Quant_Metric
Q4780321,4_market_cap,MARKET_CAP_BAND,Quant_Metric
Q2106140,4_market_cap,MARKET_CAP_BAND,Quant_Metric
Q926175,4_market_cap,MARKET_CAP_BAND,Quant_Metric
Q3784692,4_market_cap,MARKET_CAP_BAND,Quant_Metric
Q6393422,4_market_cap,MARKET_CAP_BAND,Quant_Metric
Q5098089,4_market_cap,MARKET_CAP_BAND,Quant_Metric
Q1827419,4_market_cap,MARKET_CAP_BAND,Quant_Metric
Q108208652,4_market_cap,MARKET_CAP_BAND,Quant_Metric
Q61326789,4_market_cap,MARKET_CAP_BAND,Quant_Metric
Q4686752,4_market_cap,MARKET_CAP_BAND,Quant_Metric
Q2031591,4_market_cap,MARKET_CAP_BAND,Quant_Metric
Q3764225,4_market_cap,MARKET_CAP_BAND,Quant_Metric
Q19899158,4_market_cap,MARKET_CAP_BAND,Quant_Metric
Q4849846,4_market_cap,MARKET_CAP_BAND,Quant_Metric
Q7512926,4_market_cap,MARKET_CAP_BAND,Quant_Metric
Q64841028,4_market_cap,MARKET_CAP_BAND,Quant_Metric
Q27958422,4_market_cap,MARKET_CAP_BAND,Quant_Metric
Q1754493,4_market_cap,MARKET_CAP_BAND,Quant_Metric
Q110993741,4_market_cap,MARKET_CAP_BAND,Quant_Metric
Q4901103,4_market_cap,MARKET_CAP_BAND,Quant_Metric
Q16824512,4_market_cap,MARKET_CAP_BAND,Quant_Metric
Q40952822,4_market_cap,MARKET_CAP_BAND,Quant_Metric
Q18391894,4_market_cap,MARKET_CAP_BAND,Quant_Metric
Q29025132,4_market_cap,MARKET_CAP_BAND,Quant_Metric
Q2040394,4_market_cap,MARKET_CAP_BAND,Quant_Metric
Q2363826,4_market_cap,MARKET_CAP_BAND,Quant_Metric
Q89462001,4_market_cap,MARKET_CAP_BAND,Quant_Metric
Q2176784,4_market_cap,MARKET_CAP_BAND,Quant_Metric
Q19903791,4_market_cap,MARKET_CAP_BAND,Quant_Metric
Q101242602,4_market_cap,MARKET_CAP_BAND,Quant_Metric
Q18357397,4_market_cap,MARKET_CAP_BAND,Quant_Metric
Q1181753,4_market_cap,MARKET_CAP_BAND,Quant_Metric
Q6328340,4_market_cap,MARKET_CAP_BAND,Quant_Metric
Q278834,4_market_cap,MARKET_CAP_BAND,Quant_Metric
Q7311015,4_market_cap,MARKET_CAP_BAND,Quant_Metric
Q1057110,4_market_cap,MARKET_CAP_BAND,Quant_Metric
Q22084825,4_market_cap,MARKET_CAP_BAND,Quant_Metric
Q17054856,4_market_cap,MARKET_CAP_BAND,Quant_Metric
Q109567634,4_market_cap,MARKET_CAP_BAND,Quant_Metric
Q3291801,4_market_cap,MARKET_CAP_BAND,Quant_Metric
Q3334902,4_market_cap,MARKET_CAP_BAND,Quant_Metric
Q6947830,4_market_cap,MARKET_CAP_BAND,Quant_Metric
Q105753104,4_market_cap,MARKET_CAP_BAND,Quant_Metric
Q55758942,4_market_cap,MARKET_CAP_BAND,Quant_Metric
Q3523697,4_market_cap,MARKET_CAP_BAND,Quant_Metric
Q6019346,4_market_cap,MARKET_CAP_BAND,Quant_Metric
Q5629103,4_market_cap,MARKET_CAP_BAND,Quant_Metric
