company_id,val_id,edge_typ,node_typ
Q1550912,Q5268834,INDUSTRY,Industry
Q1550912, Q3510521,INDUSTRY,Industry
Q1550912, Q3477363,INDUSTRY,Industry
Q1550912, Q2729047,INDUSTRY,Industry
Q1550912, Q508378,INDUSTRY,Industry
Q1550912, Q190117,INDUSTRY,Industry
Q2918415,Q1506462,INDUSTRY,Industry
Q2918415, Q664702,INDUSTRY,Industry
Q5331091,Q126793,INDUSTRY,Industry
Q106367983,Q25245117,INDUSTRY,Industry
Q106367983, Q880371,INDUSTRY,Industry
Q106367983, Q11661,INDUSTRY,Industry
Q5242054,Q43015,INDUSTRY,Industry
Q44698252,Q474200,INDUSTRY,Industry
Q44698252, Q392933,INDUSTRY,Industry
Q111910247,Q10302058,INDUSTRY,Industry
Q106463667,Q126793,INDUSTRY,Industry
Q5737120,Q3477363,INDUSTRY,Industry
Q7225732,Q104714944,INDUSTRY,Industry
Q1770208,Q249,INDUSTRY,Industry
Q100156171,Q1445627,INDUSTRY,Industry
Q4854122,Q837171,INDUSTRY,Industry
Q4854122, Q806718,INDUSTRY,Industry
Q85800448,Q177777,INDUSTRY,Industry
Q85800448, Q49845,INDUSTRY,Industry
Q109252162,Q2516512,INDUSTRY,Industry
Q109252162, Q177777,INDUSTRY,Industry
Q109252162, Q49845,INDUSTRY,Industry
Q62274413,Q862571,INDUSTRY,Industry
Q96094519,Q49845,INDUSTRY,Industry
Q4854127,Q837171,INDUSTRY,Industry
Q4854127, Q806718,INDUSTRY,Industry
Q112167897,Q837171,INDUSTRY,Industry
Q5717869,Q837171,INDUSTRY,Industry
Q5717869, Q806718,INDUSTRY,Industry
Q3150575,Q392933,INDUSTRY,Industry
Q110044639,Q1570182,INDUSTRY,Industry
Q110044639, Q1043452,INDUSTRY,Industry
Q110044639, Q385378,INDUSTRY,Industry
Q110044639, Q126793,INDUSTRY,Industry
Q110044639, Q77590,INDUSTRY,Industry
Q110044639, Q2329,INDUSTRY,Industry
Q113639186,Q941594,INDUSTRY,Industry
Q111825404,Q12752882,INDUSTRY,Industry
Q107012254,Q57721519,INDUSTRY,Industry
Q107012254, Q10302058,INDUSTRY,Industry
Q107012254, Q746359,INDUSTRY,Industry
Q4854068,Q837171,INDUSTRY,Industry
Q4854068, Q806718,INDUSTRY,Industry
Q27968821,Q177777,INDUSTRY,Industry
Q4703422,Q2898326,INDUSTRY,Industry
Q51959134,Q941594,INDUSTRY,Industry
Q105886930,Q9158,INDUSTRY,Industry
Q105886930, Q5892272,INDUSTRY,Industry
Q105886930, Q1210425,INDUSTRY,Industry
Q105886930, Q1073015,INDUSTRY,Industry
Q1550912,Q26637897,CEO,Person
Q1550912, Q26638506,CEO,Person
Q112167897,Q111910120,CEO,Person
Q1550912,Q26639858,CHAIRMAN,Person
Q9091550,Q18417417,CHAIRMAN,Person
Q107012254,Q106860252,CHAIRMAN,Person
Q1550912,Q910410,HEADQUARTERS,Location
Q421023,Q5740815,HEADQUARTERS,Location
Q2918415,Q2807,HEADQUARTERS,Location
Q3050132,Q2841,HEADQUARTERS,Location
Q5281702,Q48278,HEADQUARTERS,Location
Q5331091,Q2887,HEADQUARTERS,Location
Q106367983,Q2841,HEADQUARTERS,Location
Q5242054,Q8652,HEADQUARTERS,Location
Q5242054, Q2841,HEADQUARTERS,Location
Q44698252,Q2841,HEADQUARTERS,Location
Q111910247,Q2841,HEADQUARTERS,Location
Q66271005,Q51103,HEADQUARTERS,Location
Q24749847,Q62823,HEADQUARTERS,Location
Q5737120,Q2841,HEADQUARTERS,Location
Q7225732,Q1093584,HEADQUARTERS,Location
Q6081858,Q2841,HEADQUARTERS,Location
Q100156171,Q579820,HEADQUARTERS,Location
Q1054314,Q989858,HEADQUARTERS,Location
Q4854122,Q2841,HEADQUARTERS,Location
Q85800448,Q2841,HEADQUARTERS,Location
Q65048578,Q2841,HEADQUARTERS,Location
Q109252162,Q48278,HEADQUARTERS,Location
Q112978283,Q48278,HEADQUARTERS,Location
Q1195830,Q2841,HEADQUARTERS,Location
Q108929487,Q2841,HEADQUARTERS,Location
Q3067794,Q236744,HEADQUARTERS,Location
Q107669965,Q2841,HEADQUARTERS,Location
Q6974078,Q2647973,HEADQUARTERS,Location
Q1324151,Q2841,HEADQUARTERS,Location
Q18388458,Q2841,HEADQUARTERS,Location
Q20013358,Q2841,HEADQUARTERS,Location
Q4854127,Q51103,HEADQUARTERS,Location
Q4688300,Q1431257,HEADQUARTERS,Location
Q6301102,Q2841,HEADQUARTERS,Location
Q7402232,Q2841,HEADQUARTERS,Location
Q54819666,Q1093102,HEADQUARTERS,Location
Q1258413,Q48278,HEADQUARTERS,Location
Q24279033,Q2841,HEADQUARTERS,Location
Q3150575,Q2841,HEADQUARTERS,Location
Q110044639,Q989858,HEADQUARTERS,Location
Q408655,Q2841,HEADQUARTERS,Location
Q113639186,Q2841,HEADQUARTERS,Location
Q111825404,Q2841,HEADQUARTERS,Location
Q4854068,Q598777,HEADQUARTERS,Location
Q27968821,Q48278,HEADQUARTERS,Location
Q3049972,Q62823,HEADQUARTERS,Location
Q4703422,Q2841,HEADQUARTERS,Location
Q391530,Q51103,HEADQUARTERS,Location
Q1324658,Q2841,HEADQUARTERS,Location
Q51959134,Q2841,HEADQUARTERS,Location
Q28654686,Q2841,HEADQUARTERS,Location
Q105886930,Q2841,HEADQUARTERS,Location
Q5937434,Q2841,HEADQUARTERS,Location
Q2918415,Q82059,GROUPED_IN,Group
Q429748,Q6129638,GROUPED_IN,Group
Q5871530,Q739,RESIDES_IN,Location
Q1550912,Q45,RESIDES_IN,Location
Q107290841,Q739,RESIDES_IN,Location
Q421023,Q750,RESIDES_IN,Location
Q2918415,Q233,RESIDES_IN,Location
Q3050132,Q739,RESIDES_IN,Location
Q56377600,Q414,RESIDES_IN,Location
Q3415100,Q739,RESIDES_IN,Location
Q6156785,Q739,RESIDES_IN,Location
Q5281702,Q739,RESIDES_IN,Location
Q6979235,Q739,RESIDES_IN,Location
Q5331091,Q414,RESIDES_IN,Location
Q517861,Q739,RESIDES_IN,Location
Q403038,Q739,RESIDES_IN,Location
Q23005392,Q739,RESIDES_IN,Location
Q106367983,Q739,RESIDES_IN,Location
Q5242054,Q739,RESIDES_IN,Location
Q44698252,Q739,RESIDES_IN,Location
Q7894343,Q739,RESIDES_IN,Location
Q1517478,Q739,RESIDES_IN,Location
Q111910247,Q739,RESIDES_IN,Location
Q7454179,Q739,RESIDES_IN,Location
Q106463667,Q739,RESIDES_IN,Location
Q66271005,Q739,RESIDES_IN,Location
Q24749847,Q739,RESIDES_IN,Location
Q5737120,Q739,RESIDES_IN,Location
Q7895617,Q739,RESIDES_IN,Location
Q5969511,Q739,RESIDES_IN,Location
Q6156527,Q739,RESIDES_IN,Location
Q7225732,Q739,RESIDES_IN,Location
Q1770208,Q739,RESIDES_IN,Location
Q5839170,Q739,RESIDES_IN,Location
Q6081858,Q739,RESIDES_IN,Location
Q100156171,Q739,RESIDES_IN,Location
Q1054314,Q739,RESIDES_IN,Location
Q1569421,Q739,RESIDES_IN,Location
Q4854122,Q739,RESIDES_IN,Location
Q100881924,Q739,RESIDES_IN,Location
Q85800448,Q739,RESIDES_IN,Location
Q5964328,Q739,RESIDES_IN,Location
Q7894273,Q739,RESIDES_IN,Location
Q65048578,Q739,RESIDES_IN,Location
Q109252162,Q739,RESIDES_IN,Location
Q112978283,Q739,RESIDES_IN,Location
Q27766479,Q739,RESIDES_IN,Location
Q1195830,Q739,RESIDES_IN,Location
Q17155057,Q739,RESIDES_IN,Location
Q108929487,Q739,RESIDES_IN,Location
Q7894254,Q736,RESIDES_IN,Location
Q6156365,Q739,RESIDES_IN,Location
Q3081395,Q739,RESIDES_IN,Location
Q3067794,Q739,RESIDES_IN,Location
Q107669965,Q739,RESIDES_IN,Location
Q6974078,Q739,RESIDES_IN,Location
Q19006769,Q739,RESIDES_IN,Location
Q1324151,Q739,RESIDES_IN,Location
Q18388458,Q739,RESIDES_IN,Location
Q20013358,Q739,RESIDES_IN,Location
Q62274413,Q739,RESIDES_IN,Location
Q96094519,Q739,RESIDES_IN,Location
Q4854127,Q739,RESIDES_IN,Location
Q62563928,Q739,RESIDES_IN,Location
Q7895650,Q739,RESIDES_IN,Location
Q2495711,Q739,RESIDES_IN,Location
Q6156819,Q739,RESIDES_IN,Location
Q3997334,Q739,RESIDES_IN,Location
Q4688300,Q739,RESIDES_IN,Location
Q6301102,Q739,RESIDES_IN,Location
Q112167897,Q739,RESIDES_IN,Location
Q5788938,Q739,RESIDES_IN,Location
Q9023852,Q739,RESIDES_IN,Location
Q7402232,Q739,RESIDES_IN,Location
Q16268974,Q739,RESIDES_IN,Location
Q54819666,Q739,RESIDES_IN,Location
Q1258413,Q739,RESIDES_IN,Location
Q24279033,Q739,RESIDES_IN,Location
Q5717869,Q739,RESIDES_IN,Location
Q9091550,Q739,RESIDES_IN,Location
Q6156355,Q739,RESIDES_IN,Location
Q3150575,Q739,RESIDES_IN,Location
Q110044639,Q739,RESIDES_IN,Location
Q408655,Q739,RESIDES_IN,Location
Q11050122,Q739,RESIDES_IN,Location
Q113639186,Q739,RESIDES_IN,Location
Q429748,Q739,RESIDES_IN,Location
Q111825404,Q739,RESIDES_IN,Location
Q107012254,Q739,RESIDES_IN,Location
Q4854068,Q739,RESIDES_IN,Location
Q27968821,Q739,RESIDES_IN,Location
Q6291683,Q739,RESIDES_IN,Location
Q3049972,Q739,RESIDES_IN,Location
Q4703422,Q739,RESIDES_IN,Location
Q391530,Q739,RESIDES_IN,Location
Q16967352,Q739,RESIDES_IN,Location
Q6156833,Q739,RESIDES_IN,Location
Q1324658,Q739,RESIDES_IN,Location
Q51959134,Q739,RESIDES_IN,Location
Q5556466,Q739,RESIDES_IN,Location
Q1294197,Q739,RESIDES_IN,Location
Q28654686,Q739,RESIDES_IN,Location
Q105886930,Q739,RESIDES_IN,Location
Q6156781,Q739,RESIDES_IN,Location
Q1547837,Q739,RESIDES_IN,Location
Q52610912,Q739,RESIDES_IN,Location
Q5937434,Q739,RESIDES_IN,Location
Q1550912,1_employee_count,EMPLOYEE_COUNT_BAND,Quant_Metric
Q4854122,9_employee_count,EMPLOYEE_COUNT_BAND,Quant_Metric
Q1550912,9_profit,PROFIT_BAND,Quant_Metric
Q5871530,4_assets,ASSETS_BAND,Quant_Metric
Q1550912,4_assets,ASSETS_BAND,Quant_Metric
Q107290841,4_assets,ASSETS_BAND,Quant_Metric
Q421023,4_assets,ASSETS_BAND,Quant_Metric
Q2918415,4_assets,ASSETS_BAND,Quant_Metric
Q3050132,4_assets,ASSETS_BAND,Quant_Metric
Q56377600,4_assets,ASSETS_BAND,Quant_Metric
Q3415100,4_assets,ASSETS_BAND,Quant_Metric
Q6156785,4_assets,ASSETS_BAND,Quant_Metric
Q5281702,4_assets,ASSETS_BAND,Quant_Metric
Q6979235,4_assets,ASSETS_BAND,Quant_Metric
Q5331091,4_assets,ASSETS_BAND,Quant_Metric
Q517861,4_assets,ASSETS_BAND,Quant_Metric
Q403038,4_assets,ASSETS_BAND,Quant_Metric
Q23005392,4_assets,ASSETS_BAND,Quant_Metric
Q106367983,4_assets,ASSETS_BAND,Quant_Metric
Q5242054,4_assets,ASSETS_BAND,Quant_Metric
Q44698252,4_assets,ASSETS_BAND,Quant_Metric
Q7894343,4_assets,ASSETS_BAND,Quant_Metric
Q1517478,4_assets,ASSETS_BAND,Quant_Metric
Q111910247,4_assets,ASSETS_BAND,Quant_Metric
Q7454179,4_assets,ASSETS_BAND,Quant_Metric
Q106463667,4_assets,ASSETS_BAND,Quant_Metric
Q66271005,4_assets,ASSETS_BAND,Quant_Metric
Q24749847,4_assets,ASSETS_BAND,Quant_Metric
Q5737120,4_assets,ASSETS_BAND,Quant_Metric
Q7895617,4_assets,ASSETS_BAND,Quant_Metric
Q5969511,4_assets,ASSETS_BAND,Quant_Metric
Q6156527,4_assets,ASSETS_BAND,Quant_Metric
Q7225732,4_assets,ASSETS_BAND,Quant_Metric
Q1770208,4_assets,ASSETS_BAND,Quant_Metric
Q5839170,4_assets,ASSETS_BAND,Quant_Metric
Q6081858,4_assets,ASSETS_BAND,Quant_Metric
Q100156171,4_assets,ASSETS_BAND,Quant_Metric
Q1054314,4_assets,ASSETS_BAND,Quant_Metric
Q1569421,4_assets,ASSETS_BAND,Quant_Metric
Q4854122,4_assets,ASSETS_BAND,Quant_Metric
Q100881924,4_assets,ASSETS_BAND,Quant_Metric
Q85800448,4_assets,ASSETS_BAND,Quant_Metric
Q5964328,4_assets,ASSETS_BAND,Quant_Metric
Q7894273,4_assets,ASSETS_BAND,Quant_Metric
Q65048578,4_assets,ASSETS_BAND,Quant_Metric
Q109252162,4_assets,ASSETS_BAND,Quant_Metric
Q112978283,4_assets,ASSETS_BAND,Quant_Metric
Q27766479,4_assets,ASSETS_BAND,Quant_Metric
Q1195830,4_assets,ASSETS_BAND,Quant_Metric
Q17155057,4_assets,ASSETS_BAND,Quant_Metric
Q108929487,4_assets,ASSETS_BAND,Quant_Metric
Q7894254,4_assets,ASSETS_BAND,Quant_Metric
Q6156365,4_assets,ASSETS_BAND,Quant_Metric
Q3081395,4_assets,ASSETS_BAND,Quant_Metric
Q3067794,4_assets,ASSETS_BAND,Quant_Metric
Q107669965,4_assets,ASSETS_BAND,Quant_Metric
Q6974078,4_assets,ASSETS_BAND,Quant_Metric
Q19006769,4_assets,ASSETS_BAND,Quant_Metric
Q1324151,4_assets,ASSETS_BAND,Quant_Metric
Q18388458,4_assets,ASSETS_BAND,Quant_Metric
Q20013358,4_assets,ASSETS_BAND,Quant_Metric
Q62274413,4_assets,ASSETS_BAND,Quant_Metric
Q96094519,4_assets,ASSETS_BAND,Quant_Metric
Q4854127,4_assets,ASSETS_BAND,Quant_Metric
Q62563928,4_assets,ASSETS_BAND,Quant_Metric
Q7895650,4_assets,ASSETS_BAND,Quant_Metric
Q2495711,4_assets,ASSETS_BAND,Quant_Metric
Q6156819,4_assets,ASSETS_BAND,Quant_Metric
Q3997334,4_assets,ASSETS_BAND,Quant_Metric
Q4688300,4_assets,ASSETS_BAND,Quant_Metric
Q6301102,4_assets,ASSETS_BAND,Quant_Metric
Q112167897,4_assets,ASSETS_BAND,Quant_Metric
Q5788938,4_assets,ASSETS_BAND,Quant_Metric
Q9023852,4_assets,ASSETS_BAND,Quant_Metric
Q7402232,4_assets,ASSETS_BAND,Quant_Metric
Q16268974,4_assets,ASSETS_BAND,Quant_Metric
Q54819666,4_assets,ASSETS_BAND,Quant_Metric
Q1258413,4_assets,ASSETS_BAND,Quant_Metric
Q24279033,4_assets,ASSETS_BAND,Quant_Metric
Q5717869,4_assets,ASSETS_BAND,Quant_Metric
Q9091550,4_assets,ASSETS_BAND,Quant_Metric
Q6156355,4_assets,ASSETS_BAND,Quant_Metric
Q3150575,4_assets,ASSETS_BAND,Quant_Metric
Q110044639,4_assets,ASSETS_BAND,Quant_Metric
Q408655,4_assets,ASSETS_BAND,Quant_Metric
Q11050122,4_assets,ASSETS_BAND,Quant_Metric
Q113639186,4_assets,ASSETS_BAND,Quant_Metric
Q429748,4_assets,ASSETS_BAND,Quant_Metric
Q111825404,4_assets,ASSETS_BAND,Quant_Metric
Q107012254,4_assets,ASSETS_BAND,Quant_Metric
Q4854068,4_assets,ASSETS_BAND,Quant_Metric
Q27968821,4_assets,ASSETS_BAND,Quant_Metric
Q6291683,4_assets,ASSETS_BAND,Quant_Metric
Q3049972,4_assets,ASSETS_BAND,Quant_Metric
Q4703422,4_assets,ASSETS_BAND,Quant_Metric
Q391530,4_assets,ASSETS_BAND,Quant_Metric
Q16967352,4_assets,ASSETS_BAND,Quant_Metric
Q6156833,4_assets,ASSETS_BAND,Quant_Metric
Q1324658,4_assets,ASSETS_BAND,Quant_Metric
Q51959134,4_assets,ASSETS_BAND,Quant_Metric
Q5556466,4_assets,ASSETS_BAND,Quant_Metric
Q1294197,4_assets,ASSETS_BAND,Quant_Metric
Q28654686,4_assets,ASSETS_BAND,Quant_Metric
Q105886930,4_assets,ASSETS_BAND,Quant_Metric
Q6156781,4_assets,ASSETS_BAND,Quant_Metric
Q1547837,4_assets,ASSETS_BAND,Quant_Metric
Q52610912,4_assets,ASSETS_BAND,Quant_Metric
Q5937434,4_assets,ASSETS_BAND,Quant_Metric
Q5871530,4_equity,EQUITY_BAND,Quant_Metric
Q1550912,4_equity,EQUITY_BAND,Quant_Metric
Q107290841,4_equity,EQUITY_BAND,Quant_Metric
Q421023,4_equity,EQUITY_BAND,Quant_Metric
Q2918415,4_equity,EQUITY_BAND,Quant_Metric
Q3050132,4_equity,EQUITY_BAND,Quant_Metric
Q56377600,4_equity,EQUITY_BAND,Quant_Metric
Q3415100,4_equity,EQUITY_BAND,Quant_Metric
Q6156785,4_equity,EQUITY_BAND,Quant_Metric
Q5281702,4_equity,EQUITY_BAND,Quant_Metric
Q6979235,4_equity,EQUITY_BAND,Quant_Metric
Q5331091,4_equity,EQUITY_BAND,Quant_Metric
Q517861,4_equity,EQUITY_BAND,Quant_Metric
Q403038,4_equity,EQUITY_BAND,Quant_Metric
Q23005392,4_equity,EQUITY_BAND,Quant_Metric
Q106367983,4_equity,EQUITY_BAND,Quant_Metric
Q5242054,4_equity,EQUITY_BAND,Quant_Metric
Q44698252,4_equity,EQUITY_BAND,Quant_Metric
Q7894343,4_equity,EQUITY_BAND,Quant_Metric
Q1517478,4_equity,EQUITY_BAND,Quant_Metric
Q111910247,4_equity,EQUITY_BAND,Quant_Metric
Q7454179,4_equity,EQUITY_BAND,Quant_Metric
Q106463667,4_equity,EQUITY_BAND,Quant_Metric
Q66271005,4_equity,EQUITY_BAND,Quant_Metric
Q24749847,4_equity,EQUITY_BAND,Quant_Metric
Q5737120,4_equity,EQUITY_BAND,Quant_Metric
Q7895617,4_equity,EQUITY_BAND,Quant_Metric
Q5969511,4_equity,EQUITY_BAND,Quant_Metric
Q6156527,4_equity,EQUITY_BAND,Quant_Metric
Q7225732,4_equity,EQUITY_BAND,Quant_Metric
Q1770208,4_equity,EQUITY_BAND,Quant_Metric
Q5839170,4_equity,EQUITY_BAND,Quant_Metric
Q6081858,4_equity,EQUITY_BAND,Quant_Metric
Q100156171,4_equity,EQUITY_BAND,Quant_Metric
Q1054314,4_equity,EQUITY_BAND,Quant_Metric
Q1569421,4_equity,EQUITY_BAND,Quant_Metric
Q4854122,4_equity,EQUITY_BAND,Quant_Metric
Q100881924,4_equity,EQUITY_BAND,Quant_Metric
Q85800448,4_equity,EQUITY_BAND,Quant_Metric
Q5964328,4_equity,EQUITY_BAND,Quant_Metric
Q7894273,4_equity,EQUITY_BAND,Quant_Metric
Q65048578,4_equity,EQUITY_BAND,Quant_Metric
Q109252162,4_equity,EQUITY_BAND,Quant_Metric
Q112978283,4_equity,EQUITY_BAND,Quant_Metric
Q27766479,4_equity,EQUITY_BAND,Quant_Metric
Q1195830,4_equity,EQUITY_BAND,Quant_Metric
Q17155057,4_equity,EQUITY_BAND,Quant_Metric
Q108929487,4_equity,EQUITY_BAND,Quant_Metric
Q7894254,4_equity,EQUITY_BAND,Quant_Metric
Q6156365,4_equity,EQUITY_BAND,Quant_Metric
Q3081395,4_equity,EQUITY_BAND,Quant_Metric
Q3067794,4_equity,EQUITY_BAND,Quant_Metric
Q107669965,4_equity,EQUITY_BAND,Quant_Metric
Q6974078,4_equity,EQUITY_BAND,Quant_Metric
Q19006769,4_equity,EQUITY_BAND,Quant_Metric
Q1324151,4_equity,EQUITY_BAND,Quant_Metric
Q18388458,4_equity,EQUITY_BAND,Quant_Metric
Q20013358,4_equity,EQUITY_BAND,Quant_Metric
Q62274413,4_equity,EQUITY_BAND,Quant_Metric
Q96094519,4_equity,EQUITY_BAND,Quant_Metric
Q4854127,4_equity,EQUITY_BAND,Quant_Metric
Q62563928,4_equity,EQUITY_BAND,Quant_Metric
Q7895650,4_equity,EQUITY_BAND,Quant_Metric
Q2495711,4_equity,EQUITY_BAND,Quant_Metric
Q6156819,4_equity,EQUITY_BAND,Quant_Metric
Q3997334,4_equity,EQUITY_BAND,Quant_Metric
Q4688300,4_equity,EQUITY_BAND,Quant_Metric
Q6301102,4_equity,EQUITY_BAND,Quant_Metric
Q112167897,4_equity,EQUITY_BAND,Quant_Metric
Q5788938,4_equity,EQUITY_BAND,Quant_Metric
Q9023852,4_equity,EQUITY_BAND,Quant_Metric
Q7402232,4_equity,EQUITY_BAND,Quant_Metric
Q16268974,4_equity,EQUITY_BAND,Quant_Metric
Q54819666,4_equity,EQUITY_BAND,Quant_Metric
Q1258413,4_equity,EQUITY_BAND,Quant_Metric
Q24279033,4_equity,EQUITY_BAND,Quant_Metric
Q5717869,4_equity,EQUITY_BAND,Quant_Metric
Q9091550,4_equity,EQUITY_BAND,Quant_Metric
Q6156355,4_equity,EQUITY_BAND,Quant_Metric
Q3150575,4_equity,EQUITY_BAND,Quant_Metric
Q110044639,4_equity,EQUITY_BAND,Quant_Metric
Q408655,4_equity,EQUITY_BAND,Quant_Metric
Q11050122,4_equity,EQUITY_BAND,Quant_Metric
Q113639186,4_equity,EQUITY_BAND,Quant_Metric
Q429748,4_equity,EQUITY_BAND,Quant_Metric
Q111825404,4_equity,EQUITY_BAND,Quant_Metric
Q107012254,4_equity,EQUITY_BAND,Quant_Metric
Q4854068,4_equity,EQUITY_BAND,Quant_Metric
Q27968821,4_equity,EQUITY_BAND,Quant_Metric
Q6291683,4_equity,EQUITY_BAND,Quant_Metric
Q3049972,4_equity,EQUITY_BAND,Quant_Metric
Q4703422,4_equity,EQUITY_BAND,Quant_Metric
Q391530,4_equity,EQUITY_BAND,Quant_Metric
Q16967352,4_equity,EQUITY_BAND,Quant_Metric
Q6156833,4_equity,EQUITY_BAND,Quant_Metric
Q1324658,4_equity,EQUITY_BAND,Quant_Metric
Q51959134,4_equity,EQUITY_BAND,Quant_Metric
Q5556466,4_equity,EQUITY_BAND,Quant_Metric
Q1294197,4_equity,EQUITY_BAND,Quant_Metric
Q28654686,4_equity,EQUITY_BAND,Quant_Metric
Q105886930,4_equity,EQUITY_BAND,Quant_Metric
Q6156781,4_equity,EQUITY_BAND,Quant_Metric
Q1547837,4_equity,EQUITY_BAND,Quant_Metric
Q52610912,4_equity,EQUITY_BAND,Quant_Metric
Q5937434,4_equity,EQUITY_BAND,Quant_Metric
Q5871530,4_market_cap,MARKET_CAP_BAND,Quant_Metric
Q1550912,4_market_cap,MARKET_CAP_BAND,Quant_Metric
Q107290841,4_market_cap,MARKET_CAP_BAND,Quant_Metric
Q421023,4_market_cap,MARKET_CAP_BAND,Quant_Metric
Q2918415,4_market_cap,MARKET_CAP_BAND,Quant_Metric
Q3050132,4_market_cap,MARKET_CAP_BAND,Quant_Metric
Q56377600,4_market_cap,MARKET_CAP_BAND,Quant_Metric
Q3415100,4_market_cap,MARKET_CAP_BAND,Quant_Metric
Q6156785,4_market_cap,MARKET_CAP_BAND,Quant_Metric
Q5281702,4_market_cap,MARKET_CAP_BAND,Quant_Metric
Q6979235,4_market_cap,MARKET_CAP_BAND,Quant_Metric
Q5331091,4_market_cap,MARKET_CAP_BAND,Quant_Metric
Q517861,4_market_cap,MARKET_CAP_BAND,Quant_Metric
Q403038,4_market_cap,MARKET_CAP_BAND,Quant_Metric
Q23005392,4_market_cap,MARKET_CAP_BAND,Quant_Metric
Q106367983,4_market_cap,MARKET_CAP_BAND,Quant_Metric
Q5242054,4_market_cap,MARKET_CAP_BAND,Quant_Metric
Q44698252,4_market_cap,MARKET_CAP_BAND,Quant_Metric
Q7894343,4_market_cap,MARKET_CAP_BAND,Quant_Metric
Q1517478,4_market_cap,MARKET_CAP_BAND,Quant_Metric
Q111910247,4_market_cap,MARKET_CAP_BAND,Quant_Metric
Q7454179,4_market_cap,MARKET_CAP_BAND,Quant_Metric
Q106463667,4_market_cap,MARKET_CAP_BAND,Quant_Metric
Q66271005,4_market_cap,MARKET_CAP_BAND,Quant_Metric
Q24749847,4_market_cap,MARKET_CAP_BAND,Quant_Metric
Q5737120,4_market_cap,MARKET_CAP_BAND,Quant_Metric
Q7895617,4_market_cap,MARKET_CAP_BAND,Quant_Metric
Q5969511,4_market_cap,MARKET_CAP_BAND,Quant_Metric
Q6156527,4_market_cap,MARKET_CAP_BAND,Quant_Metric
Q7225732,4_market_cap,MARKET_CAP_BAND,Quant_Metric
Q1770208,4_market_cap,MARKET_CAP_BAND,Quant_Metric
Q5839170,4_market_cap,MARKET_CAP_BAND,Quant_Metric
Q6081858,4_market_cap,MARKET_CAP_BAND,Quant_Metric
Q100156171,4_market_cap,MARKET_CAP_BAND,Quant_Metric
Q1054314,4_market_cap,MARKET_CAP_BAND,Quant_Metric
Q1569421,4_market_cap,MARKET_CAP_BAND,Quant_Metric
Q4854122,4_market_cap,MARKET_CAP_BAND,Quant_Metric
Q100881924,4_market_cap,MARKET_CAP_BAND,Quant_Metric
Q85800448,4_market_cap,MARKET_CAP_BAND,Quant_Metric
Q5964328,4_market_cap,MARKET_CAP_BAND,Quant_Metric
Q7894273,4_market_cap,MARKET_CAP_BAND,Quant_Metric
Q65048578,4_market_cap,MARKET_CAP_BAND,Quant_Metric
Q109252162,4_market_cap,MARKET_CAP_BAND,Quant_Metric
Q112978283,4_market_cap,MARKET_CAP_BAND,Quant_Metric
Q27766479,4_market_cap,MARKET_CAP_BAND,Quant_Metric
Q1195830,4_market_cap,MARKET_CAP_BAND,Quant_Metric
Q17155057,4_market_cap,MARKET_CAP_BAND,Quant_Metric
Q108929487,4_market_cap,MARKET_CAP_BAND,Quant_Metric
Q7894254,4_market_cap,MARKET_CAP_BAND,Quant_Metric
Q6156365,4_market_cap,MARKET_CAP_BAND,Quant_Metric
Q3081395,4_market_cap,MARKET_CAP_BAND,Quant_Metric
Q3067794,4_market_cap,MARKET_CAP_BAND,Quant_Metric
Q107669965,4_market_cap,MARKET_CAP_BAND,Quant_Metric
Q6974078,4_market_cap,MARKET_CAP_BAND,Quant_Metric
Q19006769,4_market_cap,MARKET_CAP_BAND,Quant_Metric
Q1324151,4_market_cap,MARKET_CAP_BAND,Quant_Metric
Q18388458,4_market_cap,MARKET_CAP_BAND,Quant_Metric
Q20013358,4_market_cap,MARKET_CAP_BAND,Quant_Metric
Q62274413,4_market_cap,MARKET_CAP_BAND,Quant_Metric
Q96094519,4_market_cap,MARKET_CAP_BAND,Quant_Metric
Q4854127,4_market_cap,MARKET_CAP_BAND,Quant_Metric
Q62563928,4_market_cap,MARKET_CAP_BAND,Quant_Metric
Q7895650,4_market_cap,MARKET_CAP_BAND,Quant_Metric
Q2495711,4_market_cap,MARKET_CAP_BAND,Quant_Metric
Q6156819,4_market_cap,MARKET_CAP_BAND,Quant_Metric
Q3997334,4_market_cap,MARKET_CAP_BAND,Quant_Metric
Q4688300,4_market_cap,MARKET_CAP_BAND,Quant_Metric
Q6301102,4_market_cap,MARKET_CAP_BAND,Quant_Metric
Q112167897,4_market_cap,MARKET_CAP_BAND,Quant_Metric
Q5788938,4_market_cap,MARKET_CAP_BAND,Quant_Metric
Q9023852,4_market_cap,MARKET_CAP_BAND,Quant_Metric
Q7402232,4_market_cap,MARKET_CAP_BAND,Quant_Metric
Q16268974,4_market_cap,MARKET_CAP_BAND,Quant_Metric
Q54819666,4_market_cap,MARKET_CAP_BAND,Quant_Metric
Q1258413,4_market_cap,MARKET_CAP_BAND,Quant_Metric
Q24279033,4_market_cap,MARKET_CAP_BAND,Quant_Metric
Q5717869,4_market_cap,MARKET_CAP_BAND,Quant_Metric
Q9091550,4_market_cap,MARKET_CAP_BAND,Quant_Metric
Q6156355,4_market_cap,MARKET_CAP_BAND,Quant_Metric
Q3150575,4_market_cap,MARKET_CAP_BAND,Quant_Metric
Q110044639,4_market_cap,MARKET_CAP_BAND,Quant_Metric
Q408655,4_market_cap,MARKET_CAP_BAND,Quant_Metric
Q11050122,4_market_cap,MARKET_CAP_BAND,Quant_Metric
Q113639186,4_market_cap,MARKET_CAP_BAND,Quant_Metric
Q429748,4_market_cap,MARKET_CAP_BAND,Quant_Metric
Q111825404,4_market_cap,MARKET_CAP_BAND,Quant_Metric
Q107012254,4_market_cap,MARKET_CAP_BAND,Quant_Metric
Q4854068,4_market_cap,MARKET_CAP_BAND,Quant_Metric
Q27968821,4_market_cap,MARKET_CAP_BAND,Quant_Metric
Q6291683,4_market_cap,MARKET_CAP_BAND,Quant_Metric
Q3049972,4_market_cap,MARKET_CAP_BAND,Quant_Metric
Q4703422,4_market_cap,MARKET_CAP_BAND,Quant_Metric
Q391530,4_market_cap,MARKET_CAP_BAND,Quant_Metric
Q16967352,4_market_cap,MARKET_CAP_BAND,Quant_Metric
Q6156833,4_market_cap,MARKET_CAP_BAND,Quant_Metric
Q1324658,4_market_cap,MARKET_CAP_BAND,Quant_Metric
Q51959134,4_market_cap,MARKET_CAP_BAND,Quant_Metric
Q5556466,4_market_cap,MARKET_CAP_BAND,Quant_Metric
Q1294197,4_market_cap,MARKET_CAP_BAND,Quant_Metric
Q28654686,4_market_cap,MARKET_CAP_BAND,Quant_Metric
Q105886930,4_market_cap,MARKET_CAP_BAND,Quant_Metric
Q6156781,4_market_cap,MARKET_CAP_BAND,Quant_Metric
Q1547837,4_market_cap,MARKET_CAP_BAND,Quant_Metric
Q52610912,4_market_cap,MARKET_CAP_BAND,Quant_Metric
Q5937434,4_market_cap,MARKET_CAP_BAND,Quant_Metric
