company_id,val_id,edge_typ,node_typ
Q81782924,Q1416657,INDUSTRY,Industry
Q81782924, Q837171,INDUSTRY,Industry
Q81782924, Q806718,INDUSTRY,Industry
Q81787643,Q1416657,INDUSTRY,Industry
Q81787643, Q837171,INDUSTRY,Industry
Q81787643, Q806718,INDUSTRY,Industry
Q16826675,Q837171,INDUSTRY,Industry
Q83502533,Q746359,INDUSTRY,Industry
Q62118746,Q1416657,INDUSTRY,Industry
Q62118746, Q837171,INDUSTRY,Industry
Q62118746, Q806718,INDUSTRY,Industry
Q3054977,Q56598901,INDUSTRY,Industry
Q3054977, Q25245117,INDUSTRY,Industry
Q62118592,Q837171,INDUSTRY,Industry
Q26250269,Q22687,INDUSTRY,Industry
Q81788241,Q837171,INDUSTRY,Industry
Q21044226,Q1416657,INDUSTRY,Industry
Q21044226, Q837171,INDUSTRY,Industry
Q21044226, Q806718,INDUSTRY,Industry
Q4854087,Q837171,INDUSTRY,Industry
Q4854087, Q806718,INDUSTRY,Industry
Q83502533,Q108665750,CEO,Person
Q4090805,Q56224000,CHAIRMAN,Person
Q421023,Q5740815,HEADQUARTERS,Location
Q6464783,Q1491,HEADQUARTERS,Location
Q16826675,Q1491,HEADQUARTERS,Location
Q83502533,Q750,HEADQUARTERS,Location
Q94537562,Q170688,HEADQUARTERS,Location
Q2495648,Q2907,HEADQUARTERS,Location
Q81969919,Q170688,HEADQUARTERS,Location
Q3054977,Q1491,HEADQUARTERS,Location
Q75330375,Q1491,HEADQUARTERS,Location
Q81969487,Q183124,HEADQUARTERS,Location
Q26250269,Q1491,HEADQUARTERS,Location
Q81967299,Q1491,HEADQUARTERS,Location
Q81968937,Q170688,HEADQUARTERS,Location
Q2826717,Q1491,HEADQUARTERS,Location
Q1324064,Q1491,HEADQUARTERS,Location
Q21044226,Q2907,HEADQUARTERS,Location
Q4090805,Q1491,HEADQUARTERS,Location
Q4854087,Q170688,HEADQUARTERS,Location
Q81970584,Q1491,HEADQUARTERS,Location
Q81782924,Q750,RESIDES_IN,Location
Q421023,Q774,RESIDES_IN,Location
Q6464783,Q750,RESIDES_IN,Location
Q81787643,Q750,RESIDES_IN,Location
Q81965517,Q750,RESIDES_IN,Location
Q16826675,Q750,RESIDES_IN,Location
Q81967653,Q750,RESIDES_IN,Location
Q83502533,Q750,RESIDES_IN,Location
Q94537562,Q750,RESIDES_IN,Location
Q2909517,Q750,RESIDES_IN,Location
Q62118746,Q750,RESIDES_IN,Location
Q2495648,Q750,RESIDES_IN,Location
Q81969919,Q750,RESIDES_IN,Location
Q81963200,Q750,RESIDES_IN,Location
Q3054977,Q750,RESIDES_IN,Location
Q62118592,Q750,RESIDES_IN,Location
Q75330375,Q750,RESIDES_IN,Location
Q81962395,Q750,RESIDES_IN,Location
Q81969487,Q750,RESIDES_IN,Location
Q26250269,Q750,RESIDES_IN,Location
Q81967299,Q750,RESIDES_IN,Location
Q81968937,Q750,RESIDES_IN,Location
Q2826717,Q750,RESIDES_IN,Location
Q81788241,Q750,RESIDES_IN,Location
Q1324064,Q750,RESIDES_IN,Location
Q21044226,Q750,RESIDES_IN,Location
Q104836063,Q750,RESIDES_IN,Location
Q81964197,Q750,RESIDES_IN,Location
Q4090805,Q750,RESIDES_IN,Location
Q4854087,Q750,RESIDES_IN,Location
Q81970584,Q750,RESIDES_IN,Location
Q107807053,Q750,RESIDES_IN,Location
Q81782924,4_employee_count,EMPLOYEE_COUNT_BAND,Quant_Metric
Q421023,4_employee_count,EMPLOYEE_COUNT_BAND,Quant_Metric
Q6464783,4_employee_count,EMPLOYEE_COUNT_BAND,Quant_Metric
Q81787643,4_employee_count,EMPLOYEE_COUNT_BAND,Quant_Metric
Q81965517,4_employee_count,EMPLOYEE_COUNT_BAND,Quant_Metric
Q16826675,4_employee_count,EMPLOYEE_COUNT_BAND,Quant_Metric
Q81967653,4_employee_count,EMPLOYEE_COUNT_BAND,Quant_Metric
Q83502533,4_employee_count,EMPLOYEE_COUNT_BAND,Quant_Metric
Q94537562,4_employee_count,EMPLOYEE_COUNT_BAND,Quant_Metric
Q2909517,4_employee_count,EMPLOYEE_COUNT_BAND,Quant_Metric
Q62118746,4_employee_count,EMPLOYEE_COUNT_BAND,Quant_Metric
Q2495648,4_employee_count,EMPLOYEE_COUNT_BAND,Quant_Metric
Q81969919,4_employee_count,EMPLOYEE_COUNT_BAND,Quant_Metric
Q81963200,4_employee_count,EMPLOYEE_COUNT_BAND,Quant_Metric
Q3054977,4_employee_count,EMPLOYEE_COUNT_BAND,Quant_Metric
Q62118592,4_employee_count,EMPLOYEE_COUNT_BAND,Quant_Metric
Q75330375,4_employee_count,EMPLOYEE_COUNT_BAND,Quant_Metric
Q81962395,4_employee_count,EMPLOYEE_COUNT_BAND,Quant_Metric
Q81969487,4_employee_count,EMPLOYEE_COUNT_BAND,Quant_Metric
Q26250269,4_employee_count,EMPLOYEE_COUNT_BAND,Quant_Metric
Q81967299,4_employee_count,EMPLOYEE_COUNT_BAND,Quant_Metric
Q81968937,4_employee_count,EMPLOYEE_COUNT_BAND,Quant_Metric
Q2826717,4_employee_count,EMPLOYEE_COUNT_BAND,Quant_Metric
Q81788241,4_employee_count,EMPLOYEE_COUNT_BAND,Quant_Metric
Q1324064,4_employee_count,EMPLOYEE_COUNT_BAND,Quant_Metric
Q21044226,4_employee_count,EMPLOYEE_COUNT_BAND,Quant_Metric
Q104836063,4_employee_count,EMPLOYEE_COUNT_BAND,Quant_Metric
Q81964197,4_employee_count,EMPLOYEE_COUNT_BAND,Quant_Metric
Q4090805,4_employee_count,EMPLOYEE_COUNT_BAND,Quant_Metric
Q4854087,4_employee_count,EMPLOYEE_COUNT_BAND,Quant_Metric
Q81970584,4_employee_count,EMPLOYEE_COUNT_BAND,Quant_Metric
Q107807053,4_employee_count,EMPLOYEE_COUNT_BAND,Quant_Metric
Q81782924,4_profit,PROFIT_BAND,Quant_Metric
Q421023,4_profit,PROFIT_BAND,Quant_Metric
Q6464783,4_profit,PROFIT_BAND,Quant_Metric
Q81787643,4_profit,PROFIT_BAND,Quant_Metric
Q81965517,4_profit,PROFIT_BAND,Quant_Metric
Q16826675,4_profit,PROFIT_BAND,Quant_Metric
Q81967653,4_profit,PROFIT_BAND,Quant_Metric
Q83502533,4_profit,PROFIT_BAND,Quant_Metric
Q94537562,4_profit,PROFIT_BAND,Quant_Metric
Q2909517,4_profit,PROFIT_BAND,Quant_Metric
Q62118746,4_profit,PROFIT_BAND,Quant_Metric
Q2495648,4_profit,PROFIT_BAND,Quant_Metric
Q81969919,4_profit,PROFIT_BAND,Quant_Metric
Q81963200,4_profit,PROFIT_BAND,Quant_Metric
Q3054977,4_profit,PROFIT_BAND,Quant_Metric
Q62118592,4_profit,PROFIT_BAND,Quant_Metric
Q75330375,4_profit,PROFIT_BAND,Quant_Metric
Q81962395,4_profit,PROFIT_BAND,Quant_Metric
Q81969487,4_profit,PROFIT_BAND,Quant_Metric
Q26250269,4_profit,PROFIT_BAND,Quant_Metric
Q81967299,4_profit,PROFIT_BAND,Quant_Metric
Q81968937,4_profit,PROFIT_BAND,Quant_Metric
Q2826717,4_profit,PROFIT_BAND,Quant_Metric
Q81788241,4_profit,PROFIT_BAND,Quant_Metric
Q1324064,4_profit,PROFIT_BAND,Quant_Metric
Q21044226,4_profit,PROFIT_BAND,Quant_Metric
Q104836063,4_profit,PROFIT_BAND,Quant_Metric
Q81964197,4_profit,PROFIT_BAND,Quant_Metric
Q4090805,4_profit,PROFIT_BAND,Quant_Metric
Q4854087,4_profit,PROFIT_BAND,Quant_Metric
Q81970584,4_profit,PROFIT_BAND,Quant_Metric
Q107807053,4_profit,PROFIT_BAND,Quant_Metric
Q81782924,4_assets,ASSETS_BAND,Quant_Metric
Q421023,4_assets,ASSETS_BAND,Quant_Metric
Q6464783,4_assets,ASSETS_BAND,Quant_Metric
Q81787643,4_assets,ASSETS_BAND,Quant_Metric
Q81965517,4_assets,ASSETS_BAND,Quant_Metric
Q16826675,4_assets,ASSETS_BAND,Quant_Metric
Q81967653,4_assets,ASSETS_BAND,Quant_Metric
Q83502533,4_assets,ASSETS_BAND,Quant_Metric
Q94537562,4_assets,ASSETS_BAND,Quant_Metric
Q2909517,4_assets,ASSETS_BAND,Quant_Metric
Q62118746,4_assets,ASSETS_BAND,Quant_Metric
Q2495648,4_assets,ASSETS_BAND,Quant_Metric
Q81969919,4_assets,ASSETS_BAND,Quant_Metric
Q81963200,4_assets,ASSETS_BAND,Quant_Metric
Q3054977,4_assets,ASSETS_BAND,Quant_Metric
Q62118592,4_assets,ASSETS_BAND,Quant_Metric
Q75330375,4_assets,ASSETS_BAND,Quant_Metric
Q81962395,4_assets,ASSETS_BAND,Quant_Metric
Q81969487,4_assets,ASSETS_BAND,Quant_Metric
Q26250269,4_assets,ASSETS_BAND,Quant_Metric
Q81967299,4_assets,ASSETS_BAND,Quant_Metric
Q81968937,4_assets,ASSETS_BAND,Quant_Metric
Q2826717,4_assets,ASSETS_BAND,Quant_Metric
Q81788241,4_assets,ASSETS_BAND,Quant_Metric
Q1324064,4_assets,ASSETS_BAND,Quant_Metric
Q21044226,4_assets,ASSETS_BAND,Quant_Metric
Q104836063,4_assets,ASSETS_BAND,Quant_Metric
Q81964197,4_assets,ASSETS_BAND,Quant_Metric
Q4090805,4_assets,ASSETS_BAND,Quant_Metric
Q4854087,4_assets,ASSETS_BAND,Quant_Metric
Q81970584,4_assets,ASSETS_BAND,Quant_Metric
Q107807053,4_assets,ASSETS_BAND,Quant_Metric
Q81782924,4_equity,EQUITY_BAND,Quant_Metric
Q421023,4_equity,EQUITY_BAND,Quant_Metric
Q6464783,4_equity,EQUITY_BAND,Quant_Metric
Q81787643,4_equity,EQUITY_BAND,Quant_Metric
Q81965517,4_equity,EQUITY_BAND,Quant_Metric
Q16826675,4_equity,EQUITY_BAND,Quant_Metric
Q81967653,4_equity,EQUITY_BAND,Quant_Metric
Q83502533,4_equity,EQUITY_BAND,Quant_Metric
Q94537562,4_equity,EQUITY_BAND,Quant_Metric
Q2909517,4_equity,EQUITY_BAND,Quant_Metric
Q62118746,4_equity,EQUITY_BAND,Quant_Metric
Q2495648,4_equity,EQUITY_BAND,Quant_Metric
Q81969919,4_equity,EQUITY_BAND,Quant_Metric
Q81963200,4_equity,EQUITY_BAND,Quant_Metric
Q3054977,4_equity,EQUITY_BAND,Quant_Metric
Q62118592,4_equity,EQUITY_BAND,Quant_Metric
Q75330375,4_equity,EQUITY_BAND,Quant_Metric
Q81962395,4_equity,EQUITY_BAND,Quant_Metric
Q81969487,4_equity,EQUITY_BAND,Quant_Metric
Q26250269,4_equity,EQUITY_BAND,Quant_Metric
Q81967299,4_equity,EQUITY_BAND,Quant_Metric
Q81968937,4_equity,EQUITY_BAND,Quant_Metric
Q2826717,4_equity,EQUITY_BAND,Quant_Metric
Q81788241,4_equity,EQUITY_BAND,Quant_Metric
Q1324064,4_equity,EQUITY_BAND,Quant_Metric
Q21044226,4_equity,EQUITY_BAND,Quant_Metric
Q104836063,4_equity,EQUITY_BAND,Quant_Metric
Q81964197,4_equity,EQUITY_BAND,Quant_Metric
Q4090805,4_equity,EQUITY_BAND,Quant_Metric
Q4854087,4_equity,EQUITY_BAND,Quant_Metric
Q81970584,4_equity,EQUITY_BAND,Quant_Metric
Q107807053,4_equity,EQUITY_BAND,Quant_Metric
Q81782924,4_market_cap,MARKET_CAP_BAND,Quant_Metric
Q421023,4_market_cap,MARKET_CAP_BAND,Quant_Metric
Q6464783,4_market_cap,MARKET_CAP_BAND,Quant_Metric
Q81787643,4_market_cap,MARKET_CAP_BAND,Quant_Metric
Q81965517,4_market_cap,MARKET_CAP_BAND,Quant_Metric
Q16826675,4_market_cap,MARKET_CAP_BAND,Quant_Metric
Q81967653,4_market_cap,MARKET_CAP_BAND,Quant_Metric
Q83502533,4_market_cap,MARKET_CAP_BAND,Quant_Metric
Q94537562,4_market_cap,MARKET_CAP_BAND,Quant_Metric
Q2909517,4_market_cap,MARKET_CAP_BAND,Quant_Metric
Q62118746,4_market_cap,MARKET_CAP_BAND,Quant_Metric
Q2495648,4_market_cap,MARKET_CAP_BAND,Quant_Metric
Q81969919,4_market_cap,MARKET_CAP_BAND,Quant_Metric
Q81963200,4_market_cap,MARKET_CAP_BAND,Quant_Metric
Q3054977,4_market_cap,MARKET_CAP_BAND,Quant_Metric
Q62118592,4_market_cap,MARKET_CAP_BAND,Quant_Metric
Q75330375,4_market_cap,MARKET_CAP_BAND,Quant_Metric
Q81962395,4_market_cap,MARKET_CAP_BAND,Quant_Metric
Q81969487,4_market_cap,MARKET_CAP_BAND,Quant_Metric
Q26250269,4_market_cap,MARKET_CAP_BAND,Quant_Metric
Q81967299,4_market_cap,MARKET_CAP_BAND,Quant_Metric
Q81968937,4_market_cap,MARKET_CAP_BAND,Quant_Metric
Q2826717,4_market_cap,MARKET_CAP_BAND,Quant_Metric
Q81788241,4_market_cap,MARKET_CAP_BAND,Quant_Metric
Q1324064,4_market_cap,MARKET_CAP_BAND,Quant_Metric
Q21044226,4_market_cap,MARKET_CAP_BAND,Quant_Metric
Q104836063,4_market_cap,MARKET_CAP_BAND,Quant_Metric
Q81964197,4_market_cap,MARKET_CAP_BAND,Quant_Metric
Q4090805,4_market_cap,MARKET_CAP_BAND,Quant_Metric
Q4854087,4_market_cap,MARKET_CAP_BAND,Quant_Metric
Q81970584,4_market_cap,MARKET_CAP_BAND,Quant_Metric
Q107807053,4_market_cap,MARKET_CAP_BAND,Quant_Metric
