company_id,val_id,edge_typ,node_typ
Q25490608,Q3972943,INDUSTRY,Industry
Q30561822,Q3972943,INDUSTRY,Industry
Q22907681,Q880371,INDUSTRY,Industry
Q2666775,Q1416657,INDUSTRY,Industry
Q110908176,Q1415395,INDUSTRY,Industry
Q4523181,Q126793,INDUSTRY,Industry
Q7205567,Q7108,INDUSTRY,Industry
Q2915481,Q1326624,INDUSTRY,Industry
Q6784385,Q43183,INDUSTRY,Industry
Q73878156,Q3972943,INDUSTRY,Industry
Q13220217,Q126793,INDUSTRY,Industry
Q57981223,Q126793,INDUSTRY,Industry
Q96398827,Q989632,INDUSTRY,Industry
Q5063615,Q418,INDUSTRY,Industry
Q7187667,Q22687,INDUSTRY,Industry
Q2777497,Q22687,INDUSTRY,Industry
Q6561327,Q126793,INDUSTRY,Industry
Q106946293,Q880371,INDUSTRY,Industry
Q7253897,Q837171,INDUSTRY,Industry
Q2091479,Q7397,INDUSTRY,Industry
Q12061542,Q81799,INDUSTRY,Industry
Q16130352,Q2151621,INDUSTRY,Industry
Q7251166,Q7108,INDUSTRY,Industry
Q2894259,Q56598901,INDUSTRY,Industry
Q2894259, Q25245117,INDUSTRY,Industry
Q2894259, Q418,INDUSTRY,Industry
Q420506,Q1625990,INDUSTRY,Industry
Q420506, Q75,INDUSTRY,Industry
Q96179406,Q12684,INDUSTRY,Industry
Q112078977,Q11661,INDUSTRY,Industry
Q250362,Q1416657,INDUSTRY,Industry
Q86001741,Q3972943,INDUSTRY,Industry
Q98608948,Q3025536,INDUSTRY,Industry
Q96739624,Q880371,INDUSTRY,Industry
Q108828690,Q216931,INDUSTRY,Industry
Q55647697,Q1301371,INDUSTRY,Industry
Q876017,Q3477363,INDUSTRY,Industry
Q876017, Q392933,INDUSTRY,Industry
Q53762345,Q3972943,INDUSTRY,Industry
Q1995995,Q294362,INDUSTRY,Industry
Q17051632,Q39809,INDUSTRY,Industry
Q716861,Q56611639,INDUSTRY,Industry
Q12404107,Q423208,INDUSTRY,Industry
Q113965744,Q4438117,INDUSTRY,Industry
Q113965744, Q200253,INDUSTRY,Industry
Q17492375,Q126793,INDUSTRY,Industry
Q65089744,Q507443,INDUSTRY,Industry
Q106687542,Q3565868,INDUSTRY,Industry
Q671700,Q49845,INDUSTRY,Industry
Q73409061,Q941594,INDUSTRY,Industry
Q109648854,Q63383285,INDUSTRY,Industry
Q6593578,Q10302047,INDUSTRY,Industry
Q108884640,Q11650,INDUSTRY,Industry
Q5968953,Q11661,INDUSTRY,Industry
Q7643090,Q178512,INDUSTRY,Industry
Q55267081,Q746359,INDUSTRY,Industry
Q65252368,Q1285245,INDUSTRY,Industry
Q2000500,Q25245117,INDUSTRY,Industry
Q80471925,Q11451,INDUSTRY,Industry
Q65120554,Q11661,INDUSTRY,Industry
Q114093396,Q1074158,INDUSTRY,Industry
Q55705977,Q932586,INDUSTRY,Industry
Q16131796,Q746359,INDUSTRY,Industry
Q589757,Q47307,INDUSTRY,Industry
Q898750,Q507443,INDUSTRY,Industry
Q6629012,Q3972943,INDUSTRY,Industry
Q102242426,Q627371,INDUSTRY,Industry
Q2910498,Q25245117,INDUSTRY,Industry
Q50809155,Q229367,INDUSTRY,Industry
Q104844406,Q3510521,INDUSTRY,Industry
Q2897763,Q3972943,INDUSTRY,Industry
Q2897763, Q3369996,INDUSTRY,Industry
Q2897763, Q49389,INDUSTRY,Industry
Q22022271,Q806718,INDUSTRY,Industry
Q22022271, Q16319025,INDUSTRY,Industry
Q22022271, Q1416657,INDUSTRY,Industry
Q1287771,Q187939,INDUSTRY,Industry
Q683006,Q4899370,INDUSTRY,Industry
Q7829730,Q11456,INDUSTRY,Industry
Q76596988,Q2836940,INDUSTRY,Industry
Q28605484,Q880371,INDUSTRY,Industry
Q109592043,Q1254596,INDUSTRY,Industry
Q846655,Q7283969,INDUSTRY,Industry
Q145848,Q1740966,INDUSTRY,Industry
Q853619,Q25245117,INDUSTRY,Industry
Q1536651,Q56598901,INDUSTRY,Industry
Q1536651, Q25245117,INDUSTRY,Industry
Q7444794,Q3510521,INDUSTRY,Industry
Q110687861,Q81799,INDUSTRY,Industry
Q25489639,Q746359,INDUSTRY,Industry
Q28404455,Q97466080,INDUSTRY,Industry
Q112083313,Q3972943,INDUSTRY,Industry
Q112083313, Q11030,INDUSTRY,Industry
Q847262,Q56598901,INDUSTRY,Industry
Q847262, Q25245117,INDUSTRY,Industry
Q105355950,Q941594,INDUSTRY,Industry
Q55649393,Q126793,INDUSTRY,Industry
Q820517,Q178512,INDUSTRY,Industry
Q25492540,Q19595701,INDUSTRY,Industry
Q2915148,Q474883,INDUSTRY,Industry
Q113882479,Q941594,INDUSTRY,Industry
Q30527111,Q2085381,INDUSTRY,Industry
Q20502713,Q3972943,INDUSTRY,Industry
Q111804995,Q190117,INDUSTRY,Industry
Q6485288,Q126793,INDUSTRY,Industry
Q806641,Q1416657,INDUSTRY,Industry
Q108896760,Q16319025,INDUSTRY,Industry
Q97220286,Q2836940,INDUSTRY,Industry
Q47481944,Q289,INDUSTRY,Industry
Q636231,Q862571,INDUSTRY,Industry
Q6296982,Q1068473,INDUSTRY,Industry
Q3701622,Q2151621,INDUSTRY,Industry
Q61994838,Q11828862,INDUSTRY,Industry
Q61994838, Q126793,INDUSTRY,Industry
Q2777129,Q22687,INDUSTRY,Industry
Q187212,Q192127,INDUSTRY,Industry
Q2351312,Q40348,INDUSTRY,Industry
Q64769225,Q7397,INDUSTRY,Industry
Q6761151,Q126793,INDUSTRY,Industry
Q108119368,Q190117,INDUSTRY,Industry
Q104772219,Q3972943,INDUSTRY,Industry
Q24909927,Q1318054,INDUSTRY,Industry
Q2120877,Q627371,INDUSTRY,Industry
Q6087908,Q27686,INDUSTRY,Industry
Q43008529,Q484847,INDUSTRY,Industry
Q6565462,Q3972943,INDUSTRY,Industry
Q6583383,Q1407228,INDUSTRY,Industry
Q89314470,Q126793,INDUSTRY,Industry
Q2903265,Q22687,INDUSTRY,Industry
Q176587,Q870898,INDUSTRY,Industry
Q2910545,Q1727518,INDUSTRY,Industry
Q111793494,Q540912,INDUSTRY,Industry
Q2901365,Q1060280,INDUSTRY,Industry
Q2901365, Q508378,INDUSTRY,Industry
Q2901365, Q449343,INDUSTRY,Industry
Q2901365, Q190117,INDUSTRY,Industry
Q2893391,Q5830907,INDUSTRY,Industry
Q6035779,Q56598901,INDUSTRY,Industry
Q6035779, Q25245117,INDUSTRY,Industry
Q6035779, Q126793,INDUSTRY,Industry
Q100621757,Q27983256,INDUSTRY,Industry
Q59229674,Q941594,INDUSTRY,Industry
Q22908338,Q484847,INDUSTRY,Industry
Q114056884,Q26897133,INDUSTRY,Industry
Q6891113,Q126793,INDUSTRY,Industry
Q97207539,Q3972943,INDUSTRY,Industry
Q2666775,Q86006538,CEO,Person
Q5410132,Q79483467,CEO,Person
Q898750,Q21002708,CEO,Person
Q7829730,Q111285418,CEO,Person
Q28605484,Q28605492,CEO,Person
Q1536651,Q105217686,CEO,Person
Q903957,Q18205587,CEO,Person
Q208489,Q111687393,CEO,Person
Q65252074,Q13577132,CHAIRMAN,Person
Q38219356,Q38126947,CHAIRMAN,Person
Q133706,Q56751630,CHAIRMAN,Person
Q244411,Q41800340,CHAIRMAN,Person
Q853619,Q98012738,CHAIRMAN,Person
Q4902449,Q2661879,CHAIRMAN,Person
Q25490608,Q33935,HEADQUARTERS,Location
Q30561822,Q152413,HEADQUARTERS,Location
Q30561822, Q1218,HEADQUARTERS,Location
Q65252074,Q2636679,HEADQUARTERS,Location
Q558002,Q33935,HEADQUARTERS,Location
Q22907681,Q190828,HEADQUARTERS,Location
Q2666775,Q33935,HEADQUARTERS,Location
Q110908176,Q33935,HEADQUARTERS,Location
Q4523181,Q201051,HEADQUARTERS,Location
Q7205567,Q41621,HEADQUARTERS,Location
Q2915481,Q41621,HEADQUARTERS,Location
Q111506692,Q12408446,HEADQUARTERS,Location
Q111506692, Q192807,HEADQUARTERS,Location
Q73878156,Q33935,HEADQUARTERS,Location
Q13220217,Q152491,HEADQUARTERS,Location
Q5063615,Q33935,HEADQUARTERS,Location
Q7187667,Q33935,HEADQUARTERS,Location
Q2777497,Q33935,HEADQUARTERS,Location
Q106946293,Q60,HEADQUARTERS,Location
Q7253897,Q33935,HEADQUARTERS,Location
Q2091479,Q309164,HEADQUARTERS,Location
Q12061542,Q2889806,HEADQUARTERS,Location
Q7251166,Q152418,HEADQUARTERS,Location
Q109676211,Q152491,HEADQUARTERS,Location
Q2894259,Q33935,HEADQUARTERS,Location
Q2894259, Q801,HEADQUARTERS,Location
Q55649682,Q190828,HEADQUARTERS,Location
Q64767402,Q801,HEADQUARTERS,Location
Q420506,Q33935,HEADQUARTERS,Location
Q61126698,Q152491,HEADQUARTERS,Location
Q1265181,Q3472467,HEADQUARTERS,Location
Q1265181, Q16568,HEADQUARTERS,Location
Q1132126,Q33935,HEADQUARTERS,Location
Q108837504,Q33935,HEADQUARTERS,Location
Q112078977,Q152491,HEADQUARTERS,Location
Q5410132,Q33935,HEADQUARTERS,Location
Q250362,Q2882599,HEADQUARTERS,Location
Q250362, Q33935,HEADQUARTERS,Location
Q86001741,Q1218,HEADQUARTERS,Location
Q112844954,Q950347,HEADQUARTERS,Location
Q98608948,Q208459,HEADQUARTERS,Location
Q553149,Q33935,HEADQUARTERS,Location
Q96739624,Q33935,HEADQUARTERS,Location
Q108828690,Q6794201,HEADQUARTERS,Location
Q61126718,Q1736959,HEADQUARTERS,Location
Q601702,Q1218,HEADQUARTERS,Location
Q55647697,Q33935,HEADQUARTERS,Location
Q876017,Q207540,HEADQUARTERS,Location
Q1995995,Q33935,HEADQUARTERS,Location
Q17051632,Q60,HEADQUARTERS,Location
Q716861,Q430939,HEADQUARTERS,Location
Q17050559,Q33935,HEADQUARTERS,Location
Q12404107,Q33935,HEADQUARTERS,Location
Q28016084,Q33935,HEADQUARTERS,Location
Q17089575,Q33935,HEADQUARTERS,Location
Q113965744,Q2891017,HEADQUARTERS,Location
Q113965744, Q33935,HEADQUARTERS,Location
Q17492375,Q801,HEADQUARTERS,Location
Q106687542,Q1218,HEADQUARTERS,Location
Q671700,Q1218,HEADQUARTERS,Location
Q109711537,Q192807,HEADQUARTERS,Location
Q73409061,Q41621,HEADQUARTERS,Location
Q109648854,Q2916719,HEADQUARTERS,Location
Q6593578,Q180294,HEADQUARTERS,Location
Q108884640,Q33935,HEADQUARTERS,Location
Q5968953,Q190828,HEADQUARTERS,Location
Q54621346,Q168162,HEADQUARTERS,Location
Q18390972,Q801,HEADQUARTERS,Location
Q55267081,Q33935,HEADQUARTERS,Location
Q319239,Q33935,HEADQUARTERS,Location
Q48969811,Q33935,HEADQUARTERS,Location
Q2000500,Q168202,HEADQUARTERS,Location
Q5058279,Q190828,HEADQUARTERS,Location
Q1632726,Q33935,HEADQUARTERS,Location
Q25496011,Q1218,HEADQUARTERS,Location
Q109289353,Q41621,HEADQUARTERS,Location
Q15614811,Q207540,HEADQUARTERS,Location
Q15614811, Q33935,HEADQUARTERS,Location
Q55708368,Q33935,HEADQUARTERS,Location
Q7857371,Q33935,HEADQUARTERS,Location
Q114093396,Q33935,HEADQUARTERS,Location
Q86005273,Q2570492,HEADQUARTERS,Location
Q589757,Q950347,HEADQUARTERS,Location
Q898750,Q2776362,HEADQUARTERS,Location
Q111033086,Q33935,HEADQUARTERS,Location
Q2903995,Q152659,HEADQUARTERS,Location
Q16129882,Q33935,HEADQUARTERS,Location
Q102242426,Q2304906,HEADQUARTERS,Location
Q2910498,Q192807,HEADQUARTERS,Location
Q6775183,Q41843,HEADQUARTERS,Location
Q110932992,Q152491,HEADQUARTERS,Location
Q28887850,Q33935,HEADQUARTERS,Location
Q7695595,Q845866,HEADQUARTERS,Location
Q244411,Q1218,HEADQUARTERS,Location
Q104844406,Q486860,HEADQUARTERS,Location
Q2897763,Q33935,HEADQUARTERS,Location
Q22022271,Q1408,HEADQUARTERS,Location
Q1287771,Q1615560,HEADQUARTERS,Location
Q683006,Q33935,HEADQUARTERS,Location
Q110935815,Q167582,HEADQUARTERS,Location
Q7829730,Q168337,HEADQUARTERS,Location
Q76596988,Q1218,HEADQUARTERS,Location
Q65071572,Q1948533,HEADQUARTERS,Location
Q11286604,Q845866,HEADQUARTERS,Location
Q3315661,Q90,HEADQUARTERS,Location
Q28605484,Q33935,HEADQUARTERS,Location
Q28605484, Q1492,HEADQUARTERS,Location
Q28605484, Q597,HEADQUARTERS,Location
Q28605484, Q64,HEADQUARTERS,Location
Q28605484, Q60,HEADQUARTERS,Location
Q109592043,Q192807,HEADQUARTERS,Location
Q846655,Q2440741,HEADQUARTERS,Location
Q145848,Q33935,HEADQUARTERS,Location
Q853619,Q192213,HEADQUARTERS,Location
Q741891,Q41621,HEADQUARTERS,Location
Q64767399,Q33935,HEADQUARTERS,Location
Q6743833,Q221447,HEADQUARTERS,Location
Q216393,Q33935,HEADQUARTERS,Location
Q1536651,Q190828,HEADQUARTERS,Location
Q7444794,Q190828,HEADQUARTERS,Location
Q1987800,Q201051,HEADQUARTERS,Location
Q28404455,Q152379,HEADQUARTERS,Location
Q112083313,Q201051,HEADQUARTERS,Location
Q112083313, Q33935,HEADQUARTERS,Location
Q101435480,Q33935,HEADQUARTERS,Location
Q108836932,Q33935,HEADQUARTERS,Location
Q847262,Q33935,HEADQUARTERS,Location
Q105355950,Q33935,HEADQUARTERS,Location
Q109567777,Q33935,HEADQUARTERS,Location
Q2909872,Q862725,HEADQUARTERS,Location
Q104599955,Q33935,HEADQUARTERS,Location
Q111745027,Q33935,HEADQUARTERS,Location
Q820517,Q152436,HEADQUARTERS,Location
Q2915148,Q33935,HEADQUARTERS,Location
Q113882479,Q1218,HEADQUARTERS,Location
Q1319103,Q33935,HEADQUARTERS,Location
Q64606192,Q801,HEADQUARTERS,Location
Q2920691,Q33935,HEADQUARTERS,Location
Q2912134,Q430776,HEADQUARTERS,Location
Q4902449,Q1218,HEADQUARTERS,Location
Q111804995,Q168202,HEADQUARTERS,Location
Q6485288,Q192213,HEADQUARTERS,Location
Q806641,Q33935,HEADQUARTERS,Location
Q806641, Q84,HEADQUARTERS,Location
Q108896760,Q33935,HEADQUARTERS,Location
Q553915,Q33935,HEADQUARTERS,Location
Q6039750,Q430776,HEADQUARTERS,Location
Q97220286,Q152396,HEADQUARTERS,Location
Q47481944,Q33935,HEADQUARTERS,Location
Q903957,Q33935,HEADQUARTERS,Location
Q17003938,Q65,HEADQUARTERS,Location
Q35438,Q1218,HEADQUARTERS,Location
Q636231,Q41621,HEADQUARTERS,Location
Q6296982,Q33935,HEADQUARTERS,Location
Q3701622,Q192225,HEADQUARTERS,Location
Q61994838,Q33935,HEADQUARTERS,Location
Q58207104,Q60,HEADQUARTERS,Location
Q2777129,Q192807,HEADQUARTERS,Location
Q187212,Q152491,HEADQUARTERS,Location
Q20050673,Q152491,HEADQUARTERS,Location
Q2351312,Q7185494,HEADQUARTERS,Location
Q2351312, Q33935,HEADQUARTERS,Location
Q64769225,Q2889835,HEADQUARTERS,Location
Q6761151,Q2895304,HEADQUARTERS,Location
Q108119368,Q33935,HEADQUARTERS,Location
Q24909927,Q33935,HEADQUARTERS,Location
Q17013305,Q1218,HEADQUARTERS,Location
Q7187611,Q1218,HEADQUARTERS,Location
Q109638916,Q152491,HEADQUARTERS,Location
Q110088556,Q25489681,HEADQUARTERS,Location
Q2120877,Q190828,HEADQUARTERS,Location
Q6087908,Q33935,HEADQUARTERS,Location
Q56239767,Q33935,HEADQUARTERS,Location
Q43008529,Q213274,HEADQUARTERS,Location
Q104599960,Q1218,HEADQUARTERS,Location
Q89314470,Q2640151,HEADQUARTERS,Location
Q105620681,Q190828,HEADQUARTERS,Location
Q2903265,Q33935,HEADQUARTERS,Location
Q176587,Q33935,HEADQUARTERS,Location
Q105620578,Q863886,HEADQUARTERS,Location
Q108678966,Q801,HEADQUARTERS,Location
Q97323112,Q33935,HEADQUARTERS,Location
Q2910545,Q801,HEADQUARTERS,Location
Q111793494,Q207350,HEADQUARTERS,Location
Q109967445,Q33935,HEADQUARTERS,Location
Q109289327,Q33935,HEADQUARTERS,Location
Q2901365,Q1218,HEADQUARTERS,Location
Q208489,Q181479,HEADQUARTERS,Location
Q208489, Q33935,HEADQUARTERS,Location
Q6964738,Q2916678,HEADQUARTERS,Location
Q2893391,Q17061570,HEADQUARTERS,Location
Q6035779,Q1218,HEADQUARTERS,Location
Q22908338,Q33935,HEADQUARTERS,Location
Q114056884,Q207540,HEADQUARTERS,Location
Q2912104,Q190828,HEADQUARTERS,Location
Q31197421,Q1218,HEADQUARTERS,Location
Q6891113,Q33935,HEADQUARTERS,Location
Q1566222,Q18419,HEADQUARTERS,Location
Q60642552,Q1615560,HEADQUARTERS,Location
Q716861,Q4568494,GROUPED_IN,Group
Q6039750,Q4568494,GROUPED_IN,Group
Q176587,Q507306,GROUPED_IN,Group
Q25490608,Q801,RESIDES_IN,Location
Q30561822,Q801,RESIDES_IN,Location
Q65252074,Q801,RESIDES_IN,Location
Q558002,Q801,RESIDES_IN,Location
Q22907681,Q801,RESIDES_IN,Location
Q38219356,Q801,RESIDES_IN,Location
Q2666775,Q801,RESIDES_IN,Location
Q110908176,Q801,RESIDES_IN,Location
Q4523181,Q801,RESIDES_IN,Location
Q7205567,Q801,RESIDES_IN,Location
Q2915481,Q801,RESIDES_IN,Location
Q6784385,Q801,RESIDES_IN,Location
Q43295781,Q801,RESIDES_IN,Location
Q133706,Q801,RESIDES_IN,Location
Q111506692,Q801,RESIDES_IN,Location
Q73878156,Q801,RESIDES_IN,Location
Q13220217,Q801,RESIDES_IN,Location
Q57981223,Q801,RESIDES_IN,Location
Q96398827,Q801,RESIDES_IN,Location
Q5063615,Q801,RESIDES_IN,Location
Q7187667,Q801,RESIDES_IN,Location
Q2777497,Q801,RESIDES_IN,Location
Q6561327,Q801,RESIDES_IN,Location
Q106946293,Q30,RESIDES_IN,Location
Q7253897,Q801,RESIDES_IN,Location
Q2091479,Q801,RESIDES_IN,Location
Q12061542,Q801,RESIDES_IN,Location
Q16130352,Q801,RESIDES_IN,Location
Q7251166,Q801,RESIDES_IN,Location
Q109676211,Q801,RESIDES_IN,Location
Q2894259,Q801,RESIDES_IN,Location
Q55649682,Q801,RESIDES_IN,Location
Q64767402,Q801,RESIDES_IN,Location
Q84765510,Q801,RESIDES_IN,Location
Q420506,Q801,RESIDES_IN,Location
Q66881275,Q801,RESIDES_IN,Location
Q61126698,Q801,RESIDES_IN,Location
Q7035131,Q801,RESIDES_IN,Location
Q96179406,Q801,RESIDES_IN,Location
Q1265181,Q30,RESIDES_IN,Location
Q55649044,Q801,RESIDES_IN,Location
Q105577061,Q801,RESIDES_IN,Location
Q1132126,Q801,RESIDES_IN,Location
Q111399918,Q801,RESIDES_IN,Location
Q108837504,Q801,RESIDES_IN,Location
Q112078977,Q801,RESIDES_IN,Location
Q5410132,Q801,RESIDES_IN,Location
Q250362,Q801,RESIDES_IN,Location
Q16132374,Q801,RESIDES_IN,Location
Q7024318,Q801,RESIDES_IN,Location
Q86001741,Q801,RESIDES_IN,Location
Q112844954,Q801,RESIDES_IN,Location
Q59016148,Q801,RESIDES_IN,Location
Q98608948,Q30,RESIDES_IN,Location
Q553149,Q801,RESIDES_IN,Location
Q96739624,Q801,RESIDES_IN,Location
Q108828690,Q801,RESIDES_IN,Location
Q61126718,Q801,RESIDES_IN,Location
Q601702,Q801,RESIDES_IN,Location
Q55647697,Q801,RESIDES_IN,Location
Q876017,Q801,RESIDES_IN,Location
Q53762345,Q801,RESIDES_IN,Location
Q1995995,Q801,RESIDES_IN,Location
Q114865959,Q801,RESIDES_IN,Location
Q96407472,Q801,RESIDES_IN,Location
Q17051632,Q801,RESIDES_IN,Location
Q104888165,Q801,RESIDES_IN,Location
Q716861,Q801,RESIDES_IN,Location
Q2909707,Q801,RESIDES_IN,Location
Q100292119,Q801,RESIDES_IN,Location
Q17050559,Q801,RESIDES_IN,Location
Q12404107,Q801,RESIDES_IN,Location
Q28016084,Q801,RESIDES_IN,Location
Q6781793,Q801,RESIDES_IN,Location
Q17089575,Q801,RESIDES_IN,Location
Q2120867,Q801,RESIDES_IN,Location
Q113965744,Q801,RESIDES_IN,Location
Q17492375,Q801,RESIDES_IN,Location
Q65089744,Q801,RESIDES_IN,Location
Q106687542,Q801,RESIDES_IN,Location
Q7216435,Q801,RESIDES_IN,Location
Q671700,Q801,RESIDES_IN,Location
Q109711537,Q801,RESIDES_IN,Location
Q73409061,Q801,RESIDES_IN,Location
Q1028633,Q801,RESIDES_IN,Location
Q109648854,Q801,RESIDES_IN,Location
Q6593578,Q801,RESIDES_IN,Location
Q108884640,Q801,RESIDES_IN,Location
Q7045006,Q801,RESIDES_IN,Location
Q5968953,Q801,RESIDES_IN,Location
Q106483061,Q801,RESIDES_IN,Location
Q6795120,Q801,RESIDES_IN,Location
Q16129872,Q801,RESIDES_IN,Location
Q54621346,Q801,RESIDES_IN,Location
Q7643090,Q801,RESIDES_IN,Location
Q110739707,Q801,RESIDES_IN,Location
Q156591,Q801,RESIDES_IN,Location
Q18390972,Q801,RESIDES_IN,Location
Q55267081,Q801,RESIDES_IN,Location
Q319239,Q801,RESIDES_IN,Location
Q48969811,Q801,RESIDES_IN,Location
Q65252368,Q801,RESIDES_IN,Location
Q2000500,Q801,RESIDES_IN,Location
Q7913486,Q801,RESIDES_IN,Location
Q5058279,Q801,RESIDES_IN,Location
Q4770444,Q801,RESIDES_IN,Location
Q96249637,Q801,RESIDES_IN,Location
Q92583548,Q801,RESIDES_IN,Location
Q1632726,Q801,RESIDES_IN,Location
Q25496011,Q801,RESIDES_IN,Location
Q80471925,Q801,RESIDES_IN,Location
Q65120554,Q801,RESIDES_IN,Location
Q109289353,Q801,RESIDES_IN,Location
Q100989567,Q801,RESIDES_IN,Location
Q15614811,Q801,RESIDES_IN,Location
Q55708368,Q801,RESIDES_IN,Location
Q7857371,Q801,RESIDES_IN,Location
Q114093396,Q801,RESIDES_IN,Location
Q63223576,Q801,RESIDES_IN,Location
Q55705977,Q801,RESIDES_IN,Location
Q16131796,Q801,RESIDES_IN,Location
Q86005273,Q801,RESIDES_IN,Location
Q589757,Q801,RESIDES_IN,Location
Q898750,Q801,RESIDES_IN,Location
Q111033086,Q801,RESIDES_IN,Location
Q2903995,Q801,RESIDES_IN,Location
Q6629012,Q801,RESIDES_IN,Location
Q6594741,Q801,RESIDES_IN,Location
Q25489624,Q801,RESIDES_IN,Location
Q16129882,Q801,RESIDES_IN,Location
Q102242426,Q801,RESIDES_IN,Location
Q2910498,Q801,RESIDES_IN,Location
Q6775183,Q801,RESIDES_IN,Location
Q110932992,Q801,RESIDES_IN,Location
Q50809155,Q801,RESIDES_IN,Location
Q28887850,Q801,RESIDES_IN,Location
Q7695595,Q801,RESIDES_IN,Location
Q18191316,Q801,RESIDES_IN,Location
Q244411,Q801,RESIDES_IN,Location
Q6620913,Q801,RESIDES_IN,Location
Q104844406,Q801,RESIDES_IN,Location
Q2897763,Q801,RESIDES_IN,Location
Q6635912,Q801,RESIDES_IN,Location
Q64769233,Q801,RESIDES_IN,Location
Q22022271,Q30,RESIDES_IN,Location
Q1287771,Q801,RESIDES_IN,Location
Q683006,Q801,RESIDES_IN,Location
Q30282200,Q801,RESIDES_IN,Location
Q110935815,Q801,RESIDES_IN,Location
Q6957261,Q801,RESIDES_IN,Location
Q6124655,Q801,RESIDES_IN,Location
Q7829730,Q801,RESIDES_IN,Location
Q76596988,Q801,RESIDES_IN,Location
Q65071572,Q801,RESIDES_IN,Location
Q56148954,Q801,RESIDES_IN,Location
Q30527239,Q801,RESIDES_IN,Location
Q11286604,Q801,RESIDES_IN,Location
Q3315661,Q801,RESIDES_IN,Location
Q28605484,Q801,RESIDES_IN,Location
Q109592043,Q801,RESIDES_IN,Location
Q846655,Q801,RESIDES_IN,Location
Q145848,Q801,RESIDES_IN,Location
Q7057154,Q801,RESIDES_IN,Location
Q853619,Q801,RESIDES_IN,Location
Q741891,Q801,RESIDES_IN,Location
Q64767399,Q801,RESIDES_IN,Location
Q7210646,Q801,RESIDES_IN,Location
Q106803133,Q801,RESIDES_IN,Location
Q6743833,Q801,RESIDES_IN,Location
Q6846557,Q801,RESIDES_IN,Location
Q216393,Q801,RESIDES_IN,Location
Q60752890,Q801,RESIDES_IN,Location
Q1536651,Q801,RESIDES_IN,Location
Q65249705,Q801,RESIDES_IN,Location
Q7444794,Q801,RESIDES_IN,Location
Q6979325,Q801,RESIDES_IN,Location
Q110687861,Q801,RESIDES_IN,Location
Q1987800,Q801,RESIDES_IN,Location
Q25489639,Q801,RESIDES_IN,Location
Q28404455,Q801,RESIDES_IN,Location
Q64423008,Q801,RESIDES_IN,Location
Q112083313,Q801,RESIDES_IN,Location
Q101435480,Q801,RESIDES_IN,Location
Q108836932,Q801,RESIDES_IN,Location
Q847262,Q801,RESIDES_IN,Location
Q105355950,Q801,RESIDES_IN,Location
Q109567777,Q801,RESIDES_IN,Location
Q55649393,Q801,RESIDES_IN,Location
Q66005347,Q801,RESIDES_IN,Location
Q2909872,Q159,RESIDES_IN,Location
Q104599955,Q801,RESIDES_IN,Location
Q111745027,Q801,RESIDES_IN,Location
Q820517,Q801,RESIDES_IN,Location
Q25492540,Q801,RESIDES_IN,Location
Q2915148,Q801,RESIDES_IN,Location
Q113882479,Q801,RESIDES_IN,Location
Q30527111,Q801,RESIDES_IN,Location
Q1319103,Q801,RESIDES_IN,Location
Q64606192,Q801,RESIDES_IN,Location
Q61126385,Q801,RESIDES_IN,Location
Q2920691,Q801,RESIDES_IN,Location
Q2912134,Q801,RESIDES_IN,Location
Q99524961,Q801,RESIDES_IN,Location
Q20502713,Q801,RESIDES_IN,Location
Q4902449,Q801,RESIDES_IN,Location
Q111804995,Q801,RESIDES_IN,Location
Q6485288,Q801,RESIDES_IN,Location
Q806641,Q801,RESIDES_IN,Location
Q108896760,Q801,RESIDES_IN,Location
Q55655335,Q801,RESIDES_IN,Location
Q72549965,Q801,RESIDES_IN,Location
Q12403216,Q801,RESIDES_IN,Location
Q553915,Q801,RESIDES_IN,Location
Q66827446,Q801,RESIDES_IN,Location
Q6039750,Q801,RESIDES_IN,Location
Q97220286,Q801,RESIDES_IN,Location
Q47481944,Q801,RESIDES_IN,Location
Q903957,Q801,RESIDES_IN,Location
Q17003938,Q801,RESIDES_IN,Location
Q35438,Q801,RESIDES_IN,Location
Q108874744,Q801,RESIDES_IN,Location
Q636231,Q801,RESIDES_IN,Location
Q6296982,Q801,RESIDES_IN,Location
Q97210886,Q801,RESIDES_IN,Location
Q3701622,Q801,RESIDES_IN,Location
Q61994838,Q801,RESIDES_IN,Location
Q58207104,Q801,RESIDES_IN,Location
Q20502341,Q801,RESIDES_IN,Location
Q2777129,Q801,RESIDES_IN,Location
Q187212,Q801,RESIDES_IN,Location
Q20050673,Q801,RESIDES_IN,Location
Q2351312,Q801,RESIDES_IN,Location
Q64769225,Q801,RESIDES_IN,Location
Q6761151,Q801,RESIDES_IN,Location
Q108119368,Q801,RESIDES_IN,Location
Q104772219,Q801,RESIDES_IN,Location
Q6632716,Q801,RESIDES_IN,Location
Q6812624,Q801,RESIDES_IN,Location
Q24909927,Q801,RESIDES_IN,Location
Q17013305,Q801,RESIDES_IN,Location
Q7187611,Q801,RESIDES_IN,Location
Q109638916,Q801,RESIDES_IN,Location
Q110088556,Q801,RESIDES_IN,Location
Q2120877,Q801,RESIDES_IN,Location
Q6087908,Q801,RESIDES_IN,Location
Q56239767,Q801,RESIDES_IN,Location
Q43008529,Q801,RESIDES_IN,Location
Q104599960,Q801,RESIDES_IN,Location
Q6565462,Q801,RESIDES_IN,Location
Q105690872,Q801,RESIDES_IN,Location
Q6583383,Q801,RESIDES_IN,Location
Q89314470,Q801,RESIDES_IN,Location
Q6619039,Q801,RESIDES_IN,Location
Q105620681,Q801,RESIDES_IN,Location
Q16341218,Q801,RESIDES_IN,Location
Q2903265,Q801,RESIDES_IN,Location
Q176587,Q801,RESIDES_IN,Location
Q105620578,Q801,RESIDES_IN,Location
Q115120229,Q801,RESIDES_IN,Location
Q108678966,Q801,RESIDES_IN,Location
Q6578464,Q801,RESIDES_IN,Location
Q97323112,Q801,RESIDES_IN,Location
Q99632665,Q801,RESIDES_IN,Location
Q2910545,Q801,RESIDES_IN,Location
Q105219425,Q801,RESIDES_IN,Location
Q111793494,Q801,RESIDES_IN,Location
Q109967445,Q801,RESIDES_IN,Location
Q109289327,Q801,RESIDES_IN,Location
Q2901365,Q801,RESIDES_IN,Location
Q208489,Q801,RESIDES_IN,Location
Q6964738,Q801,RESIDES_IN,Location
Q2893391,Q801,RESIDES_IN,Location
Q6035779,Q801,RESIDES_IN,Location
Q66827629,Q801,RESIDES_IN,Location
Q100621757,Q801,RESIDES_IN,Location
Q61125746,Q801,RESIDES_IN,Location
Q67170818,Q801,RESIDES_IN,Location
Q59229674,Q801,RESIDES_IN,Location
Q98124750,Q801,RESIDES_IN,Location
Q110460017,Q801,RESIDES_IN,Location
Q22908338,Q801,RESIDES_IN,Location
Q110739667,Q801,RESIDES_IN,Location
Q114836180,Q801,RESIDES_IN,Location
Q114056884,Q801,RESIDES_IN,Location
Q63529503,Q801,RESIDES_IN,Location
Q2912104,Q801,RESIDES_IN,Location
Q31197421,Q801,RESIDES_IN,Location
Q7219274,Q801,RESIDES_IN,Location
Q6891113,Q801,RESIDES_IN,Location
Q97207539,Q801,RESIDES_IN,Location
Q1566222,Q801,RESIDES_IN,Location
Q60642552,Q801,RESIDES_IN,Location
Q57981223,1_employee_count,EMPLOYEE_COUNT_BAND,Quant_Metric
Q420506,1_employee_count,EMPLOYEE_COUNT_BAND,Quant_Metric
Q876017,3_employee_count,EMPLOYEE_COUNT_BAND,Quant_Metric
Q2000500,1_employee_count,EMPLOYEE_COUNT_BAND,Quant_Metric
Q898750,9_employee_count,EMPLOYEE_COUNT_BAND,Quant_Metric
Q853619,1_employee_count,EMPLOYEE_COUNT_BAND,Quant_Metric
Q853619,9_profit,PROFIT_BAND,Quant_Metric
Q2901365,1_profit,PROFIT_BAND,Quant_Metric
Q25490608,4_assets,ASSETS_BAND,Quant_Metric
Q30561822,4_assets,ASSETS_BAND,Quant_Metric
Q65252074,4_assets,ASSETS_BAND,Quant_Metric
Q558002,4_assets,ASSETS_BAND,Quant_Metric
Q22907681,4_assets,ASSETS_BAND,Quant_Metric
Q38219356,4_assets,ASSETS_BAND,Quant_Metric
Q2666775,4_assets,ASSETS_BAND,Quant_Metric
Q110908176,4_assets,ASSETS_BAND,Quant_Metric
Q4523181,4_assets,ASSETS_BAND,Quant_Metric
Q7205567,4_assets,ASSETS_BAND,Quant_Metric
Q2915481,4_assets,ASSETS_BAND,Quant_Metric
Q6784385,4_assets,ASSETS_BAND,Quant_Metric
Q43295781,4_assets,ASSETS_BAND,Quant_Metric
Q133706,4_assets,ASSETS_BAND,Quant_Metric
Q111506692,4_assets,ASSETS_BAND,Quant_Metric
Q73878156,4_assets,ASSETS_BAND,Quant_Metric
Q13220217,4_assets,ASSETS_BAND,Quant_Metric
Q57981223,4_assets,ASSETS_BAND,Quant_Metric
Q96398827,4_assets,ASSETS_BAND,Quant_Metric
Q5063615,4_assets,ASSETS_BAND,Quant_Metric
Q7187667,4_assets,ASSETS_BAND,Quant_Metric
Q2777497,4_assets,ASSETS_BAND,Quant_Metric
Q6561327,4_assets,ASSETS_BAND,Quant_Metric
Q106946293,4_assets,ASSETS_BAND,Quant_Metric
Q7253897,4_assets,ASSETS_BAND,Quant_Metric
Q2091479,4_assets,ASSETS_BAND,Quant_Metric
Q12061542,4_assets,ASSETS_BAND,Quant_Metric
Q16130352,4_assets,ASSETS_BAND,Quant_Metric
Q7251166,4_assets,ASSETS_BAND,Quant_Metric
Q109676211,4_assets,ASSETS_BAND,Quant_Metric
Q2894259,4_assets,ASSETS_BAND,Quant_Metric
Q55649682,4_assets,ASSETS_BAND,Quant_Metric
Q64767402,4_assets,ASSETS_BAND,Quant_Metric
Q84765510,4_assets,ASSETS_BAND,Quant_Metric
Q420506,4_assets,ASSETS_BAND,Quant_Metric
Q66881275,4_assets,ASSETS_BAND,Quant_Metric
Q61126698,4_assets,ASSETS_BAND,Quant_Metric
Q7035131,4_assets,ASSETS_BAND,Quant_Metric
Q96179406,4_assets,ASSETS_BAND,Quant_Metric
Q1265181,4_assets,ASSETS_BAND,Quant_Metric
Q55649044,4_assets,ASSETS_BAND,Quant_Metric
Q105577061,4_assets,ASSETS_BAND,Quant_Metric
Q1132126,4_assets,ASSETS_BAND,Quant_Metric
Q111399918,4_assets,ASSETS_BAND,Quant_Metric
Q108837504,4_assets,ASSETS_BAND,Quant_Metric
Q112078977,4_assets,ASSETS_BAND,Quant_Metric
Q5410132,4_assets,ASSETS_BAND,Quant_Metric
Q250362,4_assets,ASSETS_BAND,Quant_Metric
Q16132374,4_assets,ASSETS_BAND,Quant_Metric
Q7024318,4_assets,ASSETS_BAND,Quant_Metric
Q86001741,4_assets,ASSETS_BAND,Quant_Metric
Q112844954,4_assets,ASSETS_BAND,Quant_Metric
Q59016148,4_assets,ASSETS_BAND,Quant_Metric
Q98608948,4_assets,ASSETS_BAND,Quant_Metric
Q553149,4_assets,ASSETS_BAND,Quant_Metric
Q96739624,4_assets,ASSETS_BAND,Quant_Metric
Q108828690,4_assets,ASSETS_BAND,Quant_Metric
Q61126718,4_assets,ASSETS_BAND,Quant_Metric
Q601702,4_assets,ASSETS_BAND,Quant_Metric
Q55647697,4_assets,ASSETS_BAND,Quant_Metric
Q876017,4_assets,ASSETS_BAND,Quant_Metric
Q53762345,4_assets,ASSETS_BAND,Quant_Metric
Q1995995,4_assets,ASSETS_BAND,Quant_Metric
Q114865959,4_assets,ASSETS_BAND,Quant_Metric
Q96407472,4_assets,ASSETS_BAND,Quant_Metric
Q17051632,4_assets,ASSETS_BAND,Quant_Metric
Q104888165,4_assets,ASSETS_BAND,Quant_Metric
Q716861,4_assets,ASSETS_BAND,Quant_Metric
Q2909707,4_assets,ASSETS_BAND,Quant_Metric
Q100292119,4_assets,ASSETS_BAND,Quant_Metric
Q17050559,4_assets,ASSETS_BAND,Quant_Metric
Q12404107,4_assets,ASSETS_BAND,Quant_Metric
Q28016084,4_assets,ASSETS_BAND,Quant_Metric
Q6781793,4_assets,ASSETS_BAND,Quant_Metric
Q17089575,4_assets,ASSETS_BAND,Quant_Metric
Q2120867,4_assets,ASSETS_BAND,Quant_Metric
Q113965744,4_assets,ASSETS_BAND,Quant_Metric
Q17492375,4_assets,ASSETS_BAND,Quant_Metric
Q65089744,4_assets,ASSETS_BAND,Quant_Metric
Q106687542,4_assets,ASSETS_BAND,Quant_Metric
Q7216435,4_assets,ASSETS_BAND,Quant_Metric
Q671700,4_assets,ASSETS_BAND,Quant_Metric
Q109711537,4_assets,ASSETS_BAND,Quant_Metric
Q73409061,4_assets,ASSETS_BAND,Quant_Metric
Q1028633,4_assets,ASSETS_BAND,Quant_Metric
Q109648854,4_assets,ASSETS_BAND,Quant_Metric
Q6593578,4_assets,ASSETS_BAND,Quant_Metric
Q108884640,4_assets,ASSETS_BAND,Quant_Metric
Q7045006,4_assets,ASSETS_BAND,Quant_Metric
Q5968953,4_assets,ASSETS_BAND,Quant_Metric
Q106483061,4_assets,ASSETS_BAND,Quant_Metric
Q6795120,4_assets,ASSETS_BAND,Quant_Metric
Q16129872,4_assets,ASSETS_BAND,Quant_Metric
Q54621346,4_assets,ASSETS_BAND,Quant_Metric
Q7643090,4_assets,ASSETS_BAND,Quant_Metric
Q110739707,4_assets,ASSETS_BAND,Quant_Metric
Q156591,4_assets,ASSETS_BAND,Quant_Metric
Q18390972,4_assets,ASSETS_BAND,Quant_Metric
Q55267081,4_assets,ASSETS_BAND,Quant_Metric
Q319239,4_assets,ASSETS_BAND,Quant_Metric
Q48969811,4_assets,ASSETS_BAND,Quant_Metric
Q65252368,4_assets,ASSETS_BAND,Quant_Metric
Q2000500,4_assets,ASSETS_BAND,Quant_Metric
Q7913486,4_assets,ASSETS_BAND,Quant_Metric
Q5058279,4_assets,ASSETS_BAND,Quant_Metric
Q4770444,4_assets,ASSETS_BAND,Quant_Metric
Q96249637,4_assets,ASSETS_BAND,Quant_Metric
Q92583548,4_assets,ASSETS_BAND,Quant_Metric
Q1632726,4_assets,ASSETS_BAND,Quant_Metric
Q25496011,4_assets,ASSETS_BAND,Quant_Metric
Q80471925,4_assets,ASSETS_BAND,Quant_Metric
Q65120554,4_assets,ASSETS_BAND,Quant_Metric
Q109289353,4_assets,ASSETS_BAND,Quant_Metric
Q100989567,4_assets,ASSETS_BAND,Quant_Metric
Q15614811,4_assets,ASSETS_BAND,Quant_Metric
Q55708368,4_assets,ASSETS_BAND,Quant_Metric
Q7857371,4_assets,ASSETS_BAND,Quant_Metric
Q114093396,4_assets,ASSETS_BAND,Quant_Metric
Q63223576,4_assets,ASSETS_BAND,Quant_Metric
Q55705977,4_assets,ASSETS_BAND,Quant_Metric
Q16131796,4_assets,ASSETS_BAND,Quant_Metric
Q86005273,4_assets,ASSETS_BAND,Quant_Metric
Q589757,4_assets,ASSETS_BAND,Quant_Metric
Q898750,4_assets,ASSETS_BAND,Quant_Metric
Q111033086,4_assets,ASSETS_BAND,Quant_Metric
Q2903995,4_assets,ASSETS_BAND,Quant_Metric
Q6629012,4_assets,ASSETS_BAND,Quant_Metric
Q6594741,4_assets,ASSETS_BAND,Quant_Metric
Q25489624,4_assets,ASSETS_BAND,Quant_Metric
Q16129882,4_assets,ASSETS_BAND,Quant_Metric
Q102242426,4_assets,ASSETS_BAND,Quant_Metric
Q2910498,4_assets,ASSETS_BAND,Quant_Metric
Q6775183,4_assets,ASSETS_BAND,Quant_Metric
Q110932992,4_assets,ASSETS_BAND,Quant_Metric
Q50809155,4_assets,ASSETS_BAND,Quant_Metric
Q28887850,4_assets,ASSETS_BAND,Quant_Metric
Q7695595,4_assets,ASSETS_BAND,Quant_Metric
Q18191316,4_assets,ASSETS_BAND,Quant_Metric
Q244411,4_assets,ASSETS_BAND,Quant_Metric
Q6620913,4_assets,ASSETS_BAND,Quant_Metric
Q104844406,4_assets,ASSETS_BAND,Quant_Metric
Q2897763,4_assets,ASSETS_BAND,Quant_Metric
Q6635912,4_assets,ASSETS_BAND,Quant_Metric
Q64769233,4_assets,ASSETS_BAND,Quant_Metric
Q22022271,4_assets,ASSETS_BAND,Quant_Metric
Q1287771,4_assets,ASSETS_BAND,Quant_Metric
Q683006,4_assets,ASSETS_BAND,Quant_Metric
Q30282200,4_assets,ASSETS_BAND,Quant_Metric
Q110935815,4_assets,ASSETS_BAND,Quant_Metric
Q6957261,4_assets,ASSETS_BAND,Quant_Metric
Q6124655,4_assets,ASSETS_BAND,Quant_Metric
Q7829730,4_assets,ASSETS_BAND,Quant_Metric
Q76596988,4_assets,ASSETS_BAND,Quant_Metric
Q65071572,4_assets,ASSETS_BAND,Quant_Metric
Q56148954,4_assets,ASSETS_BAND,Quant_Metric
Q30527239,4_assets,ASSETS_BAND,Quant_Metric
Q11286604,4_assets,ASSETS_BAND,Quant_Metric
Q3315661,4_assets,ASSETS_BAND,Quant_Metric
Q28605484,4_assets,ASSETS_BAND,Quant_Metric
Q109592043,4_assets,ASSETS_BAND,Quant_Metric
Q846655,4_assets,ASSETS_BAND,Quant_Metric
Q145848,4_assets,ASSETS_BAND,Quant_Metric
Q7057154,4_assets,ASSETS_BAND,Quant_Metric
Q853619,4_assets,ASSETS_BAND,Quant_Metric
Q741891,4_assets,ASSETS_BAND,Quant_Metric
Q64767399,4_assets,ASSETS_BAND,Quant_Metric
Q7210646,4_assets,ASSETS_BAND,Quant_Metric
Q106803133,4_assets,ASSETS_BAND,Quant_Metric
Q6743833,4_assets,ASSETS_BAND,Quant_Metric
Q6846557,4_assets,ASSETS_BAND,Quant_Metric
Q216393,4_assets,ASSETS_BAND,Quant_Metric
Q60752890,4_assets,ASSETS_BAND,Quant_Metric
Q1536651,4_assets,ASSETS_BAND,Quant_Metric
Q65249705,4_assets,ASSETS_BAND,Quant_Metric
Q7444794,4_assets,ASSETS_BAND,Quant_Metric
Q6979325,4_assets,ASSETS_BAND,Quant_Metric
Q110687861,4_assets,ASSETS_BAND,Quant_Metric
Q1987800,4_assets,ASSETS_BAND,Quant_Metric
Q25489639,4_assets,ASSETS_BAND,Quant_Metric
Q28404455,4_assets,ASSETS_BAND,Quant_Metric
Q64423008,4_assets,ASSETS_BAND,Quant_Metric
Q112083313,4_assets,ASSETS_BAND,Quant_Metric
Q101435480,4_assets,ASSETS_BAND,Quant_Metric
Q108836932,4_assets,ASSETS_BAND,Quant_Metric
Q847262,4_assets,ASSETS_BAND,Quant_Metric
Q105355950,4_assets,ASSETS_BAND,Quant_Metric
Q109567777,4_assets,ASSETS_BAND,Quant_Metric
Q55649393,4_assets,ASSETS_BAND,Quant_Metric
Q66005347,4_assets,ASSETS_BAND,Quant_Metric
Q2909872,4_assets,ASSETS_BAND,Quant_Metric
Q104599955,4_assets,ASSETS_BAND,Quant_Metric
Q111745027,4_assets,ASSETS_BAND,Quant_Metric
Q820517,4_assets,ASSETS_BAND,Quant_Metric
Q25492540,4_assets,ASSETS_BAND,Quant_Metric
Q2915148,4_assets,ASSETS_BAND,Quant_Metric
Q113882479,4_assets,ASSETS_BAND,Quant_Metric
Q30527111,4_assets,ASSETS_BAND,Quant_Metric
Q1319103,4_assets,ASSETS_BAND,Quant_Metric
Q64606192,4_assets,ASSETS_BAND,Quant_Metric
Q61126385,4_assets,ASSETS_BAND,Quant_Metric
Q2920691,4_assets,ASSETS_BAND,Quant_Metric
Q2912134,4_assets,ASSETS_BAND,Quant_Metric
Q99524961,4_assets,ASSETS_BAND,Quant_Metric
Q20502713,4_assets,ASSETS_BAND,Quant_Metric
Q4902449,4_assets,ASSETS_BAND,Quant_Metric
Q111804995,4_assets,ASSETS_BAND,Quant_Metric
Q6485288,4_assets,ASSETS_BAND,Quant_Metric
Q806641,4_assets,ASSETS_BAND,Quant_Metric
Q108896760,4_assets,ASSETS_BAND,Quant_Metric
Q55655335,4_assets,ASSETS_BAND,Quant_Metric
Q72549965,4_assets,ASSETS_BAND,Quant_Metric
Q12403216,4_assets,ASSETS_BAND,Quant_Metric
Q553915,4_assets,ASSETS_BAND,Quant_Metric
Q66827446,4_assets,ASSETS_BAND,Quant_Metric
Q6039750,4_assets,ASSETS_BAND,Quant_Metric
Q97220286,4_assets,ASSETS_BAND,Quant_Metric
Q47481944,4_assets,ASSETS_BAND,Quant_Metric
Q903957,4_assets,ASSETS_BAND,Quant_Metric
Q17003938,4_assets,ASSETS_BAND,Quant_Metric
Q35438,4_assets,ASSETS_BAND,Quant_Metric
Q108874744,4_assets,ASSETS_BAND,Quant_Metric
Q636231,4_assets,ASSETS_BAND,Quant_Metric
Q6296982,4_assets,ASSETS_BAND,Quant_Metric
Q97210886,4_assets,ASSETS_BAND,Quant_Metric
Q3701622,4_assets,ASSETS_BAND,Quant_Metric
Q61994838,4_assets,ASSETS_BAND,Quant_Metric
Q58207104,4_assets,ASSETS_BAND,Quant_Metric
Q20502341,4_assets,ASSETS_BAND,Quant_Metric
Q2777129,4_assets,ASSETS_BAND,Quant_Metric
Q187212,4_assets,ASSETS_BAND,Quant_Metric
Q20050673,4_assets,ASSETS_BAND,Quant_Metric
Q2351312,4_assets,ASSETS_BAND,Quant_Metric
Q64769225,4_assets,ASSETS_BAND,Quant_Metric
Q6761151,4_assets,ASSETS_BAND,Quant_Metric
Q108119368,4_assets,ASSETS_BAND,Quant_Metric
Q104772219,4_assets,ASSETS_BAND,Quant_Metric
Q6632716,4_assets,ASSETS_BAND,Quant_Metric
Q6812624,4_assets,ASSETS_BAND,Quant_Metric
Q24909927,4_assets,ASSETS_BAND,Quant_Metric
Q17013305,4_assets,ASSETS_BAND,Quant_Metric
Q7187611,4_assets,ASSETS_BAND,Quant_Metric
Q109638916,4_assets,ASSETS_BAND,Quant_Metric
Q110088556,4_assets,ASSETS_BAND,Quant_Metric
Q2120877,4_assets,ASSETS_BAND,Quant_Metric
Q6087908,4_assets,ASSETS_BAND,Quant_Metric
Q56239767,4_assets,ASSETS_BAND,Quant_Metric
Q43008529,4_assets,ASSETS_BAND,Quant_Metric
Q104599960,4_assets,ASSETS_BAND,Quant_Metric
Q6565462,4_assets,ASSETS_BAND,Quant_Metric
Q105690872,4_assets,ASSETS_BAND,Quant_Metric
Q6583383,4_assets,ASSETS_BAND,Quant_Metric
Q89314470,4_assets,ASSETS_BAND,Quant_Metric
Q6619039,4_assets,ASSETS_BAND,Quant_Metric
Q105620681,4_assets,ASSETS_BAND,Quant_Metric
Q16341218,4_assets,ASSETS_BAND,Quant_Metric
Q2903265,4_assets,ASSETS_BAND,Quant_Metric
Q176587,4_assets,ASSETS_BAND,Quant_Metric
Q105620578,4_assets,ASSETS_BAND,Quant_Metric
Q115120229,4_assets,ASSETS_BAND,Quant_Metric
Q108678966,4_assets,ASSETS_BAND,Quant_Metric
Q6578464,4_assets,ASSETS_BAND,Quant_Metric
Q97323112,4_assets,ASSETS_BAND,Quant_Metric
Q99632665,4_assets,ASSETS_BAND,Quant_Metric
Q2910545,4_assets,ASSETS_BAND,Quant_Metric
Q105219425,4_assets,ASSETS_BAND,Quant_Metric
Q111793494,4_assets,ASSETS_BAND,Quant_Metric
Q109967445,4_assets,ASSETS_BAND,Quant_Metric
Q109289327,4_assets,ASSETS_BAND,Quant_Metric
Q2901365,4_assets,ASSETS_BAND,Quant_Metric
Q208489,4_assets,ASSETS_BAND,Quant_Metric
Q6964738,4_assets,ASSETS_BAND,Quant_Metric
Q2893391,4_assets,ASSETS_BAND,Quant_Metric
Q6035779,4_assets,ASSETS_BAND,Quant_Metric
Q66827629,4_assets,ASSETS_BAND,Quant_Metric
Q100621757,4_assets,ASSETS_BAND,Quant_Metric
Q61125746,4_assets,ASSETS_BAND,Quant_Metric
Q67170818,4_assets,ASSETS_BAND,Quant_Metric
Q59229674,4_assets,ASSETS_BAND,Quant_Metric
Q98124750,4_assets,ASSETS_BAND,Quant_Metric
Q110460017,4_assets,ASSETS_BAND,Quant_Metric
Q22908338,4_assets,ASSETS_BAND,Quant_Metric
Q110739667,4_assets,ASSETS_BAND,Quant_Metric
Q114836180,4_assets,ASSETS_BAND,Quant_Metric
Q114056884,4_assets,ASSETS_BAND,Quant_Metric
Q63529503,4_assets,ASSETS_BAND,Quant_Metric
Q2912104,4_assets,ASSETS_BAND,Quant_Metric
Q31197421,4_assets,ASSETS_BAND,Quant_Metric
Q7219274,4_assets,ASSETS_BAND,Quant_Metric
Q6891113,4_assets,ASSETS_BAND,Quant_Metric
Q97207539,4_assets,ASSETS_BAND,Quant_Metric
Q1566222,4_assets,ASSETS_BAND,Quant_Metric
Q60642552,4_assets,ASSETS_BAND,Quant_Metric
Q25490608,4_equity,EQUITY_BAND,Quant_Metric
Q30561822,4_equity,EQUITY_BAND,Quant_Metric
Q65252074,4_equity,EQUITY_BAND,Quant_Metric
Q558002,4_equity,EQUITY_BAND,Quant_Metric
Q22907681,4_equity,EQUITY_BAND,Quant_Metric
Q38219356,4_equity,EQUITY_BAND,Quant_Metric
Q2666775,4_equity,EQUITY_BAND,Quant_Metric
Q110908176,4_equity,EQUITY_BAND,Quant_Metric
Q4523181,4_equity,EQUITY_BAND,Quant_Metric
Q7205567,4_equity,EQUITY_BAND,Quant_Metric
Q2915481,4_equity,EQUITY_BAND,Quant_Metric
Q6784385,4_equity,EQUITY_BAND,Quant_Metric
Q43295781,4_equity,EQUITY_BAND,Quant_Metric
Q133706,4_equity,EQUITY_BAND,Quant_Metric
Q111506692,4_equity,EQUITY_BAND,Quant_Metric
Q73878156,4_equity,EQUITY_BAND,Quant_Metric
Q13220217,4_equity,EQUITY_BAND,Quant_Metric
Q57981223,4_equity,EQUITY_BAND,Quant_Metric
Q96398827,4_equity,EQUITY_BAND,Quant_Metric
Q5063615,4_equity,EQUITY_BAND,Quant_Metric
Q7187667,4_equity,EQUITY_BAND,Quant_Metric
Q2777497,4_equity,EQUITY_BAND,Quant_Metric
Q6561327,4_equity,EQUITY_BAND,Quant_Metric
Q106946293,4_equity,EQUITY_BAND,Quant_Metric
Q7253897,4_equity,EQUITY_BAND,Quant_Metric
Q2091479,4_equity,EQUITY_BAND,Quant_Metric
Q12061542,4_equity,EQUITY_BAND,Quant_Metric
Q16130352,4_equity,EQUITY_BAND,Quant_Metric
Q7251166,4_equity,EQUITY_BAND,Quant_Metric
Q109676211,4_equity,EQUITY_BAND,Quant_Metric
Q2894259,4_equity,EQUITY_BAND,Quant_Metric
Q55649682,4_equity,EQUITY_BAND,Quant_Metric
Q64767402,4_equity,EQUITY_BAND,Quant_Metric
Q84765510,4_equity,EQUITY_BAND,Quant_Metric
Q420506,4_equity,EQUITY_BAND,Quant_Metric
Q66881275,4_equity,EQUITY_BAND,Quant_Metric
Q61126698,4_equity,EQUITY_BAND,Quant_Metric
Q7035131,4_equity,EQUITY_BAND,Quant_Metric
Q96179406,4_equity,EQUITY_BAND,Quant_Metric
Q1265181,4_equity,EQUITY_BAND,Quant_Metric
Q55649044,4_equity,EQUITY_BAND,Quant_Metric
Q105577061,4_equity,EQUITY_BAND,Quant_Metric
Q1132126,4_equity,EQUITY_BAND,Quant_Metric
Q111399918,4_equity,EQUITY_BAND,Quant_Metric
Q108837504,4_equity,EQUITY_BAND,Quant_Metric
Q112078977,4_equity,EQUITY_BAND,Quant_Metric
Q5410132,4_equity,EQUITY_BAND,Quant_Metric
Q250362,4_equity,EQUITY_BAND,Quant_Metric
Q16132374,4_equity,EQUITY_BAND,Quant_Metric
Q7024318,4_equity,EQUITY_BAND,Quant_Metric
Q86001741,4_equity,EQUITY_BAND,Quant_Metric
Q112844954,4_equity,EQUITY_BAND,Quant_Metric
Q59016148,4_equity,EQUITY_BAND,Quant_Metric
Q98608948,4_equity,EQUITY_BAND,Quant_Metric
Q553149,4_equity,EQUITY_BAND,Quant_Metric
Q96739624,4_equity,EQUITY_BAND,Quant_Metric
Q108828690,4_equity,EQUITY_BAND,Quant_Metric
Q61126718,4_equity,EQUITY_BAND,Quant_Metric
Q601702,4_equity,EQUITY_BAND,Quant_Metric
Q55647697,4_equity,EQUITY_BAND,Quant_Metric
Q876017,4_equity,EQUITY_BAND,Quant_Metric
Q53762345,4_equity,EQUITY_BAND,Quant_Metric
Q1995995,4_equity,EQUITY_BAND,Quant_Metric
Q114865959,4_equity,EQUITY_BAND,Quant_Metric
Q96407472,4_equity,EQUITY_BAND,Quant_Metric
Q17051632,4_equity,EQUITY_BAND,Quant_Metric
Q104888165,4_equity,EQUITY_BAND,Quant_Metric
Q716861,4_equity,EQUITY_BAND,Quant_Metric
Q2909707,4_equity,EQUITY_BAND,Quant_Metric
Q100292119,4_equity,EQUITY_BAND,Quant_Metric
Q17050559,4_equity,EQUITY_BAND,Quant_Metric
Q12404107,4_equity,EQUITY_BAND,Quant_Metric
Q28016084,4_equity,EQUITY_BAND,Quant_Metric
Q6781793,4_equity,EQUITY_BAND,Quant_Metric
Q17089575,4_equity,EQUITY_BAND,Quant_Metric
Q2120867,4_equity,EQUITY_BAND,Quant_Metric
Q113965744,4_equity,EQUITY_BAND,Quant_Metric
Q17492375,4_equity,EQUITY_BAND,Quant_Metric
Q65089744,4_equity,EQUITY_BAND,Quant_Metric
Q106687542,4_equity,EQUITY_BAND,Quant_Metric
Q7216435,4_equity,EQUITY_BAND,Quant_Metric
Q671700,4_equity,EQUITY_BAND,Quant_Metric
Q109711537,4_equity,EQUITY_BAND,Quant_Metric
Q73409061,4_equity,EQUITY_BAND,Quant_Metric
Q1028633,4_equity,EQUITY_BAND,Quant_Metric
Q109648854,4_equity,EQUITY_BAND,Quant_Metric
Q6593578,4_equity,EQUITY_BAND,Quant_Metric
Q108884640,4_equity,EQUITY_BAND,Quant_Metric
Q7045006,4_equity,EQUITY_BAND,Quant_Metric
Q5968953,4_equity,EQUITY_BAND,Quant_Metric
Q106483061,4_equity,EQUITY_BAND,Quant_Metric
Q6795120,4_equity,EQUITY_BAND,Quant_Metric
Q16129872,4_equity,EQUITY_BAND,Quant_Metric
Q54621346,4_equity,EQUITY_BAND,Quant_Metric
Q7643090,4_equity,EQUITY_BAND,Quant_Metric
Q110739707,4_equity,EQUITY_BAND,Quant_Metric
Q156591,4_equity,EQUITY_BAND,Quant_Metric
Q18390972,4_equity,EQUITY_BAND,Quant_Metric
Q55267081,4_equity,EQUITY_BAND,Quant_Metric
Q319239,4_equity,EQUITY_BAND,Quant_Metric
Q48969811,4_equity,EQUITY_BAND,Quant_Metric
Q65252368,4_equity,EQUITY_BAND,Quant_Metric
Q2000500,4_equity,EQUITY_BAND,Quant_Metric
Q7913486,4_equity,EQUITY_BAND,Quant_Metric
Q5058279,4_equity,EQUITY_BAND,Quant_Metric
Q4770444,4_equity,EQUITY_BAND,Quant_Metric
Q96249637,4_equity,EQUITY_BAND,Quant_Metric
Q92583548,4_equity,EQUITY_BAND,Quant_Metric
Q1632726,4_equity,EQUITY_BAND,Quant_Metric
Q25496011,4_equity,EQUITY_BAND,Quant_Metric
Q80471925,4_equity,EQUITY_BAND,Quant_Metric
Q65120554,4_equity,EQUITY_BAND,Quant_Metric
Q109289353,4_equity,EQUITY_BAND,Quant_Metric
Q100989567,4_equity,EQUITY_BAND,Quant_Metric
Q15614811,4_equity,EQUITY_BAND,Quant_Metric
Q55708368,4_equity,EQUITY_BAND,Quant_Metric
Q7857371,4_equity,EQUITY_BAND,Quant_Metric
Q114093396,4_equity,EQUITY_BAND,Quant_Metric
Q63223576,4_equity,EQUITY_BAND,Quant_Metric
Q55705977,4_equity,EQUITY_BAND,Quant_Metric
Q16131796,4_equity,EQUITY_BAND,Quant_Metric
Q86005273,4_equity,EQUITY_BAND,Quant_Metric
Q589757,4_equity,EQUITY_BAND,Quant_Metric
Q898750,4_equity,EQUITY_BAND,Quant_Metric
Q111033086,4_equity,EQUITY_BAND,Quant_Metric
Q2903995,4_equity,EQUITY_BAND,Quant_Metric
Q6629012,4_equity,EQUITY_BAND,Quant_Metric
Q6594741,4_equity,EQUITY_BAND,Quant_Metric
Q25489624,4_equity,EQUITY_BAND,Quant_Metric
Q16129882,4_equity,EQUITY_BAND,Quant_Metric
Q102242426,4_equity,EQUITY_BAND,Quant_Metric
Q2910498,4_equity,EQUITY_BAND,Quant_Metric
Q6775183,4_equity,EQUITY_BAND,Quant_Metric
Q110932992,4_equity,EQUITY_BAND,Quant_Metric
Q50809155,4_equity,EQUITY_BAND,Quant_Metric
Q28887850,4_equity,EQUITY_BAND,Quant_Metric
Q7695595,4_equity,EQUITY_BAND,Quant_Metric
Q18191316,4_equity,EQUITY_BAND,Quant_Metric
Q244411,4_equity,EQUITY_BAND,Quant_Metric
Q6620913,4_equity,EQUITY_BAND,Quant_Metric
Q104844406,4_equity,EQUITY_BAND,Quant_Metric
Q2897763,4_equity,EQUITY_BAND,Quant_Metric
Q6635912,4_equity,EQUITY_BAND,Quant_Metric
Q64769233,4_equity,EQUITY_BAND,Quant_Metric
Q22022271,4_equity,EQUITY_BAND,Quant_Metric
Q1287771,4_equity,EQUITY_BAND,Quant_Metric
Q683006,4_equity,EQUITY_BAND,Quant_Metric
Q30282200,4_equity,EQUITY_BAND,Quant_Metric
Q110935815,4_equity,EQUITY_BAND,Quant_Metric
Q6957261,4_equity,EQUITY_BAND,Quant_Metric
Q6124655,4_equity,EQUITY_BAND,Quant_Metric
Q7829730,4_equity,EQUITY_BAND,Quant_Metric
Q76596988,4_equity,EQUITY_BAND,Quant_Metric
Q65071572,4_equity,EQUITY_BAND,Quant_Metric
Q56148954,4_equity,EQUITY_BAND,Quant_Metric
Q30527239,4_equity,EQUITY_BAND,Quant_Metric
Q11286604,4_equity,EQUITY_BAND,Quant_Metric
Q3315661,4_equity,EQUITY_BAND,Quant_Metric
Q28605484,4_equity,EQUITY_BAND,Quant_Metric
Q109592043,4_equity,EQUITY_BAND,Quant_Metric
Q846655,4_equity,EQUITY_BAND,Quant_Metric
Q145848,4_equity,EQUITY_BAND,Quant_Metric
Q7057154,4_equity,EQUITY_BAND,Quant_Metric
Q853619,4_equity,EQUITY_BAND,Quant_Metric
Q741891,4_equity,EQUITY_BAND,Quant_Metric
Q64767399,4_equity,EQUITY_BAND,Quant_Metric
Q7210646,4_equity,EQUITY_BAND,Quant_Metric
Q106803133,4_equity,EQUITY_BAND,Quant_Metric
Q6743833,4_equity,EQUITY_BAND,Quant_Metric
Q6846557,4_equity,EQUITY_BAND,Quant_Metric
Q216393,4_equity,EQUITY_BAND,Quant_Metric
Q60752890,4_equity,EQUITY_BAND,Quant_Metric
Q1536651,4_equity,EQUITY_BAND,Quant_Metric
Q65249705,4_equity,EQUITY_BAND,Quant_Metric
Q7444794,4_equity,EQUITY_BAND,Quant_Metric
Q6979325,4_equity,EQUITY_BAND,Quant_Metric
Q110687861,4_equity,EQUITY_BAND,Quant_Metric
Q1987800,4_equity,EQUITY_BAND,Quant_Metric
Q25489639,4_equity,EQUITY_BAND,Quant_Metric
Q28404455,4_equity,EQUITY_BAND,Quant_Metric
Q64423008,4_equity,EQUITY_BAND,Quant_Metric
Q112083313,4_equity,EQUITY_BAND,Quant_Metric
Q101435480,4_equity,EQUITY_BAND,Quant_Metric
Q108836932,4_equity,EQUITY_BAND,Quant_Metric
Q847262,4_equity,EQUITY_BAND,Quant_Metric
Q105355950,4_equity,EQUITY_BAND,Quant_Metric
Q109567777,4_equity,EQUITY_BAND,Quant_Metric
Q55649393,4_equity,EQUITY_BAND,Quant_Metric
Q66005347,4_equity,EQUITY_BAND,Quant_Metric
Q2909872,4_equity,EQUITY_BAND,Quant_Metric
Q104599955,4_equity,EQUITY_BAND,Quant_Metric
Q111745027,4_equity,EQUITY_BAND,Quant_Metric
Q820517,4_equity,EQUITY_BAND,Quant_Metric
Q25492540,4_equity,EQUITY_BAND,Quant_Metric
Q2915148,4_equity,EQUITY_BAND,Quant_Metric
Q113882479,4_equity,EQUITY_BAND,Quant_Metric
Q30527111,4_equity,EQUITY_BAND,Quant_Metric
Q1319103,4_equity,EQUITY_BAND,Quant_Metric
Q64606192,4_equity,EQUITY_BAND,Quant_Metric
Q61126385,4_equity,EQUITY_BAND,Quant_Metric
Q2920691,4_equity,EQUITY_BAND,Quant_Metric
Q2912134,4_equity,EQUITY_BAND,Quant_Metric
Q99524961,4_equity,EQUITY_BAND,Quant_Metric
Q20502713,4_equity,EQUITY_BAND,Quant_Metric
Q4902449,4_equity,EQUITY_BAND,Quant_Metric
Q111804995,4_equity,EQUITY_BAND,Quant_Metric
Q6485288,4_equity,EQUITY_BAND,Quant_Metric
Q806641,4_equity,EQUITY_BAND,Quant_Metric
Q108896760,4_equity,EQUITY_BAND,Quant_Metric
Q55655335,4_equity,EQUITY_BAND,Quant_Metric
Q72549965,4_equity,EQUITY_BAND,Quant_Metric
Q12403216,4_equity,EQUITY_BAND,Quant_Metric
Q553915,4_equity,EQUITY_BAND,Quant_Metric
Q66827446,4_equity,EQUITY_BAND,Quant_Metric
Q6039750,4_equity,EQUITY_BAND,Quant_Metric
Q97220286,4_equity,EQUITY_BAND,Quant_Metric
Q47481944,4_equity,EQUITY_BAND,Quant_Metric
Q903957,4_equity,EQUITY_BAND,Quant_Metric
Q17003938,4_equity,EQUITY_BAND,Quant_Metric
Q35438,4_equity,EQUITY_BAND,Quant_Metric
Q108874744,4_equity,EQUITY_BAND,Quant_Metric
Q636231,4_equity,EQUITY_BAND,Quant_Metric
Q6296982,4_equity,EQUITY_BAND,Quant_Metric
Q97210886,4_equity,EQUITY_BAND,Quant_Metric
Q3701622,4_equity,EQUITY_BAND,Quant_Metric
Q61994838,4_equity,EQUITY_BAND,Quant_Metric
Q58207104,4_equity,EQUITY_BAND,Quant_Metric
Q20502341,4_equity,EQUITY_BAND,Quant_Metric
Q2777129,4_equity,EQUITY_BAND,Quant_Metric
Q187212,4_equity,EQUITY_BAND,Quant_Metric
Q20050673,4_equity,EQUITY_BAND,Quant_Metric
Q2351312,4_equity,EQUITY_BAND,Quant_Metric
Q64769225,4_equity,EQUITY_BAND,Quant_Metric
Q6761151,4_equity,EQUITY_BAND,Quant_Metric
Q108119368,4_equity,EQUITY_BAND,Quant_Metric
Q104772219,4_equity,EQUITY_BAND,Quant_Metric
Q6632716,4_equity,EQUITY_BAND,Quant_Metric
Q6812624,4_equity,EQUITY_BAND,Quant_Metric
Q24909927,4_equity,EQUITY_BAND,Quant_Metric
Q17013305,4_equity,EQUITY_BAND,Quant_Metric
Q7187611,4_equity,EQUITY_BAND,Quant_Metric
Q109638916,4_equity,EQUITY_BAND,Quant_Metric
Q110088556,4_equity,EQUITY_BAND,Quant_Metric
Q2120877,4_equity,EQUITY_BAND,Quant_Metric
Q6087908,4_equity,EQUITY_BAND,Quant_Metric
Q56239767,4_equity,EQUITY_BAND,Quant_Metric
Q43008529,4_equity,EQUITY_BAND,Quant_Metric
Q104599960,4_equity,EQUITY_BAND,Quant_Metric
Q6565462,4_equity,EQUITY_BAND,Quant_Metric
Q105690872,4_equity,EQUITY_BAND,Quant_Metric
Q6583383,4_equity,EQUITY_BAND,Quant_Metric
Q89314470,4_equity,EQUITY_BAND,Quant_Metric
Q6619039,4_equity,EQUITY_BAND,Quant_Metric
Q105620681,4_equity,EQUITY_BAND,Quant_Metric
Q16341218,4_equity,EQUITY_BAND,Quant_Metric
Q2903265,4_equity,EQUITY_BAND,Quant_Metric
Q176587,4_equity,EQUITY_BAND,Quant_Metric
Q105620578,4_equity,EQUITY_BAND,Quant_Metric
Q115120229,4_equity,EQUITY_BAND,Quant_Metric
Q108678966,4_equity,EQUITY_BAND,Quant_Metric
Q6578464,4_equity,EQUITY_BAND,Quant_Metric
Q97323112,4_equity,EQUITY_BAND,Quant_Metric
Q99632665,4_equity,EQUITY_BAND,Quant_Metric
Q2910545,4_equity,EQUITY_BAND,Quant_Metric
Q105219425,4_equity,EQUITY_BAND,Quant_Metric
Q111793494,4_equity,EQUITY_BAND,Quant_Metric
Q109967445,4_equity,EQUITY_BAND,Quant_Metric
Q109289327,4_equity,EQUITY_BAND,Quant_Metric
Q2901365,4_equity,EQUITY_BAND,Quant_Metric
Q208489,4_equity,EQUITY_BAND,Quant_Metric
Q6964738,4_equity,EQUITY_BAND,Quant_Metric
Q2893391,4_equity,EQUITY_BAND,Quant_Metric
Q6035779,4_equity,EQUITY_BAND,Quant_Metric
Q66827629,4_equity,EQUITY_BAND,Quant_Metric
Q100621757,4_equity,EQUITY_BAND,Quant_Metric
Q61125746,4_equity,EQUITY_BAND,Quant_Metric
Q67170818,4_equity,EQUITY_BAND,Quant_Metric
Q59229674,4_equity,EQUITY_BAND,Quant_Metric
Q98124750,4_equity,EQUITY_BAND,Quant_Metric
Q110460017,4_equity,EQUITY_BAND,Quant_Metric
Q22908338,4_equity,EQUITY_BAND,Quant_Metric
Q110739667,4_equity,EQUITY_BAND,Quant_Metric
Q114836180,4_equity,EQUITY_BAND,Quant_Metric
Q114056884,4_equity,EQUITY_BAND,Quant_Metric
Q63529503,4_equity,EQUITY_BAND,Quant_Metric
Q2912104,4_equity,EQUITY_BAND,Quant_Metric
Q31197421,4_equity,EQUITY_BAND,Quant_Metric
Q7219274,4_equity,EQUITY_BAND,Quant_Metric
Q6891113,4_equity,EQUITY_BAND,Quant_Metric
Q97207539,4_equity,EQUITY_BAND,Quant_Metric
Q1566222,4_equity,EQUITY_BAND,Quant_Metric
Q60642552,4_equity,EQUITY_BAND,Quant_Metric
Q25490608,4_market_cap,MARKET_CAP_BAND,Quant_Metric
Q30561822,4_market_cap,MARKET_CAP_BAND,Quant_Metric
Q65252074,4_market_cap,MARKET_CAP_BAND,Quant_Metric
Q558002,4_market_cap,MARKET_CAP_BAND,Quant_Metric
Q22907681,4_market_cap,MARKET_CAP_BAND,Quant_Metric
Q38219356,4_market_cap,MARKET_CAP_BAND,Quant_Metric
Q2666775,4_market_cap,MARKET_CAP_BAND,Quant_Metric
Q110908176,4_market_cap,MARKET_CAP_BAND,Quant_Metric
Q4523181,4_market_cap,MARKET_CAP_BAND,Quant_Metric
Q7205567,4_market_cap,MARKET_CAP_BAND,Quant_Metric
Q2915481,4_market_cap,MARKET_CAP_BAND,Quant_Metric
Q6784385,4_market_cap,MARKET_CAP_BAND,Quant_Metric
Q43295781,4_market_cap,MARKET_CAP_BAND,Quant_Metric
Q133706,4_market_cap,MARKET_CAP_BAND,Quant_Metric
Q111506692,4_market_cap,MARKET_CAP_BAND,Quant_Metric
Q73878156,4_market_cap,MARKET_CAP_BAND,Quant_Metric
Q13220217,4_market_cap,MARKET_CAP_BAND,Quant_Metric
Q57981223,4_market_cap,MARKET_CAP_BAND,Quant_Metric
Q96398827,4_market_cap,MARKET_CAP_BAND,Quant_Metric
Q5063615,4_market_cap,MARKET_CAP_BAND,Quant_Metric
Q7187667,4_market_cap,MARKET_CAP_BAND,Quant_Metric
Q2777497,4_market_cap,MARKET_CAP_BAND,Quant_Metric
Q6561327,4_market_cap,MARKET_CAP_BAND,Quant_Metric
Q106946293,4_market_cap,MARKET_CAP_BAND,Quant_Metric
Q7253897,4_market_cap,MARKET_CAP_BAND,Quant_Metric
Q2091479,4_market_cap,MARKET_CAP_BAND,Quant_Metric
Q12061542,4_market_cap,MARKET_CAP_BAND,Quant_Metric
Q16130352,4_market_cap,MARKET_CAP_BAND,Quant_Metric
Q7251166,4_market_cap,MARKET_CAP_BAND,Quant_Metric
Q109676211,4_market_cap,MARKET_CAP_BAND,Quant_Metric
Q2894259,4_market_cap,MARKET_CAP_BAND,Quant_Metric
Q55649682,4_market_cap,MARKET_CAP_BAND,Quant_Metric
Q64767402,4_market_cap,MARKET_CAP_BAND,Quant_Metric
Q84765510,4_market_cap,MARKET_CAP_BAND,Quant_Metric
Q420506,4_market_cap,MARKET_CAP_BAND,Quant_Metric
Q66881275,4_market_cap,MARKET_CAP_BAND,Quant_Metric
Q61126698,4_market_cap,MARKET_CAP_BAND,Quant_Metric
Q7035131,4_market_cap,MARKET_CAP_BAND,Quant_Metric
Q96179406,4_market_cap,MARKET_CAP_BAND,Quant_Metric
Q1265181,4_market_cap,MARKET_CAP_BAND,Quant_Metric
Q55649044,4_market_cap,MARKET_CAP_BAND,Quant_Metric
Q105577061,4_market_cap,MARKET_CAP_BAND,Quant_Metric
Q1132126,4_market_cap,MARKET_CAP_BAND,Quant_Metric
Q111399918,4_market_cap,MARKET_CAP_BAND,Quant_Metric
Q108837504,4_market_cap,MARKET_CAP_BAND,Quant_Metric
Q112078977,4_market_cap,MARKET_CAP_BAND,Quant_Metric
Q5410132,4_market_cap,MARKET_CAP_BAND,Quant_Metric
Q250362,4_market_cap,MARKET_CAP_BAND,Quant_Metric
Q16132374,4_market_cap,MARKET_CAP_BAND,Quant_Metric
Q7024318,4_market_cap,MARKET_CAP_BAND,Quant_Metric
Q86001741,4_market_cap,MARKET_CAP_BAND,Quant_Metric
Q112844954,4_market_cap,MARKET_CAP_BAND,Quant_Metric
Q59016148,4_market_cap,MARKET_CAP_BAND,Quant_Metric
Q98608948,4_market_cap,MARKET_CAP_BAND,Quant_Metric
Q553149,4_market_cap,MARKET_CAP_BAND,Quant_Metric
Q96739624,4_market_cap,MARKET_CAP_BAND,Quant_Metric
Q108828690,4_market_cap,MARKET_CAP_BAND,Quant_Metric
Q61126718,4_market_cap,MARKET_CAP_BAND,Quant_Metric
Q601702,4_market_cap,MARKET_CAP_BAND,Quant_Metric
Q55647697,4_market_cap,MARKET_CAP_BAND,Quant_Metric
Q876017,4_market_cap,MARKET_CAP_BAND,Quant_Metric
Q53762345,4_market_cap,MARKET_CAP_BAND,Quant_Metric
Q1995995,4_market_cap,MARKET_CAP_BAND,Quant_Metric
Q114865959,4_market_cap,MARKET_CAP_BAND,Quant_Metric
Q96407472,4_market_cap,MARKET_CAP_BAND,Quant_Metric
Q17051632,4_market_cap,MARKET_CAP_BAND,Quant_Metric
Q104888165,4_market_cap,MARKET_CAP_BAND,Quant_Metric
Q716861,4_market_cap,MARKET_CAP_BAND,Quant_Metric
Q2909707,4_market_cap,MARKET_CAP_BAND,Quant_Metric
Q100292119,4_market_cap,MARKET_CAP_BAND,Quant_Metric
Q17050559,4_market_cap,MARKET_CAP_BAND,Quant_Metric
Q12404107,4_market_cap,MARKET_CAP_BAND,Quant_Metric
Q28016084,4_market_cap,MARKET_CAP_BAND,Quant_Metric
Q6781793,4_market_cap,MARKET_CAP_BAND,Quant_Metric
Q17089575,4_market_cap,MARKET_CAP_BAND,Quant_Metric
Q2120867,4_market_cap,MARKET_CAP_BAND,Quant_Metric
Q113965744,4_market_cap,MARKET_CAP_BAND,Quant_Metric
Q17492375,4_market_cap,MARKET_CAP_BAND,Quant_Metric
Q65089744,4_market_cap,MARKET_CAP_BAND,Quant_Metric
Q106687542,4_market_cap,MARKET_CAP_BAND,Quant_Metric
Q7216435,4_market_cap,MARKET_CAP_BAND,Quant_Metric
Q671700,4_market_cap,MARKET_CAP_BAND,Quant_Metric
Q109711537,4_market_cap,MARKET_CAP_BAND,Quant_Metric
Q73409061,4_market_cap,MARKET_CAP_BAND,Quant_Metric
Q1028633,4_market_cap,MARKET_CAP_BAND,Quant_Metric
Q109648854,4_market_cap,MARKET_CAP_BAND,Quant_Metric
Q6593578,4_market_cap,MARKET_CAP_BAND,Quant_Metric
Q108884640,4_market_cap,MARKET_CAP_BAND,Quant_Metric
Q7045006,4_market_cap,MARKET_CAP_BAND,Quant_Metric
Q5968953,4_market_cap,MARKET_CAP_BAND,Quant_Metric
Q106483061,4_market_cap,MARKET_CAP_BAND,Quant_Metric
Q6795120,4_market_cap,MARKET_CAP_BAND,Quant_Metric
Q16129872,4_market_cap,MARKET_CAP_BAND,Quant_Metric
Q54621346,4_market_cap,MARKET_CAP_BAND,Quant_Metric
Q7643090,4_market_cap,MARKET_CAP_BAND,Quant_Metric
Q110739707,4_market_cap,MARKET_CAP_BAND,Quant_Metric
Q156591,4_market_cap,MARKET_CAP_BAND,Quant_Metric
Q18390972,4_market_cap,MARKET_CAP_BAND,Quant_Metric
Q55267081,4_market_cap,MARKET_CAP_BAND,Quant_Metric
Q319239,4_market_cap,MARKET_CAP_BAND,Quant_Metric
Q48969811,4_market_cap,MARKET_CAP_BAND,Quant_Metric
Q65252368,4_market_cap,MARKET_CAP_BAND,Quant_Metric
Q2000500,4_market_cap,MARKET_CAP_BAND,Quant_Metric
Q7913486,4_market_cap,MARKET_CAP_BAND,Quant_Metric
Q5058279,4_market_cap,MARKET_CAP_BAND,Quant_Metric
Q4770444,4_market_cap,MARKET_CAP_BAND,Quant_Metric
Q96249637,4_market_cap,MARKET_CAP_BAND,Quant_Metric
Q92583548,4_market_cap,MARKET_CAP_BAND,Quant_Metric
Q1632726,4_market_cap,MARKET_CAP_BAND,Quant_Metric
Q25496011,4_market_cap,MARKET_CAP_BAND,Quant_Metric
Q80471925,4_market_cap,MARKET_CAP_BAND,Quant_Metric
Q65120554,4_market_cap,MARKET_CAP_BAND,Quant_Metric
Q109289353,4_market_cap,MARKET_CAP_BAND,Quant_Metric
Q100989567,4_market_cap,MARKET_CAP_BAND,Quant_Metric
Q15614811,4_market_cap,MARKET_CAP_BAND,Quant_Metric
Q55708368,4_market_cap,MARKET_CAP_BAND,Quant_Metric
Q7857371,4_market_cap,MARKET_CAP_BAND,Quant_Metric
Q114093396,4_market_cap,MARKET_CAP_BAND,Quant_Metric
Q63223576,4_market_cap,MARKET_CAP_BAND,Quant_Metric
Q55705977,4_market_cap,MARKET_CAP_BAND,Quant_Metric
Q16131796,4_market_cap,MARKET_CAP_BAND,Quant_Metric
Q86005273,4_market_cap,MARKET_CAP_BAND,Quant_Metric
Q589757,4_market_cap,MARKET_CAP_BAND,Quant_Metric
Q898750,4_market_cap,MARKET_CAP_BAND,Quant_Metric
Q111033086,4_market_cap,MARKET_CAP_BAND,Quant_Metric
Q2903995,4_market_cap,MARKET_CAP_BAND,Quant_Metric
Q6629012,4_market_cap,MARKET_CAP_BAND,Quant_Metric
Q6594741,4_market_cap,MARKET_CAP_BAND,Quant_Metric
Q25489624,4_market_cap,MARKET_CAP_BAND,Quant_Metric
Q16129882,4_market_cap,MARKET_CAP_BAND,Quant_Metric
Q102242426,4_market_cap,MARKET_CAP_BAND,Quant_Metric
Q2910498,4_market_cap,MARKET_CAP_BAND,Quant_Metric
Q6775183,4_market_cap,MARKET_CAP_BAND,Quant_Metric
Q110932992,4_market_cap,MARKET_CAP_BAND,Quant_Metric
Q50809155,4_market_cap,MARKET_CAP_BAND,Quant_Metric
Q28887850,4_market_cap,MARKET_CAP_BAND,Quant_Metric
Q7695595,4_market_cap,MARKET_CAP_BAND,Quant_Metric
Q18191316,4_market_cap,MARKET_CAP_BAND,Quant_Metric
Q244411,4_market_cap,MARKET_CAP_BAND,Quant_Metric
Q6620913,4_market_cap,MARKET_CAP_BAND,Quant_Metric
Q104844406,4_market_cap,MARKET_CAP_BAND,Quant_Metric
Q2897763,4_market_cap,MARKET_CAP_BAND,Quant_Metric
Q6635912,4_market_cap,MARKET_CAP_BAND,Quant_Metric
Q64769233,4_market_cap,MARKET_CAP_BAND,Quant_Metric
Q22022271,4_market_cap,MARKET_CAP_BAND,Quant_Metric
Q1287771,4_market_cap,MARKET_CAP_BAND,Quant_Metric
Q683006,4_market_cap,MARKET_CAP_BAND,Quant_Metric
Q30282200,4_market_cap,MARKET_CAP_BAND,Quant_Metric
Q110935815,4_market_cap,MARKET_CAP_BAND,Quant_Metric
Q6957261,4_market_cap,MARKET_CAP_BAND,Quant_Metric
Q6124655,4_market_cap,MARKET_CAP_BAND,Quant_Metric
Q7829730,4_market_cap,MARKET_CAP_BAND,Quant_Metric
Q76596988,4_market_cap,MARKET_CAP_BAND,Quant_Metric
Q65071572,4_market_cap,MARKET_CAP_BAND,Quant_Metric
Q56148954,4_market_cap,MARKET_CAP_BAND,Quant_Metric
Q30527239,4_market_cap,MARKET_CAP_BAND,Quant_Metric
Q11286604,4_market_cap,MARKET_CAP_BAND,Quant_Metric
Q3315661,4_market_cap,MARKET_CAP_BAND,Quant_Metric
Q28605484,4_market_cap,MARKET_CAP_BAND,Quant_Metric
Q109592043,4_market_cap,MARKET_CAP_BAND,Quant_Metric
Q846655,4_market_cap,MARKET_CAP_BAND,Quant_Metric
Q145848,4_market_cap,MARKET_CAP_BAND,Quant_Metric
Q7057154,4_market_cap,MARKET_CAP_BAND,Quant_Metric
Q853619,4_market_cap,MARKET_CAP_BAND,Quant_Metric
Q741891,4_market_cap,MARKET_CAP_BAND,Quant_Metric
Q64767399,4_market_cap,MARKET_CAP_BAND,Quant_Metric
Q7210646,4_market_cap,MARKET_CAP_BAND,Quant_Metric
Q106803133,4_market_cap,MARKET_CAP_BAND,Quant_Metric
Q6743833,4_market_cap,MARKET_CAP_BAND,Quant_Metric
Q6846557,4_market_cap,MARKET_CAP_BAND,Quant_Metric
Q216393,4_market_cap,MARKET_CAP_BAND,Quant_Metric
Q60752890,4_market_cap,MARKET_CAP_BAND,Quant_Metric
Q1536651,4_market_cap,MARKET_CAP_BAND,Quant_Metric
Q65249705,4_market_cap,MARKET_CAP_BAND,Quant_Metric
Q7444794,4_market_cap,MARKET_CAP_BAND,Quant_Metric
Q6979325,4_market_cap,MARKET_CAP_BAND,Quant_Metric
Q110687861,4_market_cap,MARKET_CAP_BAND,Quant_Metric
Q1987800,4_market_cap,MARKET_CAP_BAND,Quant_Metric
Q25489639,4_market_cap,MARKET_CAP_BAND,Quant_Metric
Q28404455,4_market_cap,MARKET_CAP_BAND,Quant_Metric
Q64423008,4_market_cap,MARKET_CAP_BAND,Quant_Metric
Q112083313,4_market_cap,MARKET_CAP_BAND,Quant_Metric
Q101435480,4_market_cap,MARKET_CAP_BAND,Quant_Metric
Q108836932,4_market_cap,MARKET_CAP_BAND,Quant_Metric
Q847262,4_market_cap,MARKET_CAP_BAND,Quant_Metric
Q105355950,4_market_cap,MARKET_CAP_BAND,Quant_Metric
Q109567777,4_market_cap,MARKET_CAP_BAND,Quant_Metric
Q55649393,4_market_cap,MARKET_CAP_BAND,Quant_Metric
Q66005347,4_market_cap,MARKET_CAP_BAND,Quant_Metric
Q2909872,4_market_cap,MARKET_CAP_BAND,Quant_Metric
Q104599955,4_market_cap,MARKET_CAP_BAND,Quant_Metric
Q111745027,4_market_cap,MARKET_CAP_BAND,Quant_Metric
Q820517,4_market_cap,MARKET_CAP_BAND,Quant_Metric
Q25492540,4_market_cap,MARKET_CAP_BAND,Quant_Metric
Q2915148,4_market_cap,MARKET_CAP_BAND,Quant_Metric
Q113882479,4_market_cap,MARKET_CAP_BAND,Quant_Metric
Q30527111,4_market_cap,MARKET_CAP_BAND,Quant_Metric
Q1319103,4_market_cap,MARKET_CAP_BAND,Quant_Metric
Q64606192,4_market_cap,MARKET_CAP_BAND,Quant_Metric
Q61126385,4_market_cap,MARKET_CAP_BAND,Quant_Metric
Q2920691,4_market_cap,MARKET_CAP_BAND,Quant_Metric
Q2912134,4_market_cap,MARKET_CAP_BAND,Quant_Metric
Q99524961,4_market_cap,MARKET_CAP_BAND,Quant_Metric
Q20502713,4_market_cap,MARKET_CAP_BAND,Quant_Metric
Q4902449,4_market_cap,MARKET_CAP_BAND,Quant_Metric
Q111804995,4_market_cap,MARKET_CAP_BAND,Quant_Metric
Q6485288,4_market_cap,MARKET_CAP_BAND,Quant_Metric
Q806641,4_market_cap,MARKET_CAP_BAND,Quant_Metric
Q108896760,4_market_cap,MARKET_CAP_BAND,Quant_Metric
Q55655335,4_market_cap,MARKET_CAP_BAND,Quant_Metric
Q72549965,4_market_cap,MARKET_CAP_BAND,Quant_Metric
Q12403216,4_market_cap,MARKET_CAP_BAND,Quant_Metric
Q553915,4_market_cap,MARKET_CAP_BAND,Quant_Metric
Q66827446,4_market_cap,MARKET_CAP_BAND,Quant_Metric
Q6039750,4_market_cap,MARKET_CAP_BAND,Quant_Metric
Q97220286,4_market_cap,MARKET_CAP_BAND,Quant_Metric
Q47481944,4_market_cap,MARKET_CAP_BAND,Quant_Metric
Q903957,4_market_cap,MARKET_CAP_BAND,Quant_Metric
Q17003938,4_market_cap,MARKET_CAP_BAND,Quant_Metric
Q35438,4_market_cap,MARKET_CAP_BAND,Quant_Metric
Q108874744,4_market_cap,MARKET_CAP_BAND,Quant_Metric
Q636231,4_market_cap,MARKET_CAP_BAND,Quant_Metric
Q6296982,4_market_cap,MARKET_CAP_BAND,Quant_Metric
Q97210886,4_market_cap,MARKET_CAP_BAND,Quant_Metric
Q3701622,4_market_cap,MARKET_CAP_BAND,Quant_Metric
Q61994838,4_market_cap,MARKET_CAP_BAND,Quant_Metric
Q58207104,4_market_cap,MARKET_CAP_BAND,Quant_Metric
Q20502341,4_market_cap,MARKET_CAP_BAND,Quant_Metric
Q2777129,4_market_cap,MARKET_CAP_BAND,Quant_Metric
Q187212,4_market_cap,MARKET_CAP_BAND,Quant_Metric
Q20050673,4_market_cap,MARKET_CAP_BAND,Quant_Metric
Q2351312,4_market_cap,MARKET_CAP_BAND,Quant_Metric
Q64769225,4_market_cap,MARKET_CAP_BAND,Quant_Metric
Q6761151,4_market_cap,MARKET_CAP_BAND,Quant_Metric
Q108119368,4_market_cap,MARKET_CAP_BAND,Quant_Metric
Q104772219,4_market_cap,MARKET_CAP_BAND,Quant_Metric
Q6632716,4_market_cap,MARKET_CAP_BAND,Quant_Metric
Q6812624,4_market_cap,MARKET_CAP_BAND,Quant_Metric
Q24909927,4_market_cap,MARKET_CAP_BAND,Quant_Metric
Q17013305,4_market_cap,MARKET_CAP_BAND,Quant_Metric
Q7187611,4_market_cap,MARKET_CAP_BAND,Quant_Metric
Q109638916,4_market_cap,MARKET_CAP_BAND,Quant_Metric
Q110088556,4_market_cap,MARKET_CAP_BAND,Quant_Metric
Q2120877,4_market_cap,MARKET_CAP_BAND,Quant_Metric
Q6087908,4_market_cap,MARKET_CAP_BAND,Quant_Metric
Q56239767,4_market_cap,MARKET_CAP_BAND,Quant_Metric
Q43008529,4_market_cap,MARKET_CAP_BAND,Quant_Metric
Q104599960,4_market_cap,MARKET_CAP_BAND,Quant_Metric
Q6565462,4_market_cap,MARKET_CAP_BAND,Quant_Metric
Q105690872,4_market_cap,MARKET_CAP_BAND,Quant_Metric
Q6583383,4_market_cap,MARKET_CAP_BAND,Quant_Metric
Q89314470,4_market_cap,MARKET_CAP_BAND,Quant_Metric
Q6619039,4_market_cap,MARKET_CAP_BAND,Quant_Metric
Q105620681,4_market_cap,MARKET_CAP_BAND,Quant_Metric
Q16341218,4_market_cap,MARKET_CAP_BAND,Quant_Metric
Q2903265,4_market_cap,MARKET_CAP_BAND,Quant_Metric
Q176587,4_market_cap,MARKET_CAP_BAND,Quant_Metric
Q105620578,4_market_cap,MARKET_CAP_BAND,Quant_Metric
Q115120229,4_market_cap,MARKET_CAP_BAND,Quant_Metric
Q108678966,4_market_cap,MARKET_CAP_BAND,Quant_Metric
Q6578464,4_market_cap,MARKET_CAP_BAND,Quant_Metric
Q97323112,4_market_cap,MARKET_CAP_BAND,Quant_Metric
Q99632665,4_market_cap,MARKET_CAP_BAND,Quant_Metric
Q2910545,4_market_cap,MARKET_CAP_BAND,Quant_Metric
Q105219425,4_market_cap,MARKET_CAP_BAND,Quant_Metric
Q111793494,4_market_cap,MARKET_CAP_BAND,Quant_Metric
Q109967445,4_market_cap,MARKET_CAP_BAND,Quant_Metric
Q109289327,4_market_cap,MARKET_CAP_BAND,Quant_Metric
Q2901365,4_market_cap,MARKET_CAP_BAND,Quant_Metric
Q208489,4_market_cap,MARKET_CAP_BAND,Quant_Metric
Q6964738,4_market_cap,MARKET_CAP_BAND,Quant_Metric
Q2893391,4_market_cap,MARKET_CAP_BAND,Quant_Metric
Q6035779,4_market_cap,MARKET_CAP_BAND,Quant_Metric
Q66827629,4_market_cap,MARKET_CAP_BAND,Quant_Metric
Q100621757,4_market_cap,MARKET_CAP_BAND,Quant_Metric
Q61125746,4_market_cap,MARKET_CAP_BAND,Quant_Metric
Q67170818,4_market_cap,MARKET_CAP_BAND,Quant_Metric
Q59229674,4_market_cap,MARKET_CAP_BAND,Quant_Metric
Q98124750,4_market_cap,MARKET_CAP_BAND,Quant_Metric
Q110460017,4_market_cap,MARKET_CAP_BAND,Quant_Metric
Q22908338,4_market_cap,MARKET_CAP_BAND,Quant_Metric
Q110739667,4_market_cap,MARKET_CAP_BAND,Quant_Metric
Q114836180,4_market_cap,MARKET_CAP_BAND,Quant_Metric
Q114056884,4_market_cap,MARKET_CAP_BAND,Quant_Metric
Q63529503,4_market_cap,MARKET_CAP_BAND,Quant_Metric
Q2912104,4_market_cap,MARKET_CAP_BAND,Quant_Metric
Q31197421,4_market_cap,MARKET_CAP_BAND,Quant_Metric
Q7219274,4_market_cap,MARKET_CAP_BAND,Quant_Metric
Q6891113,4_market_cap,MARKET_CAP_BAND,Quant_Metric
Q97207539,4_market_cap,MARKET_CAP_BAND,Quant_Metric
Q1566222,4_market_cap,MARKET_CAP_BAND,Quant_Metric
Q60642552,4_market_cap,MARKET_CAP_BAND,Quant_Metric
