company_id,val_id,edge_typ,node_typ
Q13186934,Q96107414,INDUSTRY,Industry
Q13186934, Q1416657,INDUSTRY,Industry
Q13186934, Q837171,INDUSTRY,Industry
Q13186934, Q806718,INDUSTRY,Industry
Q13179656,Q56598901,INDUSTRY,Industry
Q13179656, Q25245117,INDUSTRY,Industry
Q13186831,Q96107414,INDUSTRY,Industry
Q6994325,Q96107414,INDUSTRY,Industry
Q13179664,Q806718,INDUSTRY,Industry
Q13180801,Q96107414,INDUSTRY,Industry
Q25350848,Q5341276,INDUSTRY,Industry
Q13186934,Q3037,HEADQUARTERS,Location
Q5324409,Q3037,HEADQUARTERS,Location
Q13186831,Q3037,HEADQUARTERS,Location
Q6994325,Q3037,HEADQUARTERS,Location
Q1318435,Q4853109,HEADQUARTERS,Location
Q13179664,Q3037,HEADQUARTERS,Location
Q58478566,Q3037,HEADQUARTERS,Location
Q13180801,Q3037,HEADQUARTERS,Location
Q25350848,Q3037,HEADQUARTERS,Location
Q13186934,Q837,RESIDES_IN,Location
Q13179656,Q837,RESIDES_IN,Location
Q5324409,Q837,RESIDES_IN,Location
Q56527060,Q837,RESIDES_IN,Location
Q13186831,Q837,RESIDES_IN,Location
Q6994325,Q837,RESIDES_IN,Location
Q1318435,Q837,RESIDES_IN,Location
Q6376965,Q837,RESIDES_IN,Location
Q25226694,Q837,RESIDES_IN,Location
Q13179664,Q837,RESIDES_IN,Location
Q58478566,Q837,RESIDES_IN,Location
Q13180801,Q837,RESIDES_IN,Location
Q25350848,Q837,RESIDES_IN,Location
Q6376965,9_employee_count,EMPLOYEE_COUNT_BAND,Quant_Metric
Q25350848,3_employee_count,EMPLOYEE_COUNT_BAND,Quant_Metric
Q13186934,4_profit,PROFIT_BAND,Quant_Metric
Q13179656,4_profit,PROFIT_BAND,Quant_Metric
Q5324409,4_profit,PROFIT_BAND,Quant_Metric
Q56527060,4_profit,PROFIT_BAND,Quant_Metric
Q13186831,4_profit,PROFIT_BAND,Quant_Metric
Q6994325,4_profit,PROFIT_BAND,Quant_Metric
Q1318435,4_profit,PROFIT_BAND,Quant_Metric
Q6376965,4_profit,PROFIT_BAND,Quant_Metric
Q25226694,4_profit,PROFIT_BAND,Quant_Metric
Q13179664,4_profit,PROFIT_BAND,Quant_Metric
Q58478566,4_profit,PROFIT_BAND,Quant_Metric
Q13180801,4_profit,PROFIT_BAND,Quant_Metric
Q25350848,4_profit,PROFIT_BAND,Quant_Metric
Q13186934,4_assets,ASSETS_BAND,Quant_Metric
Q13179656,4_assets,ASSETS_BAND,Quant_Metric
Q5324409,4_assets,ASSETS_BAND,Quant_Metric
Q56527060,4_assets,ASSETS_BAND,Quant_Metric
Q13186831,4_assets,ASSETS_BAND,Quant_Metric
Q6994325,4_assets,ASSETS_BAND,Quant_Metric
Q1318435,4_assets,ASSETS_BAND,Quant_Metric
Q6376965,4_assets,ASSETS_BAND,Quant_Metric
Q25226694,4_assets,ASSETS_BAND,Quant_Metric
Q13179664,4_assets,ASSETS_BAND,Quant_Metric
Q58478566,4_assets,ASSETS_BAND,Quant_Metric
Q13180801,4_assets,ASSETS_BAND,Quant_Metric
Q25350848,4_assets,ASSETS_BAND,Quant_Metric
Q13186934,4_equity,EQUITY_BAND,Quant_Metric
Q13179656,4_equity,EQUITY_BAND,Quant_Metric
Q5324409,4_equity,EQUITY_BAND,Quant_Metric
Q56527060,4_equity,EQUITY_BAND,Quant_Metric
Q13186831,4_equity,EQUITY_BAND,Quant_Metric
Q6994325,4_equity,EQUITY_BAND,Quant_Metric
Q1318435,4_equity,EQUITY_BAND,Quant_Metric
Q6376965,4_equity,EQUITY_BAND,Quant_Metric
Q25226694,4_equity,EQUITY_BAND,Quant_Metric
Q13179664,4_equity,EQUITY_BAND,Quant_Metric
Q58478566,4_equity,EQUITY_BAND,Quant_Metric
Q13180801,4_equity,EQUITY_BAND,Quant_Metric
Q25350848,4_equity,EQUITY_BAND,Quant_Metric
Q13186934,4_market_cap,MARKET_CAP_BAND,Quant_Metric
Q13179656,4_market_cap,MARKET_CAP_BAND,Quant_Metric
Q5324409,4_market_cap,MARKET_CAP_BAND,Quant_Metric
Q56527060,4_market_cap,MARKET_CAP_BAND,Quant_Metric
Q13186831,4_market_cap,MARKET_CAP_BAND,Quant_Metric
Q6994325,4_market_cap,MARKET_CAP_BAND,Quant_Metric
Q1318435,4_market_cap,MARKET_CAP_BAND,Quant_Metric
Q6376965,4_market_cap,MARKET_CAP_BAND,Quant_Metric
Q25226694,4_market_cap,MARKET_CAP_BAND,Quant_Metric
Q13179664,4_market_cap,MARKET_CAP_BAND,Quant_Metric
Q58478566,4_market_cap,MARKET_CAP_BAND,Quant_Metric
Q13180801,4_market_cap,MARKET_CAP_BAND,Quant_Metric
Q25350848,4_market_cap,MARKET_CAP_BAND,Quant_Metric
