company_id,val_id,edge_typ,node_typ
Q4215912,Q190117,INDUSTRY,Industry
Q4022370,Q11650,INDUSTRY,Industry
Q714335,Q1326885,INDUSTRY,Industry
Q10882737,Q56598901,INDUSTRY,Industry
Q10882737, Q25245117,INDUSTRY,Industry
Q699848,Q2986369,INDUSTRY,Industry
Q699142,Q540912,INDUSTRY,Industry
Q10923087,Q941594,INDUSTRY,Industry
Q324901,Q193395,INDUSTRY,Industry
Q30946058,Q626608,INDUSTRY,Industry
Q5434486,Q56598901,INDUSTRY,Industry
Q5434486, Q25245117,INDUSTRY,Industry
Q142054,Q8434,INDUSTRY,Industry
Q48927961,Q626608,INDUSTRY,Industry
Q113858405,Q12147,INDUSTRY,Industry
Q4642867,Q126793,INDUSTRY,Industry
Q107183588,Q844385,INDUSTRY,Industry
Q6136958,Q806718,INDUSTRY,Industry
Q700435,Q15078788,INDUSTRY,Industry
Q711850,Q1757562,INDUSTRY,Industry
Q711850, Q320020,INDUSTRY,Industry
Q711850, Q177777,INDUSTRY,Industry
Q711850, Q155930,INDUSTRY,Industry
Q711850, Q41958,INDUSTRY,Industry
Q711850, Q27686,INDUSTRY,Industry
Q76099070,Q4899370,INDUSTRY,Industry
Q76099070, Q540912,INDUSTRY,Industry
Q502935,Q11650,INDUSTRY,Industry
Q97253116,Q4899370,INDUSTRY,Industry
Q93894,Q3966,INDUSTRY,Industry
Q15715284,Q2095,INDUSTRY,Industry
Q703557,Q17018236,INDUSTRY,Industry
Q31663580,Q941594,INDUSTRY,Industry
Q10883132,Q806718,INDUSTRY,Industry
Q11132721,Q806718,INDUSTRY,Industry
Q10921200,Q540912,INDUSTRY,Industry
Q16829306,Q4899370,INDUSTRY,Industry
Q5635861,Q806718,INDUSTRY,Industry
Q5467836,Q190117,INDUSTRY,Industry
Q5071627,Q806718,INDUSTRY,Industry
Q11111997,Q178512,INDUSTRY,Industry
Q10865324,Q806718,INDUSTRY,Industry
Q28064765,Q2868302,INDUSTRY,Industry
Q15911143,Q806718,INDUSTRY,Industry
Q4207208,Q806718,INDUSTRY,Industry
Q7979721,Q10876842,INDUSTRY,Industry
Q746413,Q3972943,INDUSTRY,Industry
Q10915565,Q45190,INDUSTRY,Industry
Q67933743,Q126793,INDUSTRY,Industry
Q734447,Q11650,INDUSTRY,Industry
Q734447, Q3966,INDUSTRY,Industry
Q10933886,Q806718,INDUSTRY,Industry
Q15910234,Q484847,INDUSTRY,Industry
Q15910234, Q126793,INDUSTRY,Industry
Q709259,Q49845,INDUSTRY,Industry
Q65084369,Q4899370,INDUSTRY,Industry
Q65084369, Q540912,INDUSTRY,Industry
Q293494,Q3477363,INDUSTRY,Industry
Q930288,Q1067601,INDUSTRY,Industry
Q5321663,Q806718,INDUSTRY,Industry
Q108366611,Q540912,INDUSTRY,Industry
Q108366611, Q126793,INDUSTRY,Industry
Q19850057,Q626608,INDUSTRY,Industry
Q11132736,Q2283886,INDUSTRY,Industry
Q381000,Q190117,INDUSTRY,Industry
Q7410172,Q11650,INDUSTRY,Industry
Q702656,Q837171,INDUSTRY,Industry
Q7262792,Q1295201,INDUSTRY,Industry
Q481778,Q1666934,INDUSTRY,Industry
Q481778, Q11661,INDUSTRY,Industry
Q481778, Q3966,INDUSTRY,Industry
Q30326392,Q626608,INDUSTRY,Industry
Q108304656,Q941594,INDUSTRY,Industry
Q711447,Q173799,INDUSTRY,Industry
Q709039,Q3966,INDUSTRY,Industry
Q7702910,Q187939,INDUSTRY,Industry
Q5581670,Q41958,INDUSTRY,Industry
Q7495988,Q12684,INDUSTRY,Industry
Q67934746,Q806718,INDUSTRY,Industry
Q4053329,Q941594,INDUSTRY,Industry
Q716149,Q68,INDUSTRY,Industry
Q10874424,Q626608,INDUSTRY,Industry
Q186012,Q5358497,INDUSTRY,Industry
Q619231,Q1067601,INDUSTRY,Industry
Q5964699,Q11650,INDUSTRY,Industry
Q10287018,Q3972943,INDUSTRY,Industry
Q1437742,Q862571,INDUSTRY,Industry
Q10889602,Q837171,INDUSTRY,Industry
Q10889602, Q806718,INDUSTRY,Industry
Q108167793,Q126793,INDUSTRY,Industry
Q711545,Q190117,INDUSTRY,Industry
Q16926339,Q66221,INDUSTRY,Industry
Q709757,Q1416657,INDUSTRY,Industry
Q15907697,Q806718,INDUSTRY,Industry
Q15905144,Q41958,INDUSTRY,Industry
Q15927195,Q806718,INDUSTRY,Industry
Q7884615,Q540912,INDUSTRY,Industry
Q833709,Q418,INDUSTRY,Industry
Q10566880,Q18235436,INDUSTRY,Industry
Q4006966,Q56598901,INDUSTRY,Industry
Q4006966, Q25245117,INDUSTRY,Industry
Q5924291,Q41958,INDUSTRY,Industry
Q11104946,Q806718,INDUSTRY,Industry
Q303580,Q1546066,INDUSTRY,Industry
Q5100191,Q22687,INDUSTRY,Industry
Q152864,Q5358497,INDUSTRY,Industry
Q10889608,Q837171,INDUSTRY,Industry
Q20688715,Q2868302,INDUSTRY,Industry
Q42308684,Q126793,INDUSTRY,Industry
Q706533,Q837171,INDUSTRY,Industry
Q706533, Q806718,INDUSTRY,Industry
Q698024,Q862571,INDUSTRY,Industry
Q34534,Q581105,INDUSTRY,Industry
Q704811,Q5358497,INDUSTRY,Industry
Q113484937,Q581105,INDUSTRY,Industry
Q108167767,Q126793,INDUSTRY,Industry
Q15920444,Q626608,INDUSTRY,Industry
Q105335721,Q941594,INDUSTRY,Industry
Q7676420,Q22687,INDUSTRY,Industry
Q633839,Q1067601,INDUSTRY,Industry
Q3508871,Q744980,INDUSTRY,Industry
Q108366557,Q274393,INDUSTRY,Industry
Q10946952,Q806718,INDUSTRY,Industry
Q705822,Q3966,INDUSTRY,Industry
Q5099767,Q626608,INDUSTRY,Industry
Q64827032,Q4899370,INDUSTRY,Industry
Q99541396,Q2868302,INDUSTRY,Industry
Q10891564,Q126793,INDUSTRY,Industry
Q11063575,Q626608,INDUSTRY,Industry
Q707730,Q1058914,INDUSTRY,Industry
Q619227,Q5358497,INDUSTRY,Industry
Q110998380,Q5358497,INDUSTRY,Industry
Q3412500,Q744980,INDUSTRY,Industry
Q463094,Q5358497,INDUSTRY,Industry
Q463094, Q11650,INDUSTRY,Industry
Q5943259,Q56598901,INDUSTRY,Industry
Q5943259, Q25245117,INDUSTRY,Industry
Q19851918,Q1416657,INDUSTRY,Industry
Q700446,Q11650,INDUSTRY,Industry
Q700446, Q3966,INDUSTRY,Industry
Q717531,Q56598901,INDUSTRY,Industry
Q717531, Q25245117,INDUSTRY,Industry
Q1101155,Q3966,INDUSTRY,Industry
Q15942047,Q626608,INDUSTRY,Industry
Q697293,Q806718,INDUSTRY,Industry
Q23304796,Q941594,INDUSTRY,Industry
Q463094,Q716830,CEO,Person
Q463094,Q716830,CHAIRMAN,Person
Q4215912,Q865,HEADQUARTERS,Location
Q4022370,Q1867,HEADQUARTERS,Location
Q714335,Q1867,HEADQUARTERS,Location
Q699848,Q249994,HEADQUARTERS,Location
Q699142,Q1867,HEADQUARTERS,Location
Q10923087,Q1867,HEADQUARTERS,Location
Q1150302,Q1867,HEADQUARTERS,Location
Q15909249,Q181557,HEADQUARTERS,Location
Q324901,Q1867,HEADQUARTERS,Location
Q15897293,Q1867,HEADQUARTERS,Location
Q30946058,Q1867,HEADQUARTERS,Location
Q5434486,Q1867,HEADQUARTERS,Location
Q10915540,Q1867,HEADQUARTERS,Location
Q60996201,Q1867,HEADQUARTERS,Location
Q113449759,Q713381,HEADQUARTERS,Location
Q142054,Q35765,HEADQUARTERS,Location
Q48927961,Q1867,HEADQUARTERS,Location
Q711934,Q1867,HEADQUARTERS,Location
Q113858405,Q334,HEADQUARTERS,Location
Q4642867,Q1867,HEADQUARTERS,Location
Q107183588,Q1867,HEADQUARTERS,Location
Q697130,Q1867,HEADQUARTERS,Location
Q6136958,Q245023,HEADQUARTERS,Location
Q17012917,Q956,HEADQUARTERS,Location
Q700435,Q1867,HEADQUARTERS,Location
Q711850,Q1867,HEADQUARTERS,Location
Q76099070,Q569548,HEADQUARTERS,Location
Q701761,Q271167,HEADQUARTERS,Location
Q502935,Q197859,HEADQUARTERS,Location
Q93894,Q1867,HEADQUARTERS,Location
Q15715284,Q244898,HEADQUARTERS,Location
Q703557,Q569611,HEADQUARTERS,Location
Q10915433,Q1867,HEADQUARTERS,Location
Q15916325,Q1867,HEADQUARTERS,Location
Q31663580,Q175581,HEADQUARTERS,Location
Q10883132,Q140631,HEADQUARTERS,Location
Q11132721,Q1867,HEADQUARTERS,Location
Q10921200,Q1867,HEADQUARTERS,Location
Q16829306,Q29624,HEADQUARTERS,Location
Q5635861,Q1867,HEADQUARTERS,Location
Q10907520,Q1867,HEADQUARTERS,Location
Q51756,Q5008640,HEADQUARTERS,Location
Q5467836,Q115256,HEADQUARTERS,Location
Q5071627,Q245023,HEADQUARTERS,Location
Q11111997,Q115256,HEADQUARTERS,Location
Q5598539,Q1867,HEADQUARTERS,Location
Q10865324,Q245023,HEADQUARTERS,Location
Q28064765,Q1867,HEADQUARTERS,Location
Q15911143,Q1867,HEADQUARTERS,Location
Q4207208,Q1867,HEADQUARTERS,Location
Q11172707,Q865,HEADQUARTERS,Location
Q7979721,Q1867,HEADQUARTERS,Location
Q746413,Q2662373,HEADQUARTERS,Location
Q746413, Q1345,HEADQUARTERS,Location
Q10915565,Q271167,HEADQUARTERS,Location
Q28410418,Q1867,HEADQUARTERS,Location
Q734447,Q570601,HEADQUARTERS,Location
Q704694,Q1867,HEADQUARTERS,Location
Q10933886,Q1867,HEADQUARTERS,Location
Q709259,Q1867,HEADQUARTERS,Location
Q65084369,Q254626,HEADQUARTERS,Location
Q293494,Q245023,HEADQUARTERS,Location
Q930288,Q115256,HEADQUARTERS,Location
Q5321663,Q1867,HEADQUARTERS,Location
Q198642,Q8686,HEADQUARTERS,Location
Q198642, Q1867,HEADQUARTERS,Location
Q112123535,Q245023,HEADQUARTERS,Location
Q66196395,Q245023,HEADQUARTERS,Location
Q15434492,Q1867,HEADQUARTERS,Location
Q19850057,Q1867,HEADQUARTERS,Location
Q11132736,Q1867,HEADQUARTERS,Location
Q7410172,Q115256,HEADQUARTERS,Location
Q702656,Q1867,HEADQUARTERS,Location
Q7262792,Q271167,HEADQUARTERS,Location
Q10911695,Q1867,HEADQUARTERS,Location
Q481778,Q244898,HEADQUARTERS,Location
Q30326392,Q1867,HEADQUARTERS,Location
Q22100753,Q271167,HEADQUARTERS,Location
Q711447,Q1867,HEADQUARTERS,Location
Q15903537,Q1867,HEADQUARTERS,Location
Q709039,Q271167,HEADQUARTERS,Location
Q7702910,Q1867,HEADQUARTERS,Location
Q28056940,Q718384,HEADQUARTERS,Location
Q28056940, Q271094,HEADQUARTERS,Location
Q7495988,Q1867,HEADQUARTERS,Location
Q113449766,Q713381,HEADQUARTERS,Location
Q67934746,Q1867,HEADQUARTERS,Location
Q4053329,Q1867,HEADQUARTERS,Location
Q114200359,Q570238,HEADQUARTERS,Location
Q28416350,Q271124,HEADQUARTERS,Location
Q697153,Q244898,HEADQUARTERS,Location
Q716149,Q1867,HEADQUARTERS,Location
Q10874424,Q1867,HEADQUARTERS,Location
Q5101053,Q1867,HEADQUARTERS,Location
Q186012,Q244898,HEADQUARTERS,Location
Q619231,Q249996,HEADQUARTERS,Location
Q5964699,Q271073,HEADQUARTERS,Location
Q19880591,Q115256,HEADQUARTERS,Location
Q112123475,Q245023,HEADQUARTERS,Location
Q10287018,Q244898,HEADQUARTERS,Location
Q10921581,Q140631,HEADQUARTERS,Location
Q55834677,Q1867,HEADQUARTERS,Location
Q1437742,Q97023996,HEADQUARTERS,Location
Q10889602,Q1867,HEADQUARTERS,Location
Q711545,Q713806,HEADQUARTERS,Location
Q16926339,Q244898,HEADQUARTERS,Location
Q709757,Q1867,HEADQUARTERS,Location
Q15907697,Q1867,HEADQUARTERS,Location
Q15905144,Q245023,HEADQUARTERS,Location
Q15927195,Q1867,HEADQUARTERS,Location
Q7884615,Q706511,HEADQUARTERS,Location
Q10926761,Q1867,HEADQUARTERS,Location
Q108166023,Q245023,HEADQUARTERS,Location
Q833709,Q249994,HEADQUARTERS,Location
Q534944,Q249994,HEADQUARTERS,Location
Q534944, Q1867,HEADQUARTERS,Location
Q11620043,Q24836806,HEADQUARTERS,Location
Q10566880,Q181557,HEADQUARTERS,Location
Q4006966,Q1867,HEADQUARTERS,Location
Q697462,Q1867,HEADQUARTERS,Location
Q5924291,Q1867,HEADQUARTERS,Location
Q112463646,Q707824,HEADQUARTERS,Location
Q11104946,Q570090,HEADQUARTERS,Location
Q15915266,Q1867,HEADQUARTERS,Location
Q303580,Q1867,HEADQUARTERS,Location
Q5100191,Q1867,HEADQUARTERS,Location
Q152864,Q1867,HEADQUARTERS,Location
Q10889608,Q1867,HEADQUARTERS,Location
Q15909616,Q1867,HEADQUARTERS,Location
Q20688715,Q1867,HEADQUARTERS,Location
Q706533,Q15903812,HEADQUARTERS,Location
Q706533, Q1867,HEADQUARTERS,Location
Q698024,Q181557,HEADQUARTERS,Location
Q34534,Q1867,HEADQUARTERS,Location
Q714427,Q1867,HEADQUARTERS,Location
Q704811,Q271094,HEADQUARTERS,Location
Q15913812,Q1867,HEADQUARTERS,Location
Q97487263,Q197859,HEADQUARTERS,Location
Q715113,Q713367,HEADQUARTERS,Location
Q383707,Q271094,HEADQUARTERS,Location
Q11606825,Q244898,HEADQUARTERS,Location
Q15920444,Q1867,HEADQUARTERS,Location
Q105335721,Q1867,HEADQUARTERS,Location
Q7676420,Q1867,HEADQUARTERS,Location
Q109345206,Q244898,HEADQUARTERS,Location
Q633839,Q244898,HEADQUARTERS,Location
Q3508871,Q1867,HEADQUARTERS,Location
Q7277802,Q271094,HEADQUARTERS,Location
Q10946952,Q1867,HEADQUARTERS,Location
Q20688689,Q1867,HEADQUARTERS,Location
Q705822,Q1867,HEADQUARTERS,Location
Q5099767,Q1867,HEADQUARTERS,Location
Q64827032,Q1867,HEADQUARTERS,Location
Q15921571,Q1867,HEADQUARTERS,Location
Q99541396,Q1867,HEADQUARTERS,Location
Q10318606,Q1867,HEADQUARTERS,Location
Q717592,Q1867,HEADQUARTERS,Location
Q10891564,Q1867,HEADQUARTERS,Location
Q11063575,Q1867,HEADQUARTERS,Location
Q707730,Q244898,HEADQUARTERS,Location
Q11602128,Q1867,HEADQUARTERS,Location
Q619227,Q244898,HEADQUARTERS,Location
Q110998380,Q1867,HEADQUARTERS,Location
Q3412500,Q570601,HEADQUARTERS,Location
Q3079321,Q1867,HEADQUARTERS,Location
Q463094,Q244898,HEADQUARTERS,Location
Q5943259,Q865,HEADQUARTERS,Location
Q19851918,Q271124,HEADQUARTERS,Location
Q700446,Q1867,HEADQUARTERS,Location
Q717531,Q1867,HEADQUARTERS,Location
Q1101155,Q1867,HEADQUARTERS,Location
Q15942047,Q1867,HEADQUARTERS,Location
Q697293,Q1867,HEADQUARTERS,Location
Q700435,Q15895901,GROUPED_IN,Group
Q108366611,Q7979721,GROUPED_IN,Group
Q5943259,Q4966205,GROUPED_IN,Group
Q4215912,Q865,RESIDES_IN,Location
Q16929266,Q865,RESIDES_IN,Location
Q108204957,Q865,RESIDES_IN,Location
Q4022370,Q865,RESIDES_IN,Location
Q714335,Q865,RESIDES_IN,Location
Q16929221,Q865,RESIDES_IN,Location
Q10882737,Q865,RESIDES_IN,Location
Q699848,Q865,RESIDES_IN,Location
Q699142,Q334,RESIDES_IN,Location
Q10923087,Q865,RESIDES_IN,Location
Q1150302,Q865,RESIDES_IN,Location
Q15909249,Q865,RESIDES_IN,Location
Q324901,Q865,RESIDES_IN,Location
Q10891540,Q865,RESIDES_IN,Location
Q15897293,Q865,RESIDES_IN,Location
Q30946058,Q865,RESIDES_IN,Location
Q5434486,Q865,RESIDES_IN,Location
Q10915540,Q865,RESIDES_IN,Location
Q60996201,Q865,RESIDES_IN,Location
Q113449759,Q865,RESIDES_IN,Location
Q142054,Q865,RESIDES_IN,Location
Q48927961,Q865,RESIDES_IN,Location
Q16241445,Q865,RESIDES_IN,Location
Q711934,Q865,RESIDES_IN,Location
Q113858405,Q869,RESIDES_IN,Location
Q4642867,Q865,RESIDES_IN,Location
Q107183588,Q865,RESIDES_IN,Location
Q4648764,Q865,RESIDES_IN,Location
Q697130,Q865,RESIDES_IN,Location
Q13640980,Q865,RESIDES_IN,Location
Q6136958,Q865,RESIDES_IN,Location
Q4806490,Q865,RESIDES_IN,Location
Q17012917,Q865,RESIDES_IN,Location
Q56273145,Q865,RESIDES_IN,Location
Q700435,Q865,RESIDES_IN,Location
Q711850,Q865,RESIDES_IN,Location
Q48901157,Q865,RESIDES_IN,Location
Q76099070,Q17,RESIDES_IN,Location
Q3113598,Q865,RESIDES_IN,Location
Q66817734,Q865,RESIDES_IN,Location
Q17026399,Q865,RESIDES_IN,Location
Q701761,Q865,RESIDES_IN,Location
Q502935,Q865,RESIDES_IN,Location
Q15910512,Q865,RESIDES_IN,Location
Q97253116,Q865,RESIDES_IN,Location
Q48897456,Q865,RESIDES_IN,Location
Q93894,Q865,RESIDES_IN,Location
Q108366217,Q865,RESIDES_IN,Location
Q7212656,Q865,RESIDES_IN,Location
Q15715284,Q865,RESIDES_IN,Location
Q703557,Q865,RESIDES_IN,Location
Q1888861,Q865,RESIDES_IN,Location
Q10915433,Q865,RESIDES_IN,Location
Q95720330,Q865,RESIDES_IN,Location
Q15916325,Q865,RESIDES_IN,Location
Q31663580,Q865,RESIDES_IN,Location
Q15927616,Q865,RESIDES_IN,Location
Q10883132,Q865,RESIDES_IN,Location
Q11132721,Q865,RESIDES_IN,Location
Q10921200,Q865,RESIDES_IN,Location
Q106706866,Q865,RESIDES_IN,Location
Q16829306,Q865,RESIDES_IN,Location
Q24702031,Q865,RESIDES_IN,Location
Q28417394,Q865,RESIDES_IN,Location
Q108166589,Q865,RESIDES_IN,Location
Q5635861,Q865,RESIDES_IN,Location
Q10938792,Q865,RESIDES_IN,Location
Q10907520,Q865,RESIDES_IN,Location
Q15914108,Q865,RESIDES_IN,Location
Q51756,Q865,RESIDES_IN,Location
Q97191988,Q865,RESIDES_IN,Location
Q5467836,Q865,RESIDES_IN,Location
Q10915648,Q865,RESIDES_IN,Location
Q5071627,Q865,RESIDES_IN,Location
Q11111997,Q865,RESIDES_IN,Location
Q108204804,Q865,RESIDES_IN,Location
Q5598539,Q865,RESIDES_IN,Location
Q30942379,Q865,RESIDES_IN,Location
Q10865324,Q865,RESIDES_IN,Location
Q28064765,Q865,RESIDES_IN,Location
Q10888034,Q865,RESIDES_IN,Location
Q15911143,Q865,RESIDES_IN,Location
Q4207208,Q865,RESIDES_IN,Location
Q11172707,Q865,RESIDES_IN,Location
Q7979721,Q865,RESIDES_IN,Location
Q746413,Q55,RESIDES_IN,Location
Q10915565,Q865,RESIDES_IN,Location
Q28410418,Q865,RESIDES_IN,Location
Q6973415,Q865,RESIDES_IN,Location
Q67933743,Q865,RESIDES_IN,Location
Q15896671,Q865,RESIDES_IN,Location
Q15911098,Q865,RESIDES_IN,Location
Q734447,Q865,RESIDES_IN,Location
Q11063876,Q865,RESIDES_IN,Location
Q10914418,Q865,RESIDES_IN,Location
Q704694,Q865,RESIDES_IN,Location
Q10933886,Q865,RESIDES_IN,Location
Q15910234,Q865,RESIDES_IN,Location
Q709259,Q865,RESIDES_IN,Location
Q65084369,Q865,RESIDES_IN,Location
Q108166223,Q865,RESIDES_IN,Location
Q293494,Q865,RESIDES_IN,Location
Q930288,Q865,RESIDES_IN,Location
Q32746,Q865,RESIDES_IN,Location
Q5321663,Q865,RESIDES_IN,Location
Q67933727,Q865,RESIDES_IN,Location
Q198642,Q865,RESIDES_IN,Location
Q56487637,Q865,RESIDES_IN,Location
Q101084415,Q865,RESIDES_IN,Location
Q15934189,Q865,RESIDES_IN,Location
Q112123535,Q865,RESIDES_IN,Location
Q15930850,Q865,RESIDES_IN,Location
Q66196395,Q865,RESIDES_IN,Location
Q3846861,Q865,RESIDES_IN,Location
Q95686317,Q865,RESIDES_IN,Location
Q108366611,Q865,RESIDES_IN,Location
Q15434492,Q865,RESIDES_IN,Location
Q10959762,Q865,RESIDES_IN,Location
Q19850057,Q865,RESIDES_IN,Location
Q11132736,Q865,RESIDES_IN,Location
Q381000,Q865,RESIDES_IN,Location
Q28410441,Q865,RESIDES_IN,Location
Q7410172,Q865,RESIDES_IN,Location
Q702656,Q865,RESIDES_IN,Location
Q7262792,Q865,RESIDES_IN,Location
Q10911695,Q865,RESIDES_IN,Location
Q481778,Q865,RESIDES_IN,Location
Q30326392,Q865,RESIDES_IN,Location
Q22100753,Q865,RESIDES_IN,Location
Q5594666,Q865,RESIDES_IN,Location
Q108304656,Q865,RESIDES_IN,Location
Q711447,Q865,RESIDES_IN,Location
Q43401,Q865,RESIDES_IN,Location
Q15903537,Q865,RESIDES_IN,Location
Q11132725,Q865,RESIDES_IN,Location
Q15642610,Q865,RESIDES_IN,Location
Q709039,Q865,RESIDES_IN,Location
Q7702910,Q865,RESIDES_IN,Location
Q706712,Q865,RESIDES_IN,Location
Q28056940,Q865,RESIDES_IN,Location
Q5581670,Q865,RESIDES_IN,Location
Q11175221,Q865,RESIDES_IN,Location
Q7495988,Q865,RESIDES_IN,Location
Q113449766,Q865,RESIDES_IN,Location
Q67934746,Q865,RESIDES_IN,Location
Q4053329,Q865,RESIDES_IN,Location
Q114200359,Q865,RESIDES_IN,Location
Q28416350,Q865,RESIDES_IN,Location
Q697153,Q865,RESIDES_IN,Location
Q716149,Q865,RESIDES_IN,Location
Q712849,Q865,RESIDES_IN,Location
Q10874424,Q865,RESIDES_IN,Location
Q5101053,Q865,RESIDES_IN,Location
Q186012,Q865,RESIDES_IN,Location
Q619231,Q865,RESIDES_IN,Location
Q22773594,Q865,RESIDES_IN,Location
Q5964699,Q865,RESIDES_IN,Location
Q10914091,Q865,RESIDES_IN,Location
Q30230092,Q865,RESIDES_IN,Location
Q108199211,Q865,RESIDES_IN,Location
Q19880591,Q865,RESIDES_IN,Location
Q112123475,Q865,RESIDES_IN,Location
Q717976,Q865,RESIDES_IN,Location
Q10287018,Q865,RESIDES_IN,Location
Q10915384,Q865,RESIDES_IN,Location
Q10921581,Q865,RESIDES_IN,Location
Q62391741,Q865,RESIDES_IN,Location
Q55834677,Q865,RESIDES_IN,Location
Q1437742,Q865,RESIDES_IN,Location
Q108167311,Q865,RESIDES_IN,Location
Q10889602,Q865,RESIDES_IN,Location
Q75706035,Q865,RESIDES_IN,Location
Q108366505,Q865,RESIDES_IN,Location
Q108167793,Q865,RESIDES_IN,Location
Q711545,Q865,RESIDES_IN,Location
Q108166651,Q865,RESIDES_IN,Location
Q16926339,Q865,RESIDES_IN,Location
Q16241848,Q865,RESIDES_IN,Location
Q17374602,Q865,RESIDES_IN,Location
Q11122974,Q865,RESIDES_IN,Location
Q709757,Q865,RESIDES_IN,Location
Q15907697,Q865,RESIDES_IN,Location
Q15905144,Q865,RESIDES_IN,Location
Q15927195,Q865,RESIDES_IN,Location
Q80214453,Q865,RESIDES_IN,Location
Q7884615,Q865,RESIDES_IN,Location
Q72714526,Q865,RESIDES_IN,Location
Q15900651,Q865,RESIDES_IN,Location
Q17375269,Q865,RESIDES_IN,Location
Q15209640,Q865,RESIDES_IN,Location
Q10926761,Q865,RESIDES_IN,Location
Q108166023,Q865,RESIDES_IN,Location
Q105722191,Q865,RESIDES_IN,Location
Q833709,Q865,RESIDES_IN,Location
Q15924077,Q865,RESIDES_IN,Location
Q534944,Q865,RESIDES_IN,Location
Q11620043,Q865,RESIDES_IN,Location
Q30948885,Q865,RESIDES_IN,Location
Q697466,Q865,RESIDES_IN,Location
Q15905452,Q865,RESIDES_IN,Location
Q10566880,Q865,RESIDES_IN,Location
Q4006966,Q865,RESIDES_IN,Location
Q108166243,Q865,RESIDES_IN,Location
Q108166285,Q865,RESIDES_IN,Location
Q15934994,Q865,RESIDES_IN,Location
Q697462,Q865,RESIDES_IN,Location
Q5924291,Q865,RESIDES_IN,Location
Q11152034,Q865,RESIDES_IN,Location
Q51069194,Q865,RESIDES_IN,Location
Q99169076,Q865,RESIDES_IN,Location
Q112463646,Q865,RESIDES_IN,Location
Q11104946,Q865,RESIDES_IN,Location
Q15915266,Q865,RESIDES_IN,Location
Q11121917,Q865,RESIDES_IN,Location
Q303580,Q865,RESIDES_IN,Location
Q5100191,Q865,RESIDES_IN,Location
Q152864,Q865,RESIDES_IN,Location
Q15286350,Q865,RESIDES_IN,Location
Q10889608,Q865,RESIDES_IN,Location
Q10896436,Q865,RESIDES_IN,Location
Q15909616,Q865,RESIDES_IN,Location
Q20688715,Q865,RESIDES_IN,Location
Q42308684,Q865,RESIDES_IN,Location
Q706533,Q865,RESIDES_IN,Location
Q698024,Q865,RESIDES_IN,Location
Q34534,Q865,RESIDES_IN,Location
Q10871742,Q865,RESIDES_IN,Location
Q714427,Q865,RESIDES_IN,Location
Q11569285,Q865,RESIDES_IN,Location
Q704811,Q865,RESIDES_IN,Location
Q113484937,Q865,RESIDES_IN,Location
Q108151845,Q865,RESIDES_IN,Location
Q108167767,Q865,RESIDES_IN,Location
Q15913812,Q865,RESIDES_IN,Location
Q97487263,Q865,RESIDES_IN,Location
Q715113,Q865,RESIDES_IN,Location
Q383707,Q865,RESIDES_IN,Location
Q94707315,Q865,RESIDES_IN,Location
Q11606825,Q865,RESIDES_IN,Location
Q24833952,Q865,RESIDES_IN,Location
Q15920444,Q865,RESIDES_IN,Location
Q105335721,Q865,RESIDES_IN,Location
Q7676420,Q865,RESIDES_IN,Location
Q108365710,Q865,RESIDES_IN,Location
Q109345206,Q865,RESIDES_IN,Location
Q633839,Q865,RESIDES_IN,Location
Q3508871,Q865,RESIDES_IN,Location
Q15930265,Q865,RESIDES_IN,Location
Q15918116,Q865,RESIDES_IN,Location
Q15935483,Q865,RESIDES_IN,Location
Q16926542,Q865,RESIDES_IN,Location
Q108366557,Q865,RESIDES_IN,Location
Q66768745,Q865,RESIDES_IN,Location
Q7277802,Q865,RESIDES_IN,Location
Q10946952,Q865,RESIDES_IN,Location
Q97576707,Q865,RESIDES_IN,Location
Q20688689,Q865,RESIDES_IN,Location
Q10565787,Q865,RESIDES_IN,Location
Q705822,Q865,RESIDES_IN,Location
Q16926539,Q865,RESIDES_IN,Location
Q62267023,Q865,RESIDES_IN,Location
Q5099767,Q865,RESIDES_IN,Location
Q64827032,Q865,RESIDES_IN,Location
Q15905494,Q865,RESIDES_IN,Location
Q108365505,Q865,RESIDES_IN,Location
Q15921571,Q865,RESIDES_IN,Location
Q99541396,Q865,RESIDES_IN,Location
Q10318606,Q865,RESIDES_IN,Location
Q32751,Q865,RESIDES_IN,Location
Q717592,Q865,RESIDES_IN,Location
Q106974810,Q865,RESIDES_IN,Location
Q10891564,Q865,RESIDES_IN,Location
Q11063575,Q865,RESIDES_IN,Location
Q707730,Q865,RESIDES_IN,Location
Q11602128,Q865,RESIDES_IN,Location
Q10391229,Q865,RESIDES_IN,Location
Q619227,Q865,RESIDES_IN,Location
Q110998380,Q865,RESIDES_IN,Location
Q3412500,Q865,RESIDES_IN,Location
Q19841101,Q865,RESIDES_IN,Location
Q3079321,Q865,RESIDES_IN,Location
Q15637306,Q865,RESIDES_IN,Location
Q463094,Q865,RESIDES_IN,Location
Q47008065,Q865,RESIDES_IN,Location
Q5943259,Q865,RESIDES_IN,Location
Q19851918,Q865,RESIDES_IN,Location
Q10893396,Q865,RESIDES_IN,Location
Q700446,Q865,RESIDES_IN,Location
Q717531,Q865,RESIDES_IN,Location
Q1101155,Q865,RESIDES_IN,Location
Q15942047,Q865,RESIDES_IN,Location
Q697293,Q865,RESIDES_IN,Location
Q23304796,Q865,RESIDES_IN,Location
Q463094,9_employee_count,EMPLOYEE_COUNT_BAND,Quant_Metric
Q699848,2_profit,PROFIT_BAND,Quant_Metric
Q463094,9_profit,PROFIT_BAND,Quant_Metric
Q699848,9_assets,ASSETS_BAND,Quant_Metric
Q699848,9_equity,EQUITY_BAND,Quant_Metric
Q699848,9_market_cap,MARKET_CAP_BAND,Quant_Metric
