company_id,val_id,edge_typ,node_typ
Q108057456,Q12684,INDUSTRY,Industry
Q30271968,Q177777,INDUSTRY,Industry
Q111903250,Q173799,INDUSTRY,Industry
Q111903250, Q638,INDUSTRY,Industry
Q4832231,Q837171,INDUSTRY,Industry
Q25054185,Q862571,INDUSTRY,Industry
Q17097901,Q56598901,INDUSTRY,Industry
Q17097901, Q25245117,INDUSTRY,Industry
Q5384667,Q837171,INDUSTRY,Industry
Q25339999,Q837171,INDUSTRY,Industry
Q5013848,Q1416657,INDUSTRY,Industry
Q5013848, Q837171,INDUSTRY,Industry
Q5013848, Q806718,INDUSTRY,Industry
Q106580836,Q126793,INDUSTRY,Industry
Q111327287,Q11033,INDUSTRY,Industry
Q104775933,Q39809,INDUSTRY,Industry
Q106957508,Q27686,INDUSTRY,Industry
Q6974322,Q837171,INDUSTRY,Industry
Q7939274,Q56598901,INDUSTRY,Industry
Q7939274, Q25245117,INDUSTRY,Industry
Q106580836,Q99769426,CEO,Person
Q111327287,Q110247071,CEO,Person
Q108057456,Q1960,HEADQUARTERS,Location
Q30271968,Q983652,HEADQUARTERS,Location
Q111903250,Q1960,HEADQUARTERS,Location
Q4832231,Q1960,HEADQUARTERS,Location
Q25054185,Q1960,HEADQUARTERS,Location
Q1630751,Q1960,HEADQUARTERS,Location
Q17097901,Q1960,HEADQUARTERS,Location
Q55263377,Q924,HEADQUARTERS,Location
Q55263377, Q145,HEADQUARTERS,Location
Q55263377, Q30,HEADQUARTERS,Location
Q4050564,Q1960,HEADQUARTERS,Location
Q5013848,Q1960,HEADQUARTERS,Location
Q106580836,Q1960,HEADQUARTERS,Location
Q7857932,Q1960,HEADQUARTERS,Location
Q111327287,Q1960,HEADQUARTERS,Location
Q104775933,Q1960,HEADQUARTERS,Location
Q106957508,Q458388,HEADQUARTERS,Location
Q6974322,Q1960,HEADQUARTERS,Location
Q7939274,Q1960,HEADQUARTERS,Location
Q108057456,Q924,RESIDES_IN,Location
Q30271968,Q924,RESIDES_IN,Location
Q111903250,Q924,RESIDES_IN,Location
Q4832231,Q924,RESIDES_IN,Location
Q957305,Q924,RESIDES_IN,Location
Q25054185,Q924,RESIDES_IN,Location
Q72988389,Q924,RESIDES_IN,Location
Q1630751,Q924,RESIDES_IN,Location
Q17097901,Q924,RESIDES_IN,Location
Q55263377,Q924,RESIDES_IN,Location
Q407842,Q924,RESIDES_IN,Location
Q5384667,Q924,RESIDES_IN,Location
Q25339999,Q924,RESIDES_IN,Location
Q4050564,Q924,RESIDES_IN,Location
Q5013848,Q924,RESIDES_IN,Location
Q106580836,Q924,RESIDES_IN,Location
Q7857932,Q924,RESIDES_IN,Location
Q63208816,Q924,RESIDES_IN,Location
Q111327287,Q924,RESIDES_IN,Location
Q104775933,Q924,RESIDES_IN,Location
Q106957508,Q924,RESIDES_IN,Location
Q6974322,Q924,RESIDES_IN,Location
Q54553825,Q924,RESIDES_IN,Location
Q7939274,Q924,RESIDES_IN,Location
Q108057456,4_employee_count,EMPLOYEE_COUNT_BAND,Quant_Metric
Q30271968,4_employee_count,EMPLOYEE_COUNT_BAND,Quant_Metric
Q111903250,4_employee_count,EMPLOYEE_COUNT_BAND,Quant_Metric
Q4832231,4_employee_count,EMPLOYEE_COUNT_BAND,Quant_Metric
Q957305,4_employee_count,EMPLOYEE_COUNT_BAND,Quant_Metric
Q25054185,4_employee_count,EMPLOYEE_COUNT_BAND,Quant_Metric
Q72988389,4_employee_count,EMPLOYEE_COUNT_BAND,Quant_Metric
Q1630751,4_employee_count,EMPLOYEE_COUNT_BAND,Quant_Metric
Q17097901,4_employee_count,EMPLOYEE_COUNT_BAND,Quant_Metric
Q55263377,4_employee_count,EMPLOYEE_COUNT_BAND,Quant_Metric
Q407842,4_employee_count,EMPLOYEE_COUNT_BAND,Quant_Metric
Q5384667,4_employee_count,EMPLOYEE_COUNT_BAND,Quant_Metric
Q25339999,4_employee_count,EMPLOYEE_COUNT_BAND,Quant_Metric
Q4050564,4_employee_count,EMPLOYEE_COUNT_BAND,Quant_Metric
Q5013848,4_employee_count,EMPLOYEE_COUNT_BAND,Quant_Metric
Q106580836,4_employee_count,EMPLOYEE_COUNT_BAND,Quant_Metric
Q7857932,4_employee_count,EMPLOYEE_COUNT_BAND,Quant_Metric
Q63208816,4_employee_count,EMPLOYEE_COUNT_BAND,Quant_Metric
Q111327287,4_employee_count,EMPLOYEE_COUNT_BAND,Quant_Metric
Q104775933,4_employee_count,EMPLOYEE_COUNT_BAND,Quant_Metric
Q106957508,4_employee_count,EMPLOYEE_COUNT_BAND,Quant_Metric
Q6974322,4_employee_count,EMPLOYEE_COUNT_BAND,Quant_Metric
Q54553825,4_employee_count,EMPLOYEE_COUNT_BAND,Quant_Metric
Q7939274,4_employee_count,EMPLOYEE_COUNT_BAND,Quant_Metric
Q108057456,4_profit,PROFIT_BAND,Quant_Metric
Q30271968,4_profit,PROFIT_BAND,Quant_Metric
Q111903250,4_profit,PROFIT_BAND,Quant_Metric
Q4832231,4_profit,PROFIT_BAND,Quant_Metric
Q957305,4_profit,PROFIT_BAND,Quant_Metric
Q25054185,4_profit,PROFIT_BAND,Quant_Metric
Q72988389,4_profit,PROFIT_BAND,Quant_Metric
Q1630751,4_profit,PROFIT_BAND,Quant_Metric
Q17097901,4_profit,PROFIT_BAND,Quant_Metric
Q55263377,4_profit,PROFIT_BAND,Quant_Metric
Q407842,4_profit,PROFIT_BAND,Quant_Metric
Q5384667,4_profit,PROFIT_BAND,Quant_Metric
Q25339999,4_profit,PROFIT_BAND,Quant_Metric
Q4050564,4_profit,PROFIT_BAND,Quant_Metric
Q5013848,4_profit,PROFIT_BAND,Quant_Metric
Q106580836,4_profit,PROFIT_BAND,Quant_Metric
Q7857932,4_profit,PROFIT_BAND,Quant_Metric
Q63208816,4_profit,PROFIT_BAND,Quant_Metric
Q111327287,4_profit,PROFIT_BAND,Quant_Metric
Q104775933,4_profit,PROFIT_BAND,Quant_Metric
Q106957508,4_profit,PROFIT_BAND,Quant_Metric
Q6974322,4_profit,PROFIT_BAND,Quant_Metric
Q54553825,4_profit,PROFIT_BAND,Quant_Metric
Q7939274,4_profit,PROFIT_BAND,Quant_Metric
Q108057456,4_assets,ASSETS_BAND,Quant_Metric
Q30271968,4_assets,ASSETS_BAND,Quant_Metric
Q111903250,4_assets,ASSETS_BAND,Quant_Metric
Q4832231,4_assets,ASSETS_BAND,Quant_Metric
Q957305,4_assets,ASSETS_BAND,Quant_Metric
Q25054185,4_assets,ASSETS_BAND,Quant_Metric
Q72988389,4_assets,ASSETS_BAND,Quant_Metric
Q1630751,4_assets,ASSETS_BAND,Quant_Metric
Q17097901,4_assets,ASSETS_BAND,Quant_Metric
Q55263377,4_assets,ASSETS_BAND,Quant_Metric
Q407842,4_assets,ASSETS_BAND,Quant_Metric
Q5384667,4_assets,ASSETS_BAND,Quant_Metric
Q25339999,4_assets,ASSETS_BAND,Quant_Metric
Q4050564,4_assets,ASSETS_BAND,Quant_Metric
Q5013848,4_assets,ASSETS_BAND,Quant_Metric
Q106580836,4_assets,ASSETS_BAND,Quant_Metric
Q7857932,4_assets,ASSETS_BAND,Quant_Metric
Q63208816,4_assets,ASSETS_BAND,Quant_Metric
Q111327287,4_assets,ASSETS_BAND,Quant_Metric
Q104775933,4_assets,ASSETS_BAND,Quant_Metric
Q106957508,4_assets,ASSETS_BAND,Quant_Metric
Q6974322,4_assets,ASSETS_BAND,Quant_Metric
Q54553825,4_assets,ASSETS_BAND,Quant_Metric
Q7939274,4_assets,ASSETS_BAND,Quant_Metric
Q108057456,4_equity,EQUITY_BAND,Quant_Metric
Q30271968,4_equity,EQUITY_BAND,Quant_Metric
Q111903250,4_equity,EQUITY_BAND,Quant_Metric
Q4832231,4_equity,EQUITY_BAND,Quant_Metric
Q957305,4_equity,EQUITY_BAND,Quant_Metric
Q25054185,4_equity,EQUITY_BAND,Quant_Metric
Q72988389,4_equity,EQUITY_BAND,Quant_Metric
Q1630751,4_equity,EQUITY_BAND,Quant_Metric
Q17097901,4_equity,EQUITY_BAND,Quant_Metric
Q55263377,4_equity,EQUITY_BAND,Quant_Metric
Q407842,4_equity,EQUITY_BAND,Quant_Metric
Q5384667,4_equity,EQUITY_BAND,Quant_Metric
Q25339999,4_equity,EQUITY_BAND,Quant_Metric
Q4050564,4_equity,EQUITY_BAND,Quant_Metric
Q5013848,4_equity,EQUITY_BAND,Quant_Metric
Q106580836,4_equity,EQUITY_BAND,Quant_Metric
Q7857932,4_equity,EQUITY_BAND,Quant_Metric
Q63208816,4_equity,EQUITY_BAND,Quant_Metric
Q111327287,4_equity,EQUITY_BAND,Quant_Metric
Q104775933,4_equity,EQUITY_BAND,Quant_Metric
Q106957508,4_equity,EQUITY_BAND,Quant_Metric
Q6974322,4_equity,EQUITY_BAND,Quant_Metric
Q54553825,4_equity,EQUITY_BAND,Quant_Metric
Q7939274,4_equity,EQUITY_BAND,Quant_Metric
Q108057456,4_market_cap,MARKET_CAP_BAND,Quant_Metric
Q30271968,4_market_cap,MARKET_CAP_BAND,Quant_Metric
Q111903250,4_market_cap,MARKET_CAP_BAND,Quant_Metric
Q4832231,4_market_cap,MARKET_CAP_BAND,Quant_Metric
Q957305,4_market_cap,MARKET_CAP_BAND,Quant_Metric
Q25054185,4_market_cap,MARKET_CAP_BAND,Quant_Metric
Q72988389,4_market_cap,MARKET_CAP_BAND,Quant_Metric
Q1630751,4_market_cap,MARKET_CAP_BAND,Quant_Metric
Q17097901,4_market_cap,MARKET_CAP_BAND,Quant_Metric
Q55263377,4_market_cap,MARKET_CAP_BAND,Quant_Metric
Q407842,4_market_cap,MARKET_CAP_BAND,Quant_Metric
Q5384667,4_market_cap,MARKET_CAP_BAND,Quant_Metric
Q25339999,4_market_cap,MARKET_CAP_BAND,Quant_Metric
Q4050564,4_market_cap,MARKET_CAP_BAND,Quant_Metric
Q5013848,4_market_cap,MARKET_CAP_BAND,Quant_Metric
Q106580836,4_market_cap,MARKET_CAP_BAND,Quant_Metric
Q7857932,4_market_cap,MARKET_CAP_BAND,Quant_Metric
Q63208816,4_market_cap,MARKET_CAP_BAND,Quant_Metric
Q111327287,4_market_cap,MARKET_CAP_BAND,Quant_Metric
Q104775933,4_market_cap,MARKET_CAP_BAND,Quant_Metric
Q106957508,4_market_cap,MARKET_CAP_BAND,Quant_Metric
Q6974322,4_market_cap,MARKET_CAP_BAND,Quant_Metric
Q54553825,4_market_cap,MARKET_CAP_BAND,Quant_Metric
Q7939274,4_market_cap,MARKET_CAP_BAND,Quant_Metric
